date,venue_id,venue_name,race_grade,race_no,predicted_rank,car_no,racer_id,name_kanji,prefecture,predicted_score,grade
2026-04-02,24,宇都宮,F2,1,1,4,13553.0,小島　雅章,埼玉,2.73,Ａ２
2026-04-02,24,宇都宮,F2,1,2,4,13553.0,小島　雅章,埼玉,2.73,Ａ２
2026-04-02,24,宇都宮,F2,1,3,4,13553.0,小島　雅章,埼玉,2.73,Ａ２
2026-04-02,24,宇都宮,F2,1,4,1,14859.0,小林　申太,茨城,2.82,Ａ１
2026-04-02,24,宇都宮,F2,1,5,1,14859.0,小林　申太,茨城,2.82,Ａ１
2026-04-02,24,宇都宮,F2,1,6,1,14859.0,小林　申太,茨城,2.82,Ａ１
2026-04-02,24,宇都宮,F2,1,7,2,14734.0,長沼　謙太,東京,2.82,Ａ１
2026-04-02,24,宇都宮,F2,1,8,2,14734.0,長沼　謙太,東京,2.82,Ａ１
2026-04-02,24,宇都宮,F2,1,9,2,14734.0,長沼　謙太,東京,2.82,Ａ１
2026-04-02,24,宇都宮,F2,1,10,5,14637.0,吉成　貴博,熊本,3.19,Ａ２
2026-04-02,24,宇都宮,F2,1,11,5,14637.0,吉成　貴博,熊本,3.19,Ａ２
2026-04-02,24,宇都宮,F2,1,12,5,14637.0,吉成　貴博,熊本,3.19,Ａ２
2026-04-02,24,宇都宮,F2,1,13,6,14385.0,山本　　淳,神奈,3.25,Ａ２
2026-04-02,24,宇都宮,F2,1,14,6,14385.0,山本　　淳,神奈,3.25,Ａ２
2026-04-02,24,宇都宮,F2,1,15,6,14385.0,山本　　淳,神奈,3.25,Ａ２
2026-04-02,24,宇都宮,F2,1,16,3,15372.0,野上　竜太,岡山,3.54,Ａ１
2026-04-02,24,宇都宮,F2,1,17,3,15372.0,野上　竜太,岡山,3.54,Ａ１
2026-04-02,24,宇都宮,F2,1,18,3,15372.0,野上　竜太,岡山,3.54,Ａ１
2026-04-02,24,宇都宮,F2,1,19,7,11198.0,大竹　慎吾,大分,3.56,Ａ２
2026-04-02,24,宇都宮,F2,1,20,7,11198.0,大竹　慎吾,大分,3.56,Ａ２
2026-04-02,24,宇都宮,F2,1,21,7,11198.0,大竹　慎吾,大分,3.56,Ａ２
2026-04-02,24,宇都宮,F2,2,1,1,15658.0,長松　大祐,大分,2.57,Ａ１
2026-04-02,24,宇都宮,F2,2,2,1,15658.0,長松　大祐,大分,2.57,Ａ１
2026-04-02,24,宇都宮,F2,2,3,1,15658.0,長松　大祐,大分,2.57,Ａ１
2026-04-02,24,宇都宮,F2,2,4,3,14125.0,坂本　昌宏,青森,2.78,Ａ２
2026-04-02,24,宇都宮,F2,2,5,3,14125.0,坂本　昌宏,青森,2.78,Ａ２
2026-04-02,24,宇都宮,F2,2,6,3,14125.0,坂本　昌宏,青森,2.78,Ａ２
2026-04-02,24,宇都宮,F2,2,7,2,13736.0,榊原　　洋,岡山,2.85,Ａ２
2026-04-02,24,宇都宮,F2,2,8,2,13736.0,榊原　　洋,岡山,2.85,Ａ２
2026-04-02,24,宇都宮,F2,2,9,2,13736.0,榊原　　洋,岡山,2.85,Ａ２
2026-04-02,24,宇都宮,F2,2,10,4,13142.0,黒田　大介,愛媛,3.40,Ａ２
2026-04-02,24,宇都宮,F2,2,11,4,13142.0,黒田　大介,愛媛,3.40,Ａ２
2026-04-02,24,宇都宮,F2,2,12,4,13142.0,黒田　大介,愛媛,3.40,Ａ２
2026-04-02,24,宇都宮,F2,2,13,5,12844.0,米澤　大輔,徳島,4.03,Ａ２
2026-04-02,24,宇都宮,F2,2,14,5,12844.0,米澤　大輔,徳島,4.03,Ａ２
2026-04-02,24,宇都宮,F2,2,15,5,12844.0,米澤　大輔,徳島,4.03,Ａ２
2026-04-02,24,宇都宮,F2,2,16,6,12719.0,篠崎　高志,栃木,5.22,Ａ２
2026-04-02,24,宇都宮,F2,2,17,6,12719.0,篠崎　高志,栃木,5.22,Ａ２
2026-04-02,24,宇都宮,F2,2,18,6,12719.0,篠崎　高志,栃木,5.22,Ａ２
2026-04-02,24,宇都宮,F2,2,19,7,14810.0,小川　辰徳,埼玉,6.68,Ａ２
2026-04-02,24,宇都宮,F2,2,20,7,14810.0,小川　辰徳,埼玉,6.68,Ａ２
2026-04-02,24,宇都宮,F2,2,21,7,14810.0,小川　辰徳,埼玉,6.68,Ａ２
2026-04-02,24,宇都宮,F2,3,1,2,12875.0,中曽　直彦,千葉,2.37,Ａ１
2026-04-02,24,宇都宮,F2,3,2,2,12875.0,中曽　直彦,千葉,2.37,Ａ１
2026-04-02,24,宇都宮,F2,3,3,2,12875.0,中曽　直彦,千葉,2.37,Ａ１
2026-04-02,24,宇都宮,F2,3,4,1,15513.0,菊池　　翔,福島,2.39,Ａ１
2026-04-02,24,宇都宮,F2,3,5,1,15513.0,菊池　　翔,福島,2.39,Ａ１
2026-04-02,24,宇都宮,F2,3,6,1,15513.0,菊池　　翔,福島,2.39,Ａ１
2026-04-02,24,宇都宮,F2,3,7,6,15247.0,小玉　勇一,埼玉,2.49,Ａ１
2026-04-02,24,宇都宮,F2,3,8,6,15247.0,小玉　勇一,埼玉,2.49,Ａ１
2026-04-02,24,宇都宮,F2,3,9,6,15247.0,小玉　勇一,埼玉,2.49,Ａ１
2026-04-02,24,宇都宮,F2,3,10,3,13660.0,徳吉　広紀,福岡,2.81,Ａ２
2026-04-02,24,宇都宮,F2,3,11,3,13660.0,徳吉　広紀,福岡,2.81,Ａ２
2026-04-02,24,宇都宮,F2,3,12,3,13660.0,徳吉　広紀,福岡,2.81,Ａ２
2026-04-02,24,宇都宮,F2,3,13,4,14556.0,小川　祐司,愛媛,2.81,Ａ２
2026-04-02,24,宇都宮,F2,3,14,4,14556.0,小川　祐司,愛媛,2.81,Ａ２
2026-04-02,24,宇都宮,F2,3,15,4,14556.0,小川　祐司,愛媛,2.81,Ａ２
2026-04-02,24,宇都宮,F2,3,16,7,14449.0,片折　勇輝,福岡,2.97,Ａ２
2026-04-02,24,宇都宮,F2,3,17,7,14449.0,片折　勇輝,福岡,2.97,Ａ２
2026-04-02,24,宇都宮,F2,3,18,7,14449.0,片折　勇輝,福岡,2.97,Ａ２
2026-04-02,24,宇都宮,F2,3,19,5,13761.0,新井　剛央,埼玉,3.26,Ａ２
2026-04-02,24,宇都宮,F2,3,20,5,13761.0,新井　剛央,埼玉,3.26,Ａ２
2026-04-02,24,宇都宮,F2,3,21,5,13761.0,新井　剛央,埼玉,3.26,Ａ２
2026-04-02,24,宇都宮,F2,4,1,3,15515.0,平山　優太,福島,2.14,Ａ２
2026-04-02,24,宇都宮,F2,4,2,3,15515.0,平山　優太,福島,2.14,Ａ２
2026-04-02,24,宇都宮,F2,4,3,3,15515.0,平山　優太,福島,2.14,Ａ２
2026-04-02,24,宇都宮,F2,4,4,1,13005.0,小笠原昭太,青森,2.35,Ａ１
2026-04-02,24,宇都宮,F2,4,5,1,13005.0,小笠原昭太,青森,2.35,Ａ１
2026-04-02,24,宇都宮,F2,4,6,1,13005.0,小笠原昭太,青森,2.35,Ａ１
2026-04-02,24,宇都宮,F2,4,7,7,15163.0,戸塚　涼介,埼玉,2.86,Ａ２
2026-04-02,24,宇都宮,F2,4,8,7,15163.0,戸塚　涼介,埼玉,2.86,Ａ２
2026-04-02,24,宇都宮,F2,4,9,7,15163.0,戸塚　涼介,埼玉,2.86,Ａ２
2026-04-02,24,宇都宮,F2,4,10,6,13327.0,高橋　健太,静岡,3.05,Ａ２
2026-04-02,24,宇都宮,F2,4,11,6,13327.0,高橋　健太,静岡,3.05,Ａ２
2026-04-02,24,宇都宮,F2,4,12,6,13327.0,高橋　健太,静岡,3.05,Ａ２
2026-04-02,24,宇都宮,F2,4,13,4,13106.0,赤井　　学,千葉,3.15,Ａ２
2026-04-02,24,宇都宮,F2,4,14,4,13106.0,赤井　　学,千葉,3.15,Ａ２
2026-04-02,24,宇都宮,F2,4,15,4,13106.0,赤井　　学,千葉,3.15,Ａ２
2026-04-02,24,宇都宮,F2,4,16,2,15742.0,堀越　翔己,福岡,3.16,Ａ１
2026-04-02,24,宇都宮,F2,4,17,2,15742.0,堀越　翔己,福岡,3.16,Ａ１
2026-04-02,24,宇都宮,F2,4,18,2,15742.0,堀越　翔己,福岡,3.16,Ａ１
2026-04-02,24,宇都宮,F2,4,19,5,14415.0,楢原　由将,福岡,3.75,Ａ２
2026-04-02,24,宇都宮,F2,4,20,5,14415.0,楢原　由将,福岡,3.75,Ａ２
2026-04-02,24,宇都宮,F2,4,21,5,14415.0,楢原　由将,福岡,3.75,Ａ２
2026-04-02,24,宇都宮,F2,5,1,1,15830.0,細中　翔太,岡山,1.60,Ａ２
2026-04-02,24,宇都宮,F2,5,2,1,15830.0,細中　翔太,岡山,1.60,Ａ２
2026-04-02,24,宇都宮,F2,5,3,1,15830.0,細中　翔太,岡山,1.60,Ａ２
2026-04-02,24,宇都宮,F2,5,4,7,14268.0,山口　貴弘,栃木,2.37,Ａ２
2026-04-02,24,宇都宮,F2,5,5,7,14268.0,山口　貴弘,栃木,2.37,Ａ２
2026-04-02,24,宇都宮,F2,5,6,7,14268.0,山口　貴弘,栃木,2.37,Ａ２
2026-04-02,24,宇都宮,F2,5,7,5,13933.0,藤田　竜矢,埼玉,2.37,Ａ１
2026-04-02,24,宇都宮,F2,5,8,5,13933.0,藤田　竜矢,埼玉,2.37,Ａ１
2026-04-02,24,宇都宮,F2,5,9,5,13933.0,藤田　竜矢,埼玉,2.37,Ａ１
2026-04-02,24,宇都宮,F2,5,10,4,14591.0,本多　哲也,千葉,2.71,Ａ１
2026-04-02,24,宇都宮,F2,5,11,4,14591.0,本多　哲也,千葉,2.71,Ａ１
2026-04-02,24,宇都宮,F2,5,12,4,14591.0,本多　哲也,千葉,2.71,Ａ１
2026-04-02,24,宇都宮,F2,5,13,6,13896.0,安東　英博,大分,3.16,Ａ１
2026-04-02,24,宇都宮,F2,5,14,6,13896.0,安東　英博,大分,3.16,Ａ１
2026-04-02,24,宇都宮,F2,5,15,6,13896.0,安東　英博,大分,3.16,Ａ１
2026-04-02,24,宇都宮,F2,5,16,2,13885.0,柳谷　　崇,岡山,3.23,Ａ１
2026-04-02,24,宇都宮,F2,5,17,2,13885.0,柳谷　　崇,岡山,3.23,Ａ１
2026-04-02,24,宇都宮,F2,5,18,2,13885.0,柳谷　　崇,岡山,3.23,Ａ１
2026-04-02,24,宇都宮,F2,5,19,3,15618.0,高本　和也,神奈,3.43,Ａ１
2026-04-02,24,宇都宮,F2,5,20,3,15618.0,高本　和也,神奈,3.43,Ａ１
2026-04-02,24,宇都宮,F2,5,21,3,15618.0,高本　和也,神奈,3.43,Ａ１
2026-04-02,24,宇都宮,F2,6,1,1,15562.0,山本　浩成,福岡,1.07,Ａ１
2026-04-02,24,宇都宮,F2,6,2,1,15562.0,山本　浩成,福岡,1.07,Ａ１
2026-04-02,24,宇都宮,F2,6,3,1,15562.0,山本　浩成,福岡,1.07,Ａ１
2026-04-02,24,宇都宮,F2,6,4,2,14720.0,高橋　広大,埼玉,2.08,Ａ１
2026-04-02,24,宇都宮,F2,6,5,2,14720.0,高橋　広大,埼玉,2.08,Ａ１
2026-04-02,24,宇都宮,F2,6,6,2,14720.0,高橋　広大,埼玉,2.08,Ａ１
2026-04-02,24,宇都宮,F2,6,7,4,14261.0,作田　悦章,徳島,2.42,Ａ１
2026-04-02,24,宇都宮,F2,6,8,4,14261.0,作田　悦章,徳島,2.42,Ａ１
2026-04-02,24,宇都宮,F2,6,9,4,14261.0,作田　悦章,徳島,2.42,Ａ１
2026-04-02,24,宇都宮,F2,6,10,5,14408.0,守安　政雄,岡山,2.75,Ａ２
2026-04-02,24,宇都宮,F2,6,11,5,14408.0,守安　政雄,岡山,2.75,Ａ２
2026-04-02,24,宇都宮,F2,6,12,5,14408.0,守安　政雄,岡山,2.75,Ａ２
2026-04-02,24,宇都宮,F2,6,13,6,14164.0,田中　孝彦,静岡,2.79,Ａ１
2026-04-02,24,宇都宮,F2,6,14,6,14164.0,田中　孝彦,静岡,2.79,Ａ１
2026-04-02,24,宇都宮,F2,6,15,6,14164.0,田中　孝彦,静岡,2.79,Ａ１
2026-04-02,24,宇都宮,F2,6,16,3,15701.0,石田　典大,東京,2.82,Ａ２
2026-04-02,24,宇都宮,F2,6,17,3,15701.0,石田　典大,東京,2.82,Ａ２
2026-04-02,24,宇都宮,F2,6,18,3,15701.0,石田　典大,東京,2.82,Ａ２
2026-04-02,24,宇都宮,F2,6,19,7,13942.0,大西　健士,神奈,2.93,Ａ２
2026-04-02,24,宇都宮,F2,6,20,7,13942.0,大西　健士,神奈,2.93,Ａ２
2026-04-02,24,宇都宮,F2,6,21,7,13942.0,大西　健士,神奈,2.93,Ａ２
2026-04-02,24,宇都宮,F2,7,1,1,15434.0,片桐　善也,新潟,1.78,Ａ１
2026-04-02,24,宇都宮,F2,7,2,1,15434.0,片桐　善也,新潟,1.78,Ａ１
2026-04-02,24,宇都宮,F2,7,3,1,15434.0,片桐　善也,新潟,1.78,Ａ１
2026-04-02,24,宇都宮,F2,7,4,2,13966.0,大崎飛雄馬,愛媛,1.88,Ａ１
2026-04-02,24,宇都宮,F2,7,5,2,13966.0,大崎飛雄馬,愛媛,1.88,Ａ１
2026-04-02,24,宇都宮,F2,7,6,2,13966.0,大崎飛雄馬,愛媛,1.88,Ａ１
2026-04-02,24,宇都宮,F2,7,7,4,15568.0,田川　翔琉,熊本,2.09,Ａ１
2026-04-02,24,宇都宮,F2,7,8,4,15568.0,田川　翔琉,熊本,2.09,Ａ１
2026-04-02,24,宇都宮,F2,7,9,4,15568.0,田川　翔琉,熊本,2.09,Ａ１
2026-04-02,24,宇都宮,F2,7,10,5,15617.0,添田　龍児,神奈,2.17,Ａ１
2026-04-02,24,宇都宮,F2,7,11,5,15617.0,添田　龍児,神奈,2.17,Ａ１
2026-04-02,24,宇都宮,F2,7,12,5,15617.0,添田　龍児,神奈,2.17,Ａ１
2026-04-02,24,宇都宮,F2,7,13,6,14444.0,星野　辰也,栃木,2.41,Ａ１
2026-04-02,24,宇都宮,F2,7,14,6,14444.0,星野　辰也,栃木,2.41,Ａ１
2026-04-02,24,宇都宮,F2,7,15,6,14444.0,星野　辰也,栃木,2.41,Ａ１
2026-04-02,24,宇都宮,F2,7,16,7,13308.0,木村　貴宏,茨城,2.65,Ａ２
2026-04-02,24,宇都宮,F2,7,17,7,13308.0,木村　貴宏,茨城,2.65,Ａ２
2026-04-02,24,宇都宮,F2,7,18,7,13308.0,木村　貴宏,茨城,2.65,Ａ２
2026-04-02,24,宇都宮,F2,7,19,3,14825.0,稲葉　一真,静岡,3.43,Ａ１
2026-04-02,24,宇都宮,F2,7,20,3,14825.0,稲葉　一真,静岡,3.43,Ａ１
2026-04-02,24,宇都宮,F2,7,21,3,14825.0,稲葉　一真,静岡,3.43,Ａ１
2026-04-02,27,京王閣,F1,1,1,4,14597.0,上田　　隼,岐阜,2.29,Ａ１
2026-04-02,27,京王閣,F1,1,2,4,14597.0,上田　　隼,岐阜,2.29,Ａ１
2026-04-02,27,京王閣,F1,1,3,4,14597.0,上田　　隼,岐阜,2.29,Ａ１
2026-04-02,27,京王閣,F1,1,4,5,14887.0,板崎　佑矢,愛媛,2.30,Ａ１
2026-04-02,27,京王閣,F1,1,5,5,14887.0,板崎　佑矢,愛媛,2.30,Ａ１
2026-04-02,27,京王閣,F1,1,6,5,14887.0,板崎　佑矢,愛媛,2.30,Ａ１
2026-04-02,27,京王閣,F1,1,7,7,13512.0,長野　和弘,福岡,2.36,Ａ２
2026-04-02,27,京王閣,F1,1,8,7,13512.0,長野　和弘,福岡,2.36,Ａ２
2026-04-02,27,京王閣,F1,1,9,7,13512.0,長野　和弘,福岡,2.36,Ａ２
2026-04-02,27,京王閣,F1,1,10,2,15007.0,岸川　哲也,大阪,2.92,Ａ２
2026-04-02,27,京王閣,F1,1,11,2,15007.0,岸川　哲也,大阪,2.92,Ａ２
2026-04-02,27,京王閣,F1,1,12,2,15007.0,岸川　哲也,大阪,2.92,Ａ２
2026-04-02,27,京王閣,F1,1,13,3,14302.0,武田　憲祐,神奈,3.32,Ａ１
2026-04-02,27,京王閣,F1,1,14,3,14302.0,武田　憲祐,神奈,3.32,Ａ１
2026-04-02,27,京王閣,F1,1,15,3,14302.0,武田　憲祐,神奈,3.32,Ａ１
2026-04-02,27,京王閣,F1,1,16,1,14267.0,一ノ瀬　匠,佐賀,3.34,Ａ１
2026-04-02,27,京王閣,F1,1,17,1,14267.0,一ノ瀬　匠,佐賀,3.34,Ａ１
2026-04-02,27,京王閣,F1,1,18,1,14267.0,一ノ瀬　匠,佐賀,3.34,Ａ１
2026-04-02,27,京王閣,F1,1,19,6,13184.0,相樂　　修,千葉,3.68,Ａ２
2026-04-02,27,京王閣,F1,1,20,6,13184.0,相樂　　修,千葉,3.68,Ａ２
2026-04-02,27,京王閣,F1,1,21,6,13184.0,相樂　　修,千葉,3.68,Ａ２
2026-04-02,27,京王閣,F1,2,1,2,14486.0,大瀬戸潤一,広島,2.44,Ａ１
2026-04-02,27,京王閣,F1,2,2,2,14486.0,大瀬戸潤一,広島,2.44,Ａ１
2026-04-02,27,京王閣,F1,2,3,2,14486.0,大瀬戸潤一,広島,2.44,Ａ１
2026-04-02,27,京王閣,F1,2,4,4,15379.0,下野　義城,愛媛,2.76,Ａ２
2026-04-02,27,京王閣,F1,2,5,4,15379.0,下野　義城,愛媛,2.76,Ａ２
2026-04-02,27,京王閣,F1,2,6,4,15379.0,下野　義城,愛媛,2.76,Ａ２
2026-04-02,27,京王閣,F1,2,7,6,13749.0,及川　裕奨,岩手,2.92,Ａ２
2026-04-02,27,京王閣,F1,2,8,6,13749.0,及川　裕奨,岩手,2.92,Ａ２
2026-04-02,27,京王閣,F1,2,9,6,13749.0,及川　裕奨,岩手,2.92,Ａ２
2026-04-02,27,京王閣,F1,2,10,1,14459.0,根藤　浩二,千葉,3.34,Ａ２
2026-04-02,27,京王閣,F1,2,11,1,14459.0,根藤　浩二,千葉,3.34,Ａ２
2026-04-02,27,京王閣,F1,2,12,1,14459.0,根藤　浩二,千葉,3.34,Ａ２
2026-04-02,27,京王閣,F1,2,13,7,14784.0,萱島　大介,大分,3.46,Ａ１
2026-04-02,27,京王閣,F1,2,14,7,14784.0,萱島　大介,大分,3.46,Ａ１
2026-04-02,27,京王閣,F1,2,15,7,14784.0,萱島　大介,大分,3.46,Ａ１
2026-04-02,27,京王閣,F1,2,16,5,12649.0,山本恵太郎,東京,3.48,Ａ２
2026-04-02,27,京王閣,F1,2,17,5,12649.0,山本恵太郎,東京,3.48,Ａ２
2026-04-02,27,京王閣,F1,2,18,5,12649.0,山本恵太郎,東京,3.48,Ａ２
2026-04-02,27,京王閣,F1,2,19,3,14703.0,一ノ瀬貴将,大阪,3.69,Ａ１
2026-04-02,27,京王閣,F1,2,20,3,14703.0,一ノ瀬貴将,大阪,3.69,Ａ１
2026-04-02,27,京王閣,F1,2,21,3,14703.0,一ノ瀬貴将,大阪,3.69,Ａ１
2026-04-02,27,京王閣,F1,3,1,2,15721.0,内山　慧大,福井,2.10,Ａ１
2026-04-02,27,京王閣,F1,3,2,2,15721.0,内山　慧大,福井,2.10,Ａ１
2026-04-02,27,京王閣,F1,3,3,2,15721.0,内山　慧大,福井,2.10,Ａ１
2026-04-02,27,京王閣,F1,3,4,7,14132.0,三澤　康人,宮城,2.13,Ａ１
2026-04-02,27,京王閣,F1,3,5,7,14132.0,三澤　康人,宮城,2.13,Ａ１
2026-04-02,27,京王閣,F1,3,6,7,14132.0,三澤　康人,宮城,2.13,Ａ１
2026-04-02,27,京王閣,F1,3,7,4,13270.0,中川　貴史,三重,2.25,Ａ２
2026-04-02,27,京王閣,F1,3,8,4,13270.0,中川　貴史,三重,2.25,Ａ２
2026-04-02,27,京王閣,F1,3,9,4,13270.0,中川　貴史,三重,2.25,Ａ２
2026-04-02,27,京王閣,F1,3,10,3,15795.0,今井　　希,埼玉,2.46,Ａ２
2026-04-02,27,京王閣,F1,3,11,3,15795.0,今井　　希,埼玉,2.46,Ａ２
2026-04-02,27,京王閣,F1,3,12,3,15795.0,今井　　希,埼玉,2.46,Ａ２
2026-04-02,27,京王閣,F1,3,13,5,13311.0,根本　雄紀,茨城,2.82,Ａ１
2026-04-02,27,京王閣,F1,3,14,5,13311.0,根本　雄紀,茨城,2.82,Ａ１
2026-04-02,27,京王閣,F1,3,15,5,13311.0,根本　雄紀,茨城,2.82,Ａ１
2026-04-02,27,京王閣,F1,3,16,6,14841.0,井上　将志,福岡,2.96,Ａ２
2026-04-02,27,京王閣,F1,3,17,6,14841.0,井上　将志,福岡,2.96,Ａ２
2026-04-02,27,京王閣,F1,3,18,6,14841.0,井上　将志,福岡,2.96,Ａ２
2026-04-02,27,京王閣,F1,3,19,1,14797.0,佐々木吉徳,秋田,3.38,Ａ１
2026-04-02,27,京王閣,F1,3,20,1,14797.0,佐々木吉徳,秋田,3.38,Ａ１
2026-04-02,27,京王閣,F1,3,21,1,14797.0,佐々木吉徳,秋田,3.38,Ａ１
2026-04-02,27,京王閣,F1,4,1,2,13439.0,青井　賢治,徳島,1.53,Ａ１
2026-04-02,27,京王閣,F1,4,2,2,13439.0,青井　賢治,徳島,1.53,Ａ１
2026-04-02,27,京王閣,F1,4,3,2,13439.0,青井　賢治,徳島,1.53,Ａ１
2026-04-02,27,京王閣,F1,4,4,1,15821.0,志田愛希飛,富山,1.77,Ａ２
2026-04-02,27,京王閣,F1,4,5,1,15821.0,志田愛希飛,富山,1.77,Ａ２
2026-04-02,27,京王閣,F1,4,6,1,15821.0,志田愛希飛,富山,1.77,Ａ２
2026-04-02,27,京王閣,F1,4,7,5,14090.0,竹澤　浩司,富山,2.53,Ａ１
2026-04-02,27,京王閣,F1,4,8,5,14090.0,竹澤　浩司,富山,2.53,Ａ１
2026-04-02,27,京王閣,F1,4,9,5,14090.0,竹澤　浩司,富山,2.53,Ａ１
2026-04-02,27,京王閣,F1,4,10,3,14502.0,相笠　翔太,福島,2.60,Ａ２
2026-04-02,27,京王閣,F1,4,11,3,14502.0,相笠　翔太,福島,2.60,Ａ２
2026-04-02,27,京王閣,F1,4,12,3,14502.0,相笠　翔太,福島,2.60,Ａ２
2026-04-02,27,京王閣,F1,4,13,7,15640.0,矢部　駿人,岡山,2.68,Ａ１
2026-04-02,27,京王閣,F1,4,14,7,15640.0,矢部　駿人,岡山,2.68,Ａ１
2026-04-02,27,京王閣,F1,4,15,7,15640.0,矢部　駿人,岡山,2.68,Ａ１
2026-04-02,27,京王閣,F1,4,16,4,12326.0,國武　耕二,佐賀,2.95,Ａ２
2026-04-02,27,京王閣,F1,4,17,4,12326.0,國武　耕二,佐賀,2.95,Ａ２
2026-04-02,27,京王閣,F1,4,18,4,12326.0,國武　耕二,佐賀,2.95,Ａ２
2026-04-02,27,京王閣,F1,4,19,6,13580.0,河村　章憲,京都,3.09,Ａ２
2026-04-02,27,京王閣,F1,4,20,6,13580.0,河村　章憲,京都,3.09,Ａ２
2026-04-02,27,京王閣,F1,4,21,6,13580.0,河村　章憲,京都,3.09,Ａ２
2026-04-02,27,京王閣,F1,5,1,1,14730.0,中田　健太,埼玉,0.78,Ａ１
2026-04-02,27,京王閣,F1,5,2,1,14730.0,中田　健太,埼玉,0.78,Ａ１
2026-04-02,27,京王閣,F1,5,3,1,14730.0,中田　健太,埼玉,0.78,Ａ１
2026-04-02,27,京王閣,F1,5,4,6,14056.0,橋本　紀彰,茨城,2.04,Ａ２
2026-04-02,27,京王閣,F1,5,5,6,14056.0,橋本　紀彰,茨城,2.04,Ａ２
2026-04-02,27,京王閣,F1,5,6,6,14056.0,橋本　紀彰,茨城,2.04,Ａ２
2026-04-02,27,京王閣,F1,5,7,4,15611.0,長谷川飛向,東京,2.31,Ａ１
2026-04-02,27,京王閣,F1,5,8,4,15611.0,長谷川飛向,東京,2.31,Ａ１
2026-04-02,27,京王閣,F1,5,9,4,15611.0,長谷川飛向,東京,2.31,Ａ１
2026-04-02,27,京王閣,F1,5,10,2,15557.0,梶原　大地,福岡,2.41,Ａ２
2026-04-02,27,京王閣,F1,5,11,2,15557.0,梶原　大地,福岡,2.41,Ａ２
2026-04-02,27,京王閣,F1,5,12,2,15557.0,梶原　大地,福岡,2.41,Ａ２
2026-04-02,27,京王閣,F1,5,13,3,14461.0,山中　秀将,千葉,2.41,Ａ１
2026-04-02,27,京王閣,F1,5,14,3,14461.0,山中　秀将,千葉,2.41,Ａ１
2026-04-02,27,京王閣,F1,5,15,3,14461.0,山中　秀将,千葉,2.41,Ａ１
2026-04-02,27,京王閣,F1,5,16,7,14570.0,松澤　敬輔,北海,2.54,Ａ２
2026-04-02,27,京王閣,F1,5,17,7,14570.0,松澤　敬輔,北海,2.54,Ａ２
2026-04-02,27,京王閣,F1,5,18,7,14570.0,松澤　敬輔,北海,2.54,Ａ２
2026-04-02,27,京王閣,F1,5,19,5,12757.0,市本　隆司,広島,2.81,Ａ２
2026-04-02,27,京王閣,F1,5,20,5,12757.0,市本　隆司,広島,2.81,Ａ２
2026-04-02,27,京王閣,F1,5,21,5,12757.0,市本　隆司,広島,2.81,Ａ２
2026-04-02,27,京王閣,F1,6,1,4,14071.0,朝倉　佳弘,東京,1.87,Ｓ１
2026-04-02,27,京王閣,F1,6,2,4,14071.0,朝倉　佳弘,東京,1.87,Ｓ１
2026-04-02,27,京王閣,F1,6,3,4,14071.0,朝倉　佳弘,東京,1.87,Ｓ１
2026-04-02,27,京王閣,F1,6,4,5,14769.0,坂本　修一,岡山,2.79,Ｓ２
2026-04-02,27,京王閣,F1,6,5,5,14769.0,坂本　修一,岡山,2.79,Ｓ２
2026-04-02,27,京王閣,F1,6,6,5,14769.0,坂本　修一,岡山,2.79,Ｓ２
2026-04-02,27,京王閣,F1,6,7,2,15370.0,城戸　俊潔,岡山,2.85,Ｓ２
2026-04-02,27,京王閣,F1,6,8,2,15370.0,城戸　俊潔,岡山,2.85,Ｓ２
2026-04-02,27,京王閣,F1,6,9,2,15370.0,城戸　俊潔,岡山,2.85,Ｓ２
2026-04-02,27,京王閣,F1,6,10,7,14657.0,野中　祐志,埼玉,2.92,Ｓ２
2026-04-02,27,京王閣,F1,6,11,7,14657.0,野中　祐志,埼玉,2.92,Ｓ２
2026-04-02,27,京王閣,F1,6,12,7,14657.0,野中　祐志,埼玉,2.92,Ｓ２
2026-04-02,27,京王閣,F1,6,13,1,15259.0,小林　稜武,栃木,3.62,Ｓ２
2026-04-02,27,京王閣,F1,6,14,1,15259.0,小林　稜武,栃木,3.62,Ｓ２
2026-04-02,27,京王閣,F1,6,15,1,15259.0,小林　稜武,栃木,3.62,Ｓ２
2026-04-02,27,京王閣,F1,6,16,6,13197.0,鈴木　幸紀,三重,4.04,Ｓ２
2026-04-02,27,京王閣,F1,6,17,6,13197.0,鈴木　幸紀,三重,4.04,Ｓ２
2026-04-02,27,京王閣,F1,6,18,6,13197.0,鈴木　幸紀,三重,4.04,Ｓ２
2026-04-02,27,京王閣,F1,6,19,3,15709.0,神尾　敬冬,静岡,4.34,Ｓ２
2026-04-02,27,京王閣,F1,6,20,3,15709.0,神尾　敬冬,静岡,4.34,Ｓ２
2026-04-02,27,京王閣,F1,6,21,3,15709.0,神尾　敬冬,静岡,4.34,Ｓ２
2026-04-02,27,京王閣,F1,7,1,7,13852.0,五十嵐　力,神奈,2.63,Ｓ２
2026-04-02,27,京王閣,F1,7,2,7,13852.0,五十嵐　力,神奈,2.63,Ｓ２
2026-04-02,27,京王閣,F1,7,3,7,13852.0,五十嵐　力,神奈,2.63,Ｓ２
2026-04-02,27,京王閣,F1,7,4,2,15168.0,染谷　幸喜,千葉,3.03,Ｓ２
2026-04-02,27,京王閣,F1,7,5,2,15168.0,染谷　幸喜,千葉,3.03,Ｓ２
2026-04-02,27,京王閣,F1,7,6,2,15168.0,染谷　幸喜,千葉,3.03,Ｓ２
2026-04-02,27,京王閣,F1,7,7,4,15744.0,橋本　宇宙,佐賀,3.41,Ｓ２
2026-04-02,27,京王閣,F1,7,8,4,15744.0,橋本　宇宙,佐賀,3.41,Ｓ２
2026-04-02,27,京王閣,F1,7,9,4,15744.0,橋本　宇宙,佐賀,3.41,Ｓ２
2026-04-02,27,京王閣,F1,7,10,6,14066.0,池田　勇人,埼玉,3.47,Ｓ２
2026-04-02,27,京王閣,F1,7,11,6,14066.0,池田　勇人,埼玉,3.47,Ｓ２
2026-04-02,27,京王閣,F1,7,12,6,14066.0,池田　勇人,埼玉,3.47,Ｓ２
2026-04-02,27,京王閣,F1,7,13,1,15648.0,森本桂太郎,愛媛,3.64,Ｓ２
2026-04-02,27,京王閣,F1,7,14,1,15648.0,森本桂太郎,愛媛,3.64,Ｓ２
2026-04-02,27,京王閣,F1,7,15,1,15648.0,森本桂太郎,愛媛,3.64,Ｓ２
2026-04-02,27,京王閣,F1,7,16,3,14450.0,金子　哲大,埼玉,3.82,Ｓ２
2026-04-02,27,京王閣,F1,7,17,3,14450.0,金子　哲大,埼玉,3.82,Ｓ２
2026-04-02,27,京王閣,F1,7,18,3,14450.0,金子　哲大,埼玉,3.82,Ｓ２
2026-04-02,27,京王閣,F1,7,19,5,15519.0,小池　千啓,栃木,4.70,Ｓ２
2026-04-02,27,京王閣,F1,7,20,5,15519.0,小池　千啓,栃木,4.70,Ｓ２
2026-04-02,27,京王閣,F1,7,21,5,15519.0,小池　千啓,栃木,4.70,Ｓ２
2026-04-02,27,京王閣,F1,8,1,3,15169.0,野口　裕史,千葉,1.82,Ｓ１
2026-04-02,27,京王閣,F1,8,2,3,15169.0,野口　裕史,千葉,1.82,Ｓ１
2026-04-02,27,京王閣,F1,8,3,3,15169.0,野口　裕史,千葉,1.82,Ｓ１
2026-04-02,27,京王閣,F1,8,4,4,13252.0,中村　浩士,千葉,2.15,Ｓ１
2026-04-02,27,京王閣,F1,8,5,4,13252.0,中村　浩士,千葉,2.15,Ｓ１
2026-04-02,27,京王閣,F1,8,6,4,13252.0,中村　浩士,千葉,2.15,Ｓ１
2026-04-02,27,京王閣,F1,8,7,1,13642.0,西岡　正一,和歌,2.97,Ｓ２
2026-04-02,27,京王閣,F1,8,8,1,13642.0,西岡　正一,和歌,2.97,Ｓ２
2026-04-02,27,京王閣,F1,8,9,1,13642.0,西岡　正一,和歌,2.97,Ｓ２
2026-04-02,27,京王閣,F1,8,10,5,13118.0,山内　卓也,愛知,3.08,Ｓ２
2026-04-02,27,京王閣,F1,8,11,5,13118.0,山内　卓也,愛知,3.08,Ｓ２
2026-04-02,27,京王閣,F1,8,12,5,13118.0,山内　卓也,愛知,3.08,Ｓ２
2026-04-02,27,京王閣,F1,8,13,7,13115.0,望月　永悟,静岡,3.23,Ｓ２
2026-04-02,27,京王閣,F1,8,14,7,13115.0,望月　永悟,静岡,3.23,Ｓ２
2026-04-02,27,京王閣,F1,8,15,7,13115.0,望月　永悟,静岡,3.23,Ｓ２
2026-04-02,27,京王閣,F1,8,16,2,15383.0,原井　博斗,福岡,3.31,Ｓ２
2026-04-02,27,京王閣,F1,8,17,2,15383.0,原井　博斗,福岡,3.31,Ｓ２
2026-04-02,27,京王閣,F1,8,18,2,15383.0,原井　博斗,福岡,3.31,Ｓ２
2026-04-02,27,京王閣,F1,8,19,6,15118.0,木村　幸希,広島,3.41,Ｓ２
2026-04-02,27,京王閣,F1,8,20,6,15118.0,木村　幸希,広島,3.41,Ｓ２
2026-04-02,27,京王閣,F1,8,21,6,15118.0,木村　幸希,広島,3.41,Ｓ２
2026-04-02,27,京王閣,F1,9,1,1,15333.0,高橋　晋也,福島,1.42,Ｓ１
2026-04-02,27,京王閣,F1,9,2,1,15333.0,高橋　晋也,福島,1.42,Ｓ１
2026-04-02,27,京王閣,F1,9,3,1,15333.0,高橋　晋也,福島,1.42,Ｓ１
2026-04-02,27,京王閣,F1,9,4,2,15390.0,伊藤　颯馬,沖縄,2.04,Ｓ１
2026-04-02,27,京王閣,F1,9,5,2,15390.0,伊藤　颯馬,沖縄,2.04,Ｓ１
2026-04-02,27,京王閣,F1,9,6,2,15390.0,伊藤　颯馬,沖縄,2.04,Ｓ１
2026-04-02,27,京王閣,F1,9,7,7,15132.0,瓜生　崇智,熊本,2.10,Ｓ２
2026-04-02,27,京王閣,F1,9,8,7,15132.0,瓜生　崇智,熊本,2.10,Ｓ２
2026-04-02,27,京王閣,F1,9,9,7,15132.0,瓜生　崇智,熊本,2.10,Ｓ２
2026-04-02,27,京王閣,F1,9,10,5,15342.0,福田　　滉,栃木,2.24,Ｓ２
2026-04-02,27,京王閣,F1,9,11,5,15342.0,福田　　滉,栃木,2.24,Ｓ２
2026-04-02,27,京王閣,F1,9,12,5,15342.0,福田　　滉,栃木,2.24,Ｓ２
2026-04-02,27,京王閣,F1,9,13,3,13744.0,菅原　　晃,大分,2.70,Ｓ２
2026-04-02,27,京王閣,F1,9,14,3,13744.0,菅原　　晃,大分,2.70,Ｓ２
2026-04-02,27,京王閣,F1,9,15,3,13744.0,菅原　　晃,大分,2.70,Ｓ２
2026-04-02,27,京王閣,F1,9,16,6,13912.0,金成　和幸,福島,2.94,Ｓ２
2026-04-02,27,京王閣,F1,9,17,6,13912.0,金成　和幸,福島,2.94,Ｓ２
2026-04-02,27,京王閣,F1,9,18,6,13912.0,金成　和幸,福島,2.94,Ｓ２
2026-04-02,27,京王閣,F1,9,19,4,14151.0,宿口　潤平,埼玉,3.28,Ｓ２
2026-04-02,27,京王閣,F1,9,20,4,14151.0,宿口　潤平,埼玉,3.28,Ｓ２
2026-04-02,27,京王閣,F1,9,21,4,14151.0,宿口　潤平,埼玉,3.28,Ｓ２
2026-04-02,27,京王閣,F1,10,1,4,15006.0,石塚輪太郎,和歌,1.17,Ｓ１
2026-04-02,27,京王閣,F1,10,2,4,15006.0,石塚輪太郎,和歌,1.17,Ｓ１
2026-04-02,27,京王閣,F1,10,3,4,15006.0,石塚輪太郎,和歌,1.17,Ｓ１
2026-04-02,27,京王閣,F1,10,4,1,14089.0,浅井　康太,三重,1.72,Ｓ１
2026-04-02,27,京王閣,F1,10,5,1,14089.0,浅井　康太,三重,1.72,Ｓ１
2026-04-02,27,京王閣,F1,10,6,1,14089.0,浅井　康太,三重,1.72,Ｓ１
2026-04-02,27,京王閣,F1,10,7,7,14504.0,杉本　正隆,茨城,1.85,Ｓ２
2026-04-02,27,京王閣,F1,10,8,7,14504.0,杉本　正隆,茨城,1.85,Ｓ２
2026-04-02,27,京王閣,F1,10,9,7,14504.0,杉本　正隆,茨城,1.85,Ｓ２
2026-04-02,27,京王閣,F1,10,10,5,15297.0,上野　優太,熊本,2.36,Ｓ１
2026-04-02,27,京王閣,F1,10,11,5,15297.0,上野　優太,熊本,2.36,Ｓ１
2026-04-02,27,京王閣,F1,10,12,5,15297.0,上野　優太,熊本,2.36,Ｓ１
2026-04-02,27,京王閣,F1,10,13,3,15517.0,橋本　壮史,茨城,2.60,Ｓ２
2026-04-02,27,京王閣,F1,10,14,3,15517.0,橋本　壮史,茨城,2.60,Ｓ２
2026-04-02,27,京王閣,F1,10,15,3,15517.0,橋本　壮史,茨城,2.60,Ｓ２
2026-04-02,27,京王閣,F1,10,16,6,15323.0,小原丈一郎,青森,2.76,Ｓ２
2026-04-02,27,京王閣,F1,10,17,6,15323.0,小原丈一郎,青森,2.76,Ｓ２
2026-04-02,27,京王閣,F1,10,18,6,15323.0,小原丈一郎,青森,2.76,Ｓ２
2026-04-02,27,京王閣,F1,10,19,2,15125.0,佐々木　豪,愛媛,3.87,Ｓ１
2026-04-02,27,京王閣,F1,10,20,2,15125.0,佐々木　豪,愛媛,3.87,Ｓ１
2026-04-02,27,京王閣,F1,10,21,2,15125.0,佐々木　豪,愛媛,3.87,Ｓ１
2026-04-02,27,京王閣,F1,11,1,2,13724.0,渡辺　十夢,福井,1.48,Ｓ２
2026-04-02,27,京王閣,F1,11,2,2,13724.0,渡辺　十夢,福井,1.48,Ｓ２
2026-04-02,27,京王閣,F1,11,3,2,13724.0,渡辺　十夢,福井,1.48,Ｓ２
2026-04-02,27,京王閣,F1,11,4,5,15254.0,鈴木　輝大,東京,2.02,Ｓ２
2026-04-02,27,京王閣,F1,11,5,5,15254.0,鈴木　輝大,東京,2.02,Ｓ２
2026-04-02,27,京王閣,F1,11,6,5,15254.0,鈴木　輝大,東京,2.02,Ｓ２
2026-04-02,27,京王閣,F1,11,7,3,14210.0,和田　　圭,宮城,2.52,Ｓ１
2026-04-02,27,京王閣,F1,11,8,3,14210.0,和田　　圭,宮城,2.52,Ｓ１
2026-04-02,27,京王閣,F1,11,9,3,14210.0,和田　　圭,宮城,2.52,Ｓ１
2026-04-02,27,京王閣,F1,11,10,7,14833.0,高久保雄介,京都,2.52,Ｓ１
2026-04-02,27,京王閣,F1,11,11,7,14833.0,高久保雄介,京都,2.52,Ｓ１
2026-04-02,27,京王閣,F1,11,12,7,14833.0,高久保雄介,京都,2.52,Ｓ１
2026-04-02,27,京王閣,F1,11,13,1,15341.0,坂井　　洋,栃木,2.75,Ｓ１
2026-04-02,27,京王閣,F1,11,14,1,15341.0,坂井　　洋,栃木,2.75,Ｓ１
2026-04-02,27,京王閣,F1,11,15,1,15341.0,坂井　　洋,栃木,2.75,Ｓ１
2026-04-02,27,京王閣,F1,11,16,4,15784.0,高橋　　舜,宮城,2.99,Ｓ２
2026-04-02,27,京王閣,F1,11,17,4,15784.0,高橋　　舜,宮城,2.99,Ｓ２
2026-04-02,27,京王閣,F1,11,18,4,15784.0,高橋　　舜,宮城,2.99,Ｓ２
2026-04-02,27,京王閣,F1,11,19,6,14574.0,佐伯　　翔,福島,5.45,Ｓ２
2026-04-02,27,京王閣,F1,11,20,6,14574.0,佐伯　　翔,福島,5.45,Ｓ２
2026-04-02,27,京王閣,F1,11,21,6,14574.0,佐伯　　翔,福島,5.45,Ｓ２
2026-04-02,27,京王閣,F1,12,1,3,15620.0,纐纈　洸翔,愛知,1.76,Ｓ１
2026-04-02,27,京王閣,F1,12,2,3,15620.0,纐纈　洸翔,愛知,1.76,Ｓ１
2026-04-02,27,京王閣,F1,12,3,3,15620.0,纐纈　洸翔,愛知,1.76,Ｓ１
2026-04-02,27,京王閣,F1,12,4,5,15553.0,犬伏　湧也,徳島,1.78,Ｓ１
2026-04-02,27,京王閣,F1,12,5,5,15553.0,犬伏　湧也,徳島,1.78,Ｓ１
2026-04-02,27,京王閣,F1,12,6,5,15553.0,犬伏　湧也,徳島,1.78,Ｓ１
2026-04-02,27,京王閣,F1,12,7,1,13880.0,岩津　裕介,岡山,1.88,Ｓ１
2026-04-02,27,京王閣,F1,12,8,1,13880.0,岩津　裕介,岡山,1.88,Ｓ１
2026-04-02,27,京王閣,F1,12,9,1,13880.0,岩津　裕介,岡山,1.88,Ｓ１
2026-04-02,27,京王閣,F1,12,10,6,15116.0,池野　健太,兵庫,1.94,Ｓ１
2026-04-02,27,京王閣,F1,12,11,6,15116.0,池野　健太,兵庫,1.94,Ｓ１
2026-04-02,27,京王閣,F1,12,12,6,15116.0,池野　健太,兵庫,1.94,Ｓ１
2026-04-02,27,京王閣,F1,12,13,4,13387.0,野田　源一,福岡,2.18,Ｓ２
2026-04-02,27,京王閣,F1,12,14,4,13387.0,野田　源一,福岡,2.18,Ｓ２
2026-04-02,27,京王閣,F1,12,15,4,13387.0,野田　源一,福岡,2.18,Ｓ２
2026-04-02,27,京王閣,F1,12,16,7,15328.0,星野　洋輝,福島,2.61,Ｓ２
2026-04-02,27,京王閣,F1,12,17,7,15328.0,星野　洋輝,福島,2.61,Ｓ２
2026-04-02,27,京王閣,F1,12,18,7,15328.0,星野　洋輝,福島,2.61,Ｓ２
2026-04-02,27,京王閣,F1,12,19,2,14791.0,木村　　弘,青森,2.67,Ｓ１
2026-04-02,27,京王閣,F1,12,20,2,14791.0,木村　　弘,青森,2.67,Ｓ１
2026-04-02,27,京王閣,F1,12,21,2,14791.0,木村　　弘,青森,2.67,Ｓ１
2026-04-02,36,小田原,F2,1,1,2,11142.0,小林　宏年,静岡,2.33,Ａ３
2026-04-02,36,小田原,F2,1,2,2,11142.0,小林　宏年,静岡,2.33,Ａ３
2026-04-02,36,小田原,F2,1,3,2,11142.0,小林　宏年,静岡,2.33,Ａ３
2026-04-02,36,小田原,F2,1,4,1,11454.0,杉浦　康一,北海,2.39,Ａ３
2026-04-02,36,小田原,F2,1,5,1,11454.0,杉浦　康一,北海,2.39,Ａ３
2026-04-02,36,小田原,F2,1,6,1,11454.0,杉浦　康一,北海,2.39,Ａ３
2026-04-02,36,小田原,F2,1,7,4,15100.0,渡邊　颯太,静岡,2.55,Ａ３
2026-04-02,36,小田原,F2,1,8,4,15100.0,渡邊　颯太,静岡,2.55,Ａ３
2026-04-02,36,小田原,F2,1,9,4,15100.0,渡邊　颯太,静岡,2.55,Ａ３
2026-04-02,36,小田原,F2,1,10,7,13513.0,南　　和夫,福岡,2.68,Ａ３
2026-04-02,36,小田原,F2,1,11,7,13513.0,南　　和夫,福岡,2.68,Ａ３
2026-04-02,36,小田原,F2,1,12,7,13513.0,南　　和夫,福岡,2.68,Ａ３
2026-04-02,36,小田原,F2,1,13,5,13526.0,三澤　勝成,宮城,3.20,Ａ３
2026-04-02,36,小田原,F2,1,14,5,13526.0,三澤　勝成,宮城,3.20,Ａ３
2026-04-02,36,小田原,F2,1,15,5,13526.0,三澤　勝成,宮城,3.20,Ａ３
2026-04-02,36,小田原,F2,1,16,6,12810.0,中山　善仁,新潟,3.51,Ａ３
2026-04-02,36,小田原,F2,1,17,6,12810.0,中山　善仁,新潟,3.51,Ａ３
2026-04-02,36,小田原,F2,1,18,6,12810.0,中山　善仁,新潟,3.51,Ａ３
2026-04-02,36,小田原,F2,1,19,3,15736.0,中岡　　海,愛媛,3.52,Ａ３
2026-04-02,36,小田原,F2,1,20,3,15736.0,中岡　　海,愛媛,3.52,Ａ３
2026-04-02,36,小田原,F2,1,21,3,15736.0,中岡　　海,愛媛,3.52,Ａ３
2026-04-02,36,小田原,F2,2,1,5,,長岡　　豪（取消）,群馬,1.57,Ａ３
2026-04-02,36,小田原,F2,2,2,5,,長岡　　豪（取消）,群馬,1.57,Ａ３
2026-04-02,36,小田原,F2,2,3,5,,長岡　　豪（取消）,群馬,1.57,Ａ３
2026-04-02,36,小田原,F2,2,4,4,14251.0,関谷　哲平,奈良,2.20,Ａ３
2026-04-02,36,小田原,F2,2,5,4,14251.0,関谷　哲平,奈良,2.20,Ａ３
2026-04-02,36,小田原,F2,2,6,4,14251.0,関谷　哲平,奈良,2.20,Ａ３
2026-04-02,36,小田原,F2,2,7,7,13320.0,村上　順規,新潟,2.42,Ａ３
2026-04-02,36,小田原,F2,2,8,7,13320.0,村上　順規,新潟,2.42,Ａ３
2026-04-02,36,小田原,F2,2,9,7,13320.0,村上　順規,新潟,2.42,Ａ３
2026-04-02,36,小田原,F2,2,10,1,12893.0,吉野　　猛,愛知,2.51,Ａ３
2026-04-02,36,小田原,F2,2,11,1,12893.0,吉野　　猛,愛知,2.51,Ａ３
2026-04-02,36,小田原,F2,2,12,1,12893.0,吉野　　猛,愛知,2.51,Ａ３
2026-04-02,36,小田原,F2,2,13,2,15887.0,星野　京旺,新潟,3.17,Ａ３
2026-04-02,36,小田原,F2,2,14,2,15887.0,星野　京旺,新潟,3.17,Ａ３
2026-04-02,36,小田原,F2,2,15,2,15887.0,星野　京旺,新潟,3.17,Ａ３
2026-04-02,36,小田原,F2,2,16,3,13567.0,吉原　友彦,神奈,3.41,Ａ３
2026-04-02,36,小田原,F2,2,17,3,13567.0,吉原　友彦,神奈,3.41,Ａ３
2026-04-02,36,小田原,F2,2,18,3,13567.0,吉原　友彦,神奈,3.41,Ａ３
2026-04-02,36,小田原,F2,2,19,6,11372.0,黒瀬　浩一,静岡,3.73,Ａ３
2026-04-02,36,小田原,F2,2,20,6,11372.0,黒瀬　浩一,静岡,3.73,Ａ３
2026-04-02,36,小田原,F2,2,21,6,11372.0,黒瀬　浩一,静岡,3.73,Ａ３
2026-04-02,36,小田原,F2,3,1,1,15920.0,吉野　太晟,岡山,1.52,Ａ３
2026-04-02,36,小田原,F2,3,2,1,15920.0,吉野　太晟,岡山,1.52,Ａ３
2026-04-02,36,小田原,F2,3,3,1,15920.0,吉野　太晟,岡山,1.52,Ａ３
2026-04-02,36,小田原,F2,3,4,7,12982.0,上原　直樹,岡山,1.78,Ａ３
2026-04-02,36,小田原,F2,3,5,7,12982.0,上原　直樹,岡山,1.78,Ａ３
2026-04-02,36,小田原,F2,3,6,7,12982.0,上原　直樹,岡山,1.78,Ａ３
2026-04-02,36,小田原,F2,3,7,6,13573.0,高野　輝彰,愛知,2.26,Ａ３
2026-04-02,36,小田原,F2,3,8,6,13573.0,高野　輝彰,愛知,2.26,Ａ３
2026-04-02,36,小田原,F2,3,9,6,13573.0,高野　輝彰,愛知,2.26,Ａ３
2026-04-02,36,小田原,F2,3,10,2,12216.0,武田　哲二,京都,2.29,Ａ３
2026-04-02,36,小田原,F2,3,11,2,12216.0,武田　哲二,京都,2.29,Ａ３
2026-04-02,36,小田原,F2,3,12,2,12216.0,武田　哲二,京都,2.29,Ａ３
2026-04-02,36,小田原,F2,3,13,5,13767.0,松丸　裕紀,福岡,2.31,Ａ３
2026-04-02,36,小田原,F2,3,14,5,13767.0,松丸　裕紀,福岡,2.31,Ａ３
2026-04-02,36,小田原,F2,3,15,5,13767.0,松丸　裕紀,福岡,2.31,Ａ３
2026-04-02,36,小田原,F2,3,16,4,15910.0,土生　智徳,大阪,2.44,Ａ３
2026-04-02,36,小田原,F2,3,17,4,15910.0,土生　智徳,大阪,2.44,Ａ３
2026-04-02,36,小田原,F2,3,18,4,15910.0,土生　智徳,大阪,2.44,Ａ３
2026-04-02,36,小田原,F2,3,19,3,14425.0,前川　裕希,北海,2.68,Ａ３
2026-04-02,36,小田原,F2,3,20,3,14425.0,前川　裕希,北海,2.68,Ａ３
2026-04-02,36,小田原,F2,3,21,3,14425.0,前川　裕希,北海,2.68,Ａ３
2026-04-02,36,小田原,F2,4,1,1,13705.0,佐藤　有輝,神奈,1.94,Ａ３
2026-04-02,36,小田原,F2,4,2,1,13705.0,佐藤　有輝,神奈,1.94,Ａ３
2026-04-02,36,小田原,F2,4,3,1,13705.0,佐藤　有輝,神奈,1.94,Ａ３
2026-04-02,36,小田原,F2,4,4,7,15880.0,吉岡　優太,茨城,2.07,Ａ３
2026-04-02,36,小田原,F2,4,5,7,15880.0,吉岡　優太,茨城,2.07,Ａ３
2026-04-02,36,小田原,F2,4,6,7,15880.0,吉岡　優太,茨城,2.07,Ａ３
2026-04-02,36,小田原,F2,4,7,5,12512.0,眞原　健一,神奈,2.37,Ａ３
2026-04-02,36,小田原,F2,4,8,5,12512.0,眞原　健一,神奈,2.37,Ａ３
2026-04-02,36,小田原,F2,4,9,5,12512.0,眞原　健一,神奈,2.37,Ａ３
2026-04-02,36,小田原,F2,4,10,2,13378.0,小田桐義継,北海,2.48,Ａ３
2026-04-02,36,小田原,F2,4,11,2,13378.0,小田桐義継,北海,2.48,Ａ３
2026-04-02,36,小田原,F2,4,12,2,13378.0,小田桐義継,北海,2.48,Ａ３
2026-04-02,36,小田原,F2,4,13,4,15047.0,加藤　健一,神奈,2.50,Ａ３
2026-04-02,36,小田原,F2,4,14,4,15047.0,加藤　健一,神奈,2.50,Ａ３
2026-04-02,36,小田原,F2,4,15,4,15047.0,加藤　健一,神奈,2.50,Ａ３
2026-04-02,36,小田原,F2,4,16,3,14254.0,武田　和也,奈良,3.25,Ａ３
2026-04-02,36,小田原,F2,4,17,3,14254.0,武田　和也,奈良,3.25,Ａ３
2026-04-02,36,小田原,F2,4,18,3,14254.0,武田　和也,奈良,3.25,Ａ３
2026-04-02,36,小田原,F2,4,19,6,12241.0,松木　竜也,愛媛,3.42,Ａ３
2026-04-02,36,小田原,F2,4,20,6,12241.0,松木　竜也,愛媛,3.42,Ａ３
2026-04-02,36,小田原,F2,4,21,6,12241.0,松木　竜也,愛媛,3.42,Ａ３
2026-04-02,36,小田原,F2,5,1,1,15878.0,椎名　俊介,茨城,1.48,Ａ３
2026-04-02,36,小田原,F2,5,2,1,15878.0,椎名　俊介,茨城,1.48,Ａ３
2026-04-02,36,小田原,F2,5,3,1,15878.0,椎名　俊介,茨城,1.48,Ａ３
2026-04-02,36,小田原,F2,5,4,5,14363.0,中川　昌久,茨城,1.58,Ａ３
2026-04-02,36,小田原,F2,5,5,5,14363.0,中川　昌久,茨城,1.58,Ａ３
2026-04-02,36,小田原,F2,5,6,5,14363.0,中川　昌久,茨城,1.58,Ａ３
2026-04-02,36,小田原,F2,5,7,7,13525.0,亀井　道佳,宮城,1.83,Ａ３
2026-04-02,36,小田原,F2,5,8,7,13525.0,亀井　道佳,宮城,1.83,Ａ３
2026-04-02,36,小田原,F2,5,9,7,13525.0,亀井　道佳,宮城,1.83,Ａ３
2026-04-02,36,小田原,F2,5,10,4,13285.0,吉川　　悟,大阪,2.02,Ａ３
2026-04-02,36,小田原,F2,5,11,4,13285.0,吉川　　悟,大阪,2.02,Ａ３
2026-04-02,36,小田原,F2,5,12,4,13285.0,吉川　　悟,大阪,2.02,Ａ３
2026-04-02,36,小田原,F2,5,13,2,15898.0,岩原　健馬,愛知,2.43,Ａ３
2026-04-02,36,小田原,F2,5,14,2,15898.0,岩原　健馬,愛知,2.43,Ａ３
2026-04-02,36,小田原,F2,5,15,2,15898.0,岩原　健馬,愛知,2.43,Ａ３
2026-04-02,36,小田原,F2,5,16,3,12618.0,武智　尚之,愛媛,2.66,Ａ３
2026-04-02,36,小田原,F2,5,17,3,12618.0,武智　尚之,愛媛,2.66,Ａ３
2026-04-02,36,小田原,F2,5,18,3,12618.0,武智　尚之,愛媛,2.66,Ａ３
2026-04-02,36,小田原,F2,5,19,6,14034.0,鳥丸　晃順,岡山,3.13,Ａ３
2026-04-02,36,小田原,F2,5,20,6,14034.0,鳥丸　晃順,岡山,3.13,Ａ３
2026-04-02,36,小田原,F2,5,21,6,14034.0,鳥丸　晃順,岡山,3.13,Ａ３
2026-04-02,36,小田原,F2,6,1,6,15487.0,永塚　祐子,神奈,1.46,Ｌ１
2026-04-02,36,小田原,F2,6,2,6,15487.0,永塚　祐子,神奈,1.46,Ｌ１
2026-04-02,36,小田原,F2,6,3,6,15487.0,永塚　祐子,神奈,1.46,Ｌ１
2026-04-02,36,小田原,F2,6,4,4,15682.0,渡部　　遥,愛媛,1.54,Ｌ１
2026-04-02,36,小田原,F2,6,5,4,15682.0,渡部　　遥,愛媛,1.54,Ｌ１
2026-04-02,36,小田原,F2,6,6,4,15682.0,渡部　　遥,愛媛,1.54,Ｌ１
2026-04-02,36,小田原,F2,6,7,1,15666.0,畠山ひすい,神奈,1.56,Ｌ１
2026-04-02,36,小田原,F2,6,8,1,15666.0,畠山ひすい,神奈,1.56,Ｌ１
2026-04-02,36,小田原,F2,6,9,1,15666.0,畠山ひすい,神奈,1.56,Ｌ１
2026-04-02,36,小田原,F2,6,10,2,15776.0,高本　美穂,熊本,2.09,Ｌ１
2026-04-02,36,小田原,F2,6,11,2,15776.0,高本　美穂,熊本,2.09,Ｌ１
2026-04-02,36,小田原,F2,6,12,2,15776.0,高本　美穂,熊本,2.09,Ｌ１
2026-04-02,36,小田原,F2,6,13,7,15950.0,石田　春海,大阪,2.11,Ｌ１
2026-04-02,36,小田原,F2,6,14,7,15950.0,石田　春海,大阪,2.11,Ｌ１
2026-04-02,36,小田原,F2,6,15,7,15950.0,石田　春海,大阪,2.11,Ｌ１
2026-04-02,36,小田原,F2,6,16,3,15135.0,荒川ひかり,茨城,2.42,Ｌ１
2026-04-02,36,小田原,F2,6,17,3,15135.0,荒川ひかり,茨城,2.42,Ｌ１
2026-04-02,36,小田原,F2,6,18,3,15135.0,荒川ひかり,茨城,2.42,Ｌ１
2026-04-02,36,小田原,F2,6,19,5,14908.0,藤原亜衣里,新潟,3.02,Ｌ１
2026-04-02,36,小田原,F2,6,20,5,14908.0,藤原亜衣里,新潟,3.02,Ｌ１
2026-04-02,36,小田原,F2,6,21,5,14908.0,藤原亜衣里,新潟,3.02,Ｌ１
2026-04-02,36,小田原,F2,7,1,2,14974.0,山原さくら,山口,1.12,Ｌ１
2026-04-02,36,小田原,F2,7,2,2,14974.0,山原さくら,山口,1.12,Ｌ１
2026-04-02,36,小田原,F2,7,3,2,14974.0,山原さくら,山口,1.12,Ｌ１
2026-04-02,36,小田原,F2,7,4,4,15854.0,伊澤　茉那,千葉,1.65,Ｌ１
2026-04-02,36,小田原,F2,7,5,4,15854.0,伊澤　茉那,千葉,1.65,Ｌ１
2026-04-02,36,小田原,F2,7,6,4,15854.0,伊澤　茉那,千葉,1.65,Ｌ１
2026-04-02,36,小田原,F2,7,7,5,15082.0,高橋　朋恵,東京,1.84,Ｌ１
2026-04-02,36,小田原,F2,7,8,5,15082.0,高橋　朋恵,東京,1.84,Ｌ１
2026-04-02,36,小田原,F2,7,9,5,15082.0,高橋　朋恵,東京,1.84,Ｌ１
2026-04-02,36,小田原,F2,7,10,1,15757.0,戸邉香奈実,茨城,2.19,Ｌ１
2026-04-02,36,小田原,F2,7,11,1,15757.0,戸邉香奈実,茨城,2.19,Ｌ１
2026-04-02,36,小田原,F2,7,12,1,15757.0,戸邉香奈実,茨城,2.19,Ｌ１
2026-04-02,36,小田原,F2,7,13,6,15153.0,林　真奈美,福岡,2.20,Ｌ１
2026-04-02,36,小田原,F2,7,14,6,15153.0,林　真奈美,福岡,2.20,Ｌ１
2026-04-02,36,小田原,F2,7,15,6,15153.0,林　真奈美,福岡,2.20,Ｌ１
2026-04-02,36,小田原,F2,7,16,3,15133.0,佐藤　友香,青森,2.67,Ｌ１
2026-04-02,36,小田原,F2,7,17,3,15133.0,佐藤　友香,青森,2.67,Ｌ１
2026-04-02,36,小田原,F2,7,18,3,15133.0,佐藤　友香,青森,2.67,Ｌ１
2026-04-02,36,小田原,F2,7,19,7,15585.0,山本さくら,愛知,3.11,Ｌ１
2026-04-02,36,小田原,F2,7,20,7,15585.0,山本さくら,愛知,3.11,Ｌ１
2026-04-02,36,小田原,F2,7,21,7,15585.0,山本さくら,愛知,3.11,Ｌ１
2026-04-02,37,伊東,G3,1,1,3,14052.0,飯野　祐太,福島,2.01,Ｓ１
2026-04-02,37,伊東,G3,1,2,3,14052.0,飯野　祐太,福島,2.01,Ｓ１
2026-04-02,37,伊東,G3,1,3,3,14052.0,飯野　祐太,福島,2.01,Ｓ１
2026-04-02,37,伊東,G3,1,4,1,15381.0,岩谷　拓磨,福岡,2.62,Ｓ１
2026-04-02,37,伊東,G3,1,5,1,15381.0,岩谷　拓磨,福岡,2.62,Ｓ１
2026-04-02,37,伊東,G3,1,6,1,15381.0,岩谷　拓磨,福岡,2.62,Ｓ１
2026-04-02,37,伊東,G3,1,7,2,15093.0,末木　浩二,山梨,2.89,Ｓ１
2026-04-02,37,伊東,G3,1,8,2,15093.0,末木　浩二,山梨,2.89,Ｓ１
2026-04-02,37,伊東,G3,1,9,2,15093.0,末木　浩二,山梨,2.89,Ｓ１
2026-04-02,37,伊東,G3,1,10,9,14262.0,稲吉　悠大,福岡,3.01,Ｓ２
2026-04-02,37,伊東,G3,1,11,9,14262.0,稲吉　悠大,福岡,3.01,Ｓ２
2026-04-02,37,伊東,G3,1,12,9,14262.0,稲吉　悠大,福岡,3.01,Ｓ２
2026-04-02,37,伊東,G3,1,13,8,13726.0,川村　晃司,京都,3.02,Ｓ２
2026-04-02,37,伊東,G3,1,14,8,13726.0,川村　晃司,京都,3.02,Ｓ２
2026-04-02,37,伊東,G3,1,15,8,13726.0,川村　晃司,京都,3.02,Ｓ２
2026-04-02,37,伊東,G3,1,16,7,15324.0,小原　佑太,青森,3.11,Ｓ１
2026-04-02,37,伊東,G3,1,17,7,15324.0,小原　佑太,青森,3.11,Ｓ１
2026-04-02,37,伊東,G3,1,18,7,15324.0,小原　佑太,青森,3.11,Ｓ１
2026-04-02,37,伊東,G3,1,19,5,14221.0,古川　尚耶,栃木,3.28,Ｓ２
2026-04-02,37,伊東,G3,1,20,5,14221.0,古川　尚耶,栃木,3.28,Ｓ２
2026-04-02,37,伊東,G3,1,21,5,14221.0,古川　尚耶,栃木,3.28,Ｓ２
2026-04-02,37,伊東,G3,1,22,4,15375.0,村上　竜馬,広島,3.62,Ｓ２
2026-04-02,37,伊東,G3,1,23,4,15375.0,村上　竜馬,広島,3.62,Ｓ２
2026-04-02,37,伊東,G3,1,24,4,15375.0,村上　竜馬,広島,3.62,Ｓ２
2026-04-02,37,伊東,G3,1,25,6,14835.0,窓場千加頼,京都,5.83,Ｓ１
2026-04-02,37,伊東,G3,1,26,6,14835.0,窓場千加頼,京都,5.83,Ｓ１
2026-04-02,37,伊東,G3,1,27,6,14835.0,窓場千加頼,京都,5.83,Ｓ１
2026-04-02,37,伊東,G3,2,1,7,15337.0,佐藤　礼文,茨城,2.35,Ｓ１
2026-04-02,37,伊東,G3,2,2,7,15337.0,佐藤　礼文,茨城,2.35,Ｓ１
2026-04-02,37,伊東,G3,2,3,7,15337.0,佐藤　礼文,茨城,2.35,Ｓ１
2026-04-02,37,伊東,G3,2,4,3,13886.0,大屋　健司,広島,2.81,Ｓ２
2026-04-02,37,伊東,G3,2,5,3,13886.0,大屋　健司,広島,2.81,Ｓ２
2026-04-02,37,伊東,G3,2,6,3,13886.0,大屋　健司,広島,2.81,Ｓ２
2026-04-02,37,伊東,G3,2,7,5,15173.0,格清　洋介,静岡,2.84,Ｓ２
2026-04-02,37,伊東,G3,2,8,5,15173.0,格清　洋介,静岡,2.84,Ｓ２
2026-04-02,37,伊東,G3,2,9,5,15173.0,格清　洋介,静岡,2.84,Ｓ２
2026-04-02,37,伊東,G3,2,10,4,13967.0,岡本　大嗣,東京,3.08,Ｓ２
2026-04-02,37,伊東,G3,2,11,4,13967.0,岡本　大嗣,東京,3.08,Ｓ２
2026-04-02,37,伊東,G3,2,12,4,13967.0,岡本　大嗣,東京,3.08,Ｓ２
2026-04-02,37,伊東,G3,2,13,8,14081.0,田中　晴基,千葉,3.26,Ｓ２
2026-04-02,37,伊東,G3,2,14,8,14081.0,田中　晴基,千葉,3.26,Ｓ２
2026-04-02,37,伊東,G3,2,15,8,14081.0,田中　晴基,千葉,3.26,Ｓ２
2026-04-02,37,伊東,G3,2,16,9,15122.0,島川　将貴,徳島,3.44,Ｓ１
2026-04-02,37,伊東,G3,2,17,9,15122.0,島川　将貴,徳島,3.44,Ｓ１
2026-04-02,37,伊東,G3,2,18,9,15122.0,島川　将貴,徳島,3.44,Ｓ１
2026-04-02,37,伊東,G3,2,19,1,15619.0,日高　裕太,静岡,3.81,Ｓ２
2026-04-02,37,伊東,G3,2,20,1,15619.0,日高　裕太,静岡,3.81,Ｓ２
2026-04-02,37,伊東,G3,2,21,1,15619.0,日高　裕太,静岡,3.81,Ｓ２
2026-04-02,37,伊東,G3,2,22,2,15692.0,松崎　広太,茨城,3.89,Ｓ２
2026-04-02,37,伊東,G3,2,23,2,15692.0,松崎　広太,茨城,3.89,Ｓ２
2026-04-02,37,伊東,G3,2,24,2,15692.0,松崎　広太,茨城,3.89,Ｓ２
2026-04-02,37,伊東,G3,2,25,6,13884.0,守谷　陽介,岡山,4.62,Ｓ２
2026-04-02,37,伊東,G3,2,26,6,13884.0,守谷　陽介,岡山,4.62,Ｓ２
2026-04-02,37,伊東,G3,2,27,6,13884.0,守谷　陽介,岡山,4.62,Ｓ２
2026-04-02,37,伊東,G3,3,1,9,14809.0,恩田　淳平,群馬,2.24,Ｓ１
2026-04-02,37,伊東,G3,3,2,9,14809.0,恩田　淳平,群馬,2.24,Ｓ１
2026-04-02,37,伊東,G3,3,3,9,14809.0,恩田　淳平,群馬,2.24,Ｓ１
2026-04-02,37,伊東,G3,3,4,7,15207.0,林　慶次郎,福岡,2.69,Ｓ１
2026-04-02,37,伊東,G3,3,5,7,15207.0,林　慶次郎,福岡,2.69,Ｓ１
2026-04-02,37,伊東,G3,3,6,7,15207.0,林　慶次郎,福岡,2.69,Ｓ１
2026-04-02,37,伊東,G3,3,7,3,14995.0,渡邉　雄太,静岡,3.01,Ｓ２
2026-04-02,37,伊東,G3,3,8,3,14995.0,渡邉　雄太,静岡,3.01,Ｓ２
2026-04-02,37,伊東,G3,3,9,3,14995.0,渡邉　雄太,静岡,3.01,Ｓ２
2026-04-02,37,伊東,G3,3,10,4,14465.0,村上　直久,神奈,3.21,Ｓ２
2026-04-02,37,伊東,G3,3,11,4,14465.0,村上　直久,神奈,3.21,Ｓ２
2026-04-02,37,伊東,G3,3,12,4,14465.0,村上　直久,神奈,3.21,Ｓ２
2026-04-02,37,伊東,G3,3,13,2,14175.0,柴崎　俊光,三重,3.40,Ｓ２
2026-04-02,37,伊東,G3,3,14,2,14175.0,柴崎　俊光,三重,3.40,Ｓ２
2026-04-02,37,伊東,G3,3,15,2,14175.0,柴崎　俊光,三重,3.40,Ｓ２
2026-04-02,37,伊東,G3,3,16,1,13656.0,渡部　哲男,愛媛,3.76,Ｓ１
2026-04-02,37,伊東,G3,3,17,1,13656.0,渡部　哲男,愛媛,3.76,Ｓ１
2026-04-02,37,伊東,G3,3,18,1,13656.0,渡部　哲男,愛媛,3.76,Ｓ１
2026-04-02,37,伊東,G3,3,19,5,15289.0,橋本　瑠偉,栃木,3.84,Ｓ１
2026-04-02,37,伊東,G3,3,20,5,15289.0,橋本　瑠偉,栃木,3.84,Ｓ１
2026-04-02,37,伊東,G3,3,21,5,15289.0,橋本　瑠偉,栃木,3.84,Ｓ１
2026-04-02,37,伊東,G3,3,22,8,15176.0,望月　一成,静岡,4.62,Ｓ２
2026-04-02,37,伊東,G3,3,23,8,15176.0,望月　一成,静岡,4.62,Ｓ２
2026-04-02,37,伊東,G3,3,24,8,15176.0,望月　一成,静岡,4.62,Ｓ２
2026-04-02,37,伊東,G3,3,25,6,14176.0,笹倉　慎也,富山,4.67,Ｓ２
2026-04-02,37,伊東,G3,3,26,6,14176.0,笹倉　慎也,富山,4.67,Ｓ２
2026-04-02,37,伊東,G3,3,27,6,14176.0,笹倉　慎也,富山,4.67,Ｓ２
2026-04-02,37,伊東,G3,4,1,5,12596.0,志智　俊夫,岐阜,2.43,Ｓ１
2026-04-02,37,伊東,G3,4,2,5,12596.0,志智　俊夫,岐阜,2.43,Ｓ１
2026-04-02,37,伊東,G3,4,3,5,12596.0,志智　俊夫,岐阜,2.43,Ｓ１
2026-04-02,37,伊東,G3,4,4,1,12339.0,内藤　宣彦,秋田,2.70,Ｓ１
2026-04-02,37,伊東,G3,4,5,1,12339.0,内藤　宣彦,秋田,2.70,Ｓ１
2026-04-02,37,伊東,G3,4,6,1,12339.0,内藤　宣彦,秋田,2.70,Ｓ１
2026-04-02,37,伊東,G3,4,7,2,13772.0,岡村　　潤,静岡,2.92,Ｓ２
2026-04-02,37,伊東,G3,4,8,2,13772.0,岡村　　潤,静岡,2.92,Ｓ２
2026-04-02,37,伊東,G3,4,9,2,13772.0,岡村　　潤,静岡,2.92,Ｓ２
2026-04-02,37,伊東,G3,4,10,4,15614.0,治田　知也,新潟,3.03,Ｓ２
2026-04-02,37,伊東,G3,4,11,4,15614.0,治田　知也,新潟,3.03,Ｓ２
2026-04-02,37,伊東,G3,4,12,4,15614.0,治田　知也,新潟,3.03,Ｓ２
2026-04-02,37,伊東,G3,4,13,8,13306.0,齋藤登志信,宮城,3.24,Ｓ２
2026-04-02,37,伊東,G3,4,14,8,13306.0,齋藤登志信,宮城,3.24,Ｓ２
2026-04-02,37,伊東,G3,4,15,8,13306.0,齋藤登志信,宮城,3.24,Ｓ２
2026-04-02,37,伊東,G3,4,16,7,14977.0,川口　聖二,岐阜,3.37,Ｓ２
2026-04-02,37,伊東,G3,4,17,7,14977.0,川口　聖二,岐阜,3.37,Ｓ２
2026-04-02,37,伊東,G3,4,18,7,14977.0,川口　聖二,岐阜,3.37,Ｓ２
2026-04-02,37,伊東,G3,4,19,3,13955.0,三宅　裕武,三重,3.64,Ｓ２
2026-04-02,37,伊東,G3,4,20,3,13955.0,三宅　裕武,三重,3.64,Ｓ２
2026-04-02,37,伊東,G3,4,21,3,13955.0,三宅　裕武,三重,3.64,Ｓ２
2026-04-02,37,伊東,G3,4,22,6,14819.0,太刀川一成,千葉,4.36,Ｓ２
2026-04-02,37,伊東,G3,4,23,6,14819.0,太刀川一成,千葉,4.36,Ｓ２
2026-04-02,37,伊東,G3,4,24,6,14819.0,太刀川一成,千葉,4.36,Ｓ２
2026-04-02,37,伊東,G3,4,25,9,15807.0,塩島嵩一朗,神奈,4.70,Ｓ２
2026-04-02,37,伊東,G3,4,26,9,15807.0,塩島嵩一朗,神奈,4.70,Ｓ２
2026-04-02,37,伊東,G3,4,27,9,15807.0,塩島嵩一朗,神奈,4.70,Ｓ２
2026-04-02,37,伊東,G3,5,1,5,15461.0,土生　敦弘,大阪,2.53,Ｓ２
2026-04-02,37,伊東,G3,5,2,5,15461.0,土生　敦弘,大阪,2.53,Ｓ２
2026-04-02,37,伊東,G3,5,3,5,15461.0,土生　敦弘,大阪,2.53,Ｓ２
2026-04-02,37,伊東,G3,5,4,1,14103.0,村田　雅一,兵庫,2.84,Ｓ１
2026-04-02,37,伊東,G3,5,5,1,14103.0,村田　雅一,兵庫,2.84,Ｓ１
2026-04-02,37,伊東,G3,5,6,1,14103.0,村田　雅一,兵庫,2.84,Ｓ１
2026-04-02,37,伊東,G3,5,7,9,14946.0,元砂　勇雪,奈良,2.90,Ｓ２
2026-04-02,37,伊東,G3,5,8,9,14946.0,元砂　勇雪,奈良,2.90,Ｓ２
2026-04-02,37,伊東,G3,5,9,9,14946.0,元砂　勇雪,奈良,2.90,Ｓ２
2026-04-02,37,伊東,G3,5,10,4,15117.0,野崎　将史,岡山,2.93,Ｓ２
2026-04-02,37,伊東,G3,5,11,4,15117.0,野崎　将史,岡山,2.93,Ｓ２
2026-04-02,37,伊東,G3,5,12,4,15117.0,野崎　将史,岡山,2.93,Ｓ２
2026-04-02,37,伊東,G3,5,13,3,15604.0,安彦　統賀,埼玉,3.10,Ｓ２
2026-04-02,37,伊東,G3,5,14,3,15604.0,安彦　統賀,埼玉,3.10,Ｓ２
2026-04-02,37,伊東,G3,5,15,3,15604.0,安彦　統賀,埼玉,3.10,Ｓ２
2026-04-02,37,伊東,G3,5,16,2,14682.0,原田研太朗,徳島,3.11,Ｓ１
2026-04-02,37,伊東,G3,5,17,2,14682.0,原田研太朗,徳島,3.11,Ｓ１
2026-04-02,37,伊東,G3,5,18,2,14682.0,原田研太朗,徳島,3.11,Ｓ１
2026-04-02,37,伊東,G3,5,19,7,14930.0,杉森　輝大,茨城,3.56,Ｓ１
2026-04-02,37,伊東,G3,5,20,7,14930.0,杉森　輝大,茨城,3.56,Ｓ１
2026-04-02,37,伊東,G3,5,21,7,14930.0,杉森　輝大,茨城,3.56,Ｓ１
2026-04-02,37,伊東,G3,5,22,8,13994.0,杉山　悠也,秋田,4.26,Ｓ２
2026-04-02,37,伊東,G3,5,23,8,13994.0,杉山　悠也,秋田,4.26,Ｓ２
2026-04-02,37,伊東,G3,5,24,8,13994.0,杉山　悠也,秋田,4.26,Ｓ２
2026-04-02,37,伊東,G3,5,25,6,15507.0,上遠野拓馬,宮城,4.44,Ｓ２
2026-04-02,37,伊東,G3,5,26,6,15507.0,上遠野拓馬,宮城,4.44,Ｓ２
2026-04-02,37,伊東,G3,5,27,6,15507.0,上遠野拓馬,宮城,4.44,Ｓ２
2026-04-02,37,伊東,G3,6,1,7,15443.0,道場　晃規,静岡,2.34,Ｓ１
2026-04-02,37,伊東,G3,6,2,7,15443.0,道場　晃規,静岡,2.34,Ｓ１
2026-04-02,37,伊東,G3,6,3,7,15443.0,道場　晃規,静岡,2.34,Ｓ１
2026-04-02,37,伊東,G3,6,4,2,15440.0,長田　龍拳,静岡,2.99,Ｓ２
2026-04-02,37,伊東,G3,6,5,2,15440.0,長田　龍拳,静岡,2.99,Ｓ２
2026-04-02,37,伊東,G3,6,6,2,15440.0,長田　龍拳,静岡,2.99,Ｓ２
2026-04-02,37,伊東,G3,6,7,1,14004.0,松永　　将,茨城,3.00,Ｓ２
2026-04-02,37,伊東,G3,6,8,1,14004.0,松永　　将,茨城,3.00,Ｓ２
2026-04-02,37,伊東,G3,6,9,1,14004.0,松永　　将,茨城,3.00,Ｓ２
2026-04-02,37,伊東,G3,6,10,4,13045.0,岩本　和也,石川,3.05,Ｓ２
2026-04-02,37,伊東,G3,6,11,4,13045.0,岩本　和也,石川,3.05,Ｓ２
2026-04-02,37,伊東,G3,6,12,4,13045.0,岩本　和也,石川,3.05,Ｓ２
2026-04-02,37,伊東,G3,6,13,5,15340.0,幸田　望夢,栃木,3.11,Ｓ２
2026-04-02,37,伊東,G3,6,14,5,15340.0,幸田　望夢,栃木,3.11,Ｓ２
2026-04-02,37,伊東,G3,6,15,5,15340.0,幸田　望夢,栃木,3.11,Ｓ２
2026-04-02,37,伊東,G3,6,16,8,13693.0,藤原　憲征,新潟,3.43,Ｓ２
2026-04-02,37,伊東,G3,6,17,8,13693.0,藤原　憲征,新潟,3.43,Ｓ２
2026-04-02,37,伊東,G3,6,18,8,13693.0,藤原　憲征,新潟,3.43,Ｓ２
2026-04-02,37,伊東,G3,6,19,9,13420.0,土屋　裕二,静岡,3.45,Ｓ２
2026-04-02,37,伊東,G3,6,20,9,13420.0,土屋　裕二,静岡,3.45,Ｓ２
2026-04-02,37,伊東,G3,6,21,9,13420.0,土屋　裕二,静岡,3.45,Ｓ２
2026-04-02,37,伊東,G3,6,22,6,15539.0,上杉　嘉槻,福井,3.69,Ｓ２
2026-04-02,37,伊東,G3,6,23,6,15539.0,上杉　嘉槻,福井,3.69,Ｓ２
2026-04-02,37,伊東,G3,6,24,6,15539.0,上杉　嘉槻,福井,3.69,Ｓ２
2026-04-02,37,伊東,G3,6,25,3,13961.0,松村　友和,大阪,3.77,Ｓ２
2026-04-02,37,伊東,G3,6,26,3,13961.0,松村　友和,大阪,3.77,Ｓ２
2026-04-02,37,伊東,G3,6,27,3,13961.0,松村　友和,大阪,3.77,Ｓ２
2026-04-02,37,伊東,G3,7,1,2,14140.0,神山　拓弥,栃木,2.46,Ｓ１
2026-04-02,37,伊東,G3,7,2,2,14140.0,神山　拓弥,栃木,2.46,Ｓ１
2026-04-02,37,伊東,G3,7,3,2,14140.0,神山　拓弥,栃木,2.46,Ｓ１
2026-04-02,37,伊東,G3,7,4,9,14939.0,長尾　拳太,岐阜,2.69,Ｓ１
2026-04-02,37,伊東,G3,7,5,9,14939.0,長尾　拳太,岐阜,2.69,Ｓ１
2026-04-02,37,伊東,G3,7,6,9,14939.0,長尾　拳太,岐阜,2.69,Ｓ１
2026-04-02,37,伊東,G3,7,7,3,15749.0,佐藤　壮志,熊本,2.93,Ｓ２
2026-04-02,37,伊東,G3,7,8,3,15749.0,佐藤　壮志,熊本,2.93,Ｓ２
2026-04-02,37,伊東,G3,7,9,3,15749.0,佐藤　壮志,熊本,2.93,Ｓ２
2026-04-02,37,伊東,G3,7,10,1,14599.0,松岡　篤哉,岐阜,3.05,Ｓ２
2026-04-02,37,伊東,G3,7,11,1,14599.0,松岡　篤哉,岐阜,3.05,Ｓ２
2026-04-02,37,伊東,G3,7,12,1,14599.0,松岡　篤哉,岐阜,3.05,Ｓ２
2026-04-02,37,伊東,G3,7,13,7,15793.0,川上　隆義,栃木,3.15,Ｓ２
2026-04-02,37,伊東,G3,7,14,7,15793.0,川上　隆義,栃木,3.15,Ｓ２
2026-04-02,37,伊東,G3,7,15,7,15793.0,川上　隆義,栃木,3.15,Ｓ２
2026-04-02,37,伊東,G3,7,16,4,13199.0,北野　武史,石川,3.24,Ｓ２
2026-04-02,37,伊東,G3,7,17,4,13199.0,北野　武史,石川,3.24,Ｓ２
2026-04-02,37,伊東,G3,7,18,4,13199.0,北野　武史,石川,3.24,Ｓ２
2026-04-02,37,伊東,G3,7,19,8,15097.0,長谷部　翔,静岡,3.31,Ｓ２
2026-04-02,37,伊東,G3,7,20,8,15097.0,長谷部　翔,静岡,3.31,Ｓ２
2026-04-02,37,伊東,G3,7,21,8,15097.0,長谷部　翔,静岡,3.31,Ｓ２
2026-04-02,37,伊東,G3,7,22,5,15014.0,西田　将士,長崎,3.57,Ｓ２
2026-04-02,37,伊東,G3,7,23,5,15014.0,西田　将士,長崎,3.57,Ｓ２
2026-04-02,37,伊東,G3,7,24,5,15014.0,西田　将士,長崎,3.57,Ｓ２
2026-04-02,37,伊東,G3,7,25,6,12705.0,那須　久幸,福岡,6.12,Ｓ２
2026-04-02,37,伊東,G3,7,26,6,12705.0,那須　久幸,福岡,6.12,Ｓ２
2026-04-02,37,伊東,G3,7,27,6,12705.0,那須　久幸,福岡,6.12,Ｓ２
2026-04-02,37,伊東,G3,8,1,1,14935.0,嶋津　拓弥,神奈,2.61,Ｓ１
2026-04-02,37,伊東,G3,8,2,1,14935.0,嶋津　拓弥,神奈,2.61,Ｓ１
2026-04-02,37,伊東,G3,8,3,1,14935.0,嶋津　拓弥,神奈,2.61,Ｓ１
2026-04-02,37,伊東,G3,8,4,5,15096.0,大石　剣士,静岡,2.64,Ｓ２
2026-04-02,37,伊東,G3,8,5,5,15096.0,大石　剣士,静岡,2.64,Ｓ２
2026-04-02,37,伊東,G3,8,6,5,15096.0,大石　剣士,静岡,2.64,Ｓ２
2026-04-02,37,伊東,G3,8,7,3,14786.0,本郷　雄三,熊本,2.94,Ｓ２
2026-04-02,37,伊東,G3,8,8,3,14786.0,本郷　雄三,熊本,2.94,Ｓ２
2026-04-02,37,伊東,G3,8,9,3,14786.0,本郷　雄三,熊本,2.94,Ｓ２
2026-04-02,37,伊東,G3,8,10,9,15195.0,久保田泰弘,山口,3.06,Ｓ２
2026-04-02,37,伊東,G3,8,11,9,15195.0,久保田泰弘,山口,3.06,Ｓ２
2026-04-02,37,伊東,G3,8,12,9,15195.0,久保田泰弘,山口,3.06,Ｓ２
2026-04-02,37,伊東,G3,8,13,2,15276.0,佐伯　亮輔,岡山,3.36,Ｓ２
2026-04-02,37,伊東,G3,8,14,2,15276.0,佐伯　亮輔,岡山,3.36,Ｓ２
2026-04-02,37,伊東,G3,8,15,2,15276.0,佐伯　亮輔,岡山,3.36,Ｓ２
2026-04-02,37,伊東,G3,8,16,4,14683.0,藤岡　隆治,徳島,3.44,Ｓ２
2026-04-02,37,伊東,G3,8,17,4,14683.0,藤岡　隆治,徳島,3.44,Ｓ２
2026-04-02,37,伊東,G3,8,18,4,14683.0,藤岡　隆治,徳島,3.44,Ｓ２
2026-04-02,37,伊東,G3,8,19,7,13850.0,山賀　雅仁,千葉,3.96,Ｓ１
2026-04-02,37,伊東,G3,8,20,7,13850.0,山賀　雅仁,千葉,3.96,Ｓ１
2026-04-02,37,伊東,G3,8,21,7,13850.0,山賀　雅仁,千葉,3.96,Ｓ１
2026-04-02,37,伊東,G3,8,22,6,13448.0,合志　正臣,熊本,4.58,Ｓ２
2026-04-02,37,伊東,G3,8,23,6,13448.0,合志　正臣,熊本,4.58,Ｓ２
2026-04-02,37,伊東,G3,8,24,6,13448.0,合志　正臣,熊本,4.58,Ｓ２
2026-04-02,37,伊東,G3,8,25,8,15569.0,谷口　力也,熊本,4.67,Ｓ２
2026-04-02,37,伊東,G3,8,26,8,15569.0,谷口　力也,熊本,4.67,Ｓ２
2026-04-02,37,伊東,G3,8,27,8,15569.0,谷口　力也,熊本,4.67,Ｓ２
2026-04-02,37,伊東,G3,9,1,9,15730.0,黒瀬浩太郎,広島,1.95,Ｓ１
2026-04-02,37,伊東,G3,9,2,9,15730.0,黒瀬浩太郎,広島,1.95,Ｓ１
2026-04-02,37,伊東,G3,9,3,9,15730.0,黒瀬浩太郎,広島,1.95,Ｓ１
2026-04-02,37,伊東,G3,9,4,1,13355.0,桑原　大志,山口,2.72,Ｓ１
2026-04-02,37,伊東,G3,9,5,1,13355.0,桑原　大志,山口,2.72,Ｓ１
2026-04-02,37,伊東,G3,9,6,1,13355.0,桑原　大志,山口,2.72,Ｓ１
2026-04-02,37,伊東,G3,9,7,4,14548.0,棚橋　　勉,岡山,2.81,Ｓ２
2026-04-02,37,伊東,G3,9,8,4,14548.0,棚橋　　勉,岡山,2.81,Ｓ２
2026-04-02,37,伊東,G3,9,9,4,14548.0,棚橋　　勉,岡山,2.81,Ｓ２
2026-04-02,37,伊東,G3,9,10,8,15326.0,照井　拓成,岩手,2.84,Ｓ２
2026-04-02,37,伊東,G3,9,11,8,15326.0,照井　拓成,岩手,2.84,Ｓ２
2026-04-02,37,伊東,G3,9,12,8,15326.0,照井　拓成,岩手,2.84,Ｓ２
2026-04-02,37,伊東,G3,9,13,5,15663.0,松本秀之慎,熊本,2.93,Ｓ２
2026-04-02,37,伊東,G3,9,14,5,15663.0,松本秀之慎,熊本,2.93,Ｓ２
2026-04-02,37,伊東,G3,9,15,5,15663.0,松本秀之慎,熊本,2.93,Ｓ２
2026-04-02,37,伊東,G3,9,16,3,14641.0,箱田　優樹,青森,3.01,Ｓ２
2026-04-02,37,伊東,G3,9,17,3,14641.0,箱田　優樹,青森,3.01,Ｓ２
2026-04-02,37,伊東,G3,9,18,3,14641.0,箱田　優樹,青森,3.01,Ｓ２
2026-04-02,37,伊東,G3,9,19,2,14878.0,伊代野貴照,奈良,3.25,Ｓ２
2026-04-02,37,伊東,G3,9,20,2,14878.0,伊代野貴照,奈良,3.25,Ｓ２
2026-04-02,37,伊東,G3,9,21,2,14878.0,伊代野貴照,奈良,3.25,Ｓ２
2026-04-02,37,伊東,G3,9,22,7,15130.0,瀬戸　栄作,長崎,3.61,Ｓ２
2026-04-02,37,伊東,G3,9,23,7,15130.0,瀬戸　栄作,長崎,3.61,Ｓ２
2026-04-02,37,伊東,G3,9,24,7,15130.0,瀬戸　栄作,長崎,3.61,Ｓ２
2026-04-02,37,伊東,G3,9,25,6,14949.0,石口　慶多,兵庫,4.61,Ｓ２
2026-04-02,37,伊東,G3,9,26,6,14949.0,石口　慶多,兵庫,4.61,Ｓ２
2026-04-02,37,伊東,G3,9,27,6,14949.0,石口　慶多,兵庫,4.61,Ｓ２
2026-04-02,37,伊東,G3,10,1,2,13900.0,大森　慶一,北海,2.61,Ｓ１
2026-04-02,37,伊東,G3,10,2,2,13900.0,大森　慶一,北海,2.61,Ｓ１
2026-04-02,37,伊東,G3,10,3,2,13900.0,大森　慶一,北海,2.61,Ｓ１
2026-04-02,37,伊東,G3,10,4,3,15043.0,大矢　崇弘,東京,3.05,Ｓ２
2026-04-02,37,伊東,G3,10,5,3,15043.0,大矢　崇弘,東京,3.05,Ｓ２
2026-04-02,37,伊東,G3,10,6,3,15043.0,大矢　崇弘,東京,3.05,Ｓ２
2026-04-02,37,伊東,G3,10,7,7,13442.0,濱田　浩司,愛媛,3.07,Ｓ２
2026-04-02,37,伊東,G3,10,8,7,13442.0,濱田　浩司,愛媛,3.07,Ｓ２
2026-04-02,37,伊東,G3,10,9,7,13442.0,濱田　浩司,愛媛,3.07,Ｓ２
2026-04-02,37,伊東,G3,10,10,4,14645.0,三浦　翔大,宮城,3.42,Ｓ２
2026-04-02,37,伊東,G3,10,11,4,14645.0,三浦　翔大,宮城,3.42,Ｓ２
2026-04-02,37,伊東,G3,10,12,4,14645.0,三浦　翔大,宮城,3.42,Ｓ２
2026-04-02,37,伊東,G3,10,13,1,13894.0,園田　　匠,福岡,3.45,Ｓ１
2026-04-02,37,伊東,G3,10,14,1,13894.0,園田　　匠,福岡,3.45,Ｓ１
2026-04-02,37,伊東,G3,10,15,1,13894.0,園田　　匠,福岡,3.45,Ｓ１
2026-04-02,37,伊東,G3,10,16,5,15334.0,朝倉　智仁,茨城,3.46,Ｓ２
2026-04-02,37,伊東,G3,10,17,5,15334.0,朝倉　智仁,茨城,3.46,Ｓ２
2026-04-02,37,伊東,G3,10,18,5,15334.0,朝倉　智仁,茨城,3.46,Ｓ２
2026-04-02,37,伊東,G3,10,19,6,15332.0,鈴木　涼介,福島,3.78,Ｓ２
2026-04-02,37,伊東,G3,10,20,6,15332.0,鈴木　涼介,福島,3.78,Ｓ２
2026-04-02,37,伊東,G3,10,21,6,15332.0,鈴木　涼介,福島,3.78,Ｓ２
2026-04-02,37,伊東,G3,10,22,9,15840.0,阿部　英斗,福岡,4.49,Ｓ２
2026-04-02,37,伊東,G3,10,23,9,15840.0,阿部　英斗,福岡,4.49,Ｓ２
2026-04-02,37,伊東,G3,10,24,9,15840.0,阿部　英斗,福岡,4.49,Ｓ２
2026-04-02,37,伊東,G3,10,25,8,14740.0,須藤　　悟,千葉,4.50,Ｓ２
2026-04-02,37,伊東,G3,10,26,8,14740.0,須藤　　悟,千葉,4.50,Ｓ２
2026-04-02,37,伊東,G3,10,27,8,14740.0,須藤　　悟,千葉,4.50,Ｓ２
2026-04-02,37,伊東,G3,11,1,9,15063.0,小川真太郎,徳島,2.37,Ｓ１
2026-04-02,37,伊東,G3,11,2,9,15063.0,小川真太郎,徳島,2.37,Ｓ１
2026-04-02,37,伊東,G3,11,3,9,15063.0,小川真太郎,徳島,2.37,Ｓ１
2026-04-02,37,伊東,G3,11,4,7,13673.0,大槻　寛徳,宮城,2.37,Ｓ１
2026-04-02,37,伊東,G3,11,5,7,13673.0,大槻　寛徳,宮城,2.37,Ｓ１
2026-04-02,37,伊東,G3,11,6,7,13673.0,大槻　寛徳,宮城,2.37,Ｓ１
2026-04-02,37,伊東,G3,11,7,5,14350.0,佐藤　雅春,宮城,3.16,Ｓ２
2026-04-02,37,伊東,G3,11,8,5,14350.0,佐藤　雅春,宮城,3.16,Ｓ２
2026-04-02,37,伊東,G3,11,9,5,14350.0,佐藤　雅春,宮城,3.16,Ｓ２
2026-04-02,37,伊東,G3,11,10,1,15789.0,山崎　歩夢,福島,3.33,Ｓ２
2026-04-02,37,伊東,G3,11,11,1,15789.0,山崎　歩夢,福島,3.33,Ｓ２
2026-04-02,37,伊東,G3,11,12,1,15789.0,山崎　歩夢,福島,3.33,Ｓ２
2026-04-02,37,伊東,G3,11,13,8,12501.0,金子　真也,群馬,3.48,Ｓ２
2026-04-02,37,伊東,G3,11,14,8,12501.0,金子　真也,群馬,3.48,Ｓ２
2026-04-02,37,伊東,G3,11,15,8,12501.0,金子　真也,群馬,3.48,Ｓ２
2026-04-02,37,伊東,G3,11,16,3,14370.0,阿部　大樹,埼玉,3.69,Ｓ２
2026-04-02,37,伊東,G3,11,17,3,14370.0,阿部　大樹,埼玉,3.69,Ｓ２
2026-04-02,37,伊東,G3,11,18,3,14370.0,阿部　大樹,埼玉,3.69,Ｓ２
2026-04-02,37,伊東,G3,11,19,6,15251.0,柿本　大貴,東京,3.95,Ｓ２
2026-04-02,37,伊東,G3,11,20,6,15251.0,柿本　大貴,東京,3.95,Ｓ２
2026-04-02,37,伊東,G3,11,21,6,15251.0,柿本　大貴,東京,3.95,Ｓ２
2026-04-02,37,伊東,G3,11,22,2,15197.0,川口　雄太,徳島,5.06,Ｓ２
2026-04-02,37,伊東,G3,11,23,2,15197.0,川口　雄太,徳島,5.06,Ｓ２
2026-04-02,37,伊東,G3,11,24,2,15197.0,川口　雄太,徳島,5.06,Ｓ２
2026-04-02,37,伊東,G3,11,25,4,13741.0,高原　仁志,徳島,6.16,Ｓ２
2026-04-02,37,伊東,G3,11,26,4,13741.0,高原　仁志,徳島,6.16,Ｓ２
2026-04-02,37,伊東,G3,11,27,4,13741.0,高原　仁志,徳島,6.16,Ｓ２
2026-04-02,37,伊東,G3,12,1,6,15444.0,渡邉　雅也,静岡,1.52,Ｓ１
2026-04-02,37,伊東,G3,12,2,6,15444.0,渡邉　雅也,静岡,1.52,Ｓ１
2026-04-02,37,伊東,G3,12,3,6,15444.0,渡邉　雅也,静岡,1.52,Ｓ１
2026-04-02,37,伊東,G3,12,4,8,15094.0,佐々木　龍,神奈,1.79,Ｓ１
2026-04-02,37,伊東,G3,12,5,8,15094.0,佐々木　龍,神奈,1.79,Ｓ１
2026-04-02,37,伊東,G3,12,6,8,15094.0,佐々木　龍,神奈,1.79,Ｓ１
2026-04-02,37,伊東,G3,12,7,9,13162.0,佐藤慎太郎,福島,1.81,Ｓ１
2026-04-02,37,伊東,G3,12,8,9,13162.0,佐藤慎太郎,福島,1.81,Ｓ１
2026-04-02,37,伊東,G3,12,9,9,13162.0,佐藤慎太郎,福島,1.81,Ｓ１
2026-04-02,37,伊東,G3,12,10,2,14534.0,深谷　知広,静岡,2.36,Ｓ１
2026-04-02,37,伊東,G3,12,11,2,14534.0,深谷　知広,静岡,2.36,Ｓ１
2026-04-02,37,伊東,G3,12,12,2,14534.0,深谷　知広,静岡,2.36,Ｓ１
2026-04-02,37,伊東,G3,12,13,7,13516.0,荒井　崇博,長崎,2.70,Ｓ１
2026-04-02,37,伊東,G3,12,14,7,13516.0,荒井　崇博,長崎,2.70,Ｓ１
2026-04-02,37,伊東,G3,12,15,7,13516.0,荒井　崇博,長崎,2.70,Ｓ１
2026-04-02,37,伊東,G3,12,16,5,15451.0,山口　拳矢,岐阜,2.74,Ｓ１
2026-04-02,37,伊東,G3,12,17,5,15451.0,山口　拳矢,岐阜,2.74,Ｓ１
2026-04-02,37,伊東,G3,12,18,5,15451.0,山口　拳矢,岐阜,2.74,Ｓ１
2026-04-02,37,伊東,G3,12,19,1,15039.0,吉田　拓矢,茨城,2.95,ＳＳ
2026-04-02,37,伊東,G3,12,20,1,15039.0,吉田　拓矢,茨城,2.95,ＳＳ
2026-04-02,37,伊東,G3,12,21,1,15039.0,吉田　拓矢,茨城,2.95,ＳＳ
2026-04-02,37,伊東,G3,12,22,3,14838.0,古性　優作,大阪,3.17,ＳＳ
2026-04-02,37,伊東,G3,12,23,3,14838.0,古性　優作,大阪,3.17,ＳＳ
2026-04-02,37,伊東,G3,12,24,3,14838.0,古性　優作,大阪,3.17,ＳＳ
2026-04-02,37,伊東,G3,12,25,4,15464.0,町田　太我,広島,3.91,Ｓ１
2026-04-02,37,伊東,G3,12,26,4,15464.0,町田　太我,広島,3.91,Ｓ１
2026-04-02,37,伊東,G3,12,27,4,15464.0,町田　太我,広島,3.91,Ｓ１
2026-04-02,42,名古屋,F2,1,1,1,14963.0,石井　寛子,東京,0.84,Ｌ１
2026-04-02,42,名古屋,F2,1,2,1,14963.0,石井　寛子,東京,0.84,Ｌ１
2026-04-02,42,名古屋,F2,1,3,1,14963.0,石井　寛子,東京,0.84,Ｌ１
2026-04-02,42,名古屋,F2,1,4,4,15410.0,村田　奈穂,熊本,1.62,Ｌ１
2026-04-02,42,名古屋,F2,1,5,4,15410.0,村田　奈穂,熊本,1.62,Ｌ１
2026-04-02,42,名古屋,F2,1,6,4,15410.0,村田　奈穂,熊本,1.62,Ｌ１
2026-04-02,42,名古屋,F2,1,7,3,15394.0,三森　彩桜,福島,1.91,Ｌ１
2026-04-02,42,名古屋,F2,1,8,3,15394.0,三森　彩桜,福島,1.91,Ｌ１
2026-04-02,42,名古屋,F2,1,9,3,15394.0,三森　彩桜,福島,1.91,Ｌ１
2026-04-02,42,名古屋,F2,1,10,2,15949.0,岡田　優歩,和歌,2.03,Ｌ１
2026-04-02,42,名古屋,F2,1,11,2,15949.0,岡田　優歩,和歌,2.03,Ｌ１
2026-04-02,42,名古屋,F2,1,12,2,15949.0,岡田　優歩,和歌,2.03,Ｌ１
2026-04-02,42,名古屋,F2,1,13,6,15862.0,中原　恭恵,広島,2.33,Ｌ１
2026-04-02,42,名古屋,F2,1,14,6,15862.0,中原　恭恵,広島,2.33,Ｌ１
2026-04-02,42,名古屋,F2,1,15,6,15862.0,中原　恭恵,広島,2.33,Ｌ１
2026-04-02,42,名古屋,F2,1,16,5,15852.0,普久原美海,栃木,2.41,Ｌ１
2026-04-02,42,名古屋,F2,1,17,5,15852.0,普久原美海,栃木,2.41,Ｌ１
2026-04-02,42,名古屋,F2,1,18,5,15852.0,普久原美海,栃木,2.41,Ｌ１
2026-04-02,42,名古屋,F2,1,19,7,15775.0,羽田野愛花,大分,2.76,Ｌ１
2026-04-02,42,名古屋,F2,1,20,7,15775.0,羽田野愛花,大分,2.76,Ｌ１
2026-04-02,42,名古屋,F2,1,21,7,15775.0,羽田野愛花,大分,2.76,Ｌ１
2026-04-02,42,名古屋,F2,2,1,1,15070.0,尾崎　　睦,神奈,1.00,Ｌ１
2026-04-02,42,名古屋,F2,2,2,1,15070.0,尾崎　　睦,神奈,1.00,Ｌ１
2026-04-02,42,名古屋,F2,2,3,1,15070.0,尾崎　　睦,神奈,1.00,Ｌ１
2026-04-02,42,名古屋,F2,2,4,3,15149.0,中野　　咲,愛知,1.79,Ｌ１
2026-04-02,42,名古屋,F2,2,5,3,15149.0,中野　　咲,愛知,1.79,Ｌ１
2026-04-02,42,名古屋,F2,2,6,3,15149.0,中野　　咲,愛知,1.79,Ｌ１
2026-04-02,42,名古屋,F2,2,7,5,15681.0,三谷　尚子,愛媛,1.94,Ｌ１
2026-04-02,42,名古屋,F2,2,8,5,15681.0,三谷　尚子,愛媛,1.94,Ｌ１
2026-04-02,42,名古屋,F2,2,9,5,15681.0,三谷　尚子,愛媛,1.94,Ｌ１
2026-04-02,42,名古屋,F2,2,10,2,15492.0,永禮　美瑠,愛知,1.99,Ｌ１
2026-04-02,42,名古屋,F2,2,11,2,15492.0,永禮　美瑠,愛知,1.99,Ｌ１
2026-04-02,42,名古屋,F2,2,12,2,15492.0,永禮　美瑠,愛知,1.99,Ｌ１
2026-04-02,42,名古屋,F2,2,13,4,15314.0,向井　　円,大阪,2.43,Ｌ１
2026-04-02,42,名古屋,F2,2,14,4,15314.0,向井　　円,大阪,2.43,Ｌ１
2026-04-02,42,名古屋,F2,2,15,4,15314.0,向井　　円,大阪,2.43,Ｌ１
2026-04-02,42,名古屋,F2,2,16,7,15673.0,塩田　日海,神奈,5.60,Ｌ１
2026-04-02,42,名古屋,F2,2,17,7,15673.0,塩田　日海,神奈,5.60,Ｌ１
2026-04-02,42,名古屋,F2,2,18,7,15673.0,塩田　日海,神奈,5.60,Ｌ１
2026-04-02,42,名古屋,F2,2,19,6,15759.0,星野　しほ,東京,5.69,Ｌ１
2026-04-02,42,名古屋,F2,2,20,6,15759.0,星野　しほ,東京,5.69,Ｌ１
2026-04-02,42,名古屋,F2,2,21,6,15759.0,星野　しほ,東京,5.69,Ｌ１
2026-04-02,42,名古屋,F2,3,1,2,15294.0,小原　亮哉,大分,2.13,Ａ１
2026-04-02,42,名古屋,F2,3,2,2,15294.0,小原　亮哉,大分,2.13,Ａ１
2026-04-02,42,名古屋,F2,3,3,2,15294.0,小原　亮哉,大分,2.13,Ａ１
2026-04-02,42,名古屋,F2,3,4,5,14347.0,外崎　一成,北海,2.18,Ａ２
2026-04-02,42,名古屋,F2,3,5,5,14347.0,外崎　一成,北海,2.18,Ａ２
2026-04-02,42,名古屋,F2,3,6,5,14347.0,外崎　一成,北海,2.18,Ａ２
2026-04-02,42,名古屋,F2,3,7,6,15844.0,小山　峻汰,熊本,2.43,Ａ２
2026-04-02,42,名古屋,F2,3,8,6,15844.0,小山　峻汰,熊本,2.43,Ａ２
2026-04-02,42,名古屋,F2,3,9,6,15844.0,小山　峻汰,熊本,2.43,Ａ２
2026-04-02,42,名古屋,F2,3,10,4,15287.0,山中　崇弘,高知,2.45,Ａ２
2026-04-02,42,名古屋,F2,3,11,4,15287.0,山中　崇弘,高知,2.45,Ａ２
2026-04-02,42,名古屋,F2,3,12,4,15287.0,山中　崇弘,高知,2.45,Ａ２
2026-04-02,42,名古屋,F2,3,13,3,13423.0,増田　利明,静岡,2.83,Ａ２
2026-04-02,42,名古屋,F2,3,14,3,13423.0,増田　利明,静岡,2.83,Ａ２
2026-04-02,42,名古屋,F2,3,15,3,13423.0,増田　利明,静岡,2.83,Ａ２
2026-04-02,42,名古屋,F2,3,16,1,14091.0,伊原　弘幸,福井,2.86,Ａ１
2026-04-02,42,名古屋,F2,3,17,1,14091.0,伊原　弘幸,福井,2.86,Ａ１
2026-04-02,42,名古屋,F2,3,18,1,14091.0,伊原　弘幸,福井,2.86,Ａ１
2026-04-02,42,名古屋,F2,3,19,7,14069.0,渡邊　政幸,埼玉,3.67,Ａ２
2026-04-02,42,名古屋,F2,3,20,7,14069.0,渡邊　政幸,埼玉,3.67,Ａ２
2026-04-02,42,名古屋,F2,3,21,7,14069.0,渡邊　政幸,埼玉,3.67,Ａ２
2026-04-02,42,名古屋,F2,4,1,7,13740.0,大久保直也,徳島,1.83,Ａ２
2026-04-02,42,名古屋,F2,4,2,7,13740.0,大久保直也,徳島,1.83,Ａ２
2026-04-02,42,名古屋,F2,4,3,7,13740.0,大久保直也,徳島,1.83,Ａ２
2026-04-02,42,名古屋,F2,4,4,5,13988.0,阿部　英光,宮城,2.54,Ａ２
2026-04-02,42,名古屋,F2,4,5,5,13988.0,阿部　英光,宮城,2.54,Ａ２
2026-04-02,42,名古屋,F2,4,6,5,13988.0,阿部　英光,宮城,2.54,Ａ２
2026-04-02,42,名古屋,F2,4,7,2,15200.0,谷口　幸司,高知,2.54,Ａ１
2026-04-02,42,名古屋,F2,4,8,2,15200.0,谷口　幸司,高知,2.54,Ａ１
2026-04-02,42,名古屋,F2,4,9,2,15200.0,谷口　幸司,高知,2.54,Ａ１
2026-04-02,42,名古屋,F2,4,10,1,15371.0,田上　晃也,岡山,2.91,Ａ２
2026-04-02,42,名古屋,F2,4,11,1,15371.0,田上　晃也,岡山,2.91,Ａ２
2026-04-02,42,名古屋,F2,4,12,1,15371.0,田上　晃也,岡山,2.91,Ａ２
2026-04-02,42,名古屋,F2,4,13,6,14988.0,伊早坂駿一,茨城,3.16,Ａ２
2026-04-02,42,名古屋,F2,4,14,6,14988.0,伊早坂駿一,茨城,3.16,Ａ２
2026-04-02,42,名古屋,F2,4,15,6,14988.0,伊早坂駿一,茨城,3.16,Ａ２
2026-04-02,42,名古屋,F2,4,16,3,14364.0,野間　　司,茨城,3.23,Ａ１
2026-04-02,42,名古屋,F2,4,17,3,14364.0,野間　　司,茨城,3.23,Ａ１
2026-04-02,42,名古屋,F2,4,18,3,14364.0,野間　　司,茨城,3.23,Ａ１
2026-04-02,42,名古屋,F2,4,19,4,14301.0,齋藤　輝彦,神奈,3.36,Ａ２
2026-04-02,42,名古屋,F2,4,20,4,14301.0,齋藤　輝彦,神奈,3.36,Ａ２
2026-04-02,42,名古屋,F2,4,21,4,14301.0,齋藤　輝彦,神奈,3.36,Ａ２
2026-04-02,42,名古屋,F2,5,1,3,15820.0,岩元　叶馬,富山,1.52,Ａ２
2026-04-02,42,名古屋,F2,5,2,3,15820.0,岩元　叶馬,富山,1.52,Ａ２
2026-04-02,42,名古屋,F2,5,3,3,15820.0,岩元　叶馬,富山,1.52,Ａ２
2026-04-02,42,名古屋,F2,5,4,1,14767.0,藤井　栄二,兵庫,1.92,Ａ１
2026-04-02,42,名古屋,F2,5,5,1,14767.0,藤井　栄二,兵庫,1.92,Ａ１
2026-04-02,42,名古屋,F2,5,6,1,14767.0,藤井　栄二,兵庫,1.92,Ａ１
2026-04-02,42,名古屋,F2,5,7,6,11634.0,中澤　央治,大阪,2.32,Ａ１
2026-04-02,42,名古屋,F2,5,8,6,11634.0,中澤　央治,大阪,2.32,Ａ１
2026-04-02,42,名古屋,F2,5,9,6,11634.0,中澤　央治,大阪,2.32,Ａ１
2026-04-02,42,名古屋,F2,5,10,7,11712.0,金田健一郎,大阪,2.33,Ａ２
2026-04-02,42,名古屋,F2,5,11,7,11712.0,金田健一郎,大阪,2.33,Ａ２
2026-04-02,42,名古屋,F2,5,12,7,11712.0,金田健一郎,大阪,2.33,Ａ２
2026-04-02,42,名古屋,F2,5,13,4,15623.0,野崎　　翼,岐阜,2.93,Ａ１
2026-04-02,42,名古屋,F2,5,14,4,15623.0,野崎　　翼,岐阜,2.93,Ａ１
2026-04-02,42,名古屋,F2,5,15,4,15623.0,野崎　　翼,岐阜,2.93,Ａ１
2026-04-02,42,名古屋,F2,5,16,2,13827.0,佐藤　雅彦,宮城,2.96,Ａ１
2026-04-02,42,名古屋,F2,5,17,2,13827.0,佐藤　雅彦,宮城,2.96,Ａ１
2026-04-02,42,名古屋,F2,5,18,2,13827.0,佐藤　雅彦,宮城,2.96,Ａ１
2026-04-02,42,名古屋,F2,5,19,5,15095.0,遠藤　勝弥,静岡,2.98,Ａ１
2026-04-02,42,名古屋,F2,5,20,5,15095.0,遠藤　勝弥,静岡,2.98,Ａ１
2026-04-02,42,名古屋,F2,5,21,5,15095.0,遠藤　勝弥,静岡,2.98,Ａ１
2026-04-02,42,名古屋,F2,6,1,2,15913.0,一守　大葵,兵庫,1.99,Ａ２
2026-04-02,42,名古屋,F2,6,2,2,15913.0,一守　大葵,兵庫,1.99,Ａ２
2026-04-02,42,名古屋,F2,6,3,2,15913.0,一守　大葵,兵庫,1.99,Ａ２
2026-04-02,42,名古屋,F2,6,4,6,12891.0,朝日　　勇,愛知,2.13,Ａ２
2026-04-02,42,名古屋,F2,6,5,6,12891.0,朝日　　勇,愛知,2.13,Ａ２
2026-04-02,42,名古屋,F2,6,6,6,12891.0,朝日　　勇,愛知,2.13,Ａ２
2026-04-02,42,名古屋,F2,6,7,5,15727.0,中原　航大,岡山,2.52,Ａ１
2026-04-02,42,名古屋,F2,6,8,5,15727.0,中原　航大,岡山,2.52,Ａ１
2026-04-02,42,名古屋,F2,6,9,5,15727.0,中原　航大,岡山,2.52,Ａ１
2026-04-02,42,名古屋,F2,6,10,7,14980.0,田原　宥明,北海,2.63,Ａ１
2026-04-02,42,名古屋,F2,6,11,7,14980.0,田原　宥明,北海,2.63,Ａ１
2026-04-02,42,名古屋,F2,6,12,7,14980.0,田原　宥明,北海,2.63,Ａ１
2026-04-02,42,名古屋,F2,6,13,4,13405.0,宮下　貴之,埼玉,2.70,Ａ１
2026-04-02,42,名古屋,F2,6,14,4,13405.0,宮下　貴之,埼玉,2.70,Ａ１
2026-04-02,42,名古屋,F2,6,15,4,13405.0,宮下　貴之,埼玉,2.70,Ａ１
2026-04-02,42,名古屋,F2,6,16,1,13438.0,前反祐一郎,広島,2.73,Ａ１
2026-04-02,42,名古屋,F2,6,17,1,13438.0,前反祐一郎,広島,2.73,Ａ１
2026-04-02,42,名古屋,F2,6,18,1,13438.0,前反祐一郎,広島,2.73,Ａ１
2026-04-02,42,名古屋,F2,6,19,3,13571.0,小林　信晴,愛知,2.77,Ａ１
2026-04-02,42,名古屋,F2,6,20,3,13571.0,小林　信晴,愛知,2.77,Ａ１
2026-04-02,42,名古屋,F2,6,21,3,13571.0,小林　信晴,愛知,2.77,Ａ１
2026-04-02,42,名古屋,F2,7,1,2,15751.0,半田　　誠,熊本,1.68,Ａ１
2026-04-02,42,名古屋,F2,7,2,2,15751.0,半田　　誠,熊本,1.68,Ａ１
2026-04-02,42,名古屋,F2,7,3,2,15751.0,半田　　誠,熊本,1.68,Ａ１
2026-04-02,42,名古屋,F2,7,4,1,15613.0,滝本　幸正,新潟,1.74,Ａ１
2026-04-02,42,名古屋,F2,7,5,1,15613.0,滝本　幸正,新潟,1.74,Ａ１
2026-04-02,42,名古屋,F2,7,6,1,15613.0,滝本　幸正,新潟,1.74,Ａ１
2026-04-02,42,名古屋,F2,7,7,6,15538.0,村瀬　大和,岐阜,2.20,Ａ２
2026-04-02,42,名古屋,F2,7,8,6,15538.0,村瀬　大和,岐阜,2.20,Ａ２
2026-04-02,42,名古屋,F2,7,9,6,15538.0,村瀬　大和,岐阜,2.20,Ａ２
2026-04-02,42,名古屋,F2,7,10,3,13702.0,加藤　圭一,神奈,2.56,Ａ１
2026-04-02,42,名古屋,F2,7,11,3,13702.0,加藤　圭一,神奈,2.56,Ａ１
2026-04-02,42,名古屋,F2,7,12,3,13702.0,加藤　圭一,神奈,2.56,Ａ１
2026-04-02,42,名古屋,F2,7,13,4,15280.0,藤井　　將,広島,2.64,Ａ２
2026-04-02,42,名古屋,F2,7,14,4,15280.0,藤井　　將,広島,2.64,Ａ２
2026-04-02,42,名古屋,F2,7,15,4,15280.0,藤井　　將,広島,2.64,Ａ２
2026-04-02,42,名古屋,F2,7,16,5,14035.0,伊藤　大彦,徳島,2.74,Ａ１
2026-04-02,42,名古屋,F2,7,17,5,14035.0,伊藤　大彦,徳島,2.74,Ａ１
2026-04-02,42,名古屋,F2,7,18,5,14035.0,伊藤　大彦,徳島,2.74,Ａ１
2026-04-02,42,名古屋,F2,7,19,7,13201.0,北川　紋部,福井,2.76,Ａ２
2026-04-02,42,名古屋,F2,7,20,7,13201.0,北川　紋部,福井,2.76,Ａ２
2026-04-02,42,名古屋,F2,7,21,7,13201.0,北川　紋部,福井,2.76,Ａ２
2026-04-02,44,大垣,F2,1,1,6,14463.0,久保　将史,神奈,2.43,Ａ３
2026-04-02,44,大垣,F2,1,2,6,14463.0,久保　将史,神奈,2.43,Ａ３
2026-04-02,44,大垣,F2,1,3,6,14463.0,久保　将史,神奈,2.43,Ａ３
2026-04-02,44,大垣,F2,1,4,3,11821.0,中川　博文,福井,2.50,Ａ３
2026-04-02,44,大垣,F2,1,5,3,11821.0,中川　博文,福井,2.50,Ａ３
2026-04-02,44,大垣,F2,1,6,3,11821.0,中川　博文,福井,2.50,Ａ３
2026-04-02,44,大垣,F2,1,7,2,13692.0,佐野多喜男,新潟,2.63,Ａ３
2026-04-02,44,大垣,F2,1,8,2,13692.0,佐野多喜男,新潟,2.63,Ａ３
2026-04-02,44,大垣,F2,1,9,2,13692.0,佐野多喜男,新潟,2.63,Ａ３
2026-04-02,44,大垣,F2,1,10,1,14533.0,加藤　正法,愛知,2.82,Ａ３
2026-04-02,44,大垣,F2,1,11,1,14533.0,加藤　正法,愛知,2.82,Ａ３
2026-04-02,44,大垣,F2,1,12,1,14533.0,加藤　正法,愛知,2.82,Ａ３
2026-04-02,44,大垣,F2,1,13,7,14697.0,相川　　巧,埼玉,2.96,Ａ３
2026-04-02,44,大垣,F2,1,14,7,14697.0,相川　　巧,埼玉,2.96,Ａ３
2026-04-02,44,大垣,F2,1,15,7,14697.0,相川　　巧,埼玉,2.96,Ａ３
2026-04-02,44,大垣,F2,1,16,4,14447.0,三木　翔太,群馬,3.07,Ａ３
2026-04-02,44,大垣,F2,1,17,4,14447.0,三木　翔太,群馬,3.07,Ａ３
2026-04-02,44,大垣,F2,1,18,4,14447.0,三木　翔太,群馬,3.07,Ａ３
2026-04-02,44,大垣,F2,1,19,5,15105.0,大崎龍一郎,奈良,3.18,Ａ３
2026-04-02,44,大垣,F2,1,20,5,15105.0,大崎龍一郎,奈良,3.18,Ａ３
2026-04-02,44,大垣,F2,1,21,5,15105.0,大崎龍一郎,奈良,3.18,Ａ３
2026-04-02,44,大垣,F2,2,1,7,13541.0,高森　圭介,栃木,2.39,Ａ３
2026-04-02,44,大垣,F2,2,2,7,13541.0,高森　圭介,栃木,2.39,Ａ３
2026-04-02,44,大垣,F2,2,3,7,13541.0,高森　圭介,栃木,2.39,Ａ３
2026-04-02,44,大垣,F2,2,4,4,13728.0,伊狩　知人,奈良,2.47,Ａ３
2026-04-02,44,大垣,F2,2,5,4,13728.0,伊狩　知人,奈良,2.47,Ａ３
2026-04-02,44,大垣,F2,2,6,4,13728.0,伊狩　知人,奈良,2.47,Ａ３
2026-04-02,44,大垣,F2,2,7,5,12346.0,宮原　貴之,栃木,2.63,Ａ３
2026-04-02,44,大垣,F2,2,8,5,12346.0,宮原　貴之,栃木,2.63,Ａ３
2026-04-02,44,大垣,F2,2,9,5,12346.0,宮原　貴之,栃木,2.63,Ａ３
2026-04-02,44,大垣,F2,2,10,1,13105.0,松本　一成,新潟,2.89,Ａ３
2026-04-02,44,大垣,F2,2,11,1,13105.0,松本　一成,新潟,2.89,Ａ３
2026-04-02,44,大垣,F2,2,12,1,13105.0,松本　一成,新潟,2.89,Ａ３
2026-04-02,44,大垣,F2,2,13,6,13266.0,伊藤　嘉浩,岐阜,2.97,Ａ３
2026-04-02,44,大垣,F2,2,14,6,13266.0,伊藤　嘉浩,岐阜,2.97,Ａ３
2026-04-02,44,大垣,F2,2,15,6,13266.0,伊藤　嘉浩,岐阜,2.97,Ａ３
2026-04-02,44,大垣,F2,2,16,2,15190.0,大中　拓磨,兵庫,3.32,Ａ３
2026-04-02,44,大垣,F2,2,17,2,15190.0,大中　拓磨,兵庫,3.32,Ａ３
2026-04-02,44,大垣,F2,2,18,2,15190.0,大中　拓磨,兵庫,3.32,Ａ３
2026-04-02,44,大垣,F2,2,19,3,14433.0,長田　彰人,宮城,3.57,Ａ３
2026-04-02,44,大垣,F2,2,20,3,14433.0,長田　彰人,宮城,3.57,Ａ３
2026-04-02,44,大垣,F2,2,21,3,14433.0,長田　彰人,宮城,3.57,Ａ３
2026-04-02,44,大垣,F2,3,1,5,15899.0,加藤　　駿,愛知,1.94,Ａ３
2026-04-02,44,大垣,F2,3,2,5,15899.0,加藤　　駿,愛知,1.94,Ａ３
2026-04-02,44,大垣,F2,3,3,5,15899.0,加藤　　駿,愛知,1.94,Ａ３
2026-04-02,44,大垣,F2,3,4,1,13480.0,林　　洋二,岐阜,2.22,Ａ３
2026-04-02,44,大垣,F2,3,5,1,13480.0,林　　洋二,岐阜,2.22,Ａ３
2026-04-02,44,大垣,F2,3,6,1,13480.0,林　　洋二,岐阜,2.22,Ａ３
2026-04-02,44,大垣,F2,3,7,6,13161.0,齋藤　和也,福島,2.23,Ａ３
2026-04-02,44,大垣,F2,3,8,6,13161.0,齋藤　和也,福島,2.23,Ａ３
2026-04-02,44,大垣,F2,3,9,6,13161.0,齋藤　和也,福島,2.23,Ａ３
2026-04-02,44,大垣,F2,3,10,7,13324.0,市川　博章,静岡,2.51,Ａ３
2026-04-02,44,大垣,F2,3,11,7,13324.0,市川　博章,静岡,2.51,Ａ３
2026-04-02,44,大垣,F2,3,12,7,13324.0,市川　博章,静岡,2.51,Ａ３
2026-04-02,44,大垣,F2,3,13,4,13629.0,福森慎太郎,千葉,2.65,Ａ３
2026-04-02,44,大垣,F2,3,14,4,13629.0,福森慎太郎,千葉,2.65,Ａ３
2026-04-02,44,大垣,F2,3,15,4,13629.0,福森慎太郎,千葉,2.65,Ａ３
2026-04-02,44,大垣,F2,3,16,3,14287.0,齋藤　昌太,栃木,2.72,Ａ３
2026-04-02,44,大垣,F2,3,17,3,14287.0,齋藤　昌太,栃木,2.72,Ａ３
2026-04-02,44,大垣,F2,3,18,3,14287.0,齋藤　昌太,栃木,2.72,Ａ３
2026-04-02,44,大垣,F2,3,19,2,11367.0,石川　一浩,静岡,2.84,Ａ３
2026-04-02,44,大垣,F2,3,20,2,11367.0,石川　一浩,静岡,2.84,Ａ３
2026-04-02,44,大垣,F2,3,21,2,11367.0,石川　一浩,静岡,2.84,Ａ３
2026-04-02,44,大垣,F2,4,1,7,15828.0,秋末　　蓮,兵庫,1.76,Ａ３
2026-04-02,44,大垣,F2,4,2,7,15828.0,秋末　　蓮,兵庫,1.76,Ａ３
2026-04-02,44,大垣,F2,4,3,7,15828.0,秋末　　蓮,兵庫,1.76,Ａ３
2026-04-02,44,大垣,F2,4,4,1,14483.0,竜門　孝宗,兵庫,1.91,Ａ３
2026-04-02,44,大垣,F2,4,5,1,14483.0,竜門　孝宗,兵庫,1.91,Ａ３
2026-04-02,44,大垣,F2,4,6,1,14483.0,竜門　孝宗,兵庫,1.91,Ａ３
2026-04-02,44,大垣,F2,4,7,5,15882.0,木村　優駿,埼玉,2.10,Ａ３
2026-04-02,44,大垣,F2,4,8,5,15882.0,木村　優駿,埼玉,2.10,Ａ３
2026-04-02,44,大垣,F2,4,9,5,15882.0,木村　優駿,埼玉,2.10,Ａ３
2026-04-02,44,大垣,F2,4,10,2,14596.0,中村　賢二,愛知,2.15,Ａ３
2026-04-02,44,大垣,F2,4,11,2,14596.0,中村　賢二,愛知,2.15,Ａ３
2026-04-02,44,大垣,F2,4,12,2,14596.0,中村　賢二,愛知,2.15,Ａ３
2026-04-02,44,大垣,F2,4,13,3,13521.0,中野　　良,北海,2.55,Ａ３
2026-04-02,44,大垣,F2,4,14,3,13521.0,中野　　良,北海,2.55,Ａ３
2026-04-02,44,大垣,F2,4,15,3,13521.0,中野　　良,北海,2.55,Ａ３
2026-04-02,44,大垣,F2,4,16,6,15905.0,上野　幸星,富山,2.61,Ａ３
2026-04-02,44,大垣,F2,4,17,6,15905.0,上野　幸星,富山,2.61,Ａ３
2026-04-02,44,大垣,F2,4,18,6,15905.0,上野　幸星,富山,2.61,Ａ３
2026-04-02,44,大垣,F2,4,19,4,14526.0,渡辺　　馨,神奈,2.63,Ａ３
2026-04-02,44,大垣,F2,4,20,4,14526.0,渡辺　　馨,神奈,2.63,Ａ３
2026-04-02,44,大垣,F2,4,21,4,14526.0,渡辺　　馨,神奈,2.63,Ａ３
2026-04-02,44,大垣,F2,5,1,6,15584.0,西脇美唯奈,愛知,1.56,Ｌ１
2026-04-02,44,大垣,F2,5,2,6,15584.0,西脇美唯奈,愛知,1.56,Ｌ１
2026-04-02,44,大垣,F2,5,3,6,15584.0,西脇美唯奈,愛知,1.56,Ｌ１
2026-04-02,44,大垣,F2,5,4,5,15398.0,藤田まりあ,埼玉,1.67,Ｌ１
2026-04-02,44,大垣,F2,5,5,5,15398.0,藤田まりあ,埼玉,1.67,Ｌ１
2026-04-02,44,大垣,F2,5,6,5,15398.0,藤田まりあ,埼玉,1.67,Ｌ１
2026-04-02,44,大垣,F2,5,7,3,15150.0,宮地　寧々,岐阜,1.70,Ｌ１
2026-04-02,44,大垣,F2,5,8,3,15150.0,宮地　寧々,岐阜,1.70,Ｌ１
2026-04-02,44,大垣,F2,5,9,3,15150.0,宮地　寧々,岐阜,1.70,Ｌ１
2026-04-02,44,大垣,F2,5,10,1,15957.0,成海　綾香,沖縄,2.01,Ｌ１
2026-04-02,44,大垣,F2,5,11,1,15957.0,成海　綾香,沖縄,2.01,Ｌ１
2026-04-02,44,大垣,F2,5,12,1,15957.0,成海　綾香,沖縄,2.01,Ｌ１
2026-04-02,44,大垣,F2,5,13,4,15573.0,蛯原　杏奈,北海,2.11,Ｌ１
2026-04-02,44,大垣,F2,5,14,4,15573.0,蛯原　杏奈,北海,2.11,Ｌ１
2026-04-02,44,大垣,F2,5,15,4,15573.0,蛯原　杏奈,北海,2.11,Ｌ１
2026-04-02,44,大垣,F2,5,16,7,14896.0,野口諭実可,大分,2.62,Ｌ１
2026-04-02,44,大垣,F2,5,17,7,14896.0,野口諭実可,大分,2.62,Ｌ１
2026-04-02,44,大垣,F2,5,18,7,14896.0,野口諭実可,大分,2.62,Ｌ１
2026-04-02,44,大垣,F2,5,19,2,15489.0,保立　沙織,神奈,5.92,Ｌ１
2026-04-02,44,大垣,F2,5,20,2,15489.0,保立　沙織,神奈,5.92,Ｌ１
2026-04-02,44,大垣,F2,5,21,2,15489.0,保立　沙織,神奈,5.92,Ｌ１
2026-04-02,44,大垣,F2,6,1,4,15219.0,梅川　風子,東京,1.01,Ｌ１
2026-04-02,44,大垣,F2,6,2,4,15219.0,梅川　風子,東京,1.01,Ｌ１
2026-04-02,44,大垣,F2,6,3,4,15219.0,梅川　風子,東京,1.01,Ｌ１
2026-04-02,44,大垣,F2,6,4,3,15498.0,國村美留莉,山口,1.53,Ｌ１
2026-04-02,44,大垣,F2,6,5,3,15498.0,國村美留莉,山口,1.53,Ｌ１
2026-04-02,44,大垣,F2,6,6,3,15498.0,國村美留莉,山口,1.53,Ｌ１
2026-04-02,44,大垣,F2,6,7,5,15399.0,高木　佑真,神奈,1.81,Ｌ１
2026-04-02,44,大垣,F2,6,8,5,15399.0,高木　佑真,神奈,1.81,Ｌ１
2026-04-02,44,大垣,F2,6,9,5,15399.0,高木　佑真,神奈,1.81,Ｌ１
2026-04-02,44,大垣,F2,6,10,2,15397.0,新井　美菜,埼玉,2.14,Ｌ１
2026-04-02,44,大垣,F2,6,11,2,15397.0,新井　美菜,埼玉,2.14,Ｌ１
2026-04-02,44,大垣,F2,6,12,2,15397.0,新井　美菜,埼玉,2.14,Ｌ１
2026-04-02,44,大垣,F2,6,13,7,15496.0,布居　　光,和歌,2.25,Ｌ１
2026-04-02,44,大垣,F2,6,14,7,15496.0,布居　　光,和歌,2.25,Ｌ１
2026-04-02,44,大垣,F2,6,15,7,15496.0,布居　　光,和歌,2.25,Ｌ１
2026-04-02,44,大垣,F2,6,16,1,15951.0,今西　瑠花,大阪,2.60,Ｌ１
2026-04-02,44,大垣,F2,6,17,1,15951.0,今西　瑠花,大阪,2.60,Ｌ１
2026-04-02,44,大垣,F2,6,18,1,15951.0,今西　瑠花,大阪,2.60,Ｌ１
2026-04-02,44,大垣,F2,6,19,6,15075.0,溝口　香奈,大分,5.76,Ｌ１
2026-04-02,44,大垣,F2,6,20,6,15075.0,溝口　香奈,大分,5.76,Ｌ１
2026-04-02,44,大垣,F2,6,21,6,15075.0,溝口　香奈,大分,5.76,Ｌ１
2026-04-02,44,大垣,F2,7,1,6,12971.0,小川　将人,愛知,2.50,Ａ２
2026-04-02,44,大垣,F2,7,2,6,12971.0,小川　将人,愛知,2.50,Ａ２
2026-04-02,44,大垣,F2,7,3,6,12971.0,小川　将人,愛知,2.50,Ａ２
2026-04-02,44,大垣,F2,7,4,7,13416.0,飯尾　主税,静岡,2.58,Ａ１
2026-04-02,44,大垣,F2,7,5,7,13416.0,飯尾　主税,静岡,2.58,Ａ１
2026-04-02,44,大垣,F2,7,6,7,13416.0,飯尾　主税,静岡,2.58,Ａ１
2026-04-02,44,大垣,F2,7,7,2,11487.0,宮倉　　勇,千葉,2.82,Ａ２
2026-04-02,44,大垣,F2,7,8,2,11487.0,宮倉　　勇,千葉,2.82,Ａ２
2026-04-02,44,大垣,F2,7,9,2,11487.0,宮倉　　勇,千葉,2.82,Ａ２
2026-04-02,44,大垣,F2,7,10,4,15107.0,田頭　寛之,千葉,3.20,Ａ１
2026-04-02,44,大垣,F2,7,11,4,15107.0,田頭　寛之,千葉,3.20,Ａ１
2026-04-02,44,大垣,F2,7,12,4,15107.0,田頭　寛之,千葉,3.20,Ａ１
2026-04-02,44,大垣,F2,7,13,1,13263.0,田中　雅史,愛知,3.21,Ａ１
2026-04-02,44,大垣,F2,7,14,1,13263.0,田中　雅史,愛知,3.21,Ａ１
2026-04-02,44,大垣,F2,7,15,1,13263.0,田中　雅史,愛知,3.21,Ａ１
2026-04-02,44,大垣,F2,7,16,5,14171.0,深見　仁哉,愛知,3.44,Ａ２
2026-04-02,44,大垣,F2,7,17,5,14171.0,深見　仁哉,愛知,3.44,Ａ２
2026-04-02,44,大垣,F2,7,18,5,14171.0,深見　仁哉,愛知,3.44,Ａ２
2026-04-02,44,大垣,F2,7,19,3,13489.0,藤井　孝則,兵庫,3.66,Ａ２
2026-04-02,44,大垣,F2,7,20,3,13489.0,藤井　孝則,兵庫,3.66,Ａ２
2026-04-02,44,大垣,F2,7,21,3,13489.0,藤井　孝則,兵庫,3.66,Ａ２
2026-04-02,44,大垣,F2,8,1,3,13932.0,井上　雄三,埼玉,1.74,Ａ２
2026-04-02,44,大垣,F2,8,2,3,13932.0,井上　雄三,埼玉,1.74,Ａ２
2026-04-02,44,大垣,F2,8,3,3,13932.0,井上　雄三,埼玉,1.74,Ａ２
2026-04-02,44,大垣,F2,8,4,5,13417.0,梅原　大治,静岡,2.17,Ａ２
2026-04-02,44,大垣,F2,8,5,5,13417.0,梅原　大治,静岡,2.17,Ａ２
2026-04-02,44,大垣,F2,8,6,5,13417.0,梅原　大治,静岡,2.17,Ａ２
2026-04-02,44,大垣,F2,8,7,2,13482.0,松崎　貴久,富山,2.38,Ａ１
2026-04-02,44,大垣,F2,8,8,2,13482.0,松崎　貴久,富山,2.38,Ａ１
2026-04-02,44,大垣,F2,8,9,2,13482.0,松崎　貴久,富山,2.38,Ａ１
2026-04-02,44,大垣,F2,8,10,6,15044.0,平川　雅晃,長野,2.60,Ａ２
2026-04-02,44,大垣,F2,8,11,6,15044.0,平川　雅晃,長野,2.60,Ａ２
2026-04-02,44,大垣,F2,8,12,6,15044.0,平川　雅晃,長野,2.60,Ａ２
2026-04-02,44,大垣,F2,8,13,1,13453.0,阿部　宏之,宮城,2.90,Ａ２
2026-04-02,44,大垣,F2,8,14,1,13453.0,阿部　宏之,宮城,2.90,Ａ２
2026-04-02,44,大垣,F2,8,15,1,13453.0,阿部　宏之,宮城,2.90,Ａ２
2026-04-02,44,大垣,F2,8,16,4,14393.0,柴田　祐也,岐阜,3.11,Ａ２
2026-04-02,44,大垣,F2,8,17,4,14393.0,柴田　祐也,岐阜,3.11,Ａ２
2026-04-02,44,大垣,F2,8,18,4,14393.0,柴田　祐也,岐阜,3.11,Ａ２
2026-04-02,44,大垣,F2,8,19,7,14474.0,山崎　　晃,石川,3.46,Ａ２
2026-04-02,44,大垣,F2,8,20,7,14474.0,山崎　　晃,石川,3.46,Ａ２
2026-04-02,44,大垣,F2,8,21,7,14474.0,山崎　　晃,石川,3.46,Ａ２
2026-04-02,44,大垣,F2,9,1,4,,山口　聖矢（取消）,岐阜,1.05,Ａ１
2026-04-02,44,大垣,F2,9,2,4,,山口　聖矢（取消）,岐阜,1.05,Ａ１
2026-04-02,44,大垣,F2,9,3,4,,山口　聖矢（取消）,岐阜,1.05,Ａ１
2026-04-02,44,大垣,F2,9,4,1,14245.0,後藤　彰仁,岐阜,2.27,Ａ１
2026-04-02,44,大垣,F2,9,5,1,14245.0,後藤　彰仁,岐阜,2.27,Ａ１
2026-04-02,44,大垣,F2,9,6,1,14245.0,後藤　彰仁,岐阜,2.27,Ａ１
2026-04-02,44,大垣,F2,9,7,6,15600.0,照井　力斗,岩手,2.38,Ａ１
2026-04-02,44,大垣,F2,9,8,6,15600.0,照井　力斗,岩手,2.38,Ａ１
2026-04-02,44,大垣,F2,9,9,6,15600.0,照井　力斗,岩手,2.38,Ａ１
2026-04-02,44,大垣,F2,9,10,7,15108.0,吉田　篤史,奈良,2.41,Ａ２
2026-04-02,44,大垣,F2,9,11,7,15108.0,吉田　篤史,奈良,2.41,Ａ２
2026-04-02,44,大垣,F2,9,12,7,15108.0,吉田　篤史,奈良,2.41,Ａ２
2026-04-02,44,大垣,F2,9,13,5,13944.0,桐山敬太郎,神奈,2.66,Ａ１
2026-04-02,44,大垣,F2,9,14,5,13944.0,桐山敬太郎,神奈,2.66,Ａ１
2026-04-02,44,大垣,F2,9,15,5,13944.0,桐山敬太郎,神奈,2.66,Ａ１
2026-04-02,44,大垣,F2,9,16,2,12688.0,佐藤　成人,奈良,2.69,Ａ１
2026-04-02,44,大垣,F2,9,17,2,12688.0,佐藤　成人,奈良,2.69,Ａ１
2026-04-02,44,大垣,F2,9,18,2,12688.0,佐藤　成人,奈良,2.69,Ａ１
2026-04-02,44,大垣,F2,9,19,3,14464.0,中西　　司,神奈,2.89,Ａ２
2026-04-02,44,大垣,F2,9,20,3,14464.0,中西　　司,神奈,2.89,Ａ２
2026-04-02,44,大垣,F2,9,21,3,14464.0,中西　　司,神奈,2.89,Ａ２
2026-04-02,44,大垣,F2,10,1,5,15809.0,高野　信元,愛知,1.47,Ａ２
2026-04-02,44,大垣,F2,10,2,5,15809.0,高野　信元,愛知,1.47,Ａ２
2026-04-02,44,大垣,F2,10,3,5,15809.0,高野　信元,愛知,1.47,Ａ２
2026-04-02,44,大垣,F2,10,4,6,15271.0,大城　慶之,大阪,2.15,Ａ２
2026-04-02,44,大垣,F2,10,5,6,15271.0,大城　慶之,大阪,2.15,Ａ２
2026-04-02,44,大垣,F2,10,6,6,15271.0,大城　慶之,大阪,2.15,Ａ２
2026-04-02,44,大垣,F2,10,7,1,14078.0,植草　亮介,千葉,2.16,Ａ１
2026-04-02,44,大垣,F2,10,8,1,14078.0,植草　亮介,千葉,2.16,Ａ１
2026-04-02,44,大垣,F2,10,9,1,14078.0,植草　亮介,千葉,2.16,Ａ１
2026-04-02,44,大垣,F2,10,10,3,12899.0,中井　　護,滋賀,2.25,Ａ２
2026-04-02,44,大垣,F2,10,11,3,12899.0,中井　　護,滋賀,2.25,Ａ２
2026-04-02,44,大垣,F2,10,12,3,12899.0,中井　　護,滋賀,2.25,Ａ２
2026-04-02,44,大垣,F2,10,13,4,14728.0,三好恵一郎,群馬,2.28,Ａ１
2026-04-02,44,大垣,F2,10,14,4,14728.0,三好恵一郎,群馬,2.28,Ａ１
2026-04-02,44,大垣,F2,10,15,4,14728.0,三好恵一郎,群馬,2.28,Ａ１
2026-04-02,44,大垣,F2,10,16,7,15348.0,寺沼　伊織,東京,2.37,Ａ１
2026-04-02,44,大垣,F2,10,17,7,15348.0,寺沼　伊織,東京,2.37,Ａ１
2026-04-02,44,大垣,F2,10,18,7,15348.0,寺沼　伊織,東京,2.37,Ａ１
2026-04-02,44,大垣,F2,10,19,2,12283.0,富永　益生,愛知,3.02,Ａ１
2026-04-02,44,大垣,F2,10,20,2,12283.0,富永　益生,愛知,3.02,Ａ１
2026-04-02,44,大垣,F2,10,21,2,12283.0,富永　益生,愛知,3.02,Ａ１
2026-04-02,44,大垣,F2,11,1,6,15876.0,三神　遼矢,福島,1.38,Ａ２
2026-04-02,44,大垣,F2,11,2,6,15876.0,三神　遼矢,福島,1.38,Ａ２
2026-04-02,44,大垣,F2,11,3,6,15876.0,三神　遼矢,福島,1.38,Ａ２
2026-04-02,44,大垣,F2,11,4,4,15460.0,仲野　結音,大阪,1.78,Ａ１
2026-04-02,44,大垣,F2,11,5,4,15460.0,仲野　結音,大阪,1.78,Ａ１
2026-04-02,44,大垣,F2,11,6,4,15460.0,仲野　結音,大阪,1.78,Ａ１
2026-04-02,44,大垣,F2,11,7,3,13993.0,佐藤　朋也,秋田,1.95,Ａ１
2026-04-02,44,大垣,F2,11,8,3,13993.0,佐藤　朋也,秋田,1.95,Ａ１
2026-04-02,44,大垣,F2,11,9,3,13993.0,佐藤　朋也,秋田,1.95,Ａ１
2026-04-02,44,大垣,F2,11,10,5,13979.0,竹内　優也,北海,2.06,Ａ２
2026-04-02,44,大垣,F2,11,11,5,13979.0,竹内　優也,北海,2.06,Ａ２
2026-04-02,44,大垣,F2,11,12,5,13979.0,竹内　優也,北海,2.06,Ａ２
2026-04-02,44,大垣,F2,11,13,1,14070.0,秋葉　大輔,東京,2.33,Ａ２
2026-04-02,44,大垣,F2,11,14,1,14070.0,秋葉　大輔,東京,2.33,Ａ２
2026-04-02,44,大垣,F2,11,15,1,14070.0,秋葉　大輔,東京,2.33,Ａ２
2026-04-02,44,大垣,F2,11,16,2,14031.0,筒井　裕哉,兵庫,2.80,Ａ１
2026-04-02,44,大垣,F2,11,17,2,14031.0,筒井　裕哉,兵庫,2.80,Ａ１
2026-04-02,44,大垣,F2,11,18,2,14031.0,筒井　裕哉,兵庫,2.80,Ａ１
2026-04-02,44,大垣,F2,11,19,7,14862.0,坂本将太郎,栃木,3.00,Ａ１
2026-04-02,44,大垣,F2,11,20,7,14862.0,坂本将太郎,栃木,3.00,Ａ１
2026-04-02,44,大垣,F2,11,21,7,14862.0,坂本将太郎,栃木,3.00,Ａ１
2026-04-02,56,岸和田,F1,1,1,4,15283.0,安本　昇平,山口,2.02,Ａ２
2026-04-02,56,岸和田,F1,1,2,4,15283.0,安本　昇平,山口,2.02,Ａ２
2026-04-02,56,岸和田,F1,1,3,4,15283.0,安本　昇平,山口,2.02,Ａ２
2026-04-02,56,岸和田,F1,1,4,7,13809.0,杉山　　剛,福岡,2.33,Ａ２
2026-04-02,56,岸和田,F1,1,5,7,13809.0,杉山　　剛,福岡,2.33,Ａ２
2026-04-02,56,岸和田,F1,1,6,7,13809.0,杉山　　剛,福岡,2.33,Ａ２
2026-04-02,56,岸和田,F1,1,7,5,13273.0,西　　　徹,石川,2.45,Ａ２
2026-04-02,56,岸和田,F1,1,8,5,13273.0,西　　　徹,石川,2.45,Ａ２
2026-04-02,56,岸和田,F1,1,9,5,13273.0,西　　　徹,石川,2.45,Ａ２
2026-04-02,56,岸和田,F1,1,10,2,13716.0,佐藤　　亙,愛知,2.46,Ａ１
2026-04-02,56,岸和田,F1,1,11,2,13716.0,佐藤　　亙,愛知,2.46,Ａ１
2026-04-02,56,岸和田,F1,1,12,2,13716.0,佐藤　　亙,愛知,2.46,Ａ１
2026-04-02,56,岸和田,F1,1,13,1,15482.0,松本　一志,宮崎,2.57,Ａ２
2026-04-02,56,岸和田,F1,1,14,1,15482.0,松本　一志,宮崎,2.57,Ａ２
2026-04-02,56,岸和田,F1,1,15,1,15482.0,松本　一志,宮崎,2.57,Ａ２
2026-04-02,56,岸和田,F1,1,16,3,15607.0,中山　拓人,埼玉,3.18,Ａ１
2026-04-02,56,岸和田,F1,1,17,3,15607.0,中山　拓人,埼玉,3.18,Ａ１
2026-04-02,56,岸和田,F1,1,18,3,15607.0,中山　拓人,埼玉,3.18,Ａ１
2026-04-02,56,岸和田,F1,1,19,6,14589.0,西巻　秀太,新潟,3.19,Ａ２
2026-04-02,56,岸和田,F1,1,20,6,14589.0,西巻　秀太,新潟,3.19,Ａ２
2026-04-02,56,岸和田,F1,1,21,6,14589.0,西巻　秀太,新潟,3.19,Ａ２
2026-04-02,56,岸和田,F1,2,1,7,13546.0,田村　真広,群馬,2.22,Ａ２
2026-04-02,56,岸和田,F1,2,2,7,13546.0,田村　真広,群馬,2.22,Ａ２
2026-04-02,56,岸和田,F1,2,3,7,13546.0,田村　真広,群馬,2.22,Ａ２
2026-04-02,56,岸和田,F1,2,4,5,12747.0,布居　寛幸,和歌,2.71,Ａ１
2026-04-02,56,岸和田,F1,2,5,5,12747.0,布居　寛幸,和歌,2.71,Ａ１
2026-04-02,56,岸和田,F1,2,6,5,12747.0,布居　寛幸,和歌,2.71,Ａ１
2026-04-02,56,岸和田,F1,2,7,1,14758.0,中野　智公,和歌,2.74,Ａ２
2026-04-02,56,岸和田,F1,2,8,1,14758.0,中野　智公,和歌,2.74,Ａ２
2026-04-02,56,岸和田,F1,2,9,1,14758.0,中野　智公,和歌,2.74,Ａ２
2026-04-02,56,岸和田,F1,2,10,2,13468.0,勝俣　　亮,神奈,2.84,Ａ２
2026-04-02,56,岸和田,F1,2,11,2,13468.0,勝俣　　亮,神奈,2.84,Ａ２
2026-04-02,56,岸和田,F1,2,12,2,13468.0,勝俣　　亮,神奈,2.84,Ａ２
2026-04-02,56,岸和田,F1,2,13,3,14126.0,高谷　敏史,青森,3.00,Ａ２
2026-04-02,56,岸和田,F1,2,14,3,14126.0,高谷　敏史,青森,3.00,Ａ２
2026-04-02,56,岸和田,F1,2,15,3,14126.0,高谷　敏史,青森,3.00,Ａ２
2026-04-02,56,岸和田,F1,2,16,4,13061.0,小磯　知也,徳島,4.10,Ａ２
2026-04-02,56,岸和田,F1,2,17,4,13061.0,小磯　知也,徳島,4.10,Ａ２
2026-04-02,56,岸和田,F1,2,18,4,13061.0,小磯　知也,徳島,4.10,Ａ２
2026-04-02,56,岸和田,F1,2,19,6,12439.0,河合　康晴,静岡,4.39,Ａ２
2026-04-02,56,岸和田,F1,2,20,6,12439.0,河合　康晴,静岡,4.39,Ａ２
2026-04-02,56,岸和田,F1,2,21,6,12439.0,河合　康晴,静岡,4.39,Ａ２
2026-04-02,56,岸和田,F1,3,1,4,15737.0,火島　裕輝,愛媛,1.69,Ａ１
2026-04-02,56,岸和田,F1,3,2,4,15737.0,火島　裕輝,愛媛,1.69,Ａ１
2026-04-02,56,岸和田,F1,3,3,4,15737.0,火島　裕輝,愛媛,1.69,Ａ１
2026-04-02,56,岸和田,F1,3,4,1,12130.0,石田　洋秀,広島,1.99,Ａ１
2026-04-02,56,岸和田,F1,3,5,1,12130.0,石田　洋秀,広島,1.99,Ａ１
2026-04-02,56,岸和田,F1,3,6,1,12130.0,石田　洋秀,広島,1.99,Ａ１
2026-04-02,56,岸和田,F1,3,7,7,14782.0,山口幸太郎,長崎,2.31,Ａ２
2026-04-02,56,岸和田,F1,3,8,7,14782.0,山口幸太郎,長崎,2.31,Ａ２
2026-04-02,56,岸和田,F1,3,9,7,14782.0,山口幸太郎,長崎,2.31,Ａ２
2026-04-02,56,岸和田,F1,3,10,3,15615.0,荒川　　仁,千葉,2.49,Ａ１
2026-04-02,56,岸和田,F1,3,11,3,15615.0,荒川　　仁,千葉,2.49,Ａ１
2026-04-02,56,岸和田,F1,3,12,3,15615.0,荒川　　仁,千葉,2.49,Ａ１
2026-04-02,56,岸和田,F1,3,13,5,14867.0,巴　　直也,神奈,2.64,Ａ１
2026-04-02,56,岸和田,F1,3,14,5,14867.0,巴　　直也,神奈,2.64,Ａ１
2026-04-02,56,岸和田,F1,3,15,5,14867.0,巴　　直也,神奈,2.64,Ａ１
2026-04-02,56,岸和田,F1,3,16,6,15827.0,藤原　夏志,大阪,2.82,Ａ２
2026-04-02,56,岸和田,F1,3,17,6,15827.0,藤原　夏志,大阪,2.82,Ａ２
2026-04-02,56,岸和田,F1,3,18,6,15827.0,藤原　夏志,大阪,2.82,Ａ２
2026-04-02,56,岸和田,F1,3,19,2,14673.0,松田　　大,富山,2.95,Ａ２
2026-04-02,56,岸和田,F1,3,20,2,14673.0,松田　　大,富山,2.95,Ａ２
2026-04-02,56,岸和田,F1,3,21,2,14673.0,松田　　大,富山,2.95,Ａ２
2026-04-02,56,岸和田,F1,4,1,5,15330.0,伊藤　　奎,福島,1.64,Ａ１
2026-04-02,56,岸和田,F1,4,2,5,15330.0,伊藤　　奎,福島,1.64,Ａ１
2026-04-02,56,岸和田,F1,4,3,5,15330.0,伊藤　　奎,福島,1.64,Ａ１
2026-04-02,56,岸和田,F1,4,4,2,14775.0,小原　周祐,高知,1.87,Ａ１
2026-04-02,56,岸和田,F1,4,5,2,14775.0,小原　周祐,高知,1.87,Ａ１
2026-04-02,56,岸和田,F1,4,6,2,14775.0,小原　周祐,高知,1.87,Ａ１
2026-04-02,56,岸和田,F1,4,7,1,15599.0,堀　　航輝,青森,1.95,Ａ１
2026-04-02,56,岸和田,F1,4,8,1,15599.0,堀　　航輝,青森,1.95,Ａ１
2026-04-02,56,岸和田,F1,4,9,1,15599.0,堀　　航輝,青森,1.95,Ａ１
2026-04-02,56,岸和田,F1,4,10,7,15277.0,高井　流星,岡山,2.49,Ａ１
2026-04-02,56,岸和田,F1,4,11,7,15277.0,高井　流星,岡山,2.49,Ａ１
2026-04-02,56,岸和田,F1,4,12,7,15277.0,高井　流星,岡山,2.49,Ａ１
2026-04-02,56,岸和田,F1,4,13,3,15812.0,森崎　英登,愛知,2.53,Ａ２
2026-04-02,56,岸和田,F1,4,14,3,15812.0,森崎　英登,愛知,2.53,Ａ２
2026-04-02,56,岸和田,F1,4,15,3,15812.0,森崎　英登,愛知,2.53,Ａ２
2026-04-02,56,岸和田,F1,4,16,4,14144.0,石川　雅望,群馬,2.81,Ａ１
2026-04-02,56,岸和田,F1,4,17,4,14144.0,石川　雅望,群馬,2.81,Ａ１
2026-04-02,56,岸和田,F1,4,18,4,14144.0,石川　雅望,群馬,2.81,Ａ１
2026-04-02,56,岸和田,F1,4,19,6,14277.0,山口　慎吾,北海,2.87,Ａ２
2026-04-02,56,岸和田,F1,4,20,6,14277.0,山口　慎吾,北海,2.87,Ａ２
2026-04-02,56,岸和田,F1,4,21,6,14277.0,山口　慎吾,北海,2.87,Ａ２
2026-04-02,56,岸和田,F1,5,1,5,14947.0,北川大五郎,大阪,2.03,Ａ１
2026-04-02,56,岸和田,F1,5,2,5,14947.0,北川大五郎,大阪,2.03,Ａ１
2026-04-02,56,岸和田,F1,5,3,5,14947.0,北川大五郎,大阪,2.03,Ａ１
2026-04-02,56,岸和田,F1,5,4,7,14163.0,内田　英介,東京,2.41,Ａ１
2026-04-02,56,岸和田,F1,5,5,7,14163.0,内田　英介,東京,2.41,Ａ１
2026-04-02,56,岸和田,F1,5,6,7,14163.0,内田　英介,東京,2.41,Ａ１
2026-04-02,56,岸和田,F1,5,7,6,15753.0,枝村　弘樹,宮崎,2.51,Ａ１
2026-04-02,56,岸和田,F1,5,8,6,15753.0,枝村　弘樹,宮崎,2.51,Ａ１
2026-04-02,56,岸和田,F1,5,9,6,15753.0,枝村　弘樹,宮崎,2.51,Ａ１
2026-04-02,56,岸和田,F1,5,10,4,15922.0,中田　拓也,広島,2.77,Ａ２
2026-04-02,56,岸和田,F1,5,11,4,15922.0,中田　拓也,広島,2.77,Ａ２
2026-04-02,56,岸和田,F1,5,12,4,15922.0,中田　拓也,広島,2.77,Ａ２
2026-04-02,56,岸和田,F1,5,13,1,15182.0,吉川　希望,石川,3.07,Ａ１
2026-04-02,56,岸和田,F1,5,14,1,15182.0,吉川　希望,石川,3.07,Ａ１
2026-04-02,56,岸和田,F1,5,15,1,15182.0,吉川　希望,石川,3.07,Ａ１
2026-04-02,56,岸和田,F1,5,16,2,12989.0,森岡　正臣,高知,3.12,Ａ１
2026-04-02,56,岸和田,F1,5,17,2,12989.0,森岡　正臣,高知,3.12,Ａ１
2026-04-02,56,岸和田,F1,5,18,2,12989.0,森岡　正臣,高知,3.12,Ａ１
2026-04-02,56,岸和田,F1,5,19,3,14269.0,梶原　恵介,大分,3.23,Ａ１
2026-04-02,56,岸和田,F1,5,20,3,14269.0,梶原　恵介,大分,3.23,Ａ１
2026-04-02,56,岸和田,F1,5,21,3,14269.0,梶原　恵介,大分,3.23,Ａ１
2026-04-02,56,岸和田,F1,6,1,1,15438.0,佐々木和紀,神奈,2.48,Ｓ２
2026-04-02,56,岸和田,F1,6,2,1,15438.0,佐々木和紀,神奈,2.48,Ｓ２
2026-04-02,56,岸和田,F1,6,3,1,15438.0,佐々木和紀,神奈,2.48,Ｓ２
2026-04-02,56,岸和田,F1,6,4,7,12813.0,成清　貴之,千葉,2.50,Ｓ２
2026-04-02,56,岸和田,F1,6,5,7,12813.0,成清　貴之,千葉,2.50,Ｓ２
2026-04-02,56,岸和田,F1,6,6,7,12813.0,成清　貴之,千葉,2.50,Ｓ２
2026-04-02,56,岸和田,F1,6,7,6,14617.0,西岡　拓朗,広島,2.96,Ｓ２
2026-04-02,56,岸和田,F1,6,8,6,14617.0,西岡　拓朗,広島,2.96,Ｓ２
2026-04-02,56,岸和田,F1,6,9,6,14617.0,西岡　拓朗,広島,2.96,Ｓ２
2026-04-02,56,岸和田,F1,6,10,3,14883.0,才迫　　開,広島,3.19,Ｓ２
2026-04-02,56,岸和田,F1,6,11,3,14883.0,才迫　　開,広島,3.19,Ｓ２
2026-04-02,56,岸和田,F1,6,12,3,14883.0,才迫　　開,広島,3.19,Ｓ２
2026-04-02,56,岸和田,F1,6,13,5,14881.0,山崎　泰己,岡山,3.87,Ｓ２
2026-04-02,56,岸和田,F1,6,14,5,14881.0,山崎　泰己,岡山,3.87,Ｓ２
2026-04-02,56,岸和田,F1,6,15,5,14881.0,山崎　泰己,岡山,3.87,Ｓ２
2026-04-02,56,岸和田,F1,6,16,2,14098.0,菊谷　信一,大阪,4.27,Ｓ２
2026-04-02,56,岸和田,F1,6,17,2,14098.0,菊谷　信一,大阪,4.27,Ｓ２
2026-04-02,56,岸和田,F1,6,18,2,14098.0,菊谷　信一,大阪,4.27,Ｓ２
2026-04-02,56,岸和田,F1,6,19,4,14664.0,志村　龍己,山梨,4.44,Ｓ２
2026-04-02,56,岸和田,F1,6,20,4,14664.0,志村　龍己,山梨,4.44,Ｓ２
2026-04-02,56,岸和田,F1,6,21,4,14664.0,志村　龍己,山梨,4.44,Ｓ２
2026-04-02,56,岸和田,F1,7,1,4,14138.0,山下　　渡,茨城,2.84,Ｓ２
2026-04-02,56,岸和田,F1,7,2,4,14138.0,山下　　渡,茨城,2.84,Ｓ２
2026-04-02,56,岸和田,F1,7,3,4,14138.0,山下　　渡,茨城,2.84,Ｓ２
2026-04-02,56,岸和田,F1,7,4,7,14441.0,芦澤　辰弘,茨城,2.97,Ｓ１
2026-04-02,56,岸和田,F1,7,5,7,14441.0,芦澤　辰弘,茨城,2.97,Ｓ１
2026-04-02,56,岸和田,F1,7,6,7,14441.0,芦澤　辰弘,茨城,2.97,Ｓ１
2026-04-02,56,岸和田,F1,7,7,6,14208.0,安部　貴之,宮城,3.08,Ｓ２
2026-04-02,56,岸和田,F1,7,8,6,14208.0,安部　貴之,宮城,3.08,Ｓ２
2026-04-02,56,岸和田,F1,7,9,6,14208.0,安部　貴之,宮城,3.08,Ｓ２
2026-04-02,56,岸和田,F1,7,10,2,15083.0,中村弘之輔,北海,3.16,Ｓ２
2026-04-02,56,岸和田,F1,7,11,2,15083.0,中村弘之輔,北海,3.16,Ｓ２
2026-04-02,56,岸和田,F1,7,12,2,15083.0,中村弘之輔,北海,3.16,Ｓ２
2026-04-02,56,岸和田,F1,7,13,5,14194.0,桑原　　亮,福岡,3.25,Ｓ２
2026-04-02,56,岸和田,F1,7,14,5,14194.0,桑原　　亮,福岡,3.25,Ｓ２
2026-04-02,56,岸和田,F1,7,15,5,14194.0,桑原　　亮,福岡,3.25,Ｓ２
2026-04-02,56,岸和田,F1,7,16,3,15703.0,牧田　悠生,新潟,3.72,Ｓ２
2026-04-02,56,岸和田,F1,7,17,3,15703.0,牧田　悠生,新潟,3.72,Ｓ２
2026-04-02,56,岸和田,F1,7,18,3,15703.0,牧田　悠生,新潟,3.72,Ｓ２
2026-04-02,56,岸和田,F1,7,19,1,14929.0,小酒　大勇,宮崎,3.83,Ｓ２
2026-04-02,56,岸和田,F1,7,20,1,14929.0,小酒　大勇,宮崎,3.83,Ｓ２
2026-04-02,56,岸和田,F1,7,21,1,14929.0,小酒　大勇,宮崎,3.83,Ｓ２
2026-04-02,56,岸和田,F1,8,1,6,13790.0,稲垣　裕之,京都,2.08,Ｓ２
2026-04-02,56,岸和田,F1,8,2,6,13790.0,稲垣　裕之,京都,2.08,Ｓ２
2026-04-02,56,岸和田,F1,8,3,6,13790.0,稲垣　裕之,京都,2.08,Ｓ２
2026-04-02,56,岸和田,F1,8,4,2,14177.0,小堺　浩二,石川,2.18,Ｓ２
2026-04-02,56,岸和田,F1,8,5,2,14177.0,小堺　浩二,石川,2.18,Ｓ２
2026-04-02,56,岸和田,F1,8,6,2,14177.0,小堺　浩二,石川,2.18,Ｓ２
2026-04-02,56,岸和田,F1,8,7,1,14864.0,土屋　壮登,埼玉,2.40,Ｓ２
2026-04-02,56,岸和田,F1,8,8,1,14864.0,土屋　壮登,埼玉,2.40,Ｓ２
2026-04-02,56,岸和田,F1,8,9,1,14864.0,土屋　壮登,埼玉,2.40,Ｓ２
2026-04-02,56,岸和田,F1,8,10,4,15252.0,河合　佑弥,東京,2.67,Ｓ２
2026-04-02,56,岸和田,F1,8,11,4,15252.0,河合　佑弥,東京,2.67,Ｓ２
2026-04-02,56,岸和田,F1,8,12,4,15252.0,河合　佑弥,東京,2.67,Ｓ２
2026-04-02,56,岸和田,F1,8,13,7,15428.0,藤田　周磨,埼玉,2.88,Ｓ２
2026-04-02,56,岸和田,F1,8,14,7,15428.0,藤田　周磨,埼玉,2.88,Ｓ２
2026-04-02,56,岸和田,F1,8,15,7,15428.0,藤田　周磨,埼玉,2.88,Ｓ２
2026-04-02,56,岸和田,F1,8,16,3,15547.0,米嶋　恵介,岡山,3.24,Ｓ２
2026-04-02,56,岸和田,F1,8,17,3,15547.0,米嶋　恵介,岡山,3.24,Ｓ２
2026-04-02,56,岸和田,F1,8,18,3,15547.0,米嶋　恵介,岡山,3.24,Ｓ２
2026-04-02,56,岸和田,F1,8,19,5,15468.0,和泉　尚吾,愛媛,3.48,Ｓ２
2026-04-02,56,岸和田,F1,8,20,5,15468.0,和泉　尚吾,愛媛,3.48,Ｓ２
2026-04-02,56,岸和田,F1,8,21,5,15468.0,和泉　尚吾,愛媛,3.48,Ｓ２
2026-04-02,56,岸和田,F1,9,1,1,15036.0,尾形　鉄馬,宮城,2.50,Ｓ２
2026-04-02,56,岸和田,F1,9,2,1,15036.0,尾形　鉄馬,宮城,2.50,Ｓ２
2026-04-02,56,岸和田,F1,9,3,1,15036.0,尾形　鉄馬,宮城,2.50,Ｓ２
2026-04-02,56,岸和田,F1,9,4,4,14016.0,石塚　孝幸,神奈,2.58,Ｓ１
2026-04-02,56,岸和田,F1,9,5,4,14016.0,石塚　孝幸,神奈,2.58,Ｓ１
2026-04-02,56,岸和田,F1,9,6,4,14016.0,石塚　孝幸,神奈,2.58,Ｓ１
2026-04-02,56,岸和田,F1,9,7,3,14754.0,横関　裕樹,岐阜,2.80,Ｓ２
2026-04-02,56,岸和田,F1,9,8,3,14754.0,横関　裕樹,岐阜,2.80,Ｓ２
2026-04-02,56,岸和田,F1,9,9,3,14754.0,横関　裕樹,岐阜,2.80,Ｓ２
2026-04-02,56,岸和田,F1,9,10,2,13410.0,伊勢崎彰大,千葉,2.81,Ｓ２
2026-04-02,56,岸和田,F1,9,11,2,13410.0,伊勢崎彰大,千葉,2.81,Ｓ２
2026-04-02,56,岸和田,F1,9,12,2,13410.0,伊勢崎彰大,千葉,2.81,Ｓ２
2026-04-02,56,岸和田,F1,9,13,5,15713.0,望月　湧世,静岡,2.81,Ｓ２
2026-04-02,56,岸和田,F1,9,14,5,15713.0,望月　湧世,静岡,2.81,Ｓ２
2026-04-02,56,岸和田,F1,9,15,5,15713.0,望月　湧世,静岡,2.81,Ｓ２
2026-04-02,56,岸和田,F1,9,16,7,15322.0,磯島　成介,青森,3.09,Ｓ２
2026-04-02,56,岸和田,F1,9,17,7,15322.0,磯島　成介,青森,3.09,Ｓ２
2026-04-02,56,岸和田,F1,9,18,7,15322.0,磯島　成介,青森,3.09,Ｓ２
2026-04-02,56,岸和田,F1,9,19,6,15064.0,吉武信太朗,愛媛,3.52,Ｓ２
2026-04-02,56,岸和田,F1,9,20,6,15064.0,吉武信太朗,愛媛,3.52,Ｓ２
2026-04-02,56,岸和田,F1,9,21,6,15064.0,吉武信太朗,愛媛,3.52,Ｓ２
2026-04-02,56,岸和田,F1,10,1,2,14358.0,須永　優太,福島,1.55,Ｓ１
2026-04-02,56,岸和田,F1,10,2,2,14358.0,須永　優太,福島,1.55,Ｓ１
2026-04-02,56,岸和田,F1,10,3,2,14358.0,須永　優太,福島,1.55,Ｓ１
2026-04-02,56,岸和田,F1,10,4,1,14545.0,岡崎　智哉,大阪,1.65,Ｓ１
2026-04-02,56,岸和田,F1,10,5,1,14545.0,岡崎　智哉,大阪,1.65,Ｓ１
2026-04-02,56,岸和田,F1,10,6,1,14545.0,岡崎　智哉,大阪,1.65,Ｓ１
2026-04-02,56,岸和田,F1,10,7,7,13982.0,五日市　誠,青森,1.84,Ｓ１
2026-04-02,56,岸和田,F1,10,8,7,13982.0,五日市　誠,青森,1.84,Ｓ１
2026-04-02,56,岸和田,F1,10,9,7,13982.0,五日市　誠,青森,1.84,Ｓ１
2026-04-02,56,岸和田,F1,10,10,4,13808.0,坂本健太郎,福岡,1.97,Ｓ１
2026-04-02,56,岸和田,F1,10,11,4,13808.0,坂本健太郎,福岡,1.97,Ｓ１
2026-04-02,56,岸和田,F1,10,12,4,13808.0,坂本健太郎,福岡,1.97,Ｓ１
2026-04-02,56,岸和田,F1,10,13,5,15778.0,小堀　敢太,北海,2.41,Ｓ２
2026-04-02,56,岸和田,F1,10,14,5,15778.0,小堀　敢太,北海,2.41,Ｓ２
2026-04-02,56,岸和田,F1,10,15,5,15778.0,小堀　敢太,北海,2.41,Ｓ２
2026-04-02,56,岸和田,F1,10,16,6,15541.0,石塚慶一郎,和歌,3.00,Ｓ２
2026-04-02,56,岸和田,F1,10,17,6,15541.0,石塚慶一郎,和歌,3.00,Ｓ２
2026-04-02,56,岸和田,F1,10,18,6,15541.0,石塚慶一郎,和歌,3.00,Ｓ２
2026-04-02,56,岸和田,F1,10,19,3,15213.0,山崎　賢人,長崎,4.40,Ｓ１
2026-04-02,56,岸和田,F1,10,20,3,15213.0,山崎　賢人,長崎,4.40,Ｓ１
2026-04-02,56,岸和田,F1,10,21,3,15213.0,山崎　賢人,長崎,4.40,Ｓ１
2026-04-02,56,岸和田,F1,11,1,6,13637.0,笠松　信幸,愛知,1.55,Ｓ１
2026-04-02,56,岸和田,F1,11,2,6,13637.0,笠松　信幸,愛知,1.55,Ｓ１
2026-04-02,56,岸和田,F1,11,3,6,13637.0,笠松　信幸,愛知,1.55,Ｓ１
2026-04-02,56,岸和田,F1,11,4,5,14497.0,川津　悠揮,北海,1.55,Ｓ１
2026-04-02,56,岸和田,F1,11,5,5,14497.0,川津　悠揮,北海,1.55,Ｓ１
2026-04-02,56,岸和田,F1,11,6,5,14497.0,川津　悠揮,北海,1.55,Ｓ１
2026-04-02,56,岸和田,F1,11,7,4,14097.0,稲川　　翔,大阪,1.82,Ｓ２
2026-04-02,56,岸和田,F1,11,8,4,14097.0,稲川　　翔,大阪,1.82,Ｓ２
2026-04-02,56,岸和田,F1,11,9,4,14097.0,稲川　　翔,大阪,1.82,Ｓ２
2026-04-02,56,岸和田,F1,11,10,7,14677.0,角　令央奈,福岡,2.53,Ｓ２
2026-04-02,56,岸和田,F1,11,11,7,14677.0,角　令央奈,福岡,2.53,Ｓ２
2026-04-02,56,岸和田,F1,11,12,7,14677.0,角　令央奈,福岡,2.53,Ｓ２
2026-04-02,56,岸和田,F1,11,13,3,15373.0,晝田宗一郎,岡山,2.86,Ｓ２
2026-04-02,56,岸和田,F1,11,14,3,15373.0,晝田宗一郎,岡山,2.86,Ｓ２
2026-04-02,56,岸和田,F1,11,15,3,15373.0,晝田宗一郎,岡山,2.86,Ｓ２
2026-04-02,56,岸和田,F1,11,16,2,14462.0,小原　太樹,神奈,3.33,Ｓ１
2026-04-02,56,岸和田,F1,11,17,2,14462.0,小原　太樹,神奈,3.33,Ｓ１
2026-04-02,56,岸和田,F1,11,18,2,14462.0,小原　太樹,神奈,3.33,Ｓ１
2026-04-02,56,岸和田,F1,11,19,1,15272.0,中釜　章成,大阪,3.50,Ｓ１
2026-04-02,56,岸和田,F1,11,20,1,15272.0,中釜　章成,大阪,3.50,Ｓ１
2026-04-02,56,岸和田,F1,11,21,1,15272.0,中釜　章成,大阪,3.50,Ｓ１
2026-04-02,56,岸和田,F1,12,1,5,13140.0,小倉　竜二,徳島,1.43,Ｓ１
2026-04-02,56,岸和田,F1,12,2,5,13140.0,小倉　竜二,徳島,1.43,Ｓ１
2026-04-02,56,岸和田,F1,12,3,5,13140.0,小倉　竜二,徳島,1.43,Ｓ１
2026-04-02,56,岸和田,F1,12,4,1,15009.0,清水　裕友,山口,1.52,Ｓ１
2026-04-02,56,岸和田,F1,12,5,1,15009.0,清水　裕友,山口,1.52,Ｓ１
2026-04-02,56,岸和田,F1,12,6,1,15009.0,清水　裕友,山口,1.52,Ｓ１
2026-04-02,56,岸和田,F1,12,7,2,14804.0,横山　尚則,茨城,1.55,Ｓ１
2026-04-02,56,岸和田,F1,12,8,2,14804.0,横山　尚則,茨城,1.55,Ｓ１
2026-04-02,56,岸和田,F1,12,9,2,14804.0,横山　尚則,茨城,1.55,Ｓ１
2026-04-02,56,岸和田,F1,12,10,4,13532.0,佐々木雄一,福島,1.63,Ｓ１
2026-04-02,56,岸和田,F1,12,11,4,13532.0,佐々木雄一,福島,1.63,Ｓ１
2026-04-02,56,岸和田,F1,12,12,4,13532.0,佐々木雄一,福島,1.63,Ｓ１
2026-04-02,56,岸和田,F1,12,13,7,13791.0,村上　博幸,京都,2.29,Ｓ１
2026-04-02,56,岸和田,F1,12,14,7,13791.0,村上　博幸,京都,2.29,Ｓ１
2026-04-02,56,岸和田,F1,12,15,7,13791.0,村上　博幸,京都,2.29,Ｓ１
2026-04-02,56,岸和田,F1,12,16,6,14168.0,高橋　和也,愛知,2.50,Ｓ２
2026-04-02,56,岸和田,F1,12,17,6,14168.0,高橋　和也,愛知,2.50,Ｓ２
2026-04-02,56,岸和田,F1,12,18,6,14168.0,高橋　和也,愛知,2.50,Ｓ２
2026-04-02,56,岸和田,F1,12,19,3,15822.0,谷内　健太,京都,3.15,Ｓ２
2026-04-02,56,岸和田,F1,12,20,3,15822.0,谷内　健太,京都,3.15,Ｓ２
2026-04-02,56,岸和田,F1,12,21,3,15822.0,谷内　健太,京都,3.15,Ｓ２
2026-04-02,61,玉野,F1,1,1,1,13811.0,池田　浩士,佐賀,2.18,Ａ１
2026-04-02,61,玉野,F1,1,2,1,13811.0,池田　浩士,佐賀,2.18,Ａ１
2026-04-02,61,玉野,F1,1,3,1,13811.0,池田　浩士,佐賀,2.18,Ａ１
2026-04-02,61,玉野,F1,1,4,5,14715.0,高橋　幸司,沖縄,2.43,Ａ２
2026-04-02,61,玉野,F1,1,5,5,14715.0,高橋　幸司,沖縄,2.43,Ａ２
2026-04-02,61,玉野,F1,1,6,5,14715.0,高橋　幸司,沖縄,2.43,Ａ２
2026-04-02,61,玉野,F1,1,7,2,15127.0,野村　典嗣,愛媛,2.48,Ａ１
2026-04-02,61,玉野,F1,1,8,2,15127.0,野村　典嗣,愛媛,2.48,Ａ１
2026-04-02,61,玉野,F1,1,9,2,15127.0,野村　典嗣,愛媛,2.48,Ａ１
2026-04-02,61,玉野,F1,1,10,4,15548.0,白井優太朗,広島,2.64,Ａ２
2026-04-02,61,玉野,F1,1,11,4,15548.0,白井優太朗,広島,2.64,Ａ２
2026-04-02,61,玉野,F1,1,12,4,15548.0,白井優太朗,広島,2.64,Ａ２
2026-04-02,61,玉野,F1,1,13,7,12845.0,林　　成人,愛媛,2.78,Ａ２
2026-04-02,61,玉野,F1,1,14,7,12845.0,林　　成人,愛媛,2.78,Ａ２
2026-04-02,61,玉野,F1,1,15,7,12845.0,林　　成人,愛媛,2.78,Ａ２
2026-04-02,61,玉野,F1,1,16,3,13925.0,黒田　　篤,栃木,2.93,Ａ２
2026-04-02,61,玉野,F1,1,17,3,13925.0,黒田　　篤,栃木,2.93,Ａ２
2026-04-02,61,玉野,F1,1,18,3,13925.0,黒田　　篤,栃木,2.93,Ａ２
2026-04-02,61,玉野,F1,1,19,6,13408.0,川村　昭弘,新潟,2.97,Ａ２
2026-04-02,61,玉野,F1,1,20,6,13408.0,川村　昭弘,新潟,2.97,Ａ２
2026-04-02,61,玉野,F1,1,21,6,13408.0,川村　昭弘,新潟,2.97,Ａ２
2026-04-02,61,玉野,F1,2,1,1,15331.0,宇佐見優介,福島,2.23,Ａ２
2026-04-02,61,玉野,F1,2,2,1,15331.0,宇佐見優介,福島,2.23,Ａ２
2026-04-02,61,玉野,F1,2,3,1,15331.0,宇佐見優介,福島,2.23,Ａ２
2026-04-02,61,玉野,F1,2,4,4,15327.0,阿部架惟都,宮城,2.51,Ａ１
2026-04-02,61,玉野,F1,2,5,4,15327.0,阿部架惟都,宮城,2.51,Ａ１
2026-04-02,61,玉野,F1,2,6,4,15327.0,阿部架惟都,宮城,2.51,Ａ１
2026-04-02,61,玉野,F1,2,7,7,13792.0,辰己　　豊,奈良,2.55,Ａ２
2026-04-02,61,玉野,F1,2,8,7,13792.0,辰己　　豊,奈良,2.55,Ａ２
2026-04-02,61,玉野,F1,2,9,7,13792.0,辰己　　豊,奈良,2.55,Ａ２
2026-04-02,61,玉野,F1,2,10,2,13868.0,岡崎　景介,広島,2.61,Ａ１
2026-04-02,61,玉野,F1,2,11,2,13868.0,岡崎　景介,広島,2.61,Ａ１
2026-04-02,61,玉野,F1,2,12,2,13868.0,岡崎　景介,広島,2.61,Ａ１
2026-04-02,61,玉野,F1,2,13,3,14477.0,白上　　翔,滋賀,2.61,Ａ１
2026-04-02,61,玉野,F1,2,14,3,14477.0,白上　　翔,滋賀,2.61,Ａ１
2026-04-02,61,玉野,F1,2,15,3,14477.0,白上　　翔,滋賀,2.61,Ａ１
2026-04-02,61,玉野,F1,2,16,5,13494.0,土井　　勲,岡山,2.80,Ａ２
2026-04-02,61,玉野,F1,2,17,5,13494.0,土井　　勲,岡山,2.80,Ａ２
2026-04-02,61,玉野,F1,2,18,5,13494.0,土井　　勲,岡山,2.80,Ａ２
2026-04-02,61,玉野,F1,2,19,6,14705.0,沢田　勇治,山口,3.52,Ａ２
2026-04-02,61,玉野,F1,2,20,6,14705.0,沢田　勇治,山口,3.52,Ａ２
2026-04-02,61,玉野,F1,2,21,6,14705.0,沢田　勇治,山口,3.52,Ａ２
2026-04-02,61,玉野,F1,3,1,4,14549.0,戸伏　康夫,岡山,2.33,Ａ２
2026-04-02,61,玉野,F1,3,2,4,14549.0,戸伏　康夫,岡山,2.33,Ａ２
2026-04-02,61,玉野,F1,3,3,4,14549.0,戸伏　康夫,岡山,2.33,Ａ２
2026-04-02,61,玉野,F1,3,4,3,14586.0,近藤　寛央,東京,2.44,Ａ１
2026-04-02,61,玉野,F1,3,5,3,14586.0,近藤　寛央,東京,2.44,Ａ１
2026-04-02,61,玉野,F1,3,6,3,14586.0,近藤　寛央,東京,2.44,Ａ１
2026-04-02,61,玉野,F1,3,7,1,14619.0,木村　浩宣,香川,2.45,Ａ１
2026-04-02,61,玉野,F1,3,8,1,14619.0,木村　浩宣,香川,2.45,Ａ１
2026-04-02,61,玉野,F1,3,9,1,14619.0,木村　浩宣,香川,2.45,Ａ１
2026-04-02,61,玉野,F1,3,10,2,14671.0,山田　裕哉,岐阜,2.66,Ａ１
2026-04-02,61,玉野,F1,3,11,2,14671.0,山田　裕哉,岐阜,2.66,Ａ１
2026-04-02,61,玉野,F1,3,12,2,14671.0,山田　裕哉,岐阜,2.66,Ａ１
2026-04-02,61,玉野,F1,3,13,5,15911.0,松田　安綱,大阪,2.92,Ａ２
2026-04-02,61,玉野,F1,3,14,5,15911.0,松田　安綱,大阪,2.92,Ａ２
2026-04-02,61,玉野,F1,3,15,5,15911.0,松田　安綱,大阪,2.92,Ａ２
2026-04-02,61,玉野,F1,3,16,7,13668.0,佐々木孝司,青森,3.30,Ａ２
2026-04-02,61,玉野,F1,3,17,7,13668.0,佐々木孝司,青森,3.30,Ａ２
2026-04-02,61,玉野,F1,3,18,7,13668.0,佐々木孝司,青森,3.30,Ａ２
2026-04-02,61,玉野,F1,3,19,6,12206.0,白井　一機,愛知,5.91,Ａ２
2026-04-02,61,玉野,F1,3,20,6,12206.0,白井　一機,愛知,5.91,Ａ２
2026-04-02,61,玉野,F1,3,21,6,12206.0,白井　一機,愛知,5.91,Ａ２
2026-04-02,61,玉野,F1,4,1,5,13054.0,石丸　寛之,岡山,2.03,Ａ１
2026-04-02,61,玉野,F1,4,2,5,13054.0,石丸　寛之,岡山,2.03,Ａ１
2026-04-02,61,玉野,F1,4,3,5,13054.0,石丸　寛之,岡山,2.03,Ａ１
2026-04-02,61,玉野,F1,4,4,4,14455.0,小野　裕次,千葉,2.49,Ａ１
2026-04-02,61,玉野,F1,4,5,4,14455.0,小野　裕次,千葉,2.49,Ａ１
2026-04-02,61,玉野,F1,4,6,4,14455.0,小野　裕次,千葉,2.49,Ａ１
2026-04-02,61,玉野,F1,4,7,3,14612.0,工藤　文彦,沖縄,2.52,Ａ２
2026-04-02,61,玉野,F1,4,8,3,14612.0,工藤　文彦,沖縄,2.52,Ａ２
2026-04-02,61,玉野,F1,4,9,3,14612.0,工藤　文彦,沖縄,2.52,Ａ２
2026-04-02,61,玉野,F1,4,10,2,14938.0,夏目　新吾,静岡,2.54,Ａ２
2026-04-02,61,玉野,F1,4,11,2,14938.0,夏目　新吾,静岡,2.54,Ａ２
2026-04-02,61,玉野,F1,4,12,2,14938.0,夏目　新吾,静岡,2.54,Ａ２
2026-04-02,61,玉野,F1,4,13,1,15831.0,三木　健正,岡山,2.98,Ａ１
2026-04-02,61,玉野,F1,4,14,1,15831.0,三木　健正,岡山,2.98,Ａ１
2026-04-02,61,玉野,F1,4,15,1,15831.0,三木　健正,岡山,2.98,Ａ１
2026-04-02,61,玉野,F1,4,16,7,14821.0,原岡泰志郎,千葉,3.35,Ａ２
2026-04-02,61,玉野,F1,4,17,7,14821.0,原岡泰志郎,千葉,3.35,Ａ２
2026-04-02,61,玉野,F1,4,18,7,14821.0,原岡泰志郎,千葉,3.35,Ａ２
2026-04-02,61,玉野,F1,4,19,6,13743.0,藤田　剣次,福岡,3.71,Ａ２
2026-04-02,61,玉野,F1,4,20,6,13743.0,藤田　剣次,福岡,3.71,Ａ２
2026-04-02,61,玉野,F1,4,21,6,13743.0,藤田　剣次,福岡,3.71,Ａ２
2026-04-02,61,玉野,F1,5,1,2,15527.0,北井　佑季,神奈,1.59,Ａ１
2026-04-02,61,玉野,F1,5,2,2,15527.0,北井　佑季,神奈,1.59,Ａ１
2026-04-02,61,玉野,F1,5,3,2,15527.0,北井　佑季,神奈,1.59,Ａ１
2026-04-02,61,玉野,F1,5,4,4,14222.0,木暮　安由,群馬,2.03,Ａ１
2026-04-02,61,玉野,F1,5,5,4,14222.0,木暮　安由,群馬,2.03,Ａ１
2026-04-02,61,玉野,F1,5,6,4,14222.0,木暮　安由,群馬,2.03,Ａ１
2026-04-02,61,玉野,F1,5,7,3,15651.0,中川　聖大,福岡,2.23,Ａ１
2026-04-02,61,玉野,F1,5,8,3,15651.0,中川　聖大,福岡,2.23,Ａ１
2026-04-02,61,玉野,F1,5,9,3,15651.0,中川　聖大,福岡,2.23,Ａ１
2026-04-02,61,玉野,F1,5,10,7,15633.0,中釜　健次,大阪,2.27,Ａ１
2026-04-02,61,玉野,F1,5,11,7,15633.0,中釜　健次,大阪,2.27,Ａ１
2026-04-02,61,玉野,F1,5,12,7,15633.0,中釜　健次,大阪,2.27,Ａ１
2026-04-02,61,玉野,F1,5,13,5,13670.0,小橋　秀幸,青森,2.56,Ａ１
2026-04-02,61,玉野,F1,5,14,5,13670.0,小橋　秀幸,青森,2.56,Ａ１
2026-04-02,61,玉野,F1,5,15,5,13670.0,小橋　秀幸,青森,2.56,Ａ１
2026-04-02,61,玉野,F1,5,16,6,13890.0,藤原　　浩,高知,2.70,Ａ１
2026-04-02,61,玉野,F1,5,17,6,13890.0,藤原　　浩,高知,2.70,Ａ１
2026-04-02,61,玉野,F1,5,18,6,13890.0,藤原　　浩,高知,2.70,Ａ１
2026-04-02,61,玉野,F1,5,19,1,13864.0,伊藤　世哉,三重,2.75,Ａ１
2026-04-02,61,玉野,F1,5,20,1,13864.0,伊藤　世哉,三重,2.75,Ａ１
2026-04-02,61,玉野,F1,5,21,1,13864.0,伊藤　世哉,三重,2.75,Ａ１
2026-04-02,61,玉野,F1,6,1,3,15389.0,宮崎　大空,熊本,2.53,Ｓ２
2026-04-02,61,玉野,F1,6,2,3,15389.0,宮崎　大空,熊本,2.53,Ｓ２
2026-04-02,61,玉野,F1,6,3,3,15389.0,宮崎　大空,熊本,2.53,Ｓ２
2026-04-02,61,玉野,F1,6,4,1,13922.0,河野　通孝,茨城,2.61,Ｓ２
2026-04-02,61,玉野,F1,6,5,1,13922.0,河野　通孝,茨城,2.61,Ｓ２
2026-04-02,61,玉野,F1,6,6,1,13922.0,河野　通孝,茨城,2.61,Ｓ２
2026-04-02,61,玉野,F1,6,7,2,15196.0,小川　丈太,徳島,2.71,Ｓ１
2026-04-02,61,玉野,F1,6,8,2,15196.0,小川　丈太,徳島,2.71,Ｓ１
2026-04-02,61,玉野,F1,6,9,2,15196.0,小川　丈太,徳島,2.71,Ｓ１
2026-04-02,61,玉野,F1,6,10,5,13295.0,佐々木則幸,高知,2.75,Ｓ２
2026-04-02,61,玉野,F1,6,11,5,13295.0,佐々木則幸,高知,2.75,Ｓ２
2026-04-02,61,玉野,F1,6,12,5,13295.0,佐々木則幸,高知,2.75,Ｓ２
2026-04-02,61,玉野,F1,6,13,4,14451.0,武藤　篤弘,埼玉,2.98,Ｓ２
2026-04-02,61,玉野,F1,6,14,4,14451.0,武藤　篤弘,埼玉,2.98,Ｓ２
2026-04-02,61,玉野,F1,6,15,4,14451.0,武藤　篤弘,埼玉,2.98,Ｓ２
2026-04-02,61,玉野,F1,6,16,7,15329.0,板垣　　昴,北海,3.61,Ｓ２
2026-04-02,61,玉野,F1,6,17,7,15329.0,板垣　　昴,北海,3.61,Ｓ２
2026-04-02,61,玉野,F1,6,18,7,15329.0,板垣　　昴,北海,3.61,Ｓ２
2026-04-02,61,玉野,F1,6,19,6,14623.0,飯田　裕次,福岡,4.07,Ｓ２
2026-04-02,61,玉野,F1,6,20,6,14623.0,飯田　裕次,福岡,4.07,Ｓ２
2026-04-02,61,玉野,F1,6,21,6,14623.0,飯田　裕次,福岡,4.07,Ｓ２
2026-04-02,61,玉野,F1,7,1,4,15629.0,岸田　　剛,福井,1.79,Ｓ１
2026-04-02,61,玉野,F1,7,2,4,15629.0,岸田　　剛,福井,1.79,Ｓ１
2026-04-02,61,玉野,F1,7,3,4,15629.0,岸田　　剛,福井,1.79,Ｓ１
2026-04-02,61,玉野,F1,7,4,7,15466.0,久田　裕也,徳島,2.37,Ｓ１
2026-04-02,61,玉野,F1,7,5,7,15466.0,久田　裕也,徳島,2.37,Ｓ１
2026-04-02,61,玉野,F1,7,6,7,15466.0,久田　裕也,徳島,2.37,Ｓ１
2026-04-02,61,玉野,F1,7,7,1,14398.0,藤田　勝也,和歌,2.57,Ｓ２
2026-04-02,61,玉野,F1,7,8,1,14398.0,藤田　勝也,和歌,2.57,Ｓ２
2026-04-02,61,玉野,F1,7,9,1,14398.0,藤田　勝也,和歌,2.57,Ｓ２
2026-04-02,61,玉野,F1,7,10,5,14141.0,中川　貴徳,栃木,2.58,Ｓ２
2026-04-02,61,玉野,F1,7,11,5,14141.0,中川　貴徳,栃木,2.58,Ｓ２
2026-04-02,61,玉野,F1,7,12,5,14141.0,中川　貴徳,栃木,2.58,Ｓ２
2026-04-02,61,玉野,F1,7,13,2,15694.0,浮島　知稀,群馬,2.96,Ｓ２
2026-04-02,61,玉野,F1,7,14,2,15694.0,浮島　知稀,群馬,2.96,Ｓ２
2026-04-02,61,玉野,F1,7,15,2,15694.0,浮島　知稀,群馬,2.96,Ｓ２
2026-04-02,61,玉野,F1,7,16,3,15124.0,山本　拳也,高知,3.05,Ｓ２
2026-04-02,61,玉野,F1,7,17,3,15124.0,山本　拳也,高知,3.05,Ｓ２
2026-04-02,61,玉野,F1,7,18,3,15124.0,山本　拳也,高知,3.05,Ｓ２
2026-04-02,61,玉野,F1,7,19,6,13242.0,尾崎　　剛,埼玉,3.68,Ｓ２
2026-04-02,61,玉野,F1,7,20,6,13242.0,尾崎　　剛,埼玉,3.68,Ｓ２
2026-04-02,61,玉野,F1,7,21,6,13242.0,尾崎　　剛,埼玉,3.68,Ｓ２
2026-04-02,61,玉野,F1,8,1,3,15067.0,瀬戸　晋作,長崎,2.03,Ｓ１
2026-04-02,61,玉野,F1,8,2,3,15067.0,瀬戸　晋作,長崎,2.03,Ｓ１
2026-04-02,61,玉野,F1,8,3,3,15067.0,瀬戸　晋作,長崎,2.03,Ｓ１
2026-04-02,61,玉野,F1,8,4,7,14499.0,佐藤　博紀,岩手,2.77,Ｓ１
2026-04-02,61,玉野,F1,8,5,7,14499.0,佐藤　博紀,岩手,2.77,Ｓ１
2026-04-02,61,玉野,F1,8,6,7,14499.0,佐藤　博紀,岩手,2.77,Ｓ１
2026-04-02,61,玉野,F1,8,7,1,14500.0,竹村　勇祐,秋田,2.89,Ｓ２
2026-04-02,61,玉野,F1,8,8,1,14500.0,竹村　勇祐,秋田,2.89,Ｓ２
2026-04-02,61,玉野,F1,8,9,1,14500.0,竹村　勇祐,秋田,2.89,Ｓ２
2026-04-02,61,玉野,F1,8,10,2,15546.0,山根　将太,岡山,2.96,Ｓ２
2026-04-02,61,玉野,F1,8,11,2,15546.0,山根　将太,岡山,2.96,Ｓ２
2026-04-02,61,玉野,F1,8,12,2,15546.0,山根　将太,岡山,2.96,Ｓ２
2026-04-02,61,玉野,F1,8,13,5,14565.0,中村　健志,熊本,3.08,Ｓ２
2026-04-02,61,玉野,F1,8,14,5,14565.0,中村　健志,熊本,3.08,Ｓ２
2026-04-02,61,玉野,F1,8,15,5,14565.0,中村　健志,熊本,3.08,Ｓ２
2026-04-02,61,玉野,F1,8,16,4,13883.0,高津　晃治,岡山,3.38,Ｓ２
2026-04-02,61,玉野,F1,8,17,4,13883.0,高津　晃治,岡山,3.38,Ｓ２
2026-04-02,61,玉野,F1,8,18,4,13883.0,高津　晃治,岡山,3.38,Ｓ２
2026-04-02,61,玉野,F1,8,19,6,13060.0,児玉慎一郎,香川,3.42,Ｓ２
2026-04-02,61,玉野,F1,8,20,6,13060.0,児玉慎一郎,香川,3.42,Ｓ２
2026-04-02,61,玉野,F1,8,21,6,13060.0,児玉慎一郎,香川,3.42,Ｓ２
2026-04-02,61,玉野,F1,9,1,1,14852.0,徳永　哲人,熊本,2.16,Ｓ１
2026-04-02,61,玉野,F1,9,2,1,14852.0,徳永　哲人,熊本,2.16,Ｓ１
2026-04-02,61,玉野,F1,9,3,1,14852.0,徳永　哲人,熊本,2.16,Ｓ１
2026-04-02,61,玉野,F1,9,4,2,15354.0,齋木　翔多,静岡,2.69,Ｓ２
2026-04-02,61,玉野,F1,9,5,2,15354.0,齋木　翔多,静岡,2.69,Ｓ２
2026-04-02,61,玉野,F1,9,6,2,15354.0,齋木　翔多,静岡,2.69,Ｓ２
2026-04-02,61,玉野,F1,9,7,5,15660.0,河崎　正晴,熊本,2.94,Ｓ２
2026-04-02,61,玉野,F1,9,8,5,15660.0,河崎　正晴,熊本,2.94,Ｓ２
2026-04-02,61,玉野,F1,9,9,5,15660.0,河崎　正晴,熊本,2.94,Ｓ２
2026-04-02,61,玉野,F1,9,10,7,14239.0,鈴木　　裕,千葉,2.96,Ｓ２
2026-04-02,61,玉野,F1,9,11,7,14239.0,鈴木　　裕,千葉,2.96,Ｓ２
2026-04-02,61,玉野,F1,9,12,7,14239.0,鈴木　　裕,千葉,2.96,Ｓ２
2026-04-02,61,玉野,F1,9,13,3,14831.0,伊藤　裕貴,三重,2.99,Ｓ２
2026-04-02,61,玉野,F1,9,14,3,14831.0,伊藤　裕貴,三重,2.99,Ｓ２
2026-04-02,61,玉野,F1,9,15,3,14831.0,伊藤　裕貴,三重,2.99,Ｓ２
2026-04-02,61,玉野,F1,9,16,6,15535.0,佐藤　竜太,愛知,3.79,Ｓ２
2026-04-02,61,玉野,F1,9,17,6,15535.0,佐藤　竜太,愛知,3.79,Ｓ２
2026-04-02,61,玉野,F1,9,18,6,15535.0,佐藤　竜太,愛知,3.79,Ｓ２
2026-04-02,61,玉野,F1,9,19,4,13230.0,開坂　秀明,青森,3.81,Ｓ２
2026-04-02,61,玉野,F1,9,20,4,13230.0,開坂　秀明,青森,3.81,Ｓ２
2026-04-02,61,玉野,F1,9,21,4,13230.0,開坂　秀明,青森,3.81,Ｓ２
2026-04-02,61,玉野,F1,10,1,4,14700.0,川口公太朗,岐阜,2.24,Ｓ１
2026-04-02,61,玉野,F1,10,2,4,14700.0,川口公太朗,岐阜,2.24,Ｓ１
2026-04-02,61,玉野,F1,10,3,4,14700.0,川口公太朗,岐阜,2.24,Ｓ１
2026-04-02,61,玉野,F1,10,4,2,15814.0,岩井　　芯,岐阜,2.56,Ｓ２
2026-04-02,61,玉野,F1,10,5,2,15814.0,岩井　　芯,岐阜,2.56,Ｓ２
2026-04-02,61,玉野,F1,10,6,2,15814.0,岩井　　芯,岐阜,2.56,Ｓ２
2026-04-02,61,玉野,F1,10,7,1,14076.0,志村　太賀,山梨,2.67,Ｓ２
2026-04-02,61,玉野,F1,10,8,1,14076.0,志村　太賀,山梨,2.67,Ｓ２
2026-04-02,61,玉野,F1,10,9,1,14076.0,志村　太賀,山梨,2.67,Ｓ２
2026-04-02,61,玉野,F1,10,10,5,14249.0,鷲田　幸司,福井,2.70,Ｓ２
2026-04-02,61,玉野,F1,10,11,5,14249.0,鷲田　幸司,福井,2.70,Ｓ２
2026-04-02,61,玉野,F1,10,12,5,14249.0,鷲田　幸司,福井,2.70,Ｓ２
2026-04-02,61,玉野,F1,10,13,3,15041.0,伊藤慶太郎,埼玉,3.06,Ｓ２
2026-04-02,61,玉野,F1,10,14,3,15041.0,伊藤慶太郎,埼玉,3.06,Ｓ２
2026-04-02,61,玉野,F1,10,15,3,15041.0,伊藤慶太郎,埼玉,3.06,Ｓ２
2026-04-02,61,玉野,F1,10,16,7,13618.0,櫻井　　学,群馬,3.52,Ｓ２
2026-04-02,61,玉野,F1,10,17,7,13618.0,櫻井　　学,群馬,3.52,Ｓ２
2026-04-02,61,玉野,F1,10,18,7,13618.0,櫻井　　学,群馬,3.52,Ｓ２
2026-04-02,61,玉野,F1,10,19,6,15171.0,出澤　拓也,神奈,3.53,Ｓ２
2026-04-02,61,玉野,F1,10,20,6,15171.0,出澤　拓也,神奈,3.53,Ｓ２
2026-04-02,61,玉野,F1,10,21,6,15171.0,出澤　拓也,神奈,3.53,Ｓ２
2026-04-02,61,玉野,F1,11,1,1,15645.0,室井蓮太朗,徳島,2.15,Ｓ２
2026-04-02,61,玉野,F1,11,2,1,15645.0,室井蓮太朗,徳島,2.15,Ｓ２
2026-04-02,61,玉野,F1,11,3,1,15645.0,室井蓮太朗,徳島,2.15,Ｓ２
2026-04-02,61,玉野,F1,11,4,3,14640.0,新山　将史,青森,2.35,Ｓ１
2026-04-02,61,玉野,F1,11,5,3,14640.0,新山　将史,青森,2.35,Ｓ１
2026-04-02,61,玉野,F1,11,6,3,14640.0,新山　将史,青森,2.35,Ｓ１
2026-04-02,61,玉野,F1,11,7,4,14485.0,田中　勇二,岡山,2.44,Ｓ１
2026-04-02,61,玉野,F1,11,8,4,14485.0,田中　勇二,岡山,2.44,Ｓ１
2026-04-02,61,玉野,F1,11,9,4,14485.0,田中　勇二,岡山,2.44,Ｓ１
2026-04-02,61,玉野,F1,11,10,7,15654.0,梅崎　隆介,長崎,2.89,Ｓ２
2026-04-02,61,玉野,F1,11,11,7,15654.0,梅崎　隆介,長崎,2.89,Ｓ２
2026-04-02,61,玉野,F1,11,12,7,15654.0,梅崎　隆介,長崎,2.89,Ｓ２
2026-04-02,61,玉野,F1,11,13,2,13824.0,上吹越直樹,鹿児,3.10,Ｓ２
2026-04-02,61,玉野,F1,11,14,2,13824.0,上吹越直樹,鹿児,3.10,Ｓ２
2026-04-02,61,玉野,F1,11,15,2,13824.0,上吹越直樹,鹿児,3.10,Ｓ２
2026-04-02,61,玉野,F1,11,16,5,15602.0,比佐　宝太,福島,3.45,Ｓ２
2026-04-02,61,玉野,F1,11,17,5,15602.0,比佐　宝太,福島,3.45,Ｓ２
2026-04-02,61,玉野,F1,11,18,5,15602.0,比佐　宝太,福島,3.45,Ｓ２
2026-04-02,61,玉野,F1,11,19,6,14953.0,和田　誠寿,広島,4.12,Ｓ２
2026-04-02,61,玉野,F1,11,20,6,14953.0,和田　誠寿,広島,4.12,Ｓ２
2026-04-02,61,玉野,F1,11,21,6,14953.0,和田　誠寿,広島,4.12,Ｓ２
2026-04-02,61,玉野,F1,12,1,2,14681.0,松浦　悠士,広島,1.57,Ｓ１
2026-04-02,61,玉野,F1,12,2,2,14681.0,松浦　悠士,広島,1.57,Ｓ１
2026-04-02,61,玉野,F1,12,3,2,14681.0,松浦　悠士,広島,1.57,Ｓ１
2026-04-02,61,玉野,F1,12,4,7,14322.0,片岡　迪之,岡山,2.09,Ｓ１
2026-04-02,61,玉野,F1,12,5,7,14322.0,片岡　迪之,岡山,2.09,Ｓ１
2026-04-02,61,玉野,F1,12,6,7,14322.0,片岡　迪之,岡山,2.09,Ｓ１
2026-04-02,61,玉野,F1,12,7,4,14507.0,長島　大介,栃木,2.36,Ｓ１
2026-04-02,61,玉野,F1,12,8,4,14507.0,長島　大介,栃木,2.36,Ｓ１
2026-04-02,61,玉野,F1,12,9,4,14507.0,長島　大介,栃木,2.36,Ｓ１
2026-04-02,61,玉野,F1,12,10,5,14417.0,山田　庸平,佐賀,2.36,Ｓ１
2026-04-02,61,玉野,F1,12,11,5,14417.0,山田　庸平,佐賀,2.36,Ｓ１
2026-04-02,61,玉野,F1,12,12,5,14417.0,山田　庸平,佐賀,2.36,Ｓ１
2026-04-02,61,玉野,F1,12,13,6,14588.0,柿澤　大貴,長野,2.62,Ｓ１
2026-04-02,61,玉野,F1,12,14,6,14588.0,柿澤　大貴,長野,2.62,Ｓ１
2026-04-02,61,玉野,F1,12,15,6,14588.0,柿澤　大貴,長野,2.62,Ｓ１
2026-04-02,61,玉野,F1,12,16,1,14377.0,岩本　俊介,千葉,2.78,Ｓ１
2026-04-02,61,玉野,F1,12,17,1,14377.0,岩本　俊介,千葉,2.78,Ｓ１
2026-04-02,61,玉野,F1,12,18,1,14377.0,岩本　俊介,千葉,2.78,Ｓ１
2026-04-02,61,玉野,F1,12,19,3,13730.0,東口　善朋,和歌,2.78,Ｓ１
2026-04-02,61,玉野,F1,12,20,3,13730.0,東口　善朋,和歌,2.78,Ｓ１
2026-04-02,61,玉野,F1,12,21,3,13730.0,東口　善朋,和歌,2.78,Ｓ１
2026-04-02,81,小倉,F2,1,1,2,14662.0,櫻井　宏樹,東京,2.46,Ａ３
2026-04-02,81,小倉,F2,1,2,2,14662.0,櫻井　宏樹,東京,2.46,Ａ３
2026-04-02,81,小倉,F2,1,3,2,14662.0,櫻井　宏樹,東京,2.46,Ａ３
2026-04-02,81,小倉,F2,1,4,1,13143.0,鳥生　知八,愛媛,2.55,Ａ３
2026-04-02,81,小倉,F2,1,5,1,13143.0,鳥生　知八,愛媛,2.55,Ａ３
2026-04-02,81,小倉,F2,1,6,1,13143.0,鳥生　知八,愛媛,2.55,Ａ３
2026-04-02,81,小倉,F2,1,7,3,15062.0,大室　　翔,岡山,2.57,Ａ３
2026-04-02,81,小倉,F2,1,8,3,15062.0,大室　　翔,岡山,2.57,Ａ３
2026-04-02,81,小倉,F2,1,9,3,15062.0,大室　　翔,岡山,2.57,Ａ３
2026-04-02,81,小倉,F2,1,10,5,14931.0,横田　政直,群馬,3.31,Ａ３
2026-04-02,81,小倉,F2,1,11,5,14931.0,横田　政直,群馬,3.31,Ａ３
2026-04-02,81,小倉,F2,1,12,5,14931.0,横田　政直,群馬,3.31,Ａ３
2026-04-02,81,小倉,F2,1,13,6,12677.0,花村　直人,三重,3.43,Ａ３
2026-04-02,81,小倉,F2,1,14,6,12677.0,花村　直人,三重,3.43,Ａ３
2026-04-02,81,小倉,F2,1,15,6,12677.0,花村　直人,三重,3.43,Ａ３
2026-04-02,81,小倉,F2,1,16,4,14678.0,樋口有樹郎,兵庫,3.45,Ａ３
2026-04-02,81,小倉,F2,1,17,4,14678.0,樋口有樹郎,兵庫,3.45,Ａ３
2026-04-02,81,小倉,F2,1,18,4,14678.0,樋口有樹郎,兵庫,3.45,Ａ３
2026-04-02,81,小倉,F2,1,19,7,14123.0,中村敏之輔,北海,6.07,Ａ３
2026-04-02,81,小倉,F2,1,20,7,14123.0,中村敏之輔,北海,6.07,Ａ３
2026-04-02,81,小倉,F2,1,21,7,14123.0,中村敏之輔,北海,6.07,Ａ３
2026-04-02,81,小倉,F2,2,1,1,14989.0,鈴木　　豪,福島,2.47,Ａ３
2026-04-02,81,小倉,F2,2,2,1,14989.0,鈴木　　豪,福島,2.47,Ａ３
2026-04-02,81,小倉,F2,2,3,1,14989.0,鈴木　　豪,福島,2.47,Ａ３
2026-04-02,81,小倉,F2,2,4,3,13847.0,小林　大能,千葉,2.54,Ａ３
2026-04-02,81,小倉,F2,2,5,3,13847.0,小林　大能,千葉,2.54,Ａ３
2026-04-02,81,小倉,F2,2,6,3,13847.0,小林　大能,千葉,2.54,Ａ３
2026-04-02,81,小倉,F2,2,7,2,14693.0,高田　大輔,岡山,2.56,Ａ３
2026-04-02,81,小倉,F2,2,8,2,14693.0,高田　大輔,岡山,2.56,Ａ３
2026-04-02,81,小倉,F2,2,9,2,14693.0,高田　大輔,岡山,2.56,Ａ３
2026-04-02,81,小倉,F2,2,10,4,14413.0,松本　充生,愛媛,2.97,Ａ３
2026-04-02,81,小倉,F2,2,11,4,14413.0,松本　充生,愛媛,2.97,Ａ３
2026-04-02,81,小倉,F2,2,12,4,14413.0,松本　充生,愛媛,2.97,Ａ３
2026-04-02,81,小倉,F2,2,13,7,15915.0,柏野　健吾,岡山,6.20,Ａ３
2026-04-02,81,小倉,F2,2,14,7,15915.0,柏野　健吾,岡山,6.20,Ａ３
2026-04-02,81,小倉,F2,2,15,7,15915.0,柏野　健吾,岡山,6.20,Ａ３
2026-04-02,81,小倉,F2,2,16,5,11431.0,梶應　弘樹,愛媛,7.04,Ａ３
2026-04-02,81,小倉,F2,2,17,5,11431.0,梶應　弘樹,愛媛,7.04,Ａ３
2026-04-02,81,小倉,F2,2,18,5,11431.0,梶應　弘樹,愛媛,7.04,Ａ３
2026-04-02,81,小倉,F2,2,19,6,13397.0,鈴木龍之介,栃木,7.27,Ａ３
2026-04-02,81,小倉,F2,2,20,6,13397.0,鈴木龍之介,栃木,7.27,Ａ３
2026-04-02,81,小倉,F2,2,21,6,13397.0,鈴木龍之介,栃木,7.27,Ａ３
2026-04-02,81,小倉,F2,3,1,1,14075.0,松根　　真,東京,1.54,Ａ３
2026-04-02,81,小倉,F2,3,2,1,14075.0,松根　　真,東京,1.54,Ａ３
2026-04-02,81,小倉,F2,3,3,1,14075.0,松根　　真,東京,1.54,Ａ３
2026-04-02,81,小倉,F2,3,4,4,11790.0,廣川　貞治,東京,2.09,Ａ３
2026-04-02,81,小倉,F2,3,5,4,11790.0,廣川　貞治,東京,2.09,Ａ３
2026-04-02,81,小倉,F2,3,6,4,11790.0,廣川　貞治,東京,2.09,Ａ３
2026-04-02,81,小倉,F2,3,7,2,14432.0,相澤　恵一,宮城,2.37,Ａ３
2026-04-02,81,小倉,F2,3,8,2,14432.0,相澤　恵一,宮城,2.37,Ａ３
2026-04-02,81,小倉,F2,3,9,2,14432.0,相澤　恵一,宮城,2.37,Ａ３
2026-04-02,81,小倉,F2,3,10,3,15542.0,中嶋　　樹,大阪,2.76,Ａ３
2026-04-02,81,小倉,F2,3,11,3,15542.0,中嶋　　樹,大阪,2.76,Ａ３
2026-04-02,81,小倉,F2,3,12,3,15542.0,中嶋　　樹,大阪,2.76,Ａ３
2026-04-02,81,小倉,F2,3,13,7,13797.0,平川　公一,大阪,2.89,Ａ３
2026-04-02,81,小倉,F2,3,14,7,13797.0,平川　公一,大阪,2.89,Ａ３
2026-04-02,81,小倉,F2,3,15,7,13797.0,平川　公一,大阪,2.89,Ａ３
2026-04-02,81,小倉,F2,3,16,6,13186.0,永山　英司,神奈,2.98,Ａ３
2026-04-02,81,小倉,F2,3,17,6,13186.0,永山　英司,神奈,2.98,Ａ３
2026-04-02,81,小倉,F2,3,18,6,13186.0,永山　英司,神奈,2.98,Ａ３
2026-04-02,81,小倉,F2,3,19,5,13082.0,小泉　俊也,静岡,3.47,Ａ３
2026-04-02,81,小倉,F2,3,20,5,13082.0,小泉　俊也,静岡,3.47,Ａ３
2026-04-02,81,小倉,F2,3,21,5,13082.0,小泉　俊也,静岡,3.47,Ａ３
2026-04-02,81,小倉,F2,4,1,1,11622.0,杉山　正和,三重,2.09,Ａ３
2026-04-02,81,小倉,F2,4,2,1,11622.0,杉山　正和,三重,2.09,Ａ３
2026-04-02,81,小倉,F2,4,3,1,11622.0,杉山　正和,三重,2.09,Ａ３
2026-04-02,81,小倉,F2,4,4,3,12938.0,鈴木　規純,福島,2.32,Ａ３
2026-04-02,81,小倉,F2,4,5,3,12938.0,鈴木　規純,福島,2.32,Ａ３
2026-04-02,81,小倉,F2,4,6,3,12938.0,鈴木　規純,福島,2.32,Ａ３
2026-04-02,81,小倉,F2,4,7,2,15295.0,篠田　　樹,大分,2.52,Ａ３
2026-04-02,81,小倉,F2,4,8,2,15295.0,篠田　　樹,大分,2.52,Ａ３
2026-04-02,81,小倉,F2,4,9,2,15295.0,篠田　　樹,大分,2.52,Ａ３
2026-04-02,81,小倉,F2,4,10,5,14430.0,橋本　祐司,青森,2.58,Ａ３
2026-04-02,81,小倉,F2,4,11,5,14430.0,橋本　祐司,青森,2.58,Ａ３
2026-04-02,81,小倉,F2,4,12,5,14430.0,橋本　祐司,青森,2.58,Ａ３
2026-04-02,81,小倉,F2,4,13,7,12970.0,山内　大作,静岡,3.03,Ａ３
2026-04-02,81,小倉,F2,4,14,7,12970.0,山内　大作,静岡,3.03,Ａ３
2026-04-02,81,小倉,F2,4,15,7,12970.0,山内　大作,静岡,3.03,Ａ３
2026-04-02,81,小倉,F2,4,16,6,13470.0,畠山　裕行,神奈,3.06,Ａ３
2026-04-02,81,小倉,F2,4,17,6,13470.0,畠山　裕行,神奈,3.06,Ａ３
2026-04-02,81,小倉,F2,4,18,6,13470.0,畠山　裕行,神奈,3.06,Ａ３
2026-04-02,81,小倉,F2,4,19,4,13927.0,高橋　由記,群馬,3.45,Ａ３
2026-04-02,81,小倉,F2,4,20,4,13927.0,高橋　由記,群馬,3.45,Ａ３
2026-04-02,81,小倉,F2,4,21,4,13927.0,高橋　由記,群馬,3.45,Ａ３
2026-04-02,81,小倉,F2,5,1,1,15914.0,西森　一稀,兵庫,1.88,Ａ３
2026-04-02,81,小倉,F2,5,2,1,15914.0,西森　一稀,兵庫,1.88,Ａ３
2026-04-02,81,小倉,F2,5,3,1,15914.0,西森　一稀,兵庫,1.88,Ａ３
2026-04-02,81,小倉,F2,5,4,5,13261.0,柴田　昌樹,愛知,2.15,Ａ３
2026-04-02,81,小倉,F2,5,5,5,13261.0,柴田　昌樹,愛知,2.15,Ａ３
2026-04-02,81,小倉,F2,5,6,5,13261.0,柴田　昌樹,愛知,2.15,Ａ３
2026-04-02,81,小倉,F2,5,7,3,12956.0,鈴木　孝征,埼玉,2.21,Ａ３
2026-04-02,81,小倉,F2,5,8,3,12956.0,鈴木　孝征,埼玉,2.21,Ａ３
2026-04-02,81,小倉,F2,5,9,3,12956.0,鈴木　孝征,埼玉,2.21,Ａ３
2026-04-02,81,小倉,F2,5,10,2,15871.0,三浦　生誠,岩手,2.47,Ａ３
2026-04-02,81,小倉,F2,5,11,2,15871.0,三浦　生誠,岩手,2.47,Ａ３
2026-04-02,81,小倉,F2,5,12,2,15871.0,三浦　生誠,岩手,2.47,Ａ３
2026-04-02,81,小倉,F2,5,13,6,13796.0,陶器　一馬,大阪,2.49,Ａ３
2026-04-02,81,小倉,F2,5,14,6,13796.0,陶器　一馬,大阪,2.49,Ａ３
2026-04-02,81,小倉,F2,5,15,6,13796.0,陶器　一馬,大阪,2.49,Ａ３
2026-04-02,81,小倉,F2,5,16,7,13027.0,戸ノ下太郎,千葉,2.78,Ａ３
2026-04-02,81,小倉,F2,5,17,7,13027.0,戸ノ下太郎,千葉,2.78,Ａ３
2026-04-02,81,小倉,F2,5,18,7,13027.0,戸ノ下太郎,千葉,2.78,Ａ３
2026-04-02,81,小倉,F2,5,19,4,15710.0,鈴木　康平,静岡,3.13,Ａ３
2026-04-02,81,小倉,F2,5,20,4,15710.0,鈴木　康平,静岡,3.13,Ａ３
2026-04-02,81,小倉,F2,5,21,4,15710.0,鈴木　康平,静岡,3.13,Ａ３
2026-04-02,81,小倉,F2,6,1,1,15934.0,吉田　　航,大分,1.69,Ａ３
2026-04-02,81,小倉,F2,6,2,1,15934.0,吉田　　航,大分,1.69,Ａ３
2026-04-02,81,小倉,F2,6,3,1,15934.0,吉田　　航,大分,1.69,Ａ３
2026-04-02,81,小倉,F2,6,4,7,13421.0,富澤　洋祐,静岡,2.08,Ａ３
2026-04-02,81,小倉,F2,6,5,7,13421.0,富澤　洋祐,静岡,2.08,Ａ３
2026-04-02,81,小倉,F2,6,6,7,13421.0,富澤　洋祐,静岡,2.08,Ａ３
2026-04-02,81,小倉,F2,6,7,6,14266.0,宮本　龍一,福岡,2.08,Ａ３
2026-04-02,81,小倉,F2,6,8,6,14266.0,宮本　龍一,福岡,2.08,Ａ３
2026-04-02,81,小倉,F2,6,9,6,14266.0,宮本　龍一,福岡,2.08,Ａ３
2026-04-02,81,小倉,F2,6,10,4,13235.0,榊枝　輝文,福島,2.16,Ａ３
2026-04-02,81,小倉,F2,6,11,4,13235.0,榊枝　輝文,福島,2.16,Ａ３
2026-04-02,81,小倉,F2,6,12,4,13235.0,榊枝　輝文,福島,2.16,Ａ３
2026-04-02,81,小倉,F2,6,13,5,13069.0,白川　有司,福岡,2.32,Ａ３
2026-04-02,81,小倉,F2,6,14,5,13069.0,白川　有司,福岡,2.32,Ａ３
2026-04-02,81,小倉,F2,6,15,5,13069.0,白川　有司,福岡,2.32,Ａ３
2026-04-02,81,小倉,F2,6,16,2,15890.0,中　　秀平,神奈,2.51,Ａ３
2026-04-02,81,小倉,F2,6,17,2,15890.0,中　　秀平,神奈,2.51,Ａ３
2026-04-02,81,小倉,F2,6,18,2,15890.0,中　　秀平,神奈,2.51,Ａ３
2026-04-02,81,小倉,F2,6,19,3,14124.0,石田　宏樹,青森,3.16,Ａ３
2026-04-02,81,小倉,F2,6,20,3,14124.0,石田　宏樹,青森,3.16,Ａ３
2026-04-02,81,小倉,F2,6,21,3,14124.0,石田　宏樹,青森,3.16,Ａ３
2026-04-02,81,小倉,F2,7,1,1,15869.0,杉浦　颯太,北海,1.30,Ａ３
2026-04-02,81,小倉,F2,7,2,1,15869.0,杉浦　颯太,北海,1.30,Ａ３
2026-04-02,81,小倉,F2,7,3,1,15869.0,杉浦　颯太,北海,1.30,Ａ３
2026-04-02,81,小倉,F2,7,4,2,13549.0,堀　　勝政,群馬,2.09,Ａ３
2026-04-02,81,小倉,F2,7,5,2,13549.0,堀　　勝政,群馬,2.09,Ａ３
2026-04-02,81,小倉,F2,7,6,2,13549.0,堀　　勝政,群馬,2.09,Ａ３
2026-04-02,81,小倉,F2,7,7,7,15012.0,勝部　貴博,福岡,2.30,Ａ３
2026-04-02,81,小倉,F2,7,8,7,15012.0,勝部　貴博,福岡,2.30,Ａ３
2026-04-02,81,小倉,F2,7,9,7,15012.0,勝部　貴博,福岡,2.30,Ａ３
2026-04-02,81,小倉,F2,7,10,4,12634.0,大薗　　宏,茨城,2.42,Ａ３
2026-04-02,81,小倉,F2,7,11,4,12634.0,大薗　　宏,茨城,2.42,Ａ３
2026-04-02,81,小倉,F2,7,12,4,12634.0,大薗　　宏,茨城,2.42,Ａ３
2026-04-02,81,小倉,F2,7,13,6,13210.0,川本　恵二,兵庫,2.44,Ａ３
2026-04-02,81,小倉,F2,7,14,6,13210.0,川本　恵二,兵庫,2.44,Ａ３
2026-04-02,81,小倉,F2,7,15,6,13210.0,川本　恵二,兵庫,2.44,Ａ３
2026-04-02,81,小倉,F2,7,16,3,13446.0,丸林　一孝,福岡,2.70,Ａ３
2026-04-02,81,小倉,F2,7,17,3,13446.0,丸林　一孝,福岡,2.70,Ａ３
2026-04-02,81,小倉,F2,7,18,3,13446.0,丸林　一孝,福岡,2.70,Ａ３
2026-04-02,81,小倉,F2,7,19,5,15900.0,花田　雄飛,愛知,2.80,Ａ３
2026-04-02,81,小倉,F2,7,20,5,15900.0,花田　雄飛,愛知,2.80,Ａ３
2026-04-02,81,小倉,F2,7,21,5,15900.0,花田　雄飛,愛知,2.80,Ａ３
2026-04-02,84,武雄,F2,1,1,5,15020.0,奥井　　迪,東京,1.79,Ｌ１
2026-04-02,84,武雄,F2,1,2,5,15020.0,奥井　　迪,東京,1.79,Ｌ１
2026-04-02,84,武雄,F2,1,3,5,15020.0,奥井　　迪,東京,1.79,Ｌ１
2026-04-02,84,武雄,F2,1,4,4,15938.0,牧田　咲子,青森,2.06,Ｌ１
2026-04-02,84,武雄,F2,1,5,4,15938.0,牧田　咲子,青森,2.06,Ｌ１
2026-04-02,84,武雄,F2,1,6,4,15938.0,牧田　咲子,青森,2.06,Ｌ１
2026-04-02,84,武雄,F2,1,7,1,15864.0,田野口佳奈,香川,2.06,Ｌ１
2026-04-02,84,武雄,F2,1,8,1,15864.0,田野口佳奈,香川,2.06,Ｌ１
2026-04-02,84,武雄,F2,1,9,1,15864.0,田野口佳奈,香川,2.06,Ｌ１
2026-04-02,84,武雄,F2,1,10,3,15313.0,豊岡　英子,大阪,2.17,Ｌ１
2026-04-02,84,武雄,F2,1,11,3,15313.0,豊岡　英子,大阪,2.17,Ｌ１
2026-04-02,84,武雄,F2,1,12,3,15313.0,豊岡　英子,大阪,2.17,Ｌ１
2026-04-02,84,武雄,F2,1,13,6,15503.0,田中　月菜,佐賀,2.30,Ｌ１
2026-04-02,84,武雄,F2,1,14,6,15503.0,田中　月菜,佐賀,2.30,Ｌ１
2026-04-02,84,武雄,F2,1,15,6,15503.0,田中　月菜,佐賀,2.30,Ｌ１
2026-04-02,84,武雄,F2,1,16,2,15867.0,是永ゆうき,大分,2.35,Ｌ１
2026-04-02,84,武雄,F2,1,17,2,15867.0,是永ゆうき,大分,2.35,Ｌ１
2026-04-02,84,武雄,F2,1,18,2,15867.0,是永ゆうき,大分,2.35,Ｌ１
2026-04-02,84,武雄,F2,1,19,7,14897.0,岡村　育子,埼玉,2.71,Ｌ１
2026-04-02,84,武雄,F2,1,20,7,14897.0,岡村　育子,埼玉,2.71,Ｌ１
2026-04-02,84,武雄,F2,1,21,7,14897.0,岡村　育子,埼玉,2.71,Ｌ１
2026-04-02,84,武雄,F2,2,1,7,15320.0,那須　萌美,宮崎,1.36,Ｌ１
2026-04-02,84,武雄,F2,2,2,7,15320.0,那須　萌美,宮崎,1.36,Ｌ１
2026-04-02,84,武雄,F2,2,3,7,15320.0,那須　萌美,宮崎,1.36,Ｌ１
2026-04-02,84,武雄,F2,2,4,4,14922.0,田口　梓乃,山口,1.97,Ｌ１
2026-04-02,84,武雄,F2,2,5,4,14922.0,田口　梓乃,山口,1.97,Ｌ１
2026-04-02,84,武雄,F2,2,6,4,14922.0,田口　梓乃,山口,1.97,Ｌ１
2026-04-02,84,武雄,F2,2,7,6,15763.0,山口　優依,愛知,1.97,Ｌ１
2026-04-02,84,武雄,F2,2,8,6,15763.0,山口　優依,愛知,1.97,Ｌ１
2026-04-02,84,武雄,F2,2,9,6,15763.0,山口　優依,愛知,1.97,Ｌ１
2026-04-02,84,武雄,F2,2,10,2,15858.0,平子　結菜,三重,2.17,Ｌ１
2026-04-02,84,武雄,F2,2,11,2,15858.0,平子　結菜,三重,2.17,Ｌ１
2026-04-02,84,武雄,F2,2,12,2,15858.0,平子　結菜,三重,2.17,Ｌ１
2026-04-02,84,武雄,F2,2,13,5,15017.0,青木　美優,栃木,2.18,Ｌ１
2026-04-02,84,武雄,F2,2,14,5,15017.0,青木　美優,栃木,2.18,Ｌ１
2026-04-02,84,武雄,F2,2,15,5,15017.0,青木　美優,栃木,2.18,Ｌ１
2026-04-02,84,武雄,F2,2,16,3,14910.0,篠崎　新純,千葉,2.33,Ｌ１
2026-04-02,84,武雄,F2,2,17,3,14910.0,篠崎　新純,千葉,2.33,Ｌ１
2026-04-02,84,武雄,F2,2,18,3,14910.0,篠崎　新純,千葉,2.33,Ｌ１
2026-04-02,84,武雄,F2,2,19,1,15018.0,高橋　梨香,埼玉,2.55,Ｌ１
2026-04-02,84,武雄,F2,2,20,1,15018.0,高橋　梨香,埼玉,2.55,Ｌ１
2026-04-02,84,武雄,F2,2,21,1,15018.0,高橋　梨香,埼玉,2.55,Ｌ１
2026-04-02,84,武雄,F2,3,1,7,13822.0,米原　大輔,沖縄,2.25,Ａ３
2026-04-02,84,武雄,F2,3,2,7,13822.0,米原　大輔,沖縄,2.25,Ａ３
2026-04-02,84,武雄,F2,3,3,7,13822.0,米原　大輔,沖縄,2.25,Ａ３
2026-04-02,84,武雄,F2,3,4,1,14242.0,亀谷　隆一,神奈,2.40,Ａ３
2026-04-02,84,武雄,F2,3,5,1,14242.0,亀谷　隆一,神奈,2.40,Ａ３
2026-04-02,84,武雄,F2,3,6,1,14242.0,亀谷　隆一,神奈,2.40,Ａ３
2026-04-02,84,武雄,F2,3,7,5,14382.0,伊藤　　翼,神奈,3.13,Ａ３
2026-04-02,84,武雄,F2,3,8,5,14382.0,伊藤　　翼,神奈,3.13,Ａ３
2026-04-02,84,武雄,F2,3,9,5,14382.0,伊藤　　翼,神奈,3.13,Ａ３
2026-04-02,84,武雄,F2,3,10,6,13965.0,岡田　雅也,高知,3.35,Ａ３
2026-04-02,84,武雄,F2,3,11,6,13965.0,岡田　雅也,高知,3.35,Ａ３
2026-04-02,84,武雄,F2,3,12,6,13965.0,岡田　雅也,高知,3.35,Ａ３
2026-04-02,84,武雄,F2,3,13,3,13776.0,小塚　　潤,愛知,3.42,Ａ３
2026-04-02,84,武雄,F2,3,14,3,13776.0,小塚　　潤,愛知,3.42,Ａ３
2026-04-02,84,武雄,F2,3,15,3,13776.0,小塚　　潤,愛知,3.42,Ａ３
2026-04-02,84,武雄,F2,3,16,2,12832.0,仙石　　淳,沖縄,3.49,Ａ３
2026-04-02,84,武雄,F2,3,17,2,12832.0,仙石　　淳,沖縄,3.49,Ａ３
2026-04-02,84,武雄,F2,3,18,2,12832.0,仙石　　淳,沖縄,3.49,Ａ３
2026-04-02,84,武雄,F2,3,19,4,13375.0,五反田豊和,宮崎,3.56,Ａ３
2026-04-02,84,武雄,F2,3,20,4,13375.0,五反田豊和,宮崎,3.56,Ａ３
2026-04-02,84,武雄,F2,3,21,4,13375.0,五反田豊和,宮崎,3.56,Ａ３
2026-04-02,84,武雄,F2,4,1,2,13216.0,古城　英之,広島,2.30,Ａ３
2026-04-02,84,武雄,F2,4,2,2,13216.0,古城　英之,広島,2.30,Ａ３
2026-04-02,84,武雄,F2,4,3,2,13216.0,古城　英之,広島,2.30,Ａ３
2026-04-02,84,武雄,F2,4,4,6,12406.0,濱田昭一郎,鹿児,2.74,Ａ３
2026-04-02,84,武雄,F2,4,5,6,12406.0,濱田昭一郎,鹿児,2.74,Ａ３
2026-04-02,84,武雄,F2,4,6,6,12406.0,濱田昭一郎,鹿児,2.74,Ａ３
2026-04-02,84,武雄,F2,4,7,1,12997.0,後田　康成,長崎,3.02,Ａ３
2026-04-02,84,武雄,F2,4,8,1,12997.0,後田　康成,長崎,3.02,Ａ３
2026-04-02,84,武雄,F2,4,9,1,12997.0,後田　康成,長崎,3.02,Ａ３
2026-04-02,84,武雄,F2,4,10,7,14957.0,永田　秀佑,長崎,3.16,Ａ３
2026-04-02,84,武雄,F2,4,11,7,14957.0,永田　秀佑,長崎,3.16,Ａ３
2026-04-02,84,武雄,F2,4,12,7,14957.0,永田　秀佑,長崎,3.16,Ａ３
2026-04-02,84,武雄,F2,4,13,4,15286.0,土居　佑次,高知,3.24,Ａ３
2026-04-02,84,武雄,F2,4,14,4,15286.0,土居　佑次,高知,3.24,Ａ３
2026-04-02,84,武雄,F2,4,15,4,15286.0,土居　佑次,高知,3.24,Ａ３
2026-04-02,84,武雄,F2,4,16,3,12646.0,大澤　裕之,埼玉,3.28,Ａ３
2026-04-02,84,武雄,F2,4,17,3,12646.0,大澤　裕之,埼玉,3.28,Ａ３
2026-04-02,84,武雄,F2,4,18,3,12646.0,大澤　裕之,埼玉,3.28,Ａ３
2026-04-02,84,武雄,F2,4,19,5,14739.0,里見　恒平,千葉,3.57,Ａ３
2026-04-02,84,武雄,F2,4,20,5,14739.0,里見　恒平,千葉,3.57,Ａ３
2026-04-02,84,武雄,F2,4,21,5,14739.0,里見　恒平,千葉,3.57,Ａ３
2026-04-02,84,武雄,F2,5,1,1,13040.0,服部　竜二,愛知,2.35,Ａ３
2026-04-02,84,武雄,F2,5,2,1,13040.0,服部　竜二,愛知,2.35,Ａ３
2026-04-02,84,武雄,F2,5,3,1,13040.0,服部　竜二,愛知,2.35,Ａ３
2026-04-02,84,武雄,F2,5,4,2,12879.0,石井　　毅,神奈,2.80,Ａ３
2026-04-02,84,武雄,F2,5,5,2,12879.0,石井　　毅,神奈,2.80,Ａ３
2026-04-02,84,武雄,F2,5,6,2,12879.0,石井　　毅,神奈,2.80,Ａ３
2026-04-02,84,武雄,F2,5,7,6,12432.0,石井　　孝,千葉,2.89,Ａ３
2026-04-02,84,武雄,F2,5,8,6,12432.0,石井　　孝,千葉,2.89,Ａ３
2026-04-02,84,武雄,F2,5,9,6,12432.0,石井　　孝,千葉,2.89,Ａ３
2026-04-02,84,武雄,F2,5,10,4,15892.0,山本　和瑳,神奈,2.98,Ａ３
2026-04-02,84,武雄,F2,5,11,4,15892.0,山本　和瑳,神奈,2.98,Ａ３
2026-04-02,84,武雄,F2,5,12,4,15892.0,山本　和瑳,神奈,2.98,Ａ３
2026-04-02,84,武雄,F2,5,13,7,15355.0,磯村　蓮太,愛知,3.02,Ａ３
2026-04-02,84,武雄,F2,5,14,7,15355.0,磯村　蓮太,愛知,3.02,Ａ３
2026-04-02,84,武雄,F2,5,15,7,15355.0,磯村　蓮太,愛知,3.02,Ａ３
2026-04-02,84,武雄,F2,5,16,5,14503.0,真船　拓磨,福島,3.31,Ａ３
2026-04-02,84,武雄,F2,5,17,5,14503.0,真船　拓磨,福島,3.31,Ａ３
2026-04-02,84,武雄,F2,5,18,5,14503.0,真船　拓磨,福島,3.31,Ａ３
2026-04-02,84,武雄,F2,5,19,3,14357.0,佐藤　康恭,福島,3.33,Ａ３
2026-04-02,84,武雄,F2,5,20,3,14357.0,佐藤　康恭,福島,3.33,Ａ３
2026-04-02,84,武雄,F2,5,21,3,14357.0,佐藤　康恭,福島,3.33,Ａ３
2026-04-02,84,武雄,F2,6,1,1,15160.0,牧田　賢也,福島,2.14,Ａ３
2026-04-02,84,武雄,F2,6,2,1,15160.0,牧田　賢也,福島,2.14,Ａ３
2026-04-02,84,武雄,F2,6,3,1,15160.0,牧田　賢也,福島,2.14,Ａ３
2026-04-02,84,武雄,F2,6,4,7,13998.0,桂馬　将人,福島,2.92,Ａ３
2026-04-02,84,武雄,F2,6,5,7,13998.0,桂馬　将人,福島,2.92,Ａ３
2026-04-02,84,武雄,F2,6,6,7,13998.0,桂馬　将人,福島,2.92,Ａ３
2026-04-02,84,武雄,F2,6,7,2,13128.0,梶原　秀庸,大阪,2.99,Ａ３
2026-04-02,84,武雄,F2,6,8,2,13128.0,梶原　秀庸,大阪,2.99,Ａ３
2026-04-02,84,武雄,F2,6,9,2,13128.0,梶原　秀庸,大阪,2.99,Ａ３
2026-04-02,84,武雄,F2,6,10,6,14610.0,山村　慮太,大阪,3.00,Ａ３
2026-04-02,84,武雄,F2,6,11,6,14610.0,山村　慮太,大阪,3.00,Ａ３
2026-04-02,84,武雄,F2,6,12,6,14610.0,山村　慮太,大阪,3.00,Ａ３
2026-04-02,84,武雄,F2,6,13,5,14019.0,長崎　達也,神奈,3.26,Ａ３
2026-04-02,84,武雄,F2,6,14,5,14019.0,長崎　達也,神奈,3.26,Ａ３
2026-04-02,84,武雄,F2,6,15,5,14019.0,長崎　達也,神奈,3.26,Ａ３
2026-04-02,84,武雄,F2,6,16,3,11792.0,木下　　章,長野,3.38,Ａ３
2026-04-02,84,武雄,F2,6,17,3,11792.0,木下　　章,長野,3.38,Ａ３
2026-04-02,84,武雄,F2,6,18,3,11792.0,木下　　章,長野,3.38,Ａ３
2026-04-02,84,武雄,F2,6,19,4,15164.0,菱沼　元樹,埼玉,3.42,Ａ３
2026-04-02,84,武雄,F2,6,20,4,15164.0,菱沼　元樹,埼玉,3.42,Ａ３
2026-04-02,84,武雄,F2,6,21,4,15164.0,菱沼　元樹,埼玉,3.42,Ａ３
2026-04-02,84,武雄,F2,7,1,5,15937.0,新垣　慶晃,沖縄,2.25,Ａ３
2026-04-02,84,武雄,F2,7,2,5,15937.0,新垣　慶晃,沖縄,2.25,Ａ３
2026-04-02,84,武雄,F2,7,3,5,15937.0,新垣　慶晃,沖縄,2.25,Ａ３
2026-04-02,84,武雄,F2,7,4,1,13371.0,足達　重満,長崎,2.53,Ａ３
2026-04-02,84,武雄,F2,7,5,1,13371.0,足達　重満,長崎,2.53,Ａ３
2026-04-02,84,武雄,F2,7,6,1,13371.0,足達　重満,長崎,2.53,Ａ３
2026-04-02,84,武雄,F2,7,7,2,13684.0,吉橋　秀城,埼玉,2.70,Ａ３
2026-04-02,84,武雄,F2,7,8,2,13684.0,吉橋　秀城,埼玉,2.70,Ａ３
2026-04-02,84,武雄,F2,7,9,2,13684.0,吉橋　秀城,埼玉,2.70,Ａ３
2026-04-02,84,武雄,F2,7,10,3,13063.0,赤松　秀展,高知,3.09,Ａ３
2026-04-02,84,武雄,F2,7,11,3,13063.0,赤松　秀展,高知,3.09,Ａ３
2026-04-02,84,武雄,F2,7,12,3,13063.0,赤松　秀展,高知,3.09,Ａ３
2026-04-02,84,武雄,F2,7,13,4,14666.0,等々力久就,長野,3.19,Ａ３
2026-04-02,84,武雄,F2,7,14,4,14666.0,等々力久就,長野,3.19,Ａ３
2026-04-02,84,武雄,F2,7,15,4,14666.0,等々力久就,長野,3.19,Ａ３
2026-04-02,84,武雄,F2,7,16,7,13109.0,志村　正洋,神奈,3.38,Ａ３
2026-04-02,84,武雄,F2,7,17,7,13109.0,志村　正洋,神奈,3.38,Ａ３
2026-04-02,84,武雄,F2,7,18,7,13109.0,志村　正洋,神奈,3.38,Ａ３
2026-04-02,84,武雄,F2,7,19,6,13905.0,藤原　義晴,岩手,3.70,Ａ３
2026-04-02,84,武雄,F2,7,20,6,13905.0,藤原　義晴,岩手,3.70,Ａ３
2026-04-02,84,武雄,F2,7,21,6,13905.0,藤原　義晴,岩手,3.70,Ａ３
