name_kanji,name_kana,prefecture,birthdate,age,gender,racer_id,term,grade,style
佐々木 浩三,ササキ コウゾウ,佐賀県,1962-05-23,62,男,10577,50,A3,追
高橋 京治,タカハシ キヨウジ,埼玉県,1963-11-26,61,男,10615,51,A3,追
三浦 靖,ミウラ ヤスシ,岐阜県,1964-09-29,60,男,10900,53,A2,追
村上 清隆,ムラカミ キヨタカ,山口県,1964-04-17,61,男,10920,53,A3,追
北沢 勝弘,キタザワ カツヒロ,栃木県,1962-09-21,62,男,10973,54,A3,追
小林 宏年,コバヤシ ヒロトシ,静岡県,1965-10-12,59,男,11142,55,A3,追
大竹 慎吾,オオタケ シンゴ,大分県,1965-06-13,59,男,11198,55,A3,追
中澤 孝之,ナカザワ タカユキ,大阪府,1965-06-09,59,男,11288,56,A2,追
長谷 俊昭,ハセ トシアキ,岡山県,1965-12-01,59,男,11301,56,A3,追
川添 輝彦,カワゾエ テルヒコ,沖縄県,1965-02-14,60,男,11328,56,A3,追
黒崎 直行,クロサキ ナオユキ,栃木県,1966-05-24,58,男,11341,57,A2,追
野崎 修一,ノザキ シユウイチ,栃木県,1963-02-07,62,男,11346,57,A3,追
遠澤 健二,トオサワ ケンジ,神奈川県,1965-02-13,60,男,11364,57,A3,追
石川 一浩,イシカワ カズヒロ,静岡県,1967-02-07,58,男,11367,57,A3,追
黒瀬 浩一,クロセ コウイチ,静岡県,1965-10-28,59,男,11372,57,A3,追
清水 広幸,シミズ ヒロユキ,愛知県,1966-12-14,58,男,11382,57,A2,追
小川 巧,オガワ タクミ,岡山県,1966-05-21,58,男,11417,57,A2,追
川口 秀人,カワグチ ヒデト,徳島県,1966-04-30,59,男,11427,57,A2,追
梶應 弘樹,カジオ コウキ,愛媛県,1965-10-21,59,男,11431,57,A3,追
重 一徳,シゲ カズノリ,鹿児島県,1964-04-02,61,男,11451,57,A2,追
杉浦 康一,スギウラ コウイチ,北海道,1965-04-06,60,男,11454,58,A2,追
川口 満宏,カワグチ ミツヒロ,東京都,1967-03-10,58,男,11477,58,S2,追
宮倉 勇,ミヤクラ イサム,千葉県,1964-07-16,60,男,11487,58,A1,追
大井 啓世,オオイ ヒロトシ,奈良県,1965-09-19,59,男,11519,58,A3,追
坂本 英一,サカモト エイイチ,栃木県,1967-10-30,57,男,11574,59,A3,追
和泉田 喜一,イズミタ キイチ,千葉県,1967-11-10,57,男,11599,59,A3,追
疋田 敏,ヒキタ サトシ,愛知県,1967-10-21,57,男,11619,59,A2,追
杉山 正和,スギヤマ マサカズ,三重県,1967-02-07,58,男,11622,59,A3,追
中澤 央治,ナカザワ エイジ,大阪府,1967-07-28,57,男,11634,59,A1,追
安藤 雄一,アンドウ ユウイチ,福岡県,1967-12-06,57,男,11655,59,A3,追
倉岡 慎太郎,クラオカ シンタロウ,熊本県,1967-10-27,57,男,11665,59,A3,追
金田 健一郎,カネダ ケンイチロウ,大阪府,1966-12-23,58,男,11712,60,A2,追
古原 勝己,コハラ カツミ,大阪府,1966-05-14,58,男,11713,60,A2,追
黒木 誠一,クロキ セイイチ,兵庫県,1967-09-12,57,男,11715,60,A3,両
中村 秀幸,ナカムラ ヒデユキ,高知県,1967-04-12,58,男,11733,60,A3,追
濱口 健二,ハマグチ ケンジ,高知県,1967-10-08,57,男,11734,60,A2,追
澤亀 浩司,サワカメ コウジ,福岡県,1968-01-08,57,男,11741,60,A3,追
齋藤 明,サイトウ アキラ,北海道,1967-05-17,57,男,11766,61,A3,追
廣川 貞治,ヒロカワ サダハル,東京都,1967-12-18,57,男,11790,61,A3,追
木下 章,キノシタ アキラ,長野県,1968-06-30,56,男,11792,61,A3,両
三住 博昭,ミスミ ヒロアキ,神奈川県,1968-07-12,56,男,11800,61,A1,追
植田 誠,ウエダ マコト,静岡県,1967-09-24,57,男,11803,61,A3,追
有賀 高士,アリガ タカシ,石川県,1969-03-18,56,男,11817,61,A2,追
中川 博文,ナカガワ ヒロフミ,福井県,1967-10-25,57,男,11821,61,A3,追
安田 光義,ヤスダ ミツヨシ,広島県,1965-06-12,59,男,11840,61,A3,追
高田 健一,タカタ ケンイチ,徳島県,1967-11-18,57,男,11846,61,A1,追
赤松 誠一,アカマツ セイイチ,高知県,1967-12-12,57,男,11847,61,A3,追
紫原 政文,シハラ マサフミ,福岡県,1968-03-05,57,男,11854,61,A1,追
神田 宏行,カンダ ヒロユキ,埼玉県,1968-01-15,57,男,11875,62,A3,追
島野 浩司,シマノ コウジ,愛知県,1969-01-28,56,男,11907,62,A1,追
高嶋 一朗,タカシマ イチロウ,岡山県,1967-06-21,57,男,11935,62,A2,追
茂木 和臣,モテギ カズオミ,埼玉県,1969-04-28,56,男,11990,63,A3,追
深井 高志,フカイ タカシ,東京都,1968-08-03,56,男,11993,63,A2,追
藤光 健一,フジミツ ケンイチ,東京都,1970-01-08,55,男,11994,63,A3,追
藤田 和彦,フジタ カズヒコ,神奈川県,1970-03-16,55,男,12005,63,A3,追
山原 利秀,ヤマハラ トシヒデ,高知県,1969-02-03,56,男,12042,63,A2,追
椿 佳友,ツバキ ヨシトモ,北海道,1968-05-09,57,男,12063,64,A3,追
高木 隆弘,タカギ タカヒロ,神奈川県,1969-05-20,55,男,12092,64,A2,追
斯波 雅貴,シバ マサキ,静岡県,1969-11-02,55,男,12097,64,A2,追
山城 光央,ヤマシロ ミツヒサ,静岡県,1969-06-09,55,男,12101,64,A3,追
市野 茂,イチノ シゲル,愛知県,1965-12-30,59,男,12104,64,A3,追
冨岡 健一,トミオカ ケンイチ,岐阜県,1969-11-25,55,男,12112,64,A2,追
長谷 隆志,ハセ タカシ,岡山県,1968-09-06,56,男,12124,64,A3,追
山根 泰道,ヤマネ ヤスミチ,岡山県,1969-08-01,55,男,12128,64,A2,追
石田 洋秀,イシダ ヒロヒデ,広島県,1970-01-29,55,男,12130,64,A2,追
甲斐下 智,カイシタ サトシ,広島県,1969-05-03,56,男,12132,64,A3,追
西島 貢司,ニシジマ コウシ,熊本県,1969-06-30,55,男,12154,64,A3,追
竹野 行登,タケノ ユキノブ,鹿児島県,1967-05-09,58,男,12157,64,A3,追
堀 政美,ホリ マサミ,茨城県,1969-02-08,56,男,12164,65,A1,追
乙川 高徳,オトガワ タカノリ,東京都,1970-08-06,54,男,12180,65,A3,追
井手 尚治,イデ シヨウジ,神奈川県,1970-01-01,55,男,12193,65,A2,追
奥山 雅士,オクヤマ マサシ,静岡県,1970-05-27,54,男,12197,65,A3,追
望月 裕一郎,モチヅキ ユウイチロウ,静岡県,1970-05-18,54,男,12202,65,A3,追
白井 一機,シライ カズキ,愛知県,1969-09-24,55,男,12206,65,A2,追
鰐渕 正利,ワニブチ マサトシ,愛知県,1970-01-02,55,男,12208,65,A3,追
武田 哲二,タケダ テツジ,京都府,1970-08-31,54,男,12216,65,A1,追
室井 竜二,ムロイ リユウジ,徳島県,1970-10-16,54,男,12234,65,S2,追
松木 竜也,マツギ タツヤ,愛媛県,1969-06-11,55,男,12241,65,A3,追
穴井 利久,アナイ トシヒサ,福岡県,1970-05-22,54,男,12242,65,A2,追
高田 誠,タカダ マコト,福岡県,1970-12-08,54,男,12247,65,A3,追
中井 大介,ナカイ ダイスケ,福岡県,1970-03-30,55,男,12248,65,A2,追
岡部 芳幸,オカベ ヨシユキ,福島県,1970-09-23,54,男,12261,66,A1,追
井上 典善,イノウエ テンゼン,千葉県,1968-05-31,56,男,12277,66,A3,追
富永 益生,トミナガ マスオ,愛知県,1971-03-31,54,男,12283,66,A2,追
西川 弘資,ニシカワ コウジ,三重県,1968-07-20,56,男,12287,66,A2,追
小西 芳樹,コニシ ヨシキ,大阪府,1970-10-07,54,男,12290,66,A2,追
星島 太,ホシジマ フトシ,岡山県,1970-12-18,54,男,12298,66,A2,追
増成 富夫,マスナリ トミオ,岡山県,1970-10-12,54,男,12299,66,A2,逃
脇田 良雄,ワキダ ヨシオ,広島県,1969-07-05,55,男,12302,66,A3,追
尾崎 勝弘,オザキ カツヒロ,徳島県,1968-08-26,56,男,12307,66,A3,追
高尾 剛文,タカオ タケフミ,福岡県,1969-07-29,55,男,12319,66,A3,追
檀 雄二,ダン ユウジ,福岡県,1968-03-12,57,男,12321,66,A2,追
國武 耕二,クニタケ コウジ,佐賀県,1969-09-27,55,男,12326,66,A1,追
松尾 正人,マツオ マサト,熊本県,1970-12-18,54,男,12329,66,A3,追
高谷 雅彦,タカヤ マサヒコ,青森県,1971-08-09,53,男,12336,67,A2,両
内藤 宣彦,ナイトウ ノブヒコ,秋田県,1971-03-02,54,男,12339,67,S1,追
金古 将人,カネコ マサト,福島県,1972-03-27,53,男,12340,67,A3,追
宮原 貴之,ミヤハラ タカユキ,栃木県,1970-05-26,54,男,12346,67,A3,追
飯田 威文,イイダ タケフミ,埼玉県,1971-11-15,53,男,12348,67,A3,追
小林 健,コバヤシ ケン,岡山県,1970-09-13,54,男,12379,67,A3,追
近藤 修康,コンドウ ノブヤス,岡山県,1971-10-19,53,男,12380,67,A1,追
田村 光昭,タムラ ミツアキ,広島県,1971-06-10,53,男,12383,67,A3,追
岡崎 昭次,オカザキ シヨウジ,愛媛県,1971-08-06,53,男,12389,67,A2,追
時松 正,トキマツ タダシ,熊本県,1971-06-30,53,男,12402,67,A3,追
濱田 昭一郎,ハマダ シヨウイチロウ,鹿児島県,1968-08-25,56,男,12406,67,A3,追
櫻井 紀幸,サクライ ノリユキ,群馬県,1971-05-05,54,男,12416,68,A3,追
須藤 直道,ストウ ナオミチ,群馬県,1971-10-04,53,男,12417,68,A1,追
小沼 良,オヌマ リヨウ,埼玉県,1971-06-01,53,男,12421,68,S2,追
會田 正一,アイダ シヨウイチ,千葉県,1970-06-15,54,男,12431,68,A2,追
石井 孝,イシイ タカシ,千葉県,1971-08-26,53,男,12432,68,A2,追
渡邊 秀明,ワタナベ ヒデアキ,神奈川県,1971-10-08,53,男,12436,68,A3,追
河合 康晴,カワイ ヤスハル,静岡県,1970-02-03,55,男,12439,68,A2,追
垣外中 勝哉,カイトナカ カツヤ,大阪府,1971-04-10,54,男,12444,68,A3,追
山口 富生,ヤマグチ トミオ,岐阜県,1970-01-06,55,男,12450,68,S1,追
伊藤 健詞,イトウ ケンジ,石川県,1970-03-14,55,男,12452,68,A1,追
郡 英治,コオリ エイジ,広島県,1969-10-03,55,男,12466,68,A1,追
大山 泰伸,オオヤマ ヤスノブ,香川県,1971-11-09,53,男,12472,68,A3,追
清水 邦章,シミズ クニアキ,香川県,1970-10-12,54,男,12473,68,A2,追
小川 圭二,オガワ ケイジ,徳島県,1970-12-26,54,男,12474,68,A1,追
加倉 正義,カクラ マサヨシ,福岡県,1971-05-22,53,男,12478,68,A1,追
田中 弘章,タナカ ヒロアキ,福岡県,1971-11-08,53,男,12479,68,A2,追
紺野 哲也,コンノ テツヤ,宮城県,1972-12-29,52,男,12487,69,S2,追
中村 淳,ナカムラ ジユン,栃木県,1971-12-13,53,男,12496,69,A3,追
赤石 聡,アカイシ サトシ,群馬県,1972-08-18,52,男,12498,69,A3,追
金子 真也,カネコ シンヤ,群馬県,1972-07-04,52,男,12501,69,S2,追
爲田 学,タメダ マナブ,沖縄県,1972-08-15,52,男,12507,69,A2,追
岡嵜 浩一,オカザキ コウイチ,神奈川県,1968-06-02,56,男,12509,69,A3,追
眞原 健一,マハラ ケンイチ,神奈川県,1973-01-18,52,男,12512,69,A3,追
海野 敦男,ウンノ アツオ,静岡県,1971-06-08,53,男,12514,69,A3,追
藤原 誠,フジワラ マコト,岐阜県,1972-04-29,53,男,12519,69,A1,追
木本 賢二,キモト ケンジ,大阪府,1972-04-16,53,男,12529,69,A2,追
池上 孝之,イケガミ タカユキ,兵庫県,1971-08-20,53,男,12530,69,A3,追
西郷 剛,サイゴウ ツヨシ,兵庫県,1969-05-27,55,男,12532,69,A3,追
澤田 義和,サワダ ヨシカズ,兵庫県,1972-10-09,52,男,12533,69,S2,追
取鳥 敬一,トツトリ ケイイチ,岡山県,1971-11-30,53,男,12537,69,A3,追
室井 健一,ムロイ ケンイチ,徳島県,1970-10-16,54,男,12541,69,S2,追
森下 忠夫,モリシタ タダオ,高知県,1972-07-14,52,男,12542,69,A3,追
上田 学,ウエダ マナブ,愛媛県,1971-06-01,53,男,12544,69,A1,追
神開 将暢,シンカイ マサノブ,福岡県,1972-10-07,52,男,12546,69,A2,追
横瀬 聡,ヨコセ サトシ,福岡県,1971-08-10,53,男,12547,69,A3,追
荒木 真慈,アラキ シンジ,熊本県,1971-11-30,53,男,12550,69,A3,追
落合 豊,オチアイ ユタカ,茨城県,1971-04-26,54,男,12556,69,A3,追
相良 勝美,サガラ カツミ,福島県,1972-01-27,53,男,12559,70,A3,追
岡崎 徹,オカザキ トオル,神奈川県,1972-03-02,53,男,12583,70,A3,追
郷坪 和博,ゴウツボ カズヒロ,神奈川県,1969-12-08,55,男,12585,70,A3,追
佐藤 和典,サトウ カズノリ,神奈川県,1971-05-18,53,男,12586,70,A3,追
山崎 敦雄,ヤマザキ アツオ,静岡県,1972-11-23,52,男,12590,70,A1,追
水谷 良和,ミズタニ ヨシカズ,愛知県,1971-07-01,53,男,12592,70,S2,追
山田 圭二,ヤマダ ケイジ,愛知県,1972-03-09,53,男,12593,70,A3,追
志智 俊夫,シツチ トシオ,岐阜県,1972-09-03,52,男,12596,70,S1,追
塚本 貴雄,ツカモト タカオ,岐阜県,1971-05-23,53,男,12597,70,A3,追
大庭 正紀,オオニワ マサノリ,富山県,1970-05-20,54,男,12598,70,A2,追
吉村 文隆,ヨシムラ フミタカ,京都府,1972-03-10,53,男,12602,70,A2,追
大川 栄二,オオカワ エイジ,和歌山県,1973-03-13,52,男,12603,70,A3,追
武智 尚之,タケチ ナオユキ,愛媛県,1971-05-09,54,男,12618,70,A3,追
原 司,ハラ ツカサ,佐賀県,1971-08-20,53,男,12626,70,A3,追
阪本 正和,サカモト マサカズ,長崎県,1970-09-04,54,男,12628,70,A1,追
大薗 宏,オオゾノ ヒロシ,茨城県,1974-01-08,51,男,12634,71,A2,追
栗原 稔貴,クリハラ トシキ,栃木県,1972-09-27,52,男,12638,71,A3,追
北村 貴幸,キタムラ タカユキ,群馬県,1971-08-03,53,男,12640,71,A1,追
大澤 裕之,オオサワ ヒロユキ,埼玉県,1972-07-03,52,男,12646,71,A2,追
山本 恵太郎,ヤマモト ケイタロウ,東京都,1973-11-19,51,男,12649,71,A3,追
笹川 竜治,ササガワ リユウジ,新潟県,1972-05-19,52,男,12650,71,A3,追
柴田 健,シバタ ケン,神奈川県,1970-07-25,54,男,12656,71,A3,追
伊藤 正樹,イトウ マサキ,愛知県,1972-09-28,52,男,12669,71,S2,追
滝川 秀嗣,タキカワ ヒデツグ,愛知県,1972-12-08,52,男,12671,71,A3,追
岩見 潤,イワミ ジユン,三重県,1973-07-26,51,男,12675,71,A2,追
花村 直人,ハナムラ ナオト,三重県,1969-10-31,55,男,12677,71,A3,両
舛井 幹雄,マスイ モトオ,三重県,1972-01-21,53,男,12678,71,A1,追
坂上 忠克,サカガミ タダカツ,石川県,1973-11-28,51,男,12679,71,A1,追
辻 力,ツジ マサル,石川県,1973-11-27,51,男,12681,71,A2,追
四宮 哲郎,シノミヤ テツロウ,京都府,1973-07-18,51,男,12684,71,A1,追
佐藤 成人,サトウ ナルト,奈良県,1974-01-15,51,男,12688,71,S2,追
前田 拓也,マエダ タクヤ,大阪府,1973-12-16,51,男,12689,71,A3,追
志村 達也,シムラ タツヤ,広島県,1972-05-19,52,男,12694,71,A3,追
升澤 祥晃,マスザワ ヨシテル,愛媛県,1972-04-21,53,男,12701,71,A3,追
那須 久幸,ナス ヒサユキ,福岡県,1972-06-08,52,男,12705,71,S2,追
野木 義規,ノギ ヨシノリ,北海道,1972-12-06,52,男,12708,72,A1,追
大内 達也,オオウチ タツヤ,宮城県,1972-06-08,52,男,12710,72,A2,追
伊藤 一貴,イトウ カズタカ,栃木県,1972-04-22,53,男,12717,72,A2,追
大橋 徹,オオハシ トオル,栃木県,1973-01-25,52,男,12718,72,A1,追
篠崎 高志,シノザキ タカシ,栃木県,1972-07-02,52,男,12719,72,A2,追
梅山 英樹,ウメヤマ ヒデキ,群馬県,1972-06-02,52,男,12721,72,A2,追
浦山 一栄,ウラヤマ カズエイ,東京都,1971-11-11,53,男,12725,72,A3,両
飯田 辰哉,イイダ タツヤ,千葉県,1973-04-02,52,男,12728,72,S2,追
渡邊 一洋,ワタナベ カズヒロ,静岡県,1973-06-25,51,男,12738,72,A3,追
山田 雅之,ヤマダ マサユキ,岐阜県,1972-11-20,52,男,12742,72,A1,追
布居 寛幸,ヌノイ ヒロユキ,和歌山県,1974-03-11,51,男,12747,72,A1,追
柳澤 達也,ヤナギサワ タツヤ,兵庫県,1972-05-19,52,男,12753,72,A2,追
小野 祐作,オノ ユウサク,岡山県,1972-11-09,52,男,12754,72,A3,追
市本 隆司,イチモト リユウジ,広島県,1971-08-18,53,男,12757,72,A2,両
金山 栄治,カナヤマ エイジ,滋賀県,1973-12-27,51,男,12759,72,A1,追
櫻井 宏智,サクライ ヒロトモ,広島県,1970-05-07,55,男,12760,72,A2,追
内村 泰三,ウチムラ タイゾウ,山口県,1974-02-17,51,男,12763,72,A1,追
立石 拓也,タテイシ タクヤ,福岡県,1973-11-18,51,男,12766,72,A2,両
大窪 輝之,オオクボ テルユキ,熊本県,1971-01-22,54,男,12774,72,A3,追
下田 和美,シモダ カズミ,熊本県,1972-12-28,52,男,12776,72,A3,追
田川 辰二,タガワ タツジ,熊本県,1973-08-24,51,男,12779,72,A2,追
米丸 俊成,ヨネマル トシナリ,熊本県,1970-07-31,54,男,12782,72,A3,追
平澤 秀信,ヒラサワ ヒデノブ,北海道,1972-10-09,52,男,12783,73,A3,追
小橋 明紀,コバシ アキノリ,青森県,1973-06-11,51,男,12785,73,A1,追
佐藤 康紀,サトウ ヤスノリ,青森県,1974-09-17,50,男,12786,73,S2,追
宇賀神 浩幸,ウガジン ヒロユキ,栃木県,1974-05-04,51,男,12794,73,A1,追
黒田 充,クロダ ミツル,栃木県,1974-03-31,51,男,12795,73,A3,追
豊田 一馬,トヨダ カズマ,群馬県,1974-09-10,50,男,12800,73,A2,追
高峰 賢治,タカミネ ケンジ,山梨県,1971-04-09,54,男,12809,73,A2,追
中山 善仁,ナカヤマ ヨシヒト,新潟県,1974-02-21,51,男,12810,73,A3,追
江守 昇,エモリ ノボル,千葉県,1975-02-07,50,男,12811,73,S2,追
成清 貴之,ナリキヨ タカユキ,千葉県,1973-12-17,51,男,12813,73,A1,追
林 邦彦,ハヤシ クニヒコ,千葉県,1973-08-11,51,男,12814,73,A3,追
木幡 幸仁,コハタ ユキヒト,鹿児島県,1973-09-18,51,男,12818,73,A3,追
齊藤 竜也,サイトウ タツヤ,神奈川県,1974-12-13,50,男,12819,73,S2,追
遠藤 勝行,エンドウ カツユキ,静岡県,1974-07-23,50,男,12823,73,A1,追
梶原 亜湖,カジワラ アコヲ,静岡県,1970-10-23,54,男,12824,73,A3,追
渡邉 晴智,ワタナベ ハルトモ,静岡県,1973-07-30,51,男,12826,73,S2,追
光岡 義洋,ミツオカ ヨシヒロ,愛知県,1974-02-10,51,男,12827,73,A3,追
西浦 仙哉,ニシウラ ヒサヤ,三重県,1974-04-28,51,男,12829,73,A1,両
仙石 淳,センゴク アツシ,沖縄県,1973-01-25,52,男,12832,73,A3,追
松田 治之,マツダ ハルユキ,大阪府,1974-02-10,51,男,12834,73,S2,追
三木 健治,ミキ ケンジ,沖縄県,1975-03-15,50,男,12838,73,A1,追
米澤 大輔,ヨネザワ ダイスケ,徳島県,1975-01-20,50,男,12844,73,A2,追
林 成人,ハヤシ ナルヒト,愛媛県,1972-11-01,52,男,12845,73,A2,追
古閑 良介,コガ リヨウスケ,福岡県,1973-07-08,51,男,12847,73,A3,追
渡邉 満,ワタナベ ミツル,福岡県,1972-08-10,52,男,12850,73,A2,追
亀井 宏佳,カメイ ヒロヨシ,宮城県,1972-11-28,52,男,12858,74,A3,追
小坂 敏之,コサカ トシユキ,栃木県,1972-10-19,52,男,12861,74,A1,追
松岡 慶彦,マツオカ ヨシヒコ,栃木県,1974-07-21,50,男,12862,74,A3,追
中曽 直彦,ナカソ ナオヒコ,千葉県,1972-09-04,52,男,12875,74,A1,追
湯浅 弘光,ユアサ ヒロミツ,千葉県,1973-01-24,52,男,12876,74,A2,追
安藤 宜明,アンドウ ヨシアキ,神奈川県,1970-10-29,54,男,12878,74,A2,追
石井 毅,イシイ タケシ,神奈川県,1973-08-29,51,男,12879,74,A2,追
白戸 淳太郎,シラト ジユンタロウ,神奈川県,1973-04-28,52,男,12881,74,A1,追
鈴木 愼二,スズキ シンジ,神奈川県,1973-09-18,51,男,12882,74,A2,追
大沼 孝行,オオヌマ タカユキ,静岡県,1975-03-18,50,男,12883,74,A2,逃
田中 智也,タナカ トモヤ,静岡県,1972-08-31,52,男,12885,74,A3,追
中井 達郎,ナカイ タツオ,静岡県,1974-09-04,50,男,12886,74,S2,追
新田 康仁,ニツタ ヤスヒト,静岡県,1974-03-08,51,男,12887,74,S2,両
丸山 啓一,マルヤマ ケイイチ,静岡県,1975-01-16,50,男,12889,74,A1,追
朝日 勇,アサヒ イサム,愛知県,1974-06-05,50,男,12891,74,A1,追
吉野 猛,ヨシノ タケシ,愛知県,1973-06-06,51,男,12893,74,A3,追
小嶋 敬二,コジマ ケイジ,石川県,1969-11-09,55,男,12895,74,S2,両
中井 護,ナカイ マモル,滋賀県,1974-04-28,51,男,12899,74,A1,追
長澤 和光,ナガサワ カズミチ,福井県,1975-03-03,50,男,12905,74,A3,追
太田 良政,オオタ ヨシマサ,岡山県,1973-12-06,51,男,12906,74,A3,追
塩川 真一郎,シオカワ シンイチロウ,広島県,1975-01-24,50,男,12910,74,A2,追
増田 鉄男,マスダ テツオ,徳島県,1974-04-09,51,男,12913,74,A2,追
武市 和人,タケチ カズヒト,高知県,1974-01-31,51,男,12914,74,A2,追
山崎 岳志,ヤマサキ タケシ,佐賀県,1973-08-25,51,男,12920,74,A2,追
太田黒 大心,オオタグロ ダイシン,熊本県,1974-09-02,50,男,12924,74,A1,追
浦崎 貴史,ウラサキ タカシ,北海道,1971-08-11,53,男,12930,75,A2,追
煤賀 隆幸,ススガ タカユキ,秋田県,1975-06-04,49,男,12934,75,A2,追
十文字 菊雄,ジユウモンジ キクオ,福島県,1971-06-04,53,男,12937,75,A2,追
鈴木 規純,スズキ ノリヨシ,福島県,1974-12-23,50,男,12938,75,A3,追
伏見 俊昭,フシミ トシアキ,福島県,1976-02-04,49,男,12939,75,S1,追
小室 貴広,コムロ タカヒロ,茨城県,1974-05-29,50,男,12940,75,A2,追
渡邊 恭典,ワタナベ ヤスノリ,栃木県,1973-11-22,51,男,12944,75,A3,追
亀井 雅斗,カメイ マサト,群馬県,1975-11-07,49,男,12946,75,A2,追
小林 潤二,コバヤシ ジユンジ,群馬県,1972-09-21,52,男,12948,75,S1,追
矢内 良和,ヤナイ ヨシカズ,群馬県,1975-08-05,49,男,12953,75,A2,追
太田 真一,オオタ シンイチ,埼玉県,1975-10-11,49,男,12955,75,A2,追
鈴木 孝征,スズキ タカユキ,埼玉県,1972-07-25,52,男,12956,75,A2,追
宮澤 晃,ミヤザワ アキラ,山梨県,1974-10-26,50,男,12957,75,A2,追
水書 義弘,ミズガキ ヨシヒロ,千葉県,1973-07-21,51,男,12960,75,A1,追
荻野 哲,オギノ サトル,神奈川県,1974-05-21,50,男,12963,75,A1,追
成田 健児,ナリタ ケンジ,神奈川県,1974-11-13,50,男,12965,75,A1,追
石川 英昭,イシカワ ヒデアキ,静岡県,1971-05-28,53,男,12966,75,A3,追
山内 大作,ヤマウチ ダイサク,静岡県,1975-09-25,49,男,12970,75,A2,追
小川 将人,オガワ マサト,愛知県,1975-09-20,49,男,12971,75,A1,追
金子 貴志,カネコ タカシ,愛知県,1975-09-05,49,男,12972,75,A1,追
中井 修,ナカイ オサム,滋賀県,1969-12-19,55,男,12976,75,A3,両
片山 弘城,カタヤマ ヒロキ,大阪府,1975-08-20,49,男,12981,75,A2,追
上原 直樹,ウエハラ ナオキ,岡山県,1973-07-30,51,男,12982,75,A3,追
近藤 直幹,コンドウ ナオモト,徳島県,1973-08-09,51,男,12986,75,A3,追
堤 洋,ツツミ ヒロシ,徳島県,1975-12-24,49,男,12987,75,S2,追
森岡 正臣,モリオカ マサオミ,高知県,1975-06-02,49,男,12989,75,A2,追
吉良 勝信,キラ カツノブ,福岡県,1974-06-12,50,男,12992,75,A2,追
後田 康成,ウシロダ ヤスナリ,長崎県,1973-03-29,52,男,12997,75,A3,追
小笠原 昭太,オガサワラ シヨウタ,青森県,1976-03-05,49,男,13005,76,A1,追
佐々木 健司,ササキ ケンジ,青森県,1974-04-06,51,男,13006,76,A2,追
武田 靖夫,タケダ ヤスオ,茨城県,1972-11-29,52,男,13013,76,A2,追
江連 和洋,エヅレ カズヒロ,栃木県,1972-03-06,53,男,13014,76,A1,追
吉田 英二,ヨシダ エイジ,東京都,1974-02-01,51,男,13023,76,A3,追
戸ノ下 太郎,トノシタ タロウ,千葉県,1976-03-15,49,男,13027,76,A3,追
藤田 晃英,フジタ アキヒデ,千葉県,1975-06-29,49,男,13029,76,A3,追
梶山 大輔,カジヤマ ダイスケ,神奈川県,1974-10-10,50,男,13030,76,A3,追
深澤 伸介,フカサワ シンスケ,静岡県,1975-12-25,49,男,13036,76,A1,追
町田 勝志,マチダ カツシ,静岡県,1975-11-29,49,男,13037,76,A3,追
松山 正和,マツヤマ マサカズ,静岡県,1971-07-15,53,男,13039,76,A2,追
服部 竜二,ハツトリ リユウジ,愛知県,1971-09-28,53,男,13040,76,A3,追
三浦 稔希,ミウラ トシキ,愛知県,1975-10-31,49,男,13041,76,A1,追
渡邊 健,ワタナベ ケン,愛知県,1973-04-16,52,男,13042,76,A1,追
岩本 和也,イワモト カズヤ,石川県,1975-05-23,49,男,13045,76,S2,追
田中 俊充,タナカ トシミツ,福井県,1975-08-13,49,男,13047,76,A2,追
南 大輔,ミナミ ダイスケ,京都府,1975-04-05,50,男,13049,76,A2,追
石丸 寛之,イシマル ヒロユキ,岡山県,1974-04-30,51,男,13054,76,S2,追
山本 貴章,ヤマモト タカアキ,岡山県,1974-07-15,50,男,13056,76,A2,追
富 弥昭,トミ ヒロアキ,山口県,1971-10-19,53,男,13058,76,S2,追
香川 雄介,カガワ ユウスケ,香川県,1974-06-22,50,男,13059,76,S1,追
児玉 慎一郎,コダマ シンイチロウ,香川県,1974-09-22,50,男,13060,76,S2,追
小磯 知也,コイソ トモヤ,徳島県,1974-04-06,51,男,13061,76,A2,追
藤原 義浩,フジワラ ヨシヒロ,徳島県,1972-12-08,52,男,13062,76,A3,追
赤松 秀展,アカマツ ヒデノブ,高知県,1972-06-21,52,男,13063,76,A2,追
城戸崎 隆史,キドサキ タカシ,福岡県,1972-10-08,52,男,13068,76,A2,両
白川 有司,シラカワ ユウシ,福岡県,1974-09-15,50,男,13069,76,A2,追
高木 和仁,タカキ カズヒト,福岡県,1974-07-22,50,男,13070,76,A1,追
島田 竜二,シマダ リヨウジ,熊本県,1974-06-05,50,男,13074,76,S2,追
平 総一,ヒラ ソウイチ,熊本県,1971-08-06,53,男,13075,76,A3,追
阿部 利光,アベ トシミツ,宮城県,1975-02-07,50,男,13080,77,A3,追
小泉 俊也,コイズミ トシヤ,岩手県,1975-09-20,49,男,13082,77,A2,両
坂本 毅,サカモト タカシ,岩手県,1972-01-16,53,男,13086,77,A2,追
大橋 直人,オオハシ ナオト,埼玉県,1976-07-30,48,男,13099,77,A2,追
松本 一成,マツモト カズナリ,新潟県,1975-05-09,50,男,13105,77,A3,逃
赤井 学,アカイ ガク,千葉県,1973-10-29,51,男,13106,77,A2,追
志村 正洋,シムラ マサヒロ,神奈川県,1974-10-19,50,男,13109,77,A3,追
法月 成祐,ノリヅキ セイスケ,神奈川県,1974-02-21,51,男,13110,77,A3,追
佐藤 明,サトウ アキラ,静岡県,1975-08-12,49,男,13112,77,A2,追
望月 永悟,モチヅキ エイゴ,静岡県,1977-01-15,48,男,13115,77,S2,追
鳥越 靖弘,トリゴエ ヤスヒロ,愛知県,1975-04-23,50,男,13117,77,A1,追
山内 卓也,ヤマウチ タクヤ,愛知県,1977-03-01,48,男,13118,77,S2,追
松尾 淳,マツオ ジユン,岐阜県,1974-12-23,50,男,13119,77,A1,追
宮越 大,ミヤコシ ダイ,富山県,1974-09-06,50,男,13120,77,A1,追
山田 晃久,ヤマダ アキヒサ,石川県,1975-05-22,49,男,13121,77,A1,追
北浦 弘幹,キタウラ ヒロキ,和歌山県,1975-05-24,49,男,13127,77,A2,追
梶原 秀庸,カジハラ ヒデノブ,大阪府,1974-04-13,51,男,13128,77,A3,追
原田 隆,ハラダ タカシ,大阪府,1975-09-15,49,男,13129,77,A1,追
藤野 一良,フジノ カズヨシ,大阪府,1976-09-07,48,男,13131,77,A1,追
小倉 竜二,オグラ リユウジ,徳島県,1976-04-03,49,男,13140,77,S1,追
黒田 大介,クロダ ダイスケ,愛媛県,1974-04-20,51,男,13142,77,A2,追
鳥生 知八,トリウ トモヤ,愛媛県,1976-02-11,49,男,13143,77,A2,追
瓦田 勝也,カワラダ カツヤ,福岡県,1974-03-22,51,男,13145,77,A2,追
八谷 誠賢,ハチヤ マサトシ,福岡県,1975-04-27,50,男,13146,77,A1,逃
米嶋 賢二,ヨネシマ ケンジ,長崎県,1974-08-19,50,男,13147,77,A2,追
小野 俊之,オノ トシユキ,大分県,1976-04-21,49,男,13148,77,A2,追
四元 慎也,ヨツモト シンヤ,宮崎県,1975-09-02,49,男,13155,77,A2,追
齋藤 和也,サイトウ カズヤ,福島県,1974-05-20,50,男,13161,78,A3,追
佐藤 慎太郎,サトウ シンタロウ,福島県,1976-11-07,48,男,13162,78,S1,追
岩橋 則明,イワハシ ノリアキ,埼玉県,1972-02-14,53,男,13171,78,A3,追
金子 周一郎,カネコ シユウイチロウ,埼玉県,1976-11-26,48,男,13172,78,A1,追
古寺 伸洋,コデラ ノブヒロ,埼玉県,1972-05-12,52,男,13174,78,A3,追
峠 祐介,トウゲ ユウスケ,埼玉県,1975-10-05,49,男,13175,78,A2,追
早川 成矢,ハヤカワ セイヤ,埼玉県,1976-02-21,49,男,13176,78,A2,両
飯島 淳,イイジマ ジユン,東京都,1976-09-14,48,男,13179,78,A2,追
坂木田 雄介,サカキダ ユウスケ,千葉県,1974-03-13,51,男,13183,78,A2,逃
相樂 修,サガラ オサム,千葉県,1973-07-01,51,男,13184,78,A2,両
永山 英司,ナガヤマ エイジ,神奈川県,1971-11-02,53,男,13186,78,A3,追
山田 幸司,ヤマダ コウジ,神奈川県,1971-12-21,53,男,13188,78,A1,追
平田 徹,ヒラタ トオル,静岡県,1975-08-16,49,男,13192,78,A2,追
竹田 和幸,タケダ カズユキ,岐阜県,1976-10-05,48,男,13196,78,S2,追
鈴木 幸紀,スズキ コウキ,三重県,1976-04-13,49,男,13197,78,A1,追
北野 武史,キタノ タケシ,石川県,1972-07-01,52,男,13199,78,S2,追
北川 紋部,キタガワ モンブ,福井県,1974-08-28,50,男,13201,78,A1,追
佐野 梅一,サノ ウメカズ,京都府,1976-04-20,49,男,13204,78,A1,追
千原 洋晋,チハラ ヒロユキ,和歌山県,1976-12-09,48,男,13205,78,A3,逃
岡崎 和久,オカザキ カズヒサ,奈良県,1976-02-23,49,男,13206,78,A3,追
葉狩 伸泰,ハガリ ノブヤス,大阪府,1974-02-26,51,男,13207,78,A3,両
奥谷 広巳,オクタニ ヒロミ,兵庫県,1977-01-16,48,男,13209,78,A2,追
川本 恵二,カワモト ケイジ,兵庫県,1975-05-31,49,男,13210,78,A2,追
河元 茂,カワモト シゲル,奈良県,1974-05-08,51,男,13211,78,A3,追
岡田 浩太,オカダ コウタ,岡山県,1976-03-10,49,男,13212,78,A2,追
水本 博行,ミズモト ヒロユキ,岡山県,1975-06-03,49,男,13214,78,A2,追
古城 英之,コジヨウ ヒデユキ,広島県,1975-12-04,49,男,13216,78,A2,追
佐々木 英之,ササキ ヒデユキ,香川県,1975-05-26,49,男,13217,78,A3,追
宮本 佳樹,ミヤモト ヨシキ,香川県,1973-04-22,52,男,13219,78,A1,追
幸津 博,コウヅ ヒロシ,徳島県,1976-08-07,48,男,13220,78,A3,追
木谷 凉,キタニ リヨウ,福岡県,1974-05-12,50,男,13223,78,A3,追
開坂 秀明,カイサカ ヒデアキ,青森県,1975-04-05,50,男,13230,79,A1,追
柳 充,ヤナギ ミツル,青森県,1974-09-12,50,男,13232,79,A3,追
小松 剛之,コマツ タカユキ,宮城県,1974-07-29,50,男,13233,79,A1,両
榊枝 輝文,サカキエダ テルフミ,福島県,1976-08-09,48,男,13235,79,A2,追
小林 大介,コバヤシ ダイスケ,群馬県,1977-12-29,47,男,13240,79,S2,追
尾崎 剛,オザキ タカシ,埼玉県,1977-02-08,48,男,13242,79,A1,追
小林 高志,コバヤシ タカシ,東京都,1973-07-03,51,男,13244,79,A3,追
佐藤 真一,サトウ シンイチ,東京都,1974-08-21,50,男,13245,79,S2,追
山崎 充央,ヤマザキ ミチテル,東京都,1974-09-25,50,男,13246,79,A1,追
諸橋 愛,モロハシ メグム,新潟県,1977-07-21,47,男,13249,79,S1,追
中村 浩士,ナカムラ ヒロシ,千葉県,1978-01-15,47,男,13252,79,S1,追
柴田 功一郎,シバタ コウイチロウ,神奈川県,1976-07-01,48,男,13253,79,A1,追
安坂 洋一,ヤスサカ ヨウイチ,神奈川県,1976-04-27,49,男,13255,79,A2,追
望月 紀男,モチヅキ ノリオ,静岡県,1977-05-26,47,男,13259,79,A2,追
柴田 昌樹,シバタ マサキ,愛知県,1975-08-30,49,男,13261,79,A3,追
田中 雅史,タナカ マサシ,愛知県,1976-12-11,48,男,13263,79,A1,追
山中 貴雄,ヤマナカ タカオ,愛知県,1976-05-15,48,男,13264,79,A2,追
伊藤 嘉浩,イトウ ヨシヒロ,岐阜県,1977-03-21,48,男,13266,79,A3,両
鷲見 逸喜,スミ イツキ,岐阜県,1978-01-17,47,男,13267,79,S2,追
田島 高志,タジマ タカシ,三重県,1977-11-26,47,男,13269,79,A3,追
中川 貴史,ナカガワ タカシ,三重県,1976-11-15,48,男,13270,79,A1,追
鮒田 博文,フナダ ヒロフミ,三重県,1978-01-14,47,男,13271,79,A2,追
古田 義明,フルタ ヨシアキ,三重県,1973-05-11,52,男,13272,79,A3,追
西 徹,ニシ トオル,石川県,1977-09-24,47,男,13273,79,A2,追
八日市屋 浩之,ヨウカイチヤ ヒロユキ,石川県,1975-05-17,49,男,13274,79,S2,追
渡辺 航平,ワタナベ コウヘイ,東京都,1977-09-06,47,男,13275,79,A1,追
小林 卓人,コバヤシ タクヒト,大阪府,1977-11-16,47,男,13283,79,A1,追
吉川 悟,ヨシカワ サトル,大阪府,1976-12-01,48,男,13285,79,A2,追
三宅 達也,ミヤケ タツヤ,岡山県,1977-07-07,47,男,13291,79,S1,追
木村 勉,キムラ ツトム,徳島県,1976-03-01,49,男,13294,79,A2,追
佐々木 則幸,ササキ ノリユキ,高知県,1976-09-03,48,男,13295,79,S2,追
林 明宏,ハヤシ アキヒロ,高知県,1976-06-21,48,男,13296,79,A1,追
井手 健,イデ タケシ,長崎県,1973-11-11,51,男,13298,79,A1,追
五十嵐 博一,イガラシ ヒロカズ,熊本県,1974-05-01,51,男,13299,79,A3,追
須々田 大昇,ススタ ダイコウ,青森県,1972-09-26,52,男,13303,80,A3,追
齋藤 登志信,サイトウ トシノブ,宮城県,1972-11-08,52,男,13306,80,S2,追
浦川 尊明,ウラカワ タカアキ,茨城県,1976-04-04,49,男,13307,80,A1,追
木村 貴宏,キムラ タカヒロ,茨城県,1977-04-21,48,男,13308,80,A2,追
根本 雄紀,ネモト ユウキ,茨城県,1977-06-30,47,男,13311,80,A2,追
鈴木 宏章,スズキ ヒロアキ,栃木県,1975-07-01,49,男,13314,80,A2,追
村上 順規,ムラカミ ジユンキ,新潟県,1976-07-19,48,男,13320,80,A3,追
市川 博章,イチカワ ヒロアキ,静岡県,1976-07-16,48,男,13324,80,A3,追
高橋 健太,タカハシ ケンタ,静岡県,1977-11-01,47,男,13327,80,A2,追
萩原 孝之,ハギワラ タカユキ,静岡県,1977-07-12,47,男,13328,80,S2,追
舘 泰守,タチ ヤスモリ,愛知県,1976-02-04,49,男,13330,80,A1,追
橋本 大祐,ハシモト ダイスケ,岐阜県,1977-03-08,48,男,13331,80,A2,追
吉村 和之,ヨシムラ カズユキ,岐阜県,1977-06-25,47,男,13332,80,A1,追
小西 誠也,コニシ セイヤ,三重県,1976-07-09,48,男,13333,80,A3,追
坂上 樹大,サカガミ タツヒロ,石川県,1978-01-25,47,男,13335,80,S2,追
中村 美千隆,ナカムラ ミチタカ,兵庫県,1976-07-14,48,男,13345,80,A3,両
内藤 敦,ナイトウ アツシ,岡山県,1976-06-23,48,男,13348,80,A1,追
三宅 旬,ミヤケ ジユン,岡山県,1977-07-09,47,男,13349,80,A2,追
吉永 和生,ヨシナガ カズオ,広島県,1976-06-21,48,男,13352,80,A2,追
吉永 好宏,ヨシナガ ヨシヒロ,広島県,1975-03-03,50,男,13353,80,A1,追
國村 洋,クニムラ ヒロシ,山口県,1977-03-29,48,男,13354,80,A1,追
桑原 大志,クワハラ ダイシ,山口県,1976-01-27,49,男,13355,80,S1,追
近藤 誠二,コンドウ セイジ,香川県,1978-01-18,47,男,13357,80,A1,追
行成 大祐,ユキナリ ダイスケ,香川県,1975-07-19,49,男,13358,80,A3,追
吉田 彰久,ヨシダ アキヒサ,香川県,1973-08-04,51,男,13359,80,A2,追
宇根 秀俊,ウネ ヒデトシ,愛媛県,1977-05-09,48,男,13363,80,A1,追
加藤 昌平,カトウ シヨウヘイ,福岡県,1975-08-20,49,男,13366,80,A3,追
牧 剛央,マキ タケヒサ,大分県,1973-10-18,51,男,13368,80,S2,追
三槻 智清,ミツキ トモキヨ,佐賀県,1977-03-23,48,男,13370,80,A2,追
足達 重満,アダチ シゲミツ,長崎県,1975-08-28,49,男,13371,80,A2,追
川野 正芳,カワノ マサヨシ,大分県,1977-05-07,48,男,13374,80,A2,追
五反田 豊和,ゴタンダ トヨカズ,宮崎県,1977-04-30,48,男,13375,80,A3,両
小田桐 義継,オダギリ ヨシツグ,北海道,1978-03-05,47,男,13378,81,A3,追
成田 直喜,ナリタ ナオキ,青森県,1975-12-27,49,男,13382,81,A2,追
金子 兼久,カネコ カネヒサ,宮城県,1977-10-03,47,男,13384,81,A2,追
鎌田 聡,カマタ サトシ,宮城県,1977-12-19,47,男,13385,81,A2,追
野田 源一,ノダ ゲンイチ,福岡県,1978-12-11,46,男,13387,81,S1,両
飯嶋 則之,イイジマ ノリユキ,栃木県,1978-12-02,46,男,13394,81,S2,追
鈴木 龍之介,スズキ リユウノスケ,栃木県,1978-04-21,47,男,13397,81,A3,追
関 敬,セキ ケイ,栃木県,1976-09-14,48,男,13398,81,A3,追
塚本 勝士,ツカモト カツシ,栃木県,1977-05-07,48,男,13399,81,A3,両
稲村 好将,イナムラ ヨシノブ,群馬県,1975-07-24,49,男,13400,81,S2,追
沼川 夢久,ヌマカワ ユメヒサ,群馬県,1975-05-09,50,男,13402,81,A3,追
宮下 貴之,ミヤシタ タカユキ,埼玉県,1974-04-18,51,男,13405,81,S2,追
大矢 将大,オオヤ マサヒロ,埼玉県,1979-01-17,46,男,13407,81,A1,追
川村 昭弘,カワムラ アキヒロ,新潟県,1974-12-31,50,男,13408,81,A2,追
青山 佐知男,アオヤマ サチオ,千葉県,1973-05-04,52,男,13409,81,A3,追
伊勢崎 彰大,イセザキ アキヒロ,千葉県,1978-10-12,46,男,13410,81,S2,追
鶴岡 與之,ツルオカ ヨシユキ,千葉県,1977-04-10,48,男,13413,81,A2,追
山崎 明寛,ヤマザキ アキヒロ,千葉県,1975-02-26,50,男,13415,81,A3,追
飯尾 主税,イイオ チカラ,静岡県,1979-02-08,46,男,13416,81,A1,追
梅原 大治,ウメバラ タイジ,静岡県,1977-02-24,48,男,13417,81,A2,追
土屋 裕二,ツチヤ ユウジ,静岡県,1976-03-11,49,男,13420,81,S2,追
富澤 洋祐,トミサワ ヨウスケ,静岡県,1975-11-22,49,男,13421,81,A3,追
増田 利明,マスダ トシアキ,静岡県,1979-01-22,46,男,13423,81,A2,両
本村 隆文,モトムラ タカフミ,岐阜県,1978-12-19,46,男,13426,81,A2,追
石黒 健,イシグロ ケン,広島県,1976-04-21,49,男,13434,81,A2,両
中石 昌芳,ナカイシ マサヨシ,広島県,1975-07-26,49,男,13435,81,A1,追
中村 昌弘,ナカムラ マサヒロ,広島県,1976-12-26,48,男,13436,81,S2,追
前反 祐一郎,マエソリ ユウイチロウ,広島県,1973-11-19,51,男,13438,81,S2,追
青井 賢治,アオイ ケンジ,徳島県,1976-05-18,48,男,13439,81,S2,追
篠原 英雄,シノハラ ヒデオ,高知県,1977-01-25,48,男,13441,81,A3,追
濱田 浩司,ハマダ コウジ,愛媛県,1979-01-24,46,男,13442,81,S1,追
大坪 功一,オオツボ コウイチ,福岡県,1977-04-14,48,男,13443,81,S1,追
中村 良二,ナカムラ リヨウジ,福岡県,1975-04-18,50,男,13445,81,S2,追
丸林 一孝,マルバヤシ カズタカ,福岡県,1977-07-26,47,男,13446,81,A2,追
坂本 晃輝,サカモト アキテル,佐賀県,1979-03-30,46,男,13447,81,A1,追
合志 正臣,ゴウシ マサオミ,熊本県,1977-06-22,47,男,13448,81,A1,追
松本 大地,マツモト ダイチ,熊本県,1977-07-01,47,男,13451,81,A2,追
齊藤 紳一朗,サイトウ シンイチロウ,青森県,1977-07-20,47,男,13452,82,A3,追
阿部 宏之,アベ ヒロユキ,宮城県,1976-02-06,49,男,13453,82,A2,追
関戸 努,セキド ツトム,宮城県,1975-01-17,50,男,13454,82,A3,追
小林 和彦,コバヤシ カズヒコ,群馬県,1976-06-11,48,男,13456,82,A3,両
阿部 博之,アベ ヒロユキ,東京都,1976-06-30,48,男,13460,82,A3,追
市川 健太,イチカワ ケンタ,東京都,1975-10-07,49,男,13461,82,A2,両
小宮 剛,コミヤ タケシ,東京都,1976-07-15,48,男,13463,82,A2,追
春日 勇人,カスガ ハヤト,千葉県,1975-12-25,49,男,13465,82,S2,追
勝俣 亮,カツマタ リヨウ,神奈川県,1977-09-29,47,男,13468,82,A2,両
野村 純宏,ノムラ スミヒロ,神奈川県,1976-07-14,48,男,13469,82,A1,追
畠山 裕行,ハタケヤマ ヒロユキ,神奈川県,1977-09-26,47,男,13470,82,A2,追
松坂 英司,マツザカ エイジ,神奈川県,1974-11-24,50,男,13471,82,A1,追
大塚 英伸,オオツカ ヒデノブ,静岡県,1978-07-02,46,男,13473,82,S2,追
宮司 周郎,ミヤジ ノリオ,愛知県,1976-06-12,48,男,13477,82,A2,追
田中 秀治,タナカ シユウジ,岐阜県,1977-06-08,47,男,13479,82,A1,追
林 洋二,ハヤシ ヨウジ,岐阜県,1976-01-05,49,男,13480,82,A3,追
松崎 貴久,マツザキ タカヒサ,富山県,1974-06-30,50,男,13482,82,A1,追
宮越 孝治,ミヤコシ コウジ,富山県,1979-01-18,46,男,13483,82,A1,追
表 大暁,オモテ ヒロアキ,富山県,1975-01-08,50,男,13484,82,A2,追
善利 裕生,セリ ヒロキ,滋賀県,1977-05-21,47,男,13485,82,A2,両
藤井 孝則,フジイ タカノリ,兵庫県,1978-05-05,47,男,13489,82,A1,追
近藤 範昌,コンドウ ノリマサ,岡山県,1978-05-28,46,男,13491,82,A1,追
坂本 智哉,サカモト トモヤ,岡山県,1978-09-12,46,男,13492,82,A3,追
立花 成泰,タチバナ ナルヤス,岡山県,1978-06-08,46,男,13493,82,A1,追
土井 勲,ドイ イサオ,岡山県,1974-07-25,50,男,13494,82,A1,追
友定 祐己,トモサダ ユウキ,岡山県,1978-12-22,46,男,13495,82,S2,追
藤田 昌宏,フジタ マサヒロ,岡山県,1974-07-10,50,男,13497,82,A1,逃
西田 雅志,ニシダ マサシ,広島県,1978-02-20,47,男,13498,82,S2,追
住村 実,スミムラ ミノル,徳島県,1976-06-07,48,男,13505,82,A3,追
田村 浩章,タムラ ヒロアキ,徳島県,1976-09-17,48,男,13506,82,A2,追
吉岡 篤志,ヨシオカ アツシ,徳島県,1979-03-25,46,男,13507,82,A2,追
曽我部 匡史,ソガベ マサヒト,愛媛県,1973-12-21,51,男,13508,82,A3,追
明星 晴道,ミヨウジヨウ ハルミチ,愛媛県,1976-12-08,48,男,13509,82,A3,追
長野 和弘,ナガノ カズヒロ,福岡県,1977-01-23,48,男,13512,82,A2,追
南 和夫,ミナミ カズオ,福岡県,1975-12-11,49,男,13513,82,A3,追
山口 貴嗣,ヤマグチ ヨシツグ,福岡県,1978-09-14,46,男,13514,82,S2,追
荒井 崇博,アライ タカヒロ,長崎県,1978-04-03,47,男,13516,82,S1,追
大塚 健一郎,オオツカ ケンイチロウ,大分県,1977-10-14,47,男,13519,82,S1,追
高木 竜司,タカキ リユウジ,熊本県,1976-05-15,48,男,13520,82,A2,追
中野 良,ナカノ リヨウ,北海道,1975-06-07,49,男,13521,83,A3,追
亀井 道佳,カメイ ミチヨシ,宮城県,1977-12-03,47,男,13525,83,A3,追
三澤 勝成,ミサワ カツナリ,宮城県,1977-06-22,47,男,13526,83,A3,追
伊藤 司,イトウ ツカサ,福島県,1978-06-10,46,男,13531,83,A3,逃
佐々木 雄一,ササキ ユウイチ,福島県,1980-01-03,45,男,13532,83,S1,追
佐藤 愼太郎,サトウ シンタロウ,福島県,1978-08-30,46,男,13533,83,S2,追
平沼 由充,ヒラヌマ ヨシミツ,福島県,1975-11-03,49,男,13535,83,A1,追
谷津田 将吾,ヤツダ シヨウゴ,福島県,1979-12-24,45,男,13537,83,S2,追
小林 圭介,コバヤシ ケイスケ,茨城県,1976-04-02,49,男,13538,83,A1,追
高森 圭介,タカモリ ケイスケ,栃木県,1977-05-27,47,男,13541,83,A3,追
内海 雅夫,ウチウミ マサオ,群馬県,1978-10-02,46,男,13543,83,A2,追
田村 真広,タムラ マサヒロ,群馬県,1974-11-08,50,男,13546,83,A1,追
土屋 宏,ツチヤ ヒロシ,群馬県,1977-08-18,47,男,13547,83,A3,追
手島 志誠,テジマ ユキノリ,群馬県,1978-04-17,47,男,13548,83,A3,追
堀 勝政,ホリ カツマサ,群馬県,1978-04-11,47,男,13549,83,A3,追
安部 達也,アベ タツヤ,埼玉県,1977-10-12,47,男,13550,83,S2,追
女屋 文伸,オナヤ フミノブ,埼玉県,1977-11-05,47,男,13551,83,A1,追
小島 雅章,コジマ マサアキ,埼玉県,1975-09-19,49,男,13553,83,A2,追
台 和紀,ダイ カズノリ,埼玉県,1977-03-29,48,男,13555,83,A1,追
山信田 学,ヤマシダ マナブ,埼玉県,1976-06-30,48,男,13556,83,A1,追
永井 隆一,ナガイ リユウイチ,東京都,1977-05-20,47,男,13558,83,A3,追
小佐野 文秀,オサノ フミヒデ,山梨県,1976-01-03,49,男,13560,83,A1,追
吉原 友彦,ヨシハラ トモヒコ,神奈川県,1978-03-09,47,男,13567,83,A2,両
大木 雅也,オオキ マサヤ,静岡県,1975-08-25,49,男,13568,83,S2,追
加藤 寛治,カトウ カンジ,愛知県,1978-04-24,47,男,13570,83,A1,両
小林 信晴,コバヤシ ノブハル,愛知県,1978-04-01,47,男,13571,83,A1,追
高野 輝彰,タカノ テルアキ,愛知県,1976-01-05,49,男,13573,83,A3,追
渡会 啓介,ワタライ ケイスケ,愛知県,1976-07-30,48,男,13575,83,A2,追
土岐 幹多,トキ カンタ,岐阜県,1979-06-19,45,男,13576,83,A1,追
河村 章憲,カワムラ アキノリ,京都府,1977-05-02,48,男,13580,83,A1,追
薮 謙治,ヤブ ケンジ,京都府,1978-02-01,47,男,13581,83,A2,追
肥後 尚己,ヒゴ ナオキ,大阪府,1977-03-06,48,男,13582,83,S2,追
坂田 学,サカタ マナブ,兵庫県,1976-06-08,48,男,13584,83,A2,両
船曳 義之,フナビキ ヨシユキ,香川県,1977-01-30,48,男,13587,83,A2,追
齋藤 仁,サイトウ ジン,徳島県,1979-07-30,45,男,13588,83,A3,追
佐竹 和也,サタケ カズヤ,徳島県,1979-07-09,45,男,13589,83,A1,追
山本 宏明,ヤマモト ヒロアキ,徳島県,1978-09-05,46,男,13591,83,A3,追
大野 悟郎,オオノ ゴロオ,大分県,1979-10-10,45,男,13593,83,S2,追
高田 真幸,タカダ マサユキ,福岡県,1977-10-13,47,男,13594,83,A3,両
別所 英幸,ベツシヨ ヒデユキ,福岡県,1979-11-12,45,男,13595,83,A2,追
工藤 政志,クドウ マサシ,青森県,1979-10-05,45,男,13601,84,A1,追
庄子 信弘,シヨウジ ノブヒロ,宮城県,1979-01-08,46,男,13604,84,S2,追
白木 正彦,シラキ マサヒコ,宮城県,1976-03-02,49,男,13605,84,A3,追
鈴木 誠,スズキ マコト,福島県,1976-12-23,48,男,13608,84,A1,追
土屋 仁,ツチヤ ヒトシ,茨城県,1975-02-01,50,男,13610,84,A3,追
宗景 祐樹,ムネカゲ ユウキ,栃木県,1976-01-13,49,男,13613,84,A2,追
山口 貴弘,ヤマグチ タカヒロ,栃木県,1978-01-10,47,男,13615,84,A1,追
渡邉 高志,ワタナベ タカシ,栃木県,1977-06-18,47,男,13616,84,A1,追
櫻井 学,サクライ ガク,群馬県,1979-10-21,45,男,13618,84,S2,両
竹内 智彦,タケウチ トモヒコ,宮城県,1977-04-29,48,男,13619,84,S1,追
國廣 哲治,クニヒロ テツジ,埼玉県,1975-05-31,49,男,13621,84,A2,追
白岩 大助,シライワ ダイスケ,埼玉県,1979-09-21,45,男,13622,84,S2,追
石毛 克幸,イシゲ カツユキ,千葉県,1977-01-15,48,男,13628,84,S2,追
福森 慎太郎,フクモリ シンタロウ,千葉県,1976-10-26,48,男,13629,84,A3,逃
川口 直人,カワグチ ナオト,神奈川県,1976-11-24,48,男,13632,84,S2,追
柏木 伸介,カシワギ シンスケ,静岡県,1979-04-23,46,男,13635,84,A1,両
笠松 信幸,カサマツ ノブユキ,愛知県,1979-06-29,45,男,13637,84,S1,追
村上 卓茂,ムラカミ タクモ,愛知県,1978-02-22,47,男,13638,84,A1,追
西村 豊,ニシムラ ユタカ,三重県,1980-02-19,45,男,13640,84,A1,追
竹内 一暢,タケウチ カズノブ,滋賀県,1977-05-02,48,男,13641,84,A1,追
西岡 正一,ニシオカ シヨウイチ,和歌山県,1977-04-11,48,男,13642,84,S2,追
川木 敬大,カワキ ケイタ,兵庫県,1978-11-18,46,男,13645,84,A2,追
日浅 保幸,ヒアサ ヤスユキ,岡山県,1977-07-12,47,男,13646,84,A2,追
光畑 政志,ミツハタ マサシ,岡山県,1979-11-04,45,男,13647,84,A2,追
吉本 哲郎,ヨシモト テツロウ,広島県,1979-09-19,45,男,13650,84,S2,両
井山 和裕,イヤマ カズヒロ,山口県,1978-10-08,46,男,13651,84,A3,追
隅 直幸,スミ ナオユキ,山口県,1978-09-10,46,男,13652,84,A2,追
森安 崇之,モリヤス タカユキ,香川県,1978-01-10,47,男,13653,84,A1,追
滝山 実,タキヤマ ミノル,徳島県,1977-07-12,47,男,13654,84,A2,追
渡部 哲男,ワタナベ テツオ,愛媛県,1979-11-29,45,男,13656,84,S1,追
高比良 豪,タカヒラ ゴウ,福岡県,1980-02-03,45,男,13659,84,A1,両
徳吉 広紀,トクヨシ ヒロキ,福岡県,1977-02-25,48,男,13660,84,A2,追
中野 功史,ナカノ コウジ,長崎県,1977-11-16,47,男,13663,84,A2,追
田中 洋輔,タナカ ヨウスケ,宮崎県,1979-11-07,45,男,13667,84,S2,追
佐々木 孝司,ササキ タカシ,青森県,1979-03-12,46,男,13668,84,A2,逃
荒澤 貴史,アラサワ タカシ,北海道,1978-10-17,46,男,13669,85,A1,追
小橋 秀幸,コバシ ヒデユキ,青森県,1979-02-13,46,男,13670,85,S2,追
大槻 寛徳,オオツキ ヒロノリ,宮城県,1979-05-20,45,男,13673,85,S1,追
塚本 諭,ツカモト サトシ,福島県,1976-07-05,48,男,13676,85,A3,追
菊池 崇訓,キクチ タカノリ,栃木県,1977-03-18,48,男,13678,85,A3,追
真崎 新太郎,マサキ シンタロウ,栃木県,1978-12-13,46,男,13679,85,S2,追
木村 健司,キムラ ケンジ,埼玉県,1977-04-03,48,男,13680,85,A3,追
吉橋 秀城,ヨシハシ ヒデキ,埼玉県,1978-09-29,46,男,13684,85,A3,追
岡田 征陽,オカダ セイヨウ,東京都,1980-04-06,45,男,13685,85,S2,追
伊藤 大理,イトウ ヒロミチ,長野県,1976-10-23,48,男,13690,85,A2,追
佐野 多喜男,サノ タキオ,新潟県,1979-04-10,46,男,13692,85,A3,追
藤原 憲征,フジワラ ノリユキ,新潟県,1979-07-31,45,男,13693,85,S2,追
岡本 英之,オカモト ヒデユキ,千葉県,1979-04-23,46,男,13695,85,A1,追
加藤 圭一,カトウ ケイイチ,神奈川県,1978-05-06,47,男,13702,85,S2,追
佐藤 有輝,サトウ ユウキ,神奈川県,1978-11-13,46,男,13705,85,A2,追
對馬 太陽,ツシマ タイヨウ,神奈川県,1979-02-26,46,男,13706,85,A3,追
榎本 光男,エノモト ミツオ,静岡県,1977-05-23,47,男,13710,85,A2,両
小林 則之,コバヤシ ノリユキ,静岡県,1976-01-13,49,男,13711,85,S2,両
丸山 勝也,マルヤマ カツヤ,静岡県,1979-06-05,45,男,13713,85,A3,追
佐藤 亙,サトウ ワタル,愛知県,1979-09-10,45,男,13716,85,A1,追
吉田 敏洋,ヨシダ トシヒロ,愛知県,1979-10-17,45,男,13719,85,S2,両
宝満 大作,ホウマン ダイサク,岐阜県,1979-11-14,45,男,13722,85,A1,追
高谷 進太郎,タカヤ シンタロウ,三重県,1979-06-18,45,男,13723,85,A2,両
渡辺 十夢,ワタナベ トム,福井県,1980-07-05,44,男,13724,85,S2,追
川村 晃司,カワムラ コウジ,京都府,1976-06-17,48,男,13726,85,S2,両
伊狩 知人,イカリ トモヒト,奈良県,1977-10-22,47,男,13728,85,A3,追
堺 文人,サカイ フミヒト,和歌山県,1979-04-15,46,男,13729,85,A1,追
東口 善朋,ヒガシグチ ヨシトモ,和歌山県,1979-08-28,45,男,13730,85,S1,追
井上 剛,イノウエ ゴウ,岡山県,1979-11-16,45,男,13735,85,A1,追
榊原 洋,サカキバラ ヒロシ,岡山県,1978-04-11,47,男,13736,85,A2,追
筒井 敦史,ツツイ アツシ,岡山県,1976-06-06,48,男,13737,85,S2,追
眞鍋 伸也,マナベ シンヤ,香川県,1980-07-12,44,男,13738,85,A3,追
石山 直哉,イシヤマ ナオヤ,徳島県,1980-11-08,44,男,13739,85,A2,追
大久保 直也,オオクボ ナオヤ,徳島県,1977-08-18,47,男,13740,85,A2,両
高原 仁志,タカハラ ヒトシ,徳島県,1980-09-21,44,男,13741,85,S2,追
葛西 雄太郎,カッサイ ユウタロウ,愛媛県,1979-01-17,46,男,13742,85,A2,両
藤田 剣次,フジタ ケンジ,福岡県,1977-07-02,47,男,13743,85,A2,追
菅原 晃,スガハラ アキラ,大分県,1979-08-04,45,男,13744,85,S2,追
中川 誠一郎,ナカガワ セイイチロウ,熊本県,1979-06-07,45,男,13745,85,S1,両
伊藤 大志,イトウ ダイシ,青森県,1979-05-20,45,男,13747,86,A1,追
佐々木 省司,ササキ シヨウジ,青森県,1978-01-29,47,男,13748,86,S2,追
及川 裕奨,オイカワ ユウシヨウ,岩手県,1981-07-29,43,男,13749,86,A2,両
阿部 晃,アベ アキラ,宮城県,1980-11-29,44,男,13753,86,A3,追
佐藤 悦夫,サトウ エツオ,栃木県,1979-10-09,45,男,13755,86,A1,追
矢口 啓一郎,ヤグチ ケイイチロウ,群馬県,1980-05-17,44,男,13760,86,A2,両
新井 剛央,シンイ タケヒサ,埼玉県,1978-06-02,46,男,13761,86,A2,追
吉田 勇人,ヨシダ ハヤト,埼玉県,1979-02-02,46,男,13762,86,S2,追
川上 真二郎,カワカミ シンジロウ,新潟県,1980-04-24,45,男,13763,86,A2,追
海老根 恵太,エビネ ケイタ,千葉県,1977-07-27,47,男,13765,86,S2,追
武井 大介,タケイ ダイスケ,千葉県,1980-09-25,44,男,13766,86,S2,追
松丸 裕紀,マツマル ヒロノリ,福岡県,1980-10-21,44,男,13767,86,A2,追
旭 啓介,アサヒ ケイスケ,神奈川県,1978-12-16,46,男,13768,86,A2,追
宮下 潤,ミヤシタ ジユン,神奈川県,1978-04-28,47,男,13770,86,A3,追
吉川 誠,ヨシカワ マコト,神奈川県,1981-07-05,43,男,13771,86,A3,両
岡村 潤,オカムラ ジユン,静岡県,1981-11-12,43,男,13772,86,S1,追
鈴木 良太,スズキ リヨウタ,静岡県,1977-04-05,48,男,13775,86,A1,追
小塚 潤,コヅカ ジユン,愛知県,1979-06-12,45,男,13776,86,A3,追
服部 正継,ハツトリ マサツグ,岐阜県,1978-09-04,46,男,13781,86,A2,追
原 真司,ハラ シンジ,岐阜県,1977-08-27,47,男,13782,86,S2,追
上田 裕和,ウエダ ヒロカズ,三重県,1981-02-20,44,男,13783,86,S2,追
太田 雅之,オオタ マサユキ,三重県,1977-09-24,47,男,13784,86,A2,追
白崎 芳典,シラサキ ヨシノリ,福井県,1976-12-24,48,男,13788,86,A2,追
稲垣 裕之,イナガキ ヒロユキ,京都府,1977-07-28,47,男,13790,86,S1,両
村上 博幸,ムラカミ ヒロユキ,京都府,1979-04-15,46,男,13791,86,S1,追
辰己 豊,タツミ ユタカ,奈良県,1978-07-26,46,男,13792,86,A1,追
川西 亮介,カワニシ リヨウスケ,和歌山県,1976-09-18,48,男,13794,86,A2,追
井上 将志,イノウエ マサシ,大阪府,1976-07-19,48,男,13795,86,A3,追
陶器 一馬,トウキ カズマ,大阪府,1978-10-02,46,男,13796,86,A3,追
平川 公一,ヒラカワ コウイチ,大阪府,1977-08-10,47,男,13797,86,A3,両
木村 直隆,キムラ ナオタカ,兵庫県,1978-07-07,46,男,13798,86,S2,追
真田 晃,サナダ アキラ,兵庫県,1979-04-26,46,男,13799,86,A2,追
中村 一将,ナカムラ カズマサ,兵庫県,1976-05-05,49,男,13800,86,S2,両
大林 亮介,オオバヤシ リヨウスケ,香川県,1981-03-25,44,男,13802,86,A3,追
三ツ石 康洋,ミツイシ ヤスヒロ,徳島県,1980-09-05,44,男,13803,86,S2,両
湊 聖二,ミナト セイジ,徳島県,1976-12-12,48,男,13804,86,S1,追
溪 飛雄馬,タニ ヒユウマ,愛媛県,1978-12-18,46,男,13805,86,S2,追
坂本 健太郎,サカモト ケンタロウ,福岡県,1980-07-18,44,男,13808,86,S1,両
杉山 剛,スギヤマ ゴウ,福岡県,1977-05-24,47,男,13809,86,A2,両
良永 浩一,ヨシナガ コウイチ,福岡県,1979-03-09,46,男,13810,86,A1,追
池田 浩士,イケダ ヒロシ,佐賀県,1978-10-24,46,男,13811,86,A1,追
井上 昌己,イノウエ マサキ,長崎県,1979-07-25,45,男,13815,86,S1,追
吉川 裕二,ヨシカワ ユウジ,大分県,1981-06-09,43,男,13817,86,A2,追
赤星 俊光,アカホシ トシミツ,熊本県,1979-02-01,46,男,13818,86,A3,追
中村 圭志,ナカムラ キヨシ,熊本県,1980-12-18,44,男,13821,86,S2,追
米原 大輔,ヨネハラ ダイスケ,沖縄県,1980-05-20,44,男,13822,86,A3,追
上吹越 直樹,カミフキゴシ ナオキ,鹿児島県,1981-11-18,43,男,13824,86,A1,追
田原 大広,タハラ マサヒロ,北海道,1979-09-30,45,男,13826,87,A2,両
佐藤 雅彦,サトウ マサヒコ,宮城県,1981-10-27,43,男,13827,87,S2,追
引地 正人,ヒキチ マサト,秋田県,1980-07-08,44,男,13828,87,A2,逃
青森 伸也,アオモリ シンヤ,福島県,1977-04-22,48,男,13829,87,S2,追
田崎 良太郎,タサキ リヨウタロウ,福島県,1980-04-08,45,男,13830,87,A3,追
平石 浩之,ヒライシ ヒロユキ,茨城県,1977-11-13,47,男,13834,87,A2,追
山田 武,ヤマダ タケシ,群馬県,1977-04-18,48,男,13838,87,A2,追
若林 耕司,ワカバヤシ コウジ,群馬県,1980-08-19,44,男,13839,87,A3,追
高瀬 卓,タカセ スグル,埼玉県,1979-01-23,46,男,13840,87,A2,両
平原 康多,ヒラハラ コウタ,埼玉県,1982-06-11,42,男,13841,87,S級S班,両
加賀美 智史,カガミ サトシ,山梨県,1982-09-16,42,男,13845,87,A3,両
小林 大能,コバヤシ ヒロヨシ,千葉県,1979-11-10,45,男,13847,87,A3,追
山賀 雅仁,ヤマガ マサト,千葉県,1982-03-06,43,男,13850,87,S2,両
和田 健太郎,ワダ ケンタロウ,千葉県,1981-05-27,43,男,13851,87,S1,追
五十嵐 力,イガラシ チカラ,神奈川県,1979-01-17,46,男,13852,87,S2,追
長田 祐弥,オサダ ユウヤ,神奈川県,1982-01-03,43,男,13853,87,A1,追
川田 忍,カワダ シノブ,神奈川県,1978-09-06,46,男,13854,87,A2,両
近藤 俊明,コンドウ トシアキ,神奈川県,1978-09-11,46,男,13855,87,A1,追
浅沼 聖士,アサヌマ キヨヒト,静岡県,1981-07-14,43,男,13857,87,A2,追
荒木 伸哉,アラキ シンヤ,静岡県,1979-05-23,45,男,13859,87,A1,追
藤原 清隆,フジワラ キヨタカ,静岡県,1981-10-14,43,男,13860,87,A3,追
岡田 大門,オカダ ダイモン,愛知県,1981-07-05,43,男,13861,87,A3,両
鈴木 伸之,スズキ ノブユキ,愛知県,1980-07-15,44,男,13862,87,A1,追
吉田 健市,ヨシダ ケンイチ,愛知県,1977-10-10,47,男,13863,87,S2,追
伊藤 世哉,イトウ セイヤ,三重県,1981-03-23,44,男,13864,87,S2,追
永原 徹,ナガハラ トオル,富山県,1978-11-29,46,男,13866,87,A3,追
樋口 奨平,ヒグチ シヨウヘイ,富山県,1979-10-02,45,男,13867,87,A3,追
岡崎 景介,オカザキ ケイスケ,広島県,1982-06-14,42,男,13868,87,A1,両
松岡 健介,マツオカ ケンスケ,兵庫県,1978-05-11,47,男,13878,87,S2,両
伊豆田 浩人,イズタ ヒロト,神奈川県,1979-07-13,45,男,13879,87,S2,追
岩津 裕介,イワツ ユウスケ,岡山県,1982-01-07,43,男,13880,87,S1,追
高津 晃治,タカツ コウジ,岡山県,1979-07-19,45,男,13883,87,A1,追
守谷 陽介,モリヤ ヨウスケ,岡山県,1980-05-10,45,男,13884,87,A1,両
柳谷 崇,ヤナギダニ タカシ,岡山県,1978-05-12,46,男,13885,87,A1,追
大屋 健司,オオヤ ケンジ,広島県,1981-09-04,43,男,13886,87,S2,追
沖本 尚織,オキモト タカオリ,広島県,1979-05-14,45,男,13887,87,A3,追
細川 貴史,ホソカワ タカフミ,広島県,1980-08-23,44,男,13888,87,A2,追
藤原 浩,フジハラ ヒロシ,高知県,1979-07-08,45,男,13890,87,S2,追
梶山 裕次郎,カジヤマ ユウジロウ,福岡県,1981-04-11,44,男,13892,87,A2,追
片山 直人,カタヤマ ナオト,福岡県,1981-07-27,43,男,13893,87,A2,両
園田 匠,ソノダ タクミ,福岡県,1981-09-22,43,男,13894,87,S1,追
松尾 大樹,マツオ ダイキ,長崎県,1980-11-02,44,男,13895,87,A3,追
安東 英博,アンドウ ヒデヒロ,大分県,1980-09-07,44,男,13896,87,A2,追
加藤 大輔,カトウ ダイスケ,大分県,1979-06-23,45,男,13897,87,A3,追
山田 和巧,ヤマダ カズヨシ,神奈川県,1978-04-13,47,男,13899,87,A2,追
大森 慶一,オオモリ ケイイチ,北海道,1981-10-15,43,男,13900,88,S1,追
山田 敦也,ヤマダ アツヤ,北海道,1983-07-13,41,男,13901,88,A1,追
岩崎 将士,イワサキ マサシ,青森県,1983-02-17,42,男,13902,88,A1,追
川崎 健次,カワサキ ケンジ,神奈川県,1979-08-20,45,男,13903,88,A1,追
佐藤 友和,サトウ トモカズ,岩手県,1983-02-13,42,男,13904,88,S1,両
藤原 義晴,フジワラ ヨシハル,岩手県,1981-02-20,44,男,13905,88,A3,追
太田 貴之,オオタ タカユキ,宮城県,1982-01-17,43,男,13906,88,A3,追
佐藤 正吾,サトウ シヨウゴ,宮城県,1983-01-05,42,男,13907,88,A3,追
菅田 和宏,スガタ カズヒロ,宮城県,1982-06-15,42,男,13908,88,A3,逃
高橋 秀吉,タカハシ ヒデヨシ,秋田県,1983-03-27,42,男,13910,88,A1,追
金成 和幸,カナリ カズユキ,福島県,1979-03-22,46,男,13912,88,S2,追
小谷田 公則,コヤタ マサノリ,福島県,1981-04-19,44,男,13914,88,A2,追
坂口 卓士,サカグチ タカシ,福島県,1978-09-18,46,男,13915,88,A2,追
白石 大輔,シライシ ダイスケ,福島県,1983-02-13,42,男,13916,88,A2,両
成田 和也,ナリタ カズヤ,福島県,1979-02-25,46,男,13917,88,S1,追
森田 達也,モリタ タツヤ,福島県,1983-04-02,42,男,13919,88,A3,両
山崎 芳仁,ヤマザキ ヨシヒト,福島県,1979-06-12,45,男,13920,88,S1,両
渡邉 一成,ワタナベ カズナリ,福島県,1983-08-12,41,男,13921,88,S1,逃
河野 通孝,コウノ ミチタカ,茨城県,1983-02-26,42,男,13922,88,S1,追
武田 豊樹,タケダ トヨキ,茨城県,1974-01-09,51,男,13923,88,S1,追
阿久津 修,アクツ シユウ,栃木県,1980-11-10,44,男,13924,88,A1,追
黒田 篤,クロダ アツシ,栃木県,1979-08-19,45,男,13925,88,A3,追
早坂 道義,ハヤサカ ミチヨシ,栃木県,1979-05-23,45,男,13926,88,A3,追
高橋 由記,タカハシ ヨシキ,群馬県,1979-08-07,45,男,13927,88,A3,追
宮内 善光,ミヤウチ ゼンコウ,群馬県,1981-04-20,44,男,13929,88,A2,追
井上 雄三,イノウエ ユウゾウ,埼玉県,1983-02-08,42,男,13932,88,A2,追
藤田 竜矢,フジタ タツヤ,埼玉県,1980-04-03,45,男,13933,88,A2,両
小埜 正義,オノ マサヨシ,千葉県,1981-06-09,43,男,13936,88,A1,追
大西 健士,オオニシ ケンジ,神奈川県,1980-07-16,44,男,13942,88,A2,追
桐山 敬太郎,キリヤマ ケイタロウ,神奈川県,1982-05-03,43,男,13944,88,S2,両
福田 知也,フクダ トモヤ,神奈川県,1982-08-29,42,男,13945,88,S1,追
石橋 慎太郎,イシバシ シンタロウ,静岡県,1983-02-01,42,男,13947,88,A1,追
松山 桂輔,マツヤマ ケイスケ,愛知県,1983-10-11,41,男,13950,88,A1,追
永井 清史,ナガイ キヨフミ,岐阜県,1983-05-18,41,男,13951,88,A2,両
東 鉄也,アズマ テツヤ,三重県,1981-04-26,44,男,13952,88,A2,両
坂元 洋行,サカモト ヒロユキ,三重県,1979-08-31,45,男,13953,88,A3,追
三宅 裕武,ミヤケ ヤスタケ,三重県,1981-09-26,43,男,13955,88,A1,追
堂村 知哉,ドウムラ トモヤ,福井県,1982-11-08,42,男,13957,88,A2,追
鷲田 佳史,ワシダ ヨシフミ,福井県,1983-05-22,41,男,13959,88,S2,追
松村 友和,マツムラ トモカズ,大阪府,1980-01-03,45,男,13961,88,S1,追
南 修二,ミナミ シユウジ,大阪府,1981-09-07,43,男,13962,88,S1,追
柏野 智典,カシノ トモノリ,岡山県,1978-07-03,46,男,13963,88,S1,追
高田 大輔,タカダ ダイスケ,徳島県,1978-06-05,46,男,13964,88,A3,追
岡田 雅也,オカダ マサヤ,高知県,1979-09-14,45,男,13965,88,A3,追
大崎 飛雄馬,オオサキ ヒユウマ,愛媛県,1978-07-25,46,男,13966,88,S2,追
岡本 大嗣,オカモト ヒロシ,東京都,1980-04-17,45,男,13967,88,S1,追
越智 展孝,オチ ノブタカ,愛媛県,1981-08-22,43,男,13968,88,A1,追
武田 良太,タケダ リヨウタ,愛媛県,1981-12-25,43,男,13969,88,A2,追
三好 陽一,ミヨシ ヨウイチ,愛媛県,1981-11-20,43,男,13970,88,A2,両
内山 拓,ウチヤマ タク,福岡県,1982-12-02,42,男,13971,88,A1,追
富永 昌久,トミナガ マサヒサ,佐賀県,1980-09-01,44,男,13972,88,A3,追
大竹野 裕樹,オオタケノ ヒロキ,鹿児島県,1982-01-04,43,男,13974,88,A2,両
明田 春喜,アケタ ハルキ,北海道,1981-03-10,44,男,13976,89,A1,追
菊地 圭尚,キクチ ケイシヨウ,北海道,1980-04-02,45,男,13978,89,S2,追
竹内 優也,タケウチ ユウヤ,北海道,1980-06-03,44,男,13979,89,A2,両
森田 康嗣,モリタ コウジ,北海道,1981-09-05,43,男,13980,89,A1,両
五日市 誠,イツカイチ マコト,青森県,1984-07-02,40,男,13982,89,S1,追
大崎 智久,オオサキ トモヒサ,青森県,1982-08-18,42,男,13983,89,A3,追
栗林 巧,クリバヤシ タクミ,青森県,1980-12-14,44,男,13984,89,A1,追
高橋 陽介,タカハシ ヨウスケ,青森県,1982-03-06,43,男,13985,89,A1,追
阿部 英光,アベ ヒデミツ,宮城県,1982-01-09,43,男,13988,89,A2,追
大泉 英則,オオイズミ ヒデノリ,宮城県,1981-02-12,44,男,13989,89,A2,追
荻原 尚人,オギハラ ナオト,宮城県,1983-10-19,41,男,13990,89,S2,追
佐藤 朋也,サトウ トモヤ,秋田県,1979-12-31,45,男,13993,89,S2,両
杉山 悠也,スギヤマ ユウヤ,秋田県,1983-07-25,41,男,13994,89,A1,追
丸山 貴秀,マルヤマ タカヒデ,秋田県,1980-05-13,44,男,13996,89,S2,追
桂馬 将人,ケイマ マサヒト,福島県,1982-03-29,43,男,13998,89,A3,両
渡部 幸訓,ワタナベ ユキノリ,福島県,1983-06-25,41,男,14002,89,S1,追
須賀 和彦,スガ カズヒコ,茨城県,1985-02-02,40,男,14003,89,A1,追
松永 将,マツナガ タダシ,茨城県,1980-12-31,44,男,14004,89,S2,追
山本 健也,ヤマモト ケンヤ,千葉県,1981-07-06,43,男,14005,89,S2,追
青木 亮太,アオキ リヨウタ,群馬県,1983-05-12,41,男,14006,89,A3,追
甲斐 康昭,カイ ヤスアキ,群馬県,1984-10-10,40,男,14008,89,A1,追
大澤 雄大,オオサワ タケヒロ,埼玉県,1982-02-16,43,男,14009,89,S2,追
長谷川 辰徳,ハセガワ タツノリ,埼玉県,1981-04-08,44,男,14010,89,A3,追
細沼 健治,ホソヌマ ケンジ,埼玉県,1981-07-30,43,男,14011,89,A2,両
関 智晴,セキ トモハル,新潟県,1984-03-09,41,男,14012,89,A3,追
須藤 雄太,スドウ ユウタ,千葉県,1983-06-20,41,男,14014,89,A2,追
米倉 剛志,ヨネクラ タケシ,千葉県,1982-09-21,42,男,14015,89,A3,逃
石塚 孝幸,イシヅカ タカユキ,神奈川県,1980-03-06,45,男,14016,89,S1,追
大塚 玲,オオツカ アキラ,神奈川県,1981-08-24,43,男,14017,89,S2,追
内藤 秀久,ナイトウ ヒデヒサ,神奈川県,1982-02-04,43,男,14018,89,S1,追
長崎 達也,ナガサキ タツヤ,神奈川県,1981-12-12,43,男,14019,89,A3,両
松坂 洋平,マツザカ ヨウヘイ,神奈川県,1982-08-27,42,男,14020,89,S1,両
森川 剛,モリカワ ゴウ,神奈川県,1979-06-23,45,男,14021,89,A2,追
山田 慎一郎,ヤマダ シンイチロウ,神奈川県,1979-07-27,45,男,14022,89,A3,追
櫻井 丈,サクライ ジヨウ,静岡県,1982-07-12,42,男,14024,89,A1,追
高橋 成英,タカハシ ナルヒデ,愛知県,1982-08-09,42,男,14026,89,S2,両
臼井 昌巨,ウスイ マサナオ,愛知県,1984-04-06,41,男,14027,89,A3,両
山口 泰生,ヤマグチ タイキ,岐阜県,1981-12-10,43,男,14028,89,S1,追
上田 国広,ウエダ クニヒロ,三重県,1983-07-30,41,男,14029,89,S2,追
藤木 裕,フジキ ユタカ,京都府,1984-06-29,40,男,14030,89,A1,両
筒井 裕哉,ツツイ ユウヤ,兵庫県,1981-05-30,43,男,14031,89,S2,追
藤田 真,フジタ マコト,兵庫県,1981-04-23,44,男,14032,89,A3,両
藤縄 洋介,フジナワ ヨウスケ,兵庫県,1980-08-09,44,男,14033,89,A3,両
鳥丸 晃順,トリマル テルマサ,岡山県,1980-12-25,44,男,14034,89,A3,追
伊藤 大彦,イトウ マサヒコ,徳島県,1983-05-29,41,男,14035,89,A1,追
篠原 龍馬,シノハラ リユウマ,高知県,1981-07-23,43,男,14036,89,A1,両
橋本 勝弘,ハシモト カツヒロ,愛媛県,1982-08-02,42,男,14037,89,A1,追
橋本 強,ハシモト ツヨシ,愛媛県,1984-12-18,40,男,14038,89,S1,追
竹内 真一,タケウチ シンイチ,福岡県,1981-05-08,44,男,14040,89,A2,追
田中 誠,タナカ マコト,福岡県,1983-08-07,41,男,14041,89,S2,追
徳吉 正治,トクヨシ マサハル,福岡県,1983-05-27,41,男,14042,89,A2,両
中園 和剛,ナカゾノ カズヨシ,福岡県,1982-07-21,42,男,14043,89,A1,追
八尋 英輔,ヤヒロ エイスケ,福岡県,1980-02-28,45,男,14044,89,A1,追
吉本 卓仁,ヨシモト タクジ,福岡県,1983-12-12,41,男,14045,89,S1,両
秋山 貴宏,アキヤマ タカヒロ,佐賀県,1981-10-01,43,男,14046,89,A2,両
山田 英明,ヤマダ ヒデアキ,佐賀県,1983-03-29,42,男,14047,89,S1,両
川島 勝,カワシマ マサル,長崎県,1982-09-09,42,男,14048,89,A2,追
廣田 樹里,ヒロタ ジユリ,熊本県,1981-02-07,44,男,14049,89,A3,両
早坂 秀悟,ハヤサカ シユウゴ,茨城県,1986-01-22,39,男,14051,90,A1,逃
飯野 祐太,イイノ ユウタ,福島県,1984-09-20,40,男,14052,90,S1,両
鈴木 謙太郎,スズキ ケンタロウ,茨城県,1984-11-08,40,男,14053,90,A1,両
新田 祐大,ニツタ ユウダイ,福島県,1986-01-25,39,男,14054,90,S1,両
芦澤 大輔,アシザワ ダイスケ,茨城県,1982-04-09,43,男,14055,90,S1,追
橋本 紀彰,ハシモト ノリアキ,茨城県,1980-05-18,44,男,14056,90,A2,追
松田 優一,マツダ ユウイチ,茨城県,1985-06-29,39,男,14057,90,A1,追
佐藤 謙,サトウ ケン,栃木県,1985-07-19,39,男,14058,90,A2,追
高塩 讓次,タカシオ ジヨウジ,栃木県,1983-09-06,41,男,14059,90,S2,追
塚本 和宏,ツカモト カズヒロ,栃木県,1982-11-06,42,男,14061,90,A2,追
齋藤 昌弘,サイトウ マサヒロ,群馬県,1981-09-22,43,男,14062,90,A2,追
吉松 賢二,ヨシマツ ケンジ,群馬県,1985-10-28,39,男,14064,90,A2,両
鰐淵 圭佑,ワニブチ ケイスケ,群馬県,1983-08-24,41,男,14065,90,S2,追
池田 勇人,イケダ ハヤト,埼玉県,1985-05-12,39,男,14066,90,S2,追
工藤 考生,クドウ タカオ,埼玉県,1981-10-16,43,男,14067,90,A3,追
吉田 裕全,ヨシダ ヒロマサ,埼玉県,1984-10-29,40,男,14068,90,S2,追
渡邊 政幸,ワタナベ マサユキ,埼玉県,1982-12-10,42,男,14069,90,A2,追
秋葉 大輔,アキバ ダイスケ,東京都,1982-07-03,42,男,14070,90,A1,追
朝倉 佳弘,アサクラ ヨシヒロ,東京都,1980-11-03,44,男,14071,90,S1,追
伊藤 之人,イトウ ユキヒト,東京都,1982-10-05,42,男,14072,90,A3,両
松根 真,マツネ シン,東京都,1980-11-29,44,男,14075,90,A1,追
志村 太賀,シムラ タイガ,山梨県,1983-06-17,41,男,14076,90,S2,追
古屋 琢晶,フルヤ タカアキ,山梨県,1986-02-08,39,男,14077,90,S2,両
植草 亮介,ウエクサ リヨウスケ,千葉県,1984-06-10,40,男,14078,90,A1,追
江本 博明,エモト ヒロアキ,千葉県,1980-07-28,44,男,14079,90,A1,追
近藤 隆司,コンドウ リユウジ,千葉県,1984-01-25,41,男,14080,90,S2,両
田中 晴基,タナカ ハルキ,千葉県,1986-02-21,39,男,14081,90,A1,追
高橋 雅之,タカハシ マサユキ,千葉県,1982-07-27,42,男,14082,90,A1,追
成清 謙二郎,ナリキヨ ケンジロウ,千葉県,1983-11-21,41,男,14083,90,A2,追
小菅 誠,コスゲ マコト,神奈川県,1980-06-01,44,男,14084,90,S2,追
齋藤 友幸,サイトウ トモユキ,静岡県,1983-07-08,41,男,14086,90,A1,逃
高橋 隆太,タカハシ リユウタ,静岡県,1982-12-23,42,男,14087,90,A1,追
浅井 康太,アサイ コウタ,三重県,1984-06-22,40,男,14089,90,S1,両
竹澤 浩司,タケザワ コウジ,富山県,1981-05-10,44,男,14090,90,A1,両
伊原 弘幸,イハラ ヒロユキ,福井県,1984-12-11,40,男,14091,90,A1,追
山出 裕幸,ヤマデ ヒロユキ,福井県,1983-06-05,41,男,14092,90,A1,追
窪田 陽介,クボタ ヨウスケ,滋賀県,1985-01-12,40,男,14093,90,A2,追
有馬 雄二,アリマ ユウジ,奈良県,1982-05-23,42,男,14094,90,A2,追
伊藤 成紀,イトウ セイキ,大阪府,1982-07-05,42,男,14096,90,A1,両
稲川 翔,イナカワ シヨウ,大阪府,1985-02-20,40,男,14097,90,S1,両
菊谷 信一,キクタニ シンイチ,大阪府,1985-03-28,40,男,14098,90,A1,追
坂本 佳憲,サカモト ヨシノリ,大阪府,1985-05-09,40,男,14099,90,A3,追
永橋 武司,ナガハシ タケシ,大阪府,1982-10-24,42,男,14101,90,A3,両
篠塚 光一,シノヅカ コウイチ,兵庫県,1980-05-31,44,男,14102,90,A2,追
村田 雅一,ムラタ マサカズ,兵庫県,1984-07-04,40,男,14103,90,S2,追
池田 憲昭,イケダ ノリアキ,香川県,1982-04-26,43,男,14104,90,A1,追
阿竹 智史,アタケ サトシ,徳島県,1982-04-15,43,男,14105,90,S1,両
山中 貴雄,ヤマナカ タカオ,高知県,1983-04-16,42,男,14108,90,S2,追
吉松 直人,ヨシマツ ナオト,高知県,1981-03-02,44,男,14109,90,S2,追
廣川 泰昭,ヒロカワ ヤスアキ,愛媛県,1983-05-21,41,男,14110,90,A1,追
秋永 共之,アキナガ トモユキ,福岡県,1982-08-10,42,男,14111,90,A3,追
小川 勇介,オガワ ユウスケ,福岡県,1984-10-14,40,男,14112,90,S1,追
北津留 翼,キタツル ツバサ,福岡県,1985-04-26,40,男,14113,90,S1,逃
坂本 亮馬,サカモト リヨウマ,福岡県,1985-05-03,40,男,14114,90,S2,追
原田 礼,ハラダ レイ,福岡県,1980-09-03,44,男,14115,90,A1,追
安東 宏高,アンドウ ヒロタカ,大分県,1982-04-04,43,男,14116,90,A1,追
小岩 大介,コイワ ダイスケ,大分県,1984-04-11,41,男,14117,90,S1,追
中村 雅仁,ナカムラ マサヒト,熊本県,1981-10-27,43,男,14119,90,A1,追
永田 修一,ナガタ シユウイチ,熊本県,1981-02-21,44,男,14120,90,A3,追
服部 克久,ハツトリ カツヒサ,熊本県,1980-12-10,44,男,14121,90,A3,追
松岡 貴久,マツオカ タカヒサ,熊本県,1984-05-27,40,男,14122,90,S1,追
中村 敏之輔,ナカムラ トシノスケ,北海道,1986-01-05,39,男,14123,91,A2,追
石田 宏樹,イシダ ヒロキ,青森県,1981-09-09,43,男,14124,91,A3,両
坂本 昌宏,サカモト マサヒロ,青森県,1984-07-21,40,男,14125,91,A2,追
高谷 敏史,タカヤ トシフミ,青森県,1985-05-27,39,男,14126,91,A2,両
永澤 剛,ナガサワ タケシ,青森県,1985-07-21,39,男,14127,91,S1,追
嶋貫 高大,シマヌキ タカヒロ,宮城県,1981-11-02,43,男,14128,91,A3,追
菅田 壱道,スガタ カズミチ,宮城県,1986-05-09,39,男,14129,91,S1,両
竹山 陵太,タケヤマ リヨウタ,宮城県,1985-05-15,39,男,14130,91,S2,追
三澤 康人,ミサワ ヤスト,宮城県,1985-01-14,40,男,14132,91,A1,追
高橋 紀史,タカハシ ノリフミ,佐賀県,1986-09-06,38,男,14133,91,A2,追
小野 大介,オノ ダイスケ,福島県,1984-04-28,41,男,14134,91,S2,追
金澤 幸司,カナザワ コウジ,福島県,1985-09-04,39,男,14135,91,A1,追
金澤 竜二,カナザワ リユウジ,福島県,1985-09-04,39,男,14136,91,A1,逃
房州 輝也,ボウシユウ テルヤ,福島県,1986-06-26,38,男,14137,91,S2,両
山下 渡,ヤマシタ ワタル,茨城県,1983-09-03,41,男,14138,91,S2,追
小田倉 勇二,オダクラ ユウジ,埼玉県,1984-02-21,41,男,14139,91,A1,両
神山 拓弥,カミヤマ タクヤ,栃木県,1987-01-24,38,男,14140,91,S1,追
中川 貴徳,ナカガワ タカノリ,栃木県,1984-03-30,41,男,14141,91,S2,追
矢野 昌彦,ヤノ マサヒコ,栃木県,1982-04-24,43,男,14142,91,S2,逃
天田 裕輝,アマダ ユウキ,群馬県,1985-04-12,40,男,14143,91,S2,両
石川 雅望,イシカワ マサモチ,群馬県,1986-05-08,39,男,14144,91,A1,追
篠原 忍,シノハラ シノブ,愛知県,1982-07-21,42,男,14145,91,S2,両
柿沼 信也,カキヌマ シンヤ,埼玉県,1984-07-28,40,男,14147,91,S2,追
岸澤 賢太,キシザワ ケンタ,埼玉県,1986-12-02,38,男,14148,91,S2,両
齋藤 和伸,サイトウ カズノブ,埼玉県,1981-08-21,43,男,14149,91,A3,追
宿口 潤平,ヤドグチ ジユンペイ,埼玉県,1982-04-16,43,男,14151,91,S2,追
宿口 陽一,ヤドグチ ヨウイチ,埼玉県,1984-04-03,41,男,14152,91,S1,両
伊藤 太一,イトウ タイチ,山梨県,1982-09-06,42,男,14153,91,A2,両
長岡 豪,ナガオカ ゴウ,群馬県,1983-05-20,41,男,14154,91,A3,追
佐藤 政利,サトウ マサトシ,新潟県,1982-09-01,42,男,14155,91,A2,追
原田 泰志,ハラダ タイシ,新潟県,1986-04-08,39,男,14157,91,S2,追
本間 慎吾,ホンマ シンゴ,新潟県,1987-03-15,38,男,14158,91,A2,追
藤田 大輔,フジタ ダイスケ,千葉県,1984-09-05,40,男,14161,91,S2,追
内田 英介,ウチダ エイスケ,東京都,1981-07-03,43,男,14163,91,S2,追
田中 孝彦,タナカ タカヒコ,静岡県,1986-07-17,38,男,14164,91,A1,追
倉野 隆太郎,クラノ リユウタロウ,三重県,1984-05-24,40,男,14166,91,A1,追
高橋 和也,タカハシ カズヤ,愛知県,1986-06-27,38,男,14168,91,S2,両
富安 保充,トミヤス ヤスミツ,愛知県,1982-08-23,42,男,14169,91,A2,追
深見 仁哉,フカミ ヒロヤ,愛知県,1982-09-15,42,男,14171,91,A3,追
山田 隼司,ヤマダ ジユンジ,岐阜県,1986-11-18,38,男,14172,91,A2,両
柴崎 淳,シバサキ アツシ,三重県,1986-09-19,38,男,14174,91,S1,両
柴崎 俊光,シバサキ トシミツ,三重県,1984-11-05,40,男,14175,91,S2,追
笹倉 慎也,ササクラ シンヤ,富山県,1985-10-12,39,男,14176,91,A1,追
小堺 浩二,コザカイ コウジ,石川県,1982-11-05,42,男,14177,91,S2,両
伊原 克彦,イハラ カツヒコ,福井県,1982-02-05,43,男,14178,91,S2,両
肥後 公允,ヒゴ コウスケ,奈良県,1984-10-22,40,男,14179,91,A3,両
坂本 匡洋,サカモト タダヒロ,大阪府,1983-09-24,41,男,14180,91,A1,追
藤原 悠斗,フジワラ ユウト,岡山県,1985-10-07,39,男,14181,91,A1,追
大川 龍二,オオカワ リユウジ,広島県,1984-09-04,40,男,14182,91,S1,両
隅田 幸助,スミダ コウスケ,広島県,1983-12-08,41,男,14183,91,A2,両
池田 良,イケダ リヨウ,広島県,1986-01-09,39,男,14184,91,S1,追
隅 貴史,スミ タカシ,山口県,1981-05-04,44,男,14185,91,A1,追
網谷 竜次,アミタニ リユウジ,香川県,1986-08-24,38,男,14186,91,S2,追
大西 祐,オオニシ ユウ,愛媛県,1986-12-20,38,男,14187,91,A1,両
原 誠宏,ハラ トモヒロ,香川県,1985-07-20,39,男,14188,91,S1,追
木村 隆弘,キムラ タカヒロ,徳島県,1986-03-07,39,男,14190,91,S1,追
野本 翔太,ノモト シヨウタ,高知県,1984-07-22,40,男,14192,91,A1,追
玉手 翔,タマテ シヨウ,兵庫県,1983-09-24,41,男,14193,91,A2,追
桑原 亮,クワハラ リヨウ,福岡県,1984-11-22,40,男,14194,91,A1,追
田中 孝法,タナカ タカノリ,福岡県,1982-01-25,43,男,14195,91,A3,追
小林 弘和,コバヤシ ヒロカズ,佐賀県,1983-08-19,41,男,14196,91,S2,追
松岡 孔明,マツオカ コウメイ,熊本県,1982-04-14,43,男,14199,91,A1,追
島田 茂希,シマダ シゲキ,北海道,1986-04-10,39,男,14202,92,A3,逃
大崎 和也,オオサキ カズヤ,青森県,1987-01-08,38,男,14204,92,A1,追
日当 泰之,ヒナタ ヤスユキ,青森県,1987-12-22,37,男,14205,92,A1,両
金野 俊秋,コンノ トシアキ,千葉県,1983-09-27,41,男,14206,92,A1,逃
安部 貴之,アベ タカユキ,宮城県,1983-08-07,41,男,14208,92,S2,追
加美山 隆行,カミヤマ タカユキ,宮城県,1986-05-13,38,男,14209,92,A3,両
和田 圭,ワダ ケイ,宮城県,1986-02-06,39,男,14210,92,S1,追
佐藤 幸治,サトウ コウジ,長崎県,1985-10-25,39,男,14211,92,S2,両
山崎 将幸,ヤマザキ マサユキ,宮城県,1987-06-01,37,男,14212,92,A1,追
岡田 哲夫,オカダ テツオ,福島県,1982-09-05,42,男,14213,92,A3,追
木田 有隆,キダ ユタカ,福島県,1985-01-18,40,男,14215,92,A3,追
田村 純一,タムラ ジユンイチ,福島県,1986-11-09,38,男,14216,92,A3,逃
邊見 斎,ヘンミ ヒトシ,福島県,1985-06-29,39,男,14218,92,A3,追
山崎 悟,ヤマザキ サトル,茨城県,1984-08-06,40,男,14220,92,A1,追
古川 尚耶,フルカワ ナオヤ,栃木県,1985-08-09,39,男,14221,92,A1,追
木暮 安由,キグレ ヤスヨシ,群馬県,1985-02-23,40,男,14222,92,S1,追
瀧野 勝太,タキノ ショウタ,群馬県,1986-11-14,38,男,14223,92,A2,追
矢島 一弥,ヤジマ カズヤ,群馬県,1985-09-03,39,男,14224,92,S2,追
伊藤 亮,イトウ アキラ,埼玉県,1982-12-16,42,男,14225,92,A1,追
大畑 裕貴,オオハタ ユウキ,埼玉県,1984-11-04,40,男,14226,92,A2,両
緒方 剛,オガタ ツヨシ,埼玉県,1983-05-05,42,男,14227,92,A2,追
片折 亮太,カタオリ リヨウタ,埼玉県,1987-07-15,37,男,14228,92,S2,両
山田 義彦,ヤマダ ヨシヒコ,埼玉県,1986-04-14,39,男,14230,92,S2,両
河村 雅章,カワムラ マサアキ,東京都,1983-04-21,42,男,14231,92,S1,両
柴田 洋輔,シバタ ヨウスケ,東京都,1986-02-06,39,男,14232,92,S2,追
西村 行貴,ニシムラ ユキタカ,東京都,1984-02-20,41,男,14233,92,A1,追
鈴木 庸之,スズキ ノブユキ,新潟県,1985-11-11,39,男,14235,92,S1,両
本田 拓也,ホンダ タクヤ,新潟県,1982-11-24,42,男,14236,92,A2,追
鈴木 裕,スズキ ヒロシ,千葉県,1984-12-09,40,男,14239,92,S2,両
須藤 誠,スドウ マコト,千葉県,1984-12-29,40,男,14240,92,A1,追
亀谷 隆一,カメヤ リュウイチ,神奈川県,1986-10-08,38,男,14242,92,A2,追
齊藤 健人,サイトウ タケト,静岡県,1986-11-22,38,男,14243,92,A2,両
後藤 彰仁,ゴトウ アキヒト,岐阜県,1985-05-30,39,男,14245,92,A1,追
森川 大輔,モリカワ ダイスケ,岐阜県,1987-07-04,37,男,14246,92,S2,追
吉川 起也,ヨシカワ タツヤ,富山県,1983-05-25,41,男,14248,92,S2,両
鷲田 幸司,ワシダ コウジ,福井県,1985-11-28,39,男,14249,92,S2,追
関谷 哲平,セキヤ テツペイ,奈良県,1982-07-18,42,男,14251,92,A3,逃
三谷 将太,ミタニ シヨウタ,奈良県,1985-10-24,39,男,14252,92,S1,追
伊藤 信,イトウ シン,大阪府,1983-10-28,41,男,14253,92,S1,逃
武田 和也,タケダ カズヤ,奈良県,1987-12-08,37,男,14254,92,A3,両
西本 直大,ニシモト タダヒロ,大阪府,1983-02-28,42,男,14255,92,A1,両
舟元 権造,フナモト ケンゾウ,大阪府,1983-03-09,42,男,14256,92,A3,追
岡崎 克政,オカザキ カツマサ,岡山県,1985-06-20,39,男,14257,92,A3,逃
片山 智晴,カタヤマ トモハル,岡山県,1984-01-26,41,男,14258,92,A1,追
戸田 洋平,トダ ヨウヘイ,岡山県,1983-04-17,42,男,14259,92,S2,追
作田 悦章,サクタ ヨシアキ,徳島県,1982-07-13,42,男,14261,92,A2,追
稲吉 悠大,イナヨシ ユウタ,福岡県,1986-10-13,38,男,14262,92,A1,追
樫山 恭柄,カシヤマ キョウヘイ,福岡県,1986-04-02,39,男,14263,92,A1,追
松尾 信太郎,マツオ シンタロウ,福岡県,1983-05-07,42,男,14264,92,S2,追
松永 真太,マツナガ シンタ,福岡県,1982-04-02,43,男,14265,92,A2,追
宮本 龍一,ミヤモト リユウイチ,福岡県,1986-05-16,38,男,14266,92,A3,両
一ノ瀬 匠,イチノセ タクミ,佐賀県,1988-02-09,37,男,14267,92,A2,逃
山口 貴弘,ヤマグチ タカヒロ,佐賀県,1984-01-26,41,男,14268,92,S2,追
梶原 恵介,カジワラ ケイスケ,大分県,1982-04-15,43,男,14269,92,A2,追
小原 将通,コハラ マサミチ,大分県,1987-08-18,37,男,14270,92,A1,追
松田 直也,マツダ ナオヤ,大分県,1984-09-03,40,男,14272,92,A2,両
吉成 晃一,ヨシナリ コウイチ,熊本県,1985-10-28,39,男,14274,92,A2,追
喜納 隆志,キナ リユウジ,沖縄県,1984-01-16,41,男,14275,92,A2,追
坂本 敏也,サカモト トシヤ,北海道,1986-05-16,38,男,14276,93,A3,両
山口 慎吾,ヤマグチ シンゴ,北海道,1983-06-17,41,男,14277,93,A2,追
白川 将太,シラカワ シヨウタ,青森県,1987-04-25,38,男,14278,93,A2,追
井上 公利,イノウエ キミトシ,宮城県,1981-07-16,43,男,14280,93,A1,逃
寺林 正秋,テラバヤシ マサアキ,宮城県,1984-10-10,40,男,14281,93,A1,追
石川 恭規,イシカワ タカノリ,福島県,1977-10-27,47,男,14282,93,A2,追
関 貴之,セキ タカユキ,茨城県,1983-05-30,41,男,14286,93,S2,追
齋藤 昌太,サイトウ シヨウタ,栃木県,1986-12-03,38,男,14287,93,A3,追
羽石 国臣,ハネイシ クニオミ,栃木県,1975-01-06,50,男,14289,93,A2,追
丸山 直樹,マルヤマ ナオキ,埼玉県,1985-11-05,39,男,14292,93,S2,追
山崎 寛巳,ヤマザキ ヒロミ,新潟県,1983-07-24,41,男,14295,93,A3,逃
佐藤 清之,サトウ セイジ,千葉県,1982-09-09,42,男,14296,93,A1,追
田中 勝仁,タナカ カツヒト,千葉県,1985-09-10,39,男,14297,93,A2,両
蒔田 英彦,マキタ ヒデヒコ,千葉県,1983-04-05,42,男,14298,93,S2,逃
上野 真吾,ウエノ シンゴ,神奈川県,1987-07-02,37,男,14300,93,A2,追
齋藤 輝彦,サイトウ テルヒコ,神奈川県,1982-11-19,42,男,14301,93,A2,追
武田 憲祐,タケダ ケンスケ,神奈川県,1983-04-06,42,男,14302,93,S2,追
小川 達也,オガワ タツヤ,静岡県,1986-12-21,38,男,14303,93,A2,逃
大竹 哲也,オオタケ テツヤ,静岡県,1980-05-05,45,男,14304,93,A1,追
大谷 靖茂,オオヤ ヤスシゲ,愛知県,1982-04-29,43,男,14305,93,A1,逃
谷田 泰平,タニダ タイヘイ,岐阜県,1977-03-08,48,男,14307,93,A1,追
水谷 好宏,ミズタニ ヨシヒロ,大阪府,1983-04-06,42,男,14309,93,S2,両
三谷 政史,ミタニ セイジ,奈良県,1982-11-30,42,男,14310,93,A2,追
小谷 実,コタニ ミノル,京都府,1987-03-21,38,男,14313,93,A1,追
中川 繁樹,ナカガワ シゲキ,京都府,1986-06-23,38,男,14314,93,A1,逃
西谷 岳文,ニシタニ タカフミ,京都府,1979-01-17,46,男,14315,93,A1,両
山崎 光展,ヤマザキ テルノブ,京都府,1986-11-22,38,男,14316,93,A2,両
山田 久徳,ヤマダ ヒサノリ,京都府,1987-08-24,37,男,14317,93,S1,両
椎木尾 拓哉,シキオ タクヤ,和歌山県,1985-08-26,39,男,14318,93,S2,追
中野 彰人,ナカノ アキヒト,和歌山県,1987-07-12,37,男,14319,93,A3,追
在本 直樹,アリモト ナオキ,岡山県,1977-01-16,48,男,14320,93,A2,両
石坂 永伍,イシザカ エイゴ,岡山県,1986-09-10,38,男,14321,93,A1,両
片岡 迪之,カタオカ ユウシ,岡山県,1986-10-27,38,男,14322,93,S1,両
連佛 康浩,レンブツ ヤスヒロ,岡山県,1985-07-31,39,男,14323,93,S2,追
内村 竜也,ウチムラ タツヤ,山口県,1976-06-07,48,男,14324,93,A3,追
蓮井 祐輝,ハスイ ユウキ,香川県,1983-07-15,41,男,14325,93,A1,追
福島 栄一,フクシマ エイイチ,香川県,1984-01-05,41,男,14326,93,S2,追
北村 信明,キタムラ トキヒロ,徳島県,1985-12-12,39,男,14327,93,S2,追
藤田 洋平,フジタ ヨウヘイ,徳島県,1986-07-08,38,男,14328,93,A2,追
阿部 功,アベ イサオ,高知県,1983-11-16,41,男,14329,93,A2,追
坂田 章,サカタ シヨウ,高知県,1985-07-22,39,男,14330,93,A1,追
栗田 貴徳,クリタ タカノリ,愛媛県,1983-07-05,41,男,14331,93,S2,追
芳野 匠,ヨシノ タクミ,愛媛県,1985-03-26,40,男,14332,93,A1,追
阿部 兼士,アベ ケンジ,福岡県,1983-11-25,41,男,14333,93,A1,追
高倉 俊宏,タカクラ トシヒロ,福岡県,1986-10-06,38,男,14334,93,A1,両
中園 朋亨,ナカゾノ トモユキ,福岡県,1986-09-16,38,男,14335,93,A2,追
八尋 翔平,ヤヒロ シヨウヘイ,福岡県,1986-11-05,38,男,14336,93,A1,追
佐々木 翔一,ササキ シヨウイチ,佐賀県,1986-10-27,38,男,14337,93,A1,両
成松 春樹,ナリマツ ハルキ,佐賀県,1986-03-26,39,男,14339,93,S2,両
古川 貴之,フルカワ タカユキ,佐賀県,1984-03-05,41,男,14340,93,A1,追
松尾 玄太,マツオ ゲンタ,佐賀県,1985-08-28,39,男,14341,93,A1,追
南部 亮太,ナンブ リヨウタ,長崎県,1984-08-08,40,男,14342,93,A2,両
園田 鉄兵,ソノダ テツペイ,熊本県,1983-09-21,41,男,14344,93,A2,両
外崎 一成,トノザキ カズナリ,北海道,1987-01-24,38,男,14347,94,A1,追
坂本 貴史,サカモト タカシ,青森県,1989-02-16,36,男,14348,94,S1,両
佐藤 純嘉,サトウ スミヨシ,青森県,1983-05-14,41,男,14349,94,A3,追
佐藤 雅春,サトウ マサハル,宮城県,1987-06-01,37,男,14350,94,S2,追
田口 守,タグチ マモル,山口県,1988-05-16,36,男,14351,94,A2,両
宇佐見 裕輝,ウサミ ユウキ,福島県,1985-06-22,39,男,14353,94,A2,両
大島 将人,オオシマ マサト,福島県,1988-08-31,36,男,14354,94,A2,追
佐藤 一伸,サトウ カズノブ,福島県,1987-08-02,37,男,14356,94,S1,両
佐藤 康恭,サトウ ヤスユキ,福島県,1986-04-06,39,男,14357,94,A3,両
須永 優太,スナガ ユウタ,福島県,1988-06-11,36,男,14358,94,S2,追
関根 彰人,セキネ アキト,沖縄県,1988-06-02,36,男,14359,94,A2,追
関根 崇人,セキネ タカヒト,福島県,1986-11-29,38,男,14360,94,A2,両
真船 圭一郎,マフネ ケイイチロウ,福島県,1988-04-23,37,男,14361,94,S2,逃
岩崎 大和,イワサキ ヤマト,茨城県,1984-06-01,40,男,14362,94,A2,追
中川 昌久,ナカガワ ヨシヒサ,茨城県,1979-10-30,45,男,14363,94,A3,追
野間 司,ノマ ツカサ,茨城県,1986-03-20,39,男,14364,94,A1,追
薮田 貴幸,ヤブタ タカユキ,茨城県,1987-01-07,38,男,14365,94,A2,追
阿久津 浩之,アクツ ヒロユキ,東京都,1983-09-13,41,男,14366,94,A2,逃
中川 拓也,ナカガワ タクヤ,群馬県,1986-06-20,38,男,14369,94,A2,両
阿部 大樹,アベ ダイキ,埼玉県,1989-02-07,36,男,14370,94,S1,両
岡 光良,オカ ミツヨシ,埼玉県,1981-12-17,43,男,14371,94,S2,追
内田 玄希,ウチダ ゲンキ,東京都,1981-01-07,44,男,14372,94,S2,追
鈴木 雄一朗,スズキ ユウイチロウ,東京都,1984-08-23,40,男,14373,94,A2,両
屋良 朝春,ヤラ トモハル,沖縄県,1984-03-19,41,男,14374,94,A1,両
保科 圭太,ホシナ ケイタ,新潟県,1987-06-09,37,男,14376,94,A3,追
岩本 俊介,イワモト シユンスケ,千葉県,1984-04-13,41,男,14377,94,S級S班,逃
加賀山 淳,カガヤマ アツシ,千葉県,1984-01-26,41,男,14378,94,S2,逃
角口 聖也,カドグチ セイヤ,千葉県,1988-10-29,36,男,14379,94,A3,逃
根田 空史,ネダ タカシ,千葉県,1988-07-21,36,男,14380,94,S1,逃
吉澤 賢,ヨシザワ ケン,千葉県,1978-07-07,46,男,14381,94,A3,追
伊藤 翼,イトウ ツバサ,神奈川県,1985-12-13,39,男,14382,94,A2,両
河野 要,コウノ カナメ,神奈川県,1984-02-07,41,男,14383,94,A2,追
佐藤 龍二,サトウ リユウジ,神奈川県,1988-06-25,36,男,14384,94,S1,追
山本 淳,ヤマモト ジユン,神奈川県,1975-09-03,49,男,14385,94,A2,両
伊藤 拓人,イトウ タクト,静岡県,1988-05-20,36,男,14386,94,A2,追
佐野 恭太,サノ キヨウタ,静岡県,1979-08-31,45,男,14387,94,A2,両
水野 悟志,ミズノ サトシ,静岡県,1983-12-19,41,男,14388,94,A2,追
村本 慎吾,ムラモト シンゴ,静岡県,1981-09-28,43,男,14389,94,A2,追
愛敬 博之,アイキヨウ ヒロユキ,愛知県,1984-04-10,41,男,14390,94,A1,追
北村 篤,キタムラ アツシ,岐阜県,1987-05-02,38,男,14392,94,A2,追
柴田 祐也,シバタ ユウヤ,岐阜県,1983-10-12,41,男,14393,94,A2,追
不破 将登,フワ マサト,岐阜県,1988-08-09,36,男,14394,94,S2,両
竹田 慎一,タケダ シンイチ,富山県,1978-12-16,46,男,14395,94,A3,逃
脇本 雄太,ワキモト ユウタ,福井県,1989-03-21,36,男,14396,94,S級S班,逃
藤田 勝也,フジタ マサヤ,和歌山県,1988-07-08,36,男,14398,94,S2,追
佐川 翔吾,サガワ シヨウゴ,大阪府,1984-05-01,41,男,14399,94,S2,両
志水 祐彦,シミズ マサヒコ,大阪府,1984-10-11,40,男,14400,94,A1,追
泉谷 直哉,イズタニ ナオヤ,兵庫県,1982-09-22,42,男,14402,94,A1,追
櫻井 太士,サクライ タイジ,岡山県,1984-08-18,40,男,14403,94,A1,追
岩本 純,イワモト ジユン,岡山県,1981-07-09,43,男,14404,94,A2,両
森 佑樹,モリ ユウキ,岡山県,1986-02-04,39,男,14407,94,A2,逃
守安 政雄,モリヤス マサオ,岡山県,1978-05-16,46,男,14408,94,A2,追
山本 奨,ヤマモト シヨウ,岡山県,1988-11-24,36,男,14409,94,S2,両
桶谷 明誉,オケタニ アキヨ,広島県,1988-10-11,36,男,14410,94,S2,追
小谷 文康,コダニ フミヤス,広島県,1978-02-20,47,男,14411,94,A2,追
宮崎 康司,ミヤザキ コウジ,香川県,1988-07-24,36,男,14412,94,A2,両
松本 充生,マツモト ミツオ,愛媛県,1978-06-05,46,男,14413,94,A3,両
是永 幸寛,コレナガ ユキヒロ,福岡県,1986-03-22,39,男,14414,94,A1,追
楢原 由将,ナラハラ ユウスケ,福岡県,1987-08-24,37,男,14415,94,A2,両
矢田 晋,ヤダ ススム,福岡県,1978-03-30,47,男,14416,94,A2,両
山田 庸平,ヤマダ ヨウヘイ,佐賀県,1987-11-08,37,男,14417,94,S1,両
安部 龍文,アベ リユウブン,大分県,1984-07-28,40,男,14418,94,A2,追
松川 高大,マツカワ タカヒロ,熊本県,1988-12-02,36,男,14421,94,S2,両
前田 義和,マエダ ヨシカズ,鹿児島県,1984-04-18,41,男,14422,94,A1,両
大澤 哉太,オオサワ カナタ,北海道,1988-05-23,36,男,14424,95,A3,両
前川 裕希,マエカワ ヒロキ,北海道,1977-01-23,48,男,14425,95,A2,追
佐藤 和也,サトウ カズヤ,青森県,1979-11-09,45,男,14427,95,S1,追
鹿内 翔,シカナイ カケル,青森県,1985-11-24,39,男,14428,95,S2,追
千澤 大輔,センザワ ダイスケ,青森県,1987-07-22,37,男,14429,95,A2,追
橋本 祐司,ハシモト ユウジ,青森県,1984-08-31,40,男,14430,95,A3,追
相澤 恵一,アイザワ ケイイチ,宮城県,1987-02-03,38,男,14432,95,A3,追
長田 彰人,オサダ アキト,宮城県,1986-01-20,39,男,14433,95,A3,追
山崎 功也,ヤマザキ コウヤ,宮城県,1988-09-02,36,男,14434,95,A2,追
伊藤 勝太,イトウ シヨウタ,愛知県,1988-04-30,37,男,14435,95,A1,追
玉木 英典,タマキ ヒデノリ,北海道,1985-12-31,39,男,14437,95,A3,追
緑川 修平,ミドリカワ シユウヘイ,福島県,1983-08-16,41,男,14438,95,A2,逃
山崎 司,ヤマザキ ツカサ,福島県,1984-01-30,41,男,14439,95,A1,追
渡辺 正光,ワタナベ マサミツ,福島県,1988-01-16,37,男,14440,95,A1,追
芦澤 辰弘,アシザワ タツヒロ,茨城県,1988-06-29,36,男,14441,95,S1,追
堀内 昇,ホリウチ ノボル,茨城県,1988-05-23,36,男,14443,95,A3,両
星野 辰也,ホシノ タツヤ,栃木県,1986-03-07,39,男,14444,95,S2,追
菅藤 智,カントウ サトシ,群馬県,1983-09-28,41,男,14446,95,A3,追
三木 翔太,ミキ シヨウタ,群馬県,1988-07-18,36,男,14447,95,A3,両
相川 永伍,アイカワ エイゴ,埼玉県,1983-12-01,41,男,14448,95,S2,追
片折 勇輝,カタオリ ユウキ,福岡県,1984-04-02,41,男,14449,95,A3,両
金子 哲大,カネコ テツヒロ,埼玉県,1988-10-22,36,男,14450,95,S2,両
武藤 篤弘,ムトウ アツヒロ,埼玉県,1984-11-12,40,男,14451,95,S2,追
長井 優斗,ナガイ ユウト,東京都,1987-08-22,37,男,14452,95,A1,追
上原 龍,ウエハラ リユウ,長野県,1985-04-04,40,男,14454,95,A1,追
小野 裕次,オノ ユウジ,千葉県,1988-07-12,36,男,14455,95,A1,追
亀井 久幸,カメイ ヒサユキ,千葉県,1981-09-13,43,男,14456,95,A1,両
北野 良栄,キタノ ヨシハル,茨城県,1983-10-13,41,男,14457,95,S2,両
近藤 保,コンドウ タモツ,千葉県,1982-08-31,42,男,14458,95,S1,追
根藤 浩二,ネトウ コウジ,千葉県,1986-07-08,38,男,14459,95,A1,両
矢口 大樹,ヤグチ ダイキ,千葉県,1988-07-14,36,男,14460,95,S2,両
山中 秀将,ヤマナカ ヒデタケ,千葉県,1986-05-19,38,男,14461,95,S2,逃
小原 太樹,オバラ タイキ,神奈川県,1988-08-06,36,男,14462,95,S1,追
久保 将史,クボ マサシ,神奈川県,1984-12-16,40,男,14463,95,A3,両
中西 司,ナカニシ ツカサ,神奈川県,1981-07-26,43,男,14464,95,A1,追
村上 直久,ムラカミ ナオヒサ,神奈川県,1981-06-24,43,男,14465,95,S2,両
二藤 元太,ニトウ ゲンタ,静岡県,1984-01-20,41,男,14466,95,S2,追
板橋 慎治,イタバシ シンジ,岐阜県,1981-07-22,43,男,14470,95,A1,追
坂口 晃輔,サカグチ コウスケ,三重県,1988-03-22,37,男,14472,95,S2,追
重倉 高史,シゲクラ タカシ,富山県,1985-09-19,39,男,14473,95,S2,両
山崎 晃,ヤマザキ アキラ,石川県,1985-08-19,39,男,14474,95,A2,両
高間 悠平,タカマ ユウヘイ,福井県,1988-02-27,37,男,14475,95,S2,追
乾 庄平,イヌイ ショウヘイ,滋賀県,1986-10-11,38,男,14476,95,A2,追
白上 翔,シラカミ シヨウ,滋賀県,1989-01-30,36,男,14477,95,S2,両
内山 貴裕,ウチヤマ タカヒロ,京都府,1988-04-24,37,男,14478,95,S2,追
金子 浩貴,カネコ ヒロキ,京都府,1986-09-06,38,男,14479,95,A1,追
徳丸 泰教,トクマル ヤスノリ,兵庫県,1985-10-03,39,男,14481,95,A2,追
松本 琢也,マツモト タクヤ,兵庫県,1984-03-26,41,男,14482,95,A3,両
竜門 孝宗,リユウモン タカノリ,兵庫県,1986-04-24,39,男,14483,95,A3,追
河端 朋之,カワバタ トモユキ,岡山県,1985-02-07,40,男,14484,95,S1,逃
田中 勇二,タナカ ユウジ,岡山県,1987-12-23,37,男,14485,95,S2,追
大瀬戸 潤一郎,オオセド ジユンイチロウ,広島県,1982-02-03,43,男,14486,95,S2,追
才迫 勇馬,サイサコ ユウマ,広島県,1989-03-11,36,男,14487,95,A1,逃
高鍋 邦彰,タカナベ クニアキ,福岡県,1986-10-09,38,男,14489,95,A2,両
永田 隼一,ナガタ ジユンイチ,福岡県,1980-07-12,44,男,14490,95,A3,逃
飯塚 隼人,イイヅカ ハヤト,佐賀県,1988-04-05,37,男,14492,95,A2,両
山崎 翼,ヤマサキ ツバサ,大分県,1989-02-02,36,男,14494,95,A1,逃
下沖 功児,シモオキ コウジ,宮崎県,1983-08-21,41,男,14495,95,A2,逃
天沼 雅貴,アマヌマ マサキ,埼玉県,1984-04-09,41,男,14496,96,A2,追
川津 悠揮,カワツ ユウキ,北海道,1988-06-18,36,男,14497,96,S2,追
佐藤 博紀,サトウ ヒロキ,岩手県,1985-07-28,39,男,14499,96,S1,両
竹村 勇祐,タケムラ ユウスケ,秋田県,1990-02-21,35,男,14500,96,S2,追
守澤 太志,モリサワ フトシ,秋田県,1985-07-20,39,男,14501,96,S1,追
相笠 翔太,アイガサ シヨウタ,福島県,1990-01-30,35,男,14502,96,A1,両
真船 拓磨,マフネ タクマ,福島県,1986-01-03,39,男,14503,96,A3,両
杉本 正隆,スギモト マサタカ,茨城県,1986-03-12,39,男,14504,96,S2,追
雨谷 一樹,アマガイ カズキ,栃木県,1990-01-14,35,男,14505,96,S1,両
磯田 旭,イソダ アキラ,栃木県,1989-11-05,35,男,14506,96,S2,追
長島 大介,ナガシマ ダイスケ,栃木県,1989-06-24,35,男,14507,96,S1,両
菅谷 隆司,スガヤ タカシ,東京都,1985-04-05,40,男,14510,96,A1,両
内藤 高裕,ナイトウ タカヒロ,東京都,1988-06-23,36,男,14511,96,S2,追
長井 妙樹,ナガイ タエキ,東京都,1988-10-18,36,男,14512,96,A1,追
樋口 絢土,ヒグチ ケント,東京都,1988-04-05,37,男,14513,96,A2,追
古川 宗行,フルカワ ムネユキ,東京都,1986-10-11,38,男,14514,96,A1,追
城 幸弘,ジヨウ ユキヒロ,山梨県,1986-01-04,39,男,14515,96,S2,両
村松 俊弥,ムラマツ トシヤ,山梨県,1986-07-17,38,男,14516,96,A3,追
湯浅 大輔,ユアサ ダイスケ,千葉県,1985-05-10,40,男,14519,96,A3,逃
伊藤 彰規,イトウ アキノリ,神奈川県,1990-03-29,35,男,14520,96,A1,両
高橋 佑輔,タカハシ ユウスケ,神奈川県,1987-08-29,37,男,14522,96,A2,追
東 龍之介,ヒガシ リユウノスケ,神奈川県,1990-01-13,35,男,14523,96,S2,追
松谷 秀幸,マツタニ ヒデユキ,神奈川県,1982-10-16,42,男,14524,96,S1,追
三ッ井 武,ミツイ タケシ,神奈川県,1985-05-12,39,男,14525,96,A1,追
渡辺 馨,ワタナベ カオル,神奈川県,1984-04-02,41,男,14526,96,A3,両
飯田 憲司,イイダ ケンジ,静岡県,1983-04-03,42,男,14527,96,A1,両
落合 達彦,オチアイ タツヒコ,静岡県,1986-07-22,38,男,14528,96,A1,追
片山 大輔,カタヤマ ダイスケ,静岡県,1983-07-29,41,男,14529,96,A3,追
栗田 雄矢,クリタ ユウヤ,静岡県,1986-01-09,39,男,14530,96,A1,追
柴田 竜史,シバタ リユウジ,静岡県,1988-05-03,37,男,14532,96,A1,追
加藤 正法,カトウ マサノリ,愛知県,1989-05-19,35,男,14533,96,A2,追
深谷 知広,フカヤ トモヒロ,静岡県,1990-01-03,35,男,14534,96,S1,逃
西村 光太,ニシムラ コウタ,三重県,1986-03-17,39,男,14537,96,S1,追
三田村 謙祐,ミタムラ ケンスケ,大阪府,1983-01-11,42,男,14544,96,A3,逃
岡崎 智哉,オカザキ トモヤ,大阪府,1985-06-07,39,男,14545,96,S1,両
棚橋 勉,タナハシ ツトム,岡山県,1981-01-05,44,男,14548,96,S2,追
戸伏 康夫,トブセ ヤスオ,岡山県,1980-04-25,45,男,14549,96,A1,追
龍門 慎太郎,リユウモン シンタロウ,岡山県,1985-05-20,39,男,14550,96,A3,追
山下 一輝,ヤマシタ カズキ,山口県,1989-08-18,35,男,14551,96,S2,追
福島 武士,フクシマ タケシ,香川県,1985-11-20,39,男,14552,96,S2,追
久米 良,クメ リヨウ,徳島県,1987-11-27,37,男,14553,96,S1,追
山形 一気,ヤマガタ カズキ,徳島県,1989-01-18,36,男,14554,96,S2,追
水木 裕聡,ミズキ ヒロアキ,高知県,1983-02-22,42,男,14555,96,A3,追
小川 祐司,オガワ ユウジ,愛媛県,1982-06-15,42,男,14556,96,A1,両
松尾 透,マツオ トオル,福岡県,1985-04-02,40,男,14558,96,S2,追
田山 誠,タヤマ マコト,長崎県,1987-04-16,38,男,14559,96,A3,両
高橋 義秋,タカハシ ヨシアキ,大分県,1986-11-03,38,男,14561,96,A2,両
興呂木 雄治,コウロギ ユウジ,熊本県,1989-09-30,35,男,14563,96,A2,両
塚本 大樹,ツカモト ダイキ,熊本県,1988-10-08,36,男,14564,96,S2,追
中村 健志,ナカムラ ケンシ,熊本県,1986-01-25,39,男,14565,96,S2,追
安谷屋 将志,アダニヤ マサシ,沖縄県,1989-01-05,36,男,14566,96,A1,追
仲松 勝太,ナカマツ シヨウタ,沖縄県,1978-02-15,47,男,14567,96,A1,追
松澤 敬輔,マツザワ ケイスケ,北海道,1987-10-03,37,男,14570,97,A2,両
根本 哲吏,ネモト サトシ,秋田県,1986-02-15,39,男,14571,97,S2,両
赤塚 悠人,アカツカ ユウト,山形県,1986-01-02,39,男,14572,97,A2,両
佐伯 翔,サエキ シヨウ,福島県,1987-04-20,38,男,14574,97,S2,追
鈴木 達也,スズキ タツヤ,福島県,1985-05-31,39,男,14575,97,A2,追
中田 雄喜,ナカダ ユウキ,福島県,1987-04-18,38,男,14576,97,S2,追
大越 啓介,オオコシ ケイスケ,栃木県,1989-02-09,36,男,14578,97,A2,追
齋藤 一茂,サイトウ カズシゲ,群馬県,1988-12-07,36,男,14579,97,A1,逃
久木原 洋,クキハラ ヒロシ,埼玉県,1984-08-03,40,男,14580,97,S1,両
佐山 俊樹,サヤマ トシキ,埼玉県,1990-02-06,35,男,14581,97,A1,追
平原 啓多,ヒラハラ ケイタ,埼玉県,1985-01-14,40,男,14582,97,S2,追
吉田 昌弘,ヨシダ マサヒロ,埼玉県,1984-12-30,40,男,14583,97,A3,追
井上 嵩,イノウエ シユウ,神奈川県,1989-02-10,36,男,14584,97,A1,両
近藤 寛央,コンドウ モトチカ,東京都,1987-01-26,38,男,14586,97,A1,追
鈴木 謙二,スズキ ケンジ,東京都,1985-09-24,39,男,14587,97,A1,追
柿澤 大貴,カキザワ ダイキ,長野県,1989-08-02,35,男,14588,97,S2,追
西巻 秀太,ニシマキ シユウタ,新潟県,1984-08-25,40,男,14589,97,A2,追
近藤 夏樹,コンドウ ナツキ,千葉県,1987-08-14,37,男,14590,97,A1,両
本多 哲也,ホンダ テツヤ,千葉県,1988-05-30,36,男,14591,97,A1,逃
小島 歩,コジマ アユム,神奈川県,1989-08-09,35,男,14592,97,S2,追
太田 剛司,オオタ タケシ,愛知県,1980-06-01,44,男,14594,97,A1,両
瀧本 匡平,タキモト キヨウヘイ,愛知県,1984-10-09,40,男,14595,97,A3,逃
中村 賢二,ナカムラ ケンジ,愛知県,1983-04-11,42,男,14596,97,A2,追
上田 隼,ウエダ ジユン,岐阜県,1989-10-12,35,男,14597,97,A1,追
岡崎 祥伍,オカザキ シヨウゴ,岐阜県,1989-04-28,36,男,14598,97,A2,追
松岡 篤哉,マツオカ アツヤ,岐阜県,1982-06-28,42,男,14599,97,S2,両
山田 祥明,ヤマダ マサアキ,岐阜県,1979-11-24,45,男,14600,97,S2,追
小竹 洋平,コタケ ヨウヘイ,福岡県,1989-08-15,35,男,14601,97,A1,両
佐野 洋継,サノ ヒロツグ,京都府,1987-12-24,37,男,14603,97,A2,両
菱田 浩二,ヒシダ コウジ,京都府,1989-01-23,36,男,14604,97,A1,逃
中井 太祐,ナカイ ダイスケ,奈良県,1989-10-06,35,男,14605,97,S1,両
稲毛 健太,イナケ ケンタ,和歌山県,1989-06-28,35,男,14606,97,S2,逃
高木 修二,タカギ シユウジ,大阪府,1982-10-24,42,男,14609,97,A3,追
山村 慮太,ヤマムラ リヨウタ,大阪府,1986-12-13,38,男,14610,97,A3,両
工藤 文彦,クドウ フミヒコ,沖縄県,1982-11-10,42,男,14612,97,A1,追
黒田 淳,クロダ ジユン,岡山県,1985-02-20,40,男,14613,97,S2,追
高橋 清太郎,タカハシ セイタロウ,岡山県,1985-04-17,40,男,14614,97,A1,追
藤原 亮太,フジワラ リヨウタ,岡山県,1988-05-09,37,男,14615,97,A2,両
西岡 拓朗,ニシオカ タクロウ,広島県,1983-11-21,41,男,14617,97,S2,追
兵動 秀治,ヒヨウドウ ヒデハル,広島県,1979-08-10,45,男,14618,97,A3,追
木村 浩宣,キムラ ヒロノリ,香川県,1986-07-27,38,男,14619,97,A2,逃
二條 祐也,ニジヨウ ユウヤ,徳島県,1985-05-28,39,男,14620,97,A1,追
高市 訓但,タカイチ ノリタダ,愛媛県,1988-01-29,37,男,14622,97,A1,追
飯田 裕次,イイダ ユウジ,福岡県,1985-08-22,39,男,14623,97,A1,追
柳詰 正宏,ヤナヅメ マサヒロ,福岡県,1987-07-30,37,男,14624,97,S1,追
藤野 貴章,フジノ タカアキ,佐賀県,1988-07-05,36,男,14625,97,A2,両
荘田 竜斗,シヨウダ タツト,大分県,1988-04-04,37,男,14628,97,A3,両
利根 正明,トネ キミハル,大分県,1989-09-18,35,男,14630,97,A1,逃
佐方 良行,サカタ ヨシユキ,熊本県,1980-10-18,44,男,14631,97,S2,追
田中 陽平,タナカ ヨウヘイ,熊本県,1990-03-13,35,男,14633,97,S2,追
寺崎 祐樹,テラザキ ユウキ,熊本県,1987-07-17,37,男,14634,97,S2,追
中本 匠栄,ナカモト シヨウエイ,熊本県,1987-04-10,38,男,14635,97,S1,追
吉成 貴博,ヨシナリ タカヒロ,熊本県,1988-05-18,36,男,14637,97,A2,追
川又 裕樹,カワマタ ユウキ,鹿児島県,1986-03-03,39,男,14638,97,A1,追
屋宜 浩二,ヤギ コウジ,沖縄県,1985-08-30,39,男,14639,97,A3,追
新山 将史,シンザン マサシ,青森県,1990-12-11,34,男,14640,98,S1,追
箱田 優樹,ハコタ ユウキ,青森県,1990-10-26,34,男,14641,98,S2,両
菅原 洋輔,スガワラ ヨウスケ,岩手県,1981-06-30,43,男,14643,98,A3,両
高橋 明久,タカハシ アキヒサ,宮城県,1980-08-18,44,男,14644,98,A3,逃
三浦 翔大,ミウラ シヨウタ,宮城県,1990-06-25,34,男,14645,98,S2,両
三浦 雄大,ミウラ ユウタ,宮城県,1986-10-10,38,男,14646,98,S2,追
佐藤 裕輝,サトウ ユウキ,福島県,1990-12-29,34,男,14650,98,A3,逃
須永 勝太,スナガ シヨウタ,福島県,1990-11-30,34,男,14651,98,A2,両
原 清孝,ハラ キヨタカ,沖縄県,1977-03-13,48,男,14652,98,A3,両
舘 真成,タチ マサナリ,茨城県,1987-05-29,37,男,14654,98,A2,両
野中 祐志,ノナカ ユウジ,埼玉県,1987-05-13,37,男,14657,98,A1,両
馬場 和広,ババ カズヒロ,埼玉県,1990-12-31,34,男,14658,98,A2,両
武藤 龍生,ムトウ タツオ,埼玉県,1991-03-26,34,男,14659,98,S1,追
駒井 大輔,コマイ ダイスケ,東京都,1975-03-08,50,男,14661,98,A3,両
櫻井 宏樹,サクライ ヒロキ,東京都,1988-11-25,36,男,14662,98,A3,両
志村 龍己,シムラ リユウキ,山梨県,1986-09-01,38,男,14664,98,S2,追
小峰 烈,コミネ タケシ,長野県,1980-08-14,44,男,14665,98,A1,両
等々力 久就,トドリキ ヒサナリ,長野県,1991-03-24,34,男,14666,98,A3,逃
藤本 龍也,フジモト リユウヤ,長野県,1983-10-22,41,男,14667,98,A3,両
植木 和広,ウエキ カズヒロ,神奈川県,1979-12-13,45,男,14669,98,A2,追
山田 裕哉,ヤマダ ユウヤ,岐阜県,1986-04-14,39,男,14671,98,A1,追
吉田 茂生,ヨシダ シゲキ,岐阜県,1990-08-14,34,男,14672,98,A1,両
松田 大,マツダ ダイ,富山県,1989-10-04,35,男,14673,98,A1,両
丹波 孝佑,タンバ コウスケ,大阪府,1988-04-15,37,男,14674,98,A1,逃
柳原 司,ヤナギハラ ツカサ,大阪府,1985-03-28,40,男,14676,98,A2,両
角 令央奈,スミ レオナ,福岡県,1987-04-20,38,男,14677,98,S2,両
樋口 有樹郎,ヒグチ ユキオ,兵庫県,1988-07-05,36,男,14678,98,A3,両
小玉 拓真,コダマ タクマ,岡山県,1989-10-31,35,男,14679,98,A1,両
増原 正人,マスハラ マサト,広島県,1983-05-30,41,男,14680,98,S2,両
松浦 悠士,マツウラ ユウジ,広島県,1990-11-21,34,男,14681,98,S1,両
原田 研太朗,ハラダ ケンタロウ,徳島県,1990-09-16,34,男,14682,98,S1,逃
藤岡 隆治,フジオカ リユウジ,徳島県,1976-03-10,49,男,14683,98,S2,追
松本 卓也,マツモト タクヤ,徳島県,1991-02-19,34,男,14684,98,A1,両
掛水 泰範,カケミズ ヤスノリ,高知県,1983-10-29,41,男,14685,98,S2,両
秋永 昂人,アキナガ タカヒト,福岡県,1986-06-23,38,男,14686,98,A2,追
井上 将志,イノウエ マサシ,福岡県,1986-12-21,38,男,14687,98,A2,両
西田 大志,ニシダ タイシ,福岡県,1990-12-16,34,男,14688,98,S2,追
好永 晃,ヨシナガ アキラ,佐賀県,1991-01-04,34,男,14690,98,A1,追
東矢 昇太,トウヤ シヨウタ,熊本県,1986-06-22,38,男,14691,98,S2,追
森山 智徳,モリヤマ トモノリ,熊本県,1983-10-08,41,男,14692,98,S2,両
高田 大輔,タカダ ダイスケ,岡山県,1989-09-03,35,男,14693,97,A2,追
前島 恭平,マエシマ キョウヘイ,長野県,1988-09-06,36,男,14694,98,A3,逃
山口 茂,ヤマグチ シゲル,福島県,1979-09-26,45,男,14695,98,A2,追
相川 巧,アイカワ タクミ,埼玉県,1989-07-27,35,男,14697,98,A2,両
小川 大地,オガワ ダイチ,愛知県,1990-07-30,34,男,14699,98,A1,追
川口 公太朗,カワグチ コウタロウ,岐阜県,1990-02-01,35,男,14700,98,S1,追
一ノ瀬 貴将,イチノセ タカマサ,大阪府,1986-06-29,38,男,14703,98,A1,両
阿部 充宏,アベ ミツヒロ,山口県,1983-07-23,41,男,14704,98,A2,両
沢田 勇治,サワダ ユウジ,山口県,1989-06-28,35,男,14705,98,A3,両
飯塚 直人,イイヅカ ナオト,佐賀県,1990-10-29,34,男,14707,98,A3,両
松岡 孝高,マツオカ ヨシタカ,熊本県,1985-09-21,39,男,14709,98,A1,追
花田 将司,ハナダ マサシ,千葉県,1986-10-10,38,男,14710,99,A1,両
相澤 政宏,アイザワ マサヒロ,宮城県,1979-03-30,46,男,14711,99,A1,追
泉 慶輔,イズミ ケイスケ,宮城県,1990-04-08,35,男,14712,99,A1,追
鈴木 裕斗,スズキ ヒロト,宮城県,1990-12-19,34,男,14713,99,A3,両
橋本 智昭,ハシモト トモアキ,宮城県,1982-09-03,42,男,14714,99,A1,逃
高橋 幸司,タカハシ コウジ,沖縄県,1988-06-05,36,男,14715,99,A1,逃
猪狩 祐樹,イガリ ユウキ,福島県,1987-07-02,37,男,14716,99,S2,両
泉 文人,イズミ フミト,福島県,1990-07-18,34,男,14717,99,A1,両
小松崎 大地,コマツザキ タイチ,福島県,1982-09-03,42,男,14718,99,S1,逃
佐川 拓也,サガワ タクヤ,福島県,1989-06-22,35,男,14719,99,A3,逃
高橋 広大,タカハシ コウダイ,埼玉県,1987-06-03,37,男,14720,99,S2,追
石川 裕二,イシカワ ユウジ,茨城県,1984-04-05,41,男,14723,99,S2,追
三好 恵一郎,ミヨシ ケイイチロウ,群馬県,1987-09-09,37,男,14728,99,S2,両
高橋 昇平,タカハシ ショウヘイ,埼玉県,1989-11-27,35,男,14729,99,S2,追
中田 健太,ナカダ ケンタ,埼玉県,1990-04-06,35,男,14730,99,S1,追
山崎 輝夫,ヤマザキ テルオ,埼玉県,1991-01-22,34,男,14731,99,A1,両
和田 禎嗣,ワダ ヨシツグ,埼玉県,1985-04-11,40,男,14732,99,A1,両
長沼 謙太,ナガヌマ ケンタ,東京都,1989-06-15,35,男,14734,99,A2,追
今村 俊雄,イマムラ トシオ,山梨県,1979-12-25,45,男,14735,99,A3,追
河上 陽一,カワカミ ヨウイチ,千葉県,1976-03-14,49,男,14737,99,A2,両
櫻川 雅彦,サクラカワ マサヒコ,千葉県,1984-06-23,40,男,14738,99,A2,両
里見 恒平,サトミ コウヘイ,千葉県,1976-12-30,48,男,14739,99,A3,逃
須藤 悟,スドウ サトル,千葉県,1989-07-27,35,男,14740,99,A1,追
郡司 浩平,グンジ コウヘイ,神奈川県,1990-09-04,34,男,14741,99,S級S班,両
河野 淳吾,コウノ ジュンゴ,神奈川県,1982-07-09,42,男,14742,99,A2,追
鈴木 広人,スズキ ヒロト,神奈川県,1984-01-07,41,男,14743,99,A2,両
和田 真久留,ワダ マクル,神奈川県,1991-03-02,34,男,14744,99,S1,両
吉竹 雄城,ヨシタケ ユウキ,千葉県,1990-02-02,35,男,14745,99,A3,追
猪俣 康一,イノマタ コウイチ,愛知県,1976-05-11,49,男,14747,99,A1,両
山口 智弘,ヤマグチ トモヒロ,愛知県,1990-04-20,35,男,14748,99,A1,追
山田 哲也,ヤマダ テツヤ,愛知県,1982-04-08,43,男,14749,99,A3,追
今藤 康裕,イマフジ ヤスヒロ,岐阜県,1985-07-08,39,男,14750,99,S2,追
竹内 雄作,タケウチ ユウサク,岐阜県,1987-09-29,37,男,14752,99,S2,逃
山田 純也,ヤマダ ジュンヤ,岐阜県,1988-12-13,36,男,14753,99,A2,両
横関 裕樹,ヨコゼキ ユウキ,岐阜県,1988-05-02,37,男,14754,99,S2,両
奥出 健士郎,オクデ ケンシロウ,福井県,1989-02-17,36,男,14755,99,A2,追
藤井 昭吾,フジイ ショウゴ,滋賀県,1986-05-04,39,男,14757,99,S2,両
中野 智公,ナカノ トモキ,和歌山県,1989-08-15,35,男,14758,99,A1,追
岡嶋 登,オカジマ ノボル,大阪府,1985-04-19,40,男,14760,99,A3,両
林 修平,ハヤシ シュウヘイ,大阪府,1983-02-15,42,男,14763,99,A3,追
樫村 伸平,カシムラ シンペイ,兵庫県,1987-08-11,37,男,14765,99,A3,追
藤井 栄二,フジイ エイジ,兵庫県,1990-12-27,34,男,14767,99,S2,両
坂本 修一,サカモト シュウイチ,岡山県,1987-10-11,37,男,14769,99,S2,追
細田 純平,ホソダ ジュンペイ,広島県,1989-07-16,35,男,14772,99,A3,両
阿部 弘,アベ ヒロシ,高知県,1981-08-10,43,男,14774,99,A2,追
小原 周祐,オハラ シュウスケ,高知県,1991-03-21,34,男,14775,99,S2,両
川上 修平,カワカミ シュウヘイ,高知県,1978-05-11,47,男,14776,99,A2,追
竹村 達也,タケムラ タツヤ,高知県,1990-10-16,34,男,14777,99,A3,両
宮崎 一彰,ミヤザキ カズアキ,高知県,1975-04-24,50,男,14778,99,A1,両
名川 豊,ナガワ ユタカ,福岡県,1990-10-02,34,男,14779,99,S2,追
古川 大輔,フルカワ ダイスケ,広島県,1984-06-12,40,男,14780,99,A3,両
船倉 卓郎,フナクラ タクロウ,長崎県,1984-05-02,41,男,14781,99,A2,追
山口 幸太郎,ヤマグチ コウタロウ,長崎県,1979-01-30,46,男,14782,99,A3,両
魚屋 周成,ウオヤ チカヨシ,大分県,1990-08-12,34,男,14783,99,A1,逃
萱島 大介,カヤジマ ダイスケ,大分県,1980-01-06,45,男,14784,99,A1,追
本郷 雄三,ホンゴウ ユウゾウ,熊本県,1988-07-26,36,男,14786,99,S2,両
瀬口 匠,セグチ タクミ,宮崎県,1988-10-31,36,男,14787,99,A2,両
上吹越 俊一,カミフキゴシ シュンイチ,鹿児島県,1977-03-30,48,男,14788,99,A1,両
茅野 寛史,カヤノ ヒロフミ,鹿児島県,1978-12-08,46,男,14789,99,A1,追
木村 弘,キムラ ヒロシ,青森県,1992-03-16,33,男,14791,100,S2,逃
坂本 周輝,サカモト シュウキ,青森県,1991-04-24,34,男,14792,100,S2,逃
阿部 力也,アベ リキヤ,宮城県,1988-03-22,37,男,14794,100,S1,追
櫻井 正孝,サクライ マサタカ,宮城県,1987-08-07,37,男,14795,100,S1,追
保科 千春,ホシナ チハル,宮城県,1991-10-17,33,男,14796,100,S2,追
佐々木 吉徳,ササキ ヨシノリ,秋田県,1987-09-09,37,男,14797,100,A1,逃
三浦 平志郎,ミウラ ヘイシロウ,秋田県,1989-04-30,36,男,14798,100,A3,逃
伊東 翔貴,イトウ ヒロキ,福島県,1990-09-10,34,男,14800,100,S2,逃
山本 恵介,ヤマモト ケイスケ,福島県,1980-06-02,44,男,14801,100,A1,両
渡邉 正人,ワタナベ マサト,福島県,1991-01-05,34,男,14802,100,A3,逃
横山 尚則,ヨコヤマ ヒサノリ,茨城県,1991-07-31,33,男,14804,100,S1,追
吉田 元輝,ヨシダ モトキ,茨城県,1986-06-30,38,男,14805,100,A2,両
岡田 泰地,オカダ タイチ,栃木県,1992-01-28,33,男,14806,100,S2,追
福田 拓也,フクダ タクヤ,栃木県,1991-11-19,33,男,14807,100,A2,追
村上 貴彦,ムラカミ タカヒコ,栃木県,1986-01-09,39,男,14808,100,A3,両
恩田 淳平,オンダ ジュンペイ,群馬県,1990-05-18,34,男,14809,100,S1,追
小川 辰徳,オガワ タツノリ,埼玉県,1988-02-17,37,男,14810,100,A3,両
笠松 将太,カサマツ ショウタ,埼玉県,1992-03-28,33,男,14811,100,S2,逃
新井 僚太郎,アライ リョウタロウ,山梨県,1992-01-26,33,男,14813,100,A1,両
齋藤 宗徳,サイトウ ムネノリ,千葉県,1985-02-28,40,男,14816,100,A2,逃
佐藤 壮,サトウ タケシ,千葉県,1991-11-30,33,男,14817,100,S2,追
田口 裕一,タグチ ユウイチ,千葉県,1990-01-24,35,男,14818,100,A1,追
太刀川 一成,タチカワ カズナリ,千葉県,1980-07-21,44,男,14819,100,A1,追
中井 勇介,ナカイ ユウスケ,大阪府,1981-10-12,43,男,14820,100,A2,逃
原岡 泰志郎,ハラオカ タイシロウ,千葉県,1989-06-26,35,男,14821,100,A2,両
関根 健太郎,セキネ ケンタロウ,神奈川県,1990-12-06,34,男,14822,100,A1,両
渡辺 聖,ワタナベ ショウ,神奈川県,1985-12-24,39,男,14823,100,A1,追
稲葉 一真,イナバ カズマ,静岡県,1989-09-10,35,男,14825,100,A1,追
菅原 裕太,スガワラ ユウタ,静岡県,1991-06-15,33,男,14826,100,S2,両
川口 聖翔,カワグチ セイショウ,三重県,1989-05-29,35,男,14828,100,A2,追
桜井 雄太,サクライ ユウタ,愛知県,1991-10-09,33,男,14829,100,A2,逃
大洞 翔平,オオボラ ショウヘイ,岐阜県,1991-09-30,33,男,14830,100,S2,追
伊藤 裕貴,イトウ ユウキ,三重県,1992-02-02,33,男,14831,100,S1,両
宮西 翼,ミヤニシ ツバサ,石川県,1979-12-24,45,男,14832,100,A3,両
高久保 雄介,タカクボ ユウスケ,京都府,1987-01-15,38,男,14833,100,S1,両
窓場 千加頼,マドバ チカヨリ,京都府,1991-09-19,33,男,14835,100,S1,両
神田 紘輔,カンダ コウスケ,大阪府,1986-05-23,38,男,14837,100,S1,追
古性 優作,コショウ ユウサク,大阪府,1991-02-22,34,男,14838,100,S級S班,両
山本 巨樹,ヤマモト ナオキ,大阪府,1990-10-26,34,男,14839,100,A1,追
石貞 有基,イシサダ ユウキ,兵庫県,1985-10-26,39,男,14840,100,A2,両
井上 将志,イノウエ マサシ,兵庫県,1984-09-30,40,男,14841,100,A3,両
川本 琢也,カワモト タクヤ,岡山県,1987-05-29,37,男,14842,100,A3,両
峰重 祐之介,ミネシゲ ユウノスケ,岡山県,1989-12-26,35,男,14843,100,A1,追
三登 誉哲,ミト タカノリ,広島県,1986-12-29,38,男,14844,100,A3,両
表原 周,オモテハラ シュウ,徳島県,1991-04-03,34,男,14845,100,S2,追
久米 康平,クメ コウヘイ,徳島県,1991-09-12,33,男,14846,100,S2,両
宗崎 世連,ソウザキ セレン,高知県,1991-06-30,33,男,14849,100,A1,両
岡田 啓渡,オカダ ケイト,愛媛県,1990-12-22,34,男,14850,100,A1,両
横内 裕人,ヨコウチ ヒロト,愛媛県,1991-11-19,33,男,14851,100,A1,両
徳永 哲人,トクナガ アキト,熊本県,1982-06-07,42,男,14852,100,S1,両
中山 敬太郎,ナカヤマ ケイタロウ,熊本県,1989-04-14,36,男,14853,100,A3,追
久島 尚樹,キュウシマ ナオキ,宮崎県,1991-05-17,33,男,14854,100,S1,両
東 隆之,ヒガシ タカユキ,宮崎県,1987-07-04,37,男,14855,100,A3,追
小原 唯志,オバラ タダシ,茨城県,1983-05-15,41,男,14858,101,A1,逃
小林 申太,コバヤシ シンタ,茨城県,1983-06-22,41,男,14859,101,A1,両
吉澤 純平,ヨシザワ ジユンペイ,茨城県,1985-03-16,40,男,14860,101,S1,両
金子 幸央,カネコ ユキヒロ,栃木県,1993-01-25,32,男,14861,101,S2,逃
坂本 将太郎,サカモト シヨウタロウ,栃木県,1993-01-19,32,男,14862,101,A1,追
一戸 康宏,イチノヘ ヤスヒロ,埼玉県,1987-08-21,37,男,14863,101,S2,逃
土屋 壮登,ツチヤ マサト,埼玉県,1987-04-02,38,男,14864,101,A1,両
櫻井 利之,サクライ トシユキ,神奈川県,1987-03-07,38,男,14866,101,A2,両
巴 直也,トモエ ナオヤ,神奈川県,1988-09-05,36,男,14867,101,A1,追
小林 寛弥,コバヤシ ヒロヤ,静岡県,1988-02-21,37,男,14868,101,A3,逃
泉谷 元樹,イズタニ ゲンキ,愛知県,1988-11-14,36,男,14869,101,A1,逃
近藤 龍徳,コンドウ タツノリ,愛知県,1991-01-20,34,男,14870,101,A2,追
玉村 元気,タマムラ ゲンキ,香川県,1989-10-17,35,男,14872,101,A2,両
三谷 竜生,ミタニ リュウキ,奈良県,1987-09-05,37,男,14873,101,S1,両
冨尾 享平,トミオ キョウヘイ,沖縄県,1985-11-01,39,男,14876,101,A1,追
伊代野 貴照,イヨノ タカテル,奈良県,1980-10-29,44,男,14878,101,S2,追
月森 亮輔,ツキモリ リョウスケ,岡山県,1992-01-14,33,男,14879,101,S2,両
野見 泰要,ノウミ ヒロモト,岡山県,1982-04-10,43,男,14880,101,A2,逃
山崎 泰己,ヤマサキ タイキ,岡山県,1989-06-22,35,男,14881,101,S2,追
山本 直,ヤマモト ナオ,岡山県,1992-09-12,32,男,14882,101,S2,逃
才迫 開,サイサコ カイ,広島県,1992-02-25,33,男,14883,101,S2,両
友永 龍介,トモナガ リュウスケ,山口県,1991-02-02,34,男,14884,101,A3,逃
戸田 康平,トダ コウヘイ,香川県,1992-04-21,33,男,14885,101,A1,逃
山本 伸一,ヤマモト シンイチ,奈良県,1983-02-15,42,男,14886,101,S1,両
板崎 佑矢,イタザキ ユウヤ,愛媛県,1988-04-02,37,男,14887,101,A2,両
佐藤 健太,サトウ ケンタ,福岡県,1988-01-28,37,男,14888,101,S2,追
津村 洸次郎,ツムラ コウジロウ,福岡県,1991-05-31,33,男,14889,101,S2,両
大西 貴晃,オオニシ タカアキ,大分県,1992-09-18,32,男,14890,101,A1,両
小岩 哲也,コイワ テツヤ,大分県,1986-03-05,39,男,14891,101,A1,逃
荒牧 聖未,アラマキ サトミ,栃木県,1990-04-28,35,女,14895,102,L1,両
野口 諭実可,ノグチ ユミカ,大分県,1992-07-28,32,女,14896,102,L1,両
岡村 育子,オカムラ イクコ,埼玉県,1976-09-17,48,女,14897,102,L1,追
小林 莉子,コバヤシ リコ,東京都,1993-03-26,32,女,14900,102,L1,両
中村 由香里,ナカムラ ユカリ,東京都,1981-03-09,44,女,14902,102,L1,追
増茂 るるこ,マシモ ルルコ,東京都,1991-12-10,33,女,14903,102,L1,両
渡辺 ゆかり,ワタナベ ユカリ,山梨県,1981-04-28,44,女,14904,102,L1,追
加瀬 加奈子,カセ カナコ,新潟県,1980-05-31,44,女,14905,102,L1,逃
中川 諒子,ナカガワ リョウコ,熊本県,1984-05-29,40,女,14907,102,L1,両
藤原 亜衣里,フジワラ アイリ,新潟県,1980-12-02,44,女,14908,102,L1,追
浦部 郁里,ウラベ カオリ,千葉県,1987-01-06,38,女,14909,102,L1,両
篠崎 新純,シノザキ マスミ,千葉県,1984-12-15,40,女,14910,102,L1,両
戸田 みよ子,トダ ミヨコ,広島県,1989-07-27,35,女,14921,102,L1,追
田口 梓乃,タグチ シノ,山口県,1992-08-18,32,女,14922,102,L1,追
松尾 智佳,マツオ トモカ,愛媛県,1988-04-24,37,女,14924,102,L1,追
大和 久保美,ヤマト クボミ,青森県,1991-08-12,33,女,14925,102,L1,追
小酒 大勇,コサケ タイユウ,宮崎県,1994-02-01,31,男,14929,103,S2,追
杉森 輝大,スギモリ テルヒロ,茨城県,1982-09-15,42,男,14930,103,S1,両
横田 政直,ヨコタ マサナオ,群馬県,1986-06-03,38,男,14931,103,A3,逃
浦野 慈生,ウラノ ヨシキ,神奈川県,1986-04-22,39,男,14932,103,A3,両
奥原 亨,オクハラ リョウ,神奈川県,1989-03-10,36,男,14933,103,A2,追
渋谷 錬,シブタニ レン,神奈川県,1990-11-25,34,男,14934,103,A2,追
嶋津 拓弥,シマヅ タクヤ,神奈川県,1986-03-19,39,男,14935,103,S1,追
渡辺 福太郎,ワタナベ フクタロウ,神奈川県,1985-03-28,40,男,14936,103,A3,逃
田中 誇士,タナカ コウジ,静岡県,1993-06-09,31,男,14937,103,A2,両
夏目 新吾,ナツメ シンゴ,静岡県,1988-05-15,36,男,14938,103,A1,逃
長尾 拳太,ナガオ ケンタ,岐阜県,1993-06-15,31,男,14939,103,S1,両
谷口 遼平,タニグチ リョウヘイ,三重県,1994-02-03,31,男,14940,103,S1,逃
江端 隆司,エバタ タカシ,福井県,1992-08-28,32,男,14941,103,A1,逃
清水 剛志,シミズ ツヨシ,福井県,1991-02-17,34,男,14942,103,S2,両
栗山 俊介,クリヤマ シュンスケ,奈良県,1988-06-11,36,男,14944,103,S2,両
中井 俊亮,ナカイ シュンスケ,奈良県,1992-12-11,32,男,14945,103,S1,両
元砂 勇雪,モトスナ ユウ,奈良県,1991-11-01,33,男,14946,103,S2,追
北川 大五郎,キタガワ ダイゴロウ,大阪府,1991-05-04,34,男,14947,103,S2,両
斎藤 敦,サイトウ アツシ,大阪府,1986-10-07,38,男,14948,103,A3,逃
石口 慶多,イシグチ ケイタ,兵庫県,1988-12-22,36,男,14949,103,A1,両
市村 昌樹,イチムラ マサキ,兵庫県,1991-02-24,34,男,14950,103,A2,両
後藤 祐貴,ゴトウ ユウキ,兵庫県,1990-02-08,35,男,14951,103,A1,逃
多田 晃紀,タダ アキノリ,岡山県,1993-04-13,32,男,14952,103,A1,逃
和田 誠寿,ワダ セイジュ,広島県,1991-04-26,34,男,14953,103,S2,追
日野 博幸,ヒノ ヒロユキ,愛媛県,1984-01-25,41,男,14954,103,A1,逃
市橋 司優人,イチハシ シュウト,福岡県,1992-06-30,32,男,14955,103,S2,両
小川 賢人,オガワ ケント,福岡県,1985-05-06,40,男,14956,103,S2,両
永田 秀佑,ナガタ シュウスケ,長崎県,1992-03-28,33,男,14957,103,A3,両
新納 大輝,ニイロ ダイキ,鹿児島県,1989-09-29,35,男,14958,103,S2,追
奈良岡 彩子,ナラオカ サイコ,神奈川県,1990-02-06,35,女,14959,104,L1,追
梶田 舞,カジタ マイ,埼玉県,1987-01-26,38,女,14961,104,L1,両
石井 貴子,イシイ タカコ,東京都,1988-02-16,37,女,14962,104,L1,逃
石井 寛子,イシイ ヒロコ,東京都,1986-01-09,39,女,14963,104,L1,両
田中 まい,タナカ マイ,千葉県,1989-12-25,35,女,14966,104,L1,両
杉沢 毛伊子,スギサワ ケイコ,静岡県,1985-11-07,39,女,14967,104,L1,両
小坂 知子,コサカ トモコ,岐阜県,1985-10-13,39,女,14970,104,L1,両
猪頭 香緒里,イトウ カオリ,岡山県,1976-12-12,48,女,14972,104,L1,追
三宅 愛梨,ミヤケ アイリ,岡山県,1992-03-18,33,女,14973,104,L1,追
山原 さくら,ヤマハラ サクラ,山口県,1992-12-11,32,女,14974,104,L1,両
川口 聖二,カワグチ セイジ,岐阜県,1993-12-25,31,男,14977,103,S1,両
谷口 明正,タニグチ アキマサ,三重県,1983-11-22,41,男,14978,103,S2,両
黒川 渉,クロカワ ワタル,奈良県,1987-10-27,37,男,14979,103,A2,両
田原 宥明,タハラ ヒロアキ,北海道,1990-07-27,34,男,14980,105,A2,両
磯島 康祐,イソジマ コウスケ,青森県,1992-02-11,33,男,14981,105,S2,逃
坂本 周作,サカモト シュウサク,青森県,1992-05-13,32,男,14982,105,S2,逃
高木 翔,タカギ ショウ,岩手県,1994-01-09,31,男,14983,105,A1,追
會澤 龍,アイザワ リュウ,宮城県,1989-08-03,35,男,14984,105,A1,両
竹山 慶太,タケヤマ ケイタ,宮城県,1993-04-18,32,男,14985,105,A1,逃
三浦 綾,ミウラ リョウ,宮城県,1991-08-23,33,男,14986,105,A2,逃
門馬 琢麿,モンマ タクマ,北海道,1984-09-16,40,男,14987,105,A3,逃
伊早坂 駿一,イハヤザカ シュンイチ,茨城県,1994-09-11,30,男,14988,105,A2,逃
鈴木 豪,スズキ ゴウ,福島県,1986-09-06,38,男,14989,105,A2,両
中島 将尊,ナカジマ マサタカ,東京都,1994-07-27,30,男,14991,105,A1,両
楠野 史尭,クスノ フミアキ,埼玉県,1988-06-26,36,男,14992,105,A3,両
副島 和人,ソエジマ カズト,神奈川県,1983-04-20,42,男,14993,105,S2,追
野口 修平,ノグチ シュウヘイ,神奈川県,1988-05-14,36,男,14994,105,A2,逃
渡邉 雄太,ワタナベ ユウタ,静岡県,1994-12-01,30,男,14995,105,S2,両
岡本 総,オカモト ソウ,愛知県,1987-07-27,37,男,14996,105,S1,追
下岡 優季,シモオカ ユウキ,愛知県,1990-01-21,35,男,14997,105,A2,逃
水谷 将司,ミズタニ ショウジ,愛知県,1987-07-20,37,男,14999,105,A2,両
藤井 準也,フジイ ジュンヤ,岐阜県,1994-04-28,31,男,15000,105,A1,両
堀 兼壽,ホリ ケンジュ,岐阜県,1994-07-26,30,男,15001,105,A1,逃
神田 龍,カンダ リョウ,三重県,1989-07-26,35,男,15002,105,S2,逃
小笹 隼人,オザサ ハヤト,奈良県,1990-02-28,35,男,15003,105,A1,両
畑段 嵐士,ハタダン アラシ,京都府,1990-10-12,34,男,15004,105,S2,両
野口 正則,ノグチ マサノリ,奈良県,1990-08-28,34,男,15005,105,A1,両
石塚 輪太郎,イシヅカ リンタロウ,和歌山県,1993-12-07,31,男,15006,105,S1,逃
岸川 哲也,キシカワ テツヤ,大阪府,1985-12-04,39,男,15007,105,A1,両
清水 裕友,シミズ ヒロト,山口県,1994-11-09,30,男,15009,105,S級S班,両
吉川 嘉斗,ヨシカワ ヨシト,徳島県,1993-02-23,32,男,15010,105,A1,追
吉岡 伸太郎,ヨシオカ シンタロウ,愛媛県,1993-05-28,31,男,15011,105,A2,逃
勝部 貴博,カツベ タカヒロ,福岡県,1988-11-25,36,男,15012,105,A1,逃
平川 慎太郎,ヒラカワ シンタロウ,佐賀県,1991-05-17,33,男,15013,105,A3,逃
西田 将士,ニシダ マサシ,長崎県,1983-10-14,41,男,15014,105,A1,追
野口 大誠,ノグチ タイセイ,熊本県,1989-08-07,35,男,15015,105,A1,両
青木 美優,アオキ ミユウ,栃木県,1994-04-09,31,女,15017,106,L1,追
高橋 梨香,タカハシ リカ,埼玉県,1979-12-28,45,女,15018,106,L1,両
奥井 迪,オクイ フミ,東京都,1981-12-19,43,女,15020,106,L1,逃
石井 貴子,イシイ タカコ,千葉県,1990-02-17,35,女,15023,106,L1,両
長澤 彩,ナガサワ アヤ,福岡県,1988-06-11,36,女,15027,106,L1,両
小林 優香,コバヤシ ユウカ,福岡県,1994-01-18,31,女,15032,106,L1,逃
新山 響平,シンザン キョウヘイ,青森県,1993-11-02,31,男,15034,107,S級S班,逃
阿部 拓真,アベ タクマ,宮城県,1990-11-03,34,男,15035,107,S2,両
尾形 鉄馬,オガタ テツマ,宮城県,1990-01-10,35,男,15036,107,S2,追
鈴木 竜士,スズキ リュウジ,東京都,1994-01-18,31,男,15037,107,S1,両
山岸 佳太,ヤマギシ ケイタ,茨城県,1989-11-11,35,男,15038,107,S1,両
吉田 拓矢,ヨシダ タクヤ,茨城県,1995-05-07,30,男,15039,107,S1,両
隅田 洋介,スミダ ヨウスケ,岡山県,1987-08-21,37,男,15040,107,S1,両
伊藤 慶太郎,イトウ ケイタロウ,埼玉県,1993-11-23,31,男,15041,107,A1,逃
高橋 泰裕,タカハシ ヤスヒロ,埼玉県,1984-09-22,40,男,15042,107,A1,追
大矢 崇弘,オオヤ タカヒロ,東京都,1991-05-12,33,男,15043,107,S2,両
平川 雅晃,ヒラカワ マサアキ,長野県,1991-05-15,33,男,15044,107,A2,逃
大関 祐也,オオゼキ ユウヤ,千葉県,1994-09-28,30,男,15045,107,A2,逃
山本 紳貴,ヤマモト シンキ,千葉県,1985-02-14,40,男,15046,107,S2,追
加藤 健一,カトウ ケンイチ,神奈川県,1992-06-27,32,男,15047,107,A1,逃
志佐 明,シサ メイ,神奈川県,1989-07-28,35,男,15048,107,A2,逃
菅原 大也,スガハラ ダイヤ,神奈川県,1991-04-25,34,男,15049,107,S1,両
堀内 俊介,ホリウチ シュンスケ,神奈川県,1990-01-17,35,男,15050,107,S1,両
簗田 一輝,ヤナダ カズキ,静岡県,1996-01-09,29,男,15051,107,S1,両
渡邉 豪大,ワタナベ カツヒロ,福岡県,1989-06-22,35,男,15052,107,S2,両
廣田 敦士,ヒロタ アツシ,三重県,1992-09-13,32,男,15053,107,A2,逃
谷本 奨輝,タニモト ショウキ,富山県,1995-04-01,30,男,15054,107,A2,両
田村 風起,タムラ カザキ,奈良県,1995-03-30,30,男,15056,107,A2,両
小林 史也,コバヤシ フミヤ,和歌山県,1985-12-08,39,男,15057,107,A1,逃
中西 大,ナカニシ ダイ,和歌山県,1990-10-17,34,男,15058,107,S1,逃
畝木 努,ウネキ ツトム,岡山県,1994-04-18,31,男,15059,107,S2,逃
滝本 泰行,タキモト ヤスユキ,岡山県,1995-12-16,29,男,15060,107,A1,両
取鳥 雄吾,トットリ ユウゴ,岡山県,1995-01-17,30,男,15061,107,S1,逃
大室 翔,オオムロ ショウ,岡山県,1991-08-16,33,男,15062,107,A3,逃
小川 真太郎,オガワ シンタロウ,徳島県,1992-06-30,32,男,15063,107,S1,両
吉武 信太朗,ヨシタケ シンタロウ,愛媛県,1993-10-04,31,男,15064,107,S2,逃
原口 昌平,ハラグチ ショウヘイ,福岡県,1993-02-06,32,男,15066,107,S2,逃
瀬戸 晋作,セト シンサク,長崎県,1993-06-08,31,男,15067,107,S2,両
細田 愛未,ホソダ マナミ,埼玉県,1995-07-01,29,女,15069,108,L1,両
尾崎 睦,オザキ ムツミ,神奈川県,1985-04-10,40,女,15070,108,L1,両
佐藤 亜貴子,サトウ アキコ,神奈川県,1982-08-10,42,女,15071,108,L1,両
遥山 夕貴,ハルヤマ ユウキ,福岡県,1987-01-02,38,女,15073,108,L1,追
島田 優里,シマダ ユリ,長崎県,1994-12-09,30,女,15074,108,L1,両
溝口 香奈,ミゾグチ カナ,大分県,1985-07-30,39,女,15075,108,L1,追
元砂 七夕美,モトスナ ナユミ,奈良県,1995-07-14,29,女,15076,108,L1,両
三宅 玲奈,ミヤケ レイナ,岡山県,1995-12-02,29,女,15078,108,L1,追
日野 友葵,ヒノ ユウキ,愛媛県,1995-05-09,30,女,15079,108,L1,追
児玉 碧衣,コダマ アオイ,福岡県,1995-05-08,30,女,15080,108,L1,逃
高橋 朋恵,タカハシ トモエ,東京都,1994-09-21,30,女,15082,108,L1,追
中村 弘之輔,ナカムラ コウノスケ,北海道,1992-01-30,33,男,15083,109,A1,両
菅田 謙仁,スガタ ノリヨシ,宮城県,1992-08-19,32,男,15084,109,A1,両
奈良 基,ナラ モトイ,宮城県,1982-04-28,43,男,15085,109,A3,両
酒井 雄多,サカイ ユウタ,福島県,1996-01-30,29,男,15086,109,S1,逃
本馬 鎌,ホンマ レン,福島県,1994-03-24,31,男,15087,109,A3,逃
神山 尚,カミヤマ ナオ,栃木県,1991-04-18,34,男,15088,109,A1,追
高橋 築,タカハシ キズキ,東京都,1992-05-08,33,男,15090,109,S1,両
樋口 瑛土,ヒグチ エイト,東京都,1991-04-07,34,男,15091,109,A2,追
小林 令,コバヤシ レイ,山梨県,1996-01-28,29,男,15092,109,S2,両
末木 浩二,スエキ コウジ,山梨県,1991-09-29,33,男,15093,109,S1,両
佐々木 龍,ササキ リュウ,神奈川県,1990-10-31,34,男,15094,109,S1,追
遠藤 勝弥,エンドウ カツヤ,静岡県,1989-10-24,35,男,15095,109,A1,両
大石 剣士,オオイシ ケンシ,静岡県,1995-12-01,29,男,15096,109,S1,逃
長谷部 翔,ハセベ ショウ,静岡県,1994-08-27,30,男,15097,109,S2,両
吉竹 尚城,ヨシタケ ナオキ,静岡県,1993-04-29,32,男,15099,109,A1,逃
渡邊 颯太,ワタナベ ハヤタ,静岡県,1995-06-21,29,男,15100,109,A2,逃
松岡 晋乃介,マツオカ シンノスケ,岐阜県,1996-07-03,28,男,15101,109,A1,逃
奥出 良,オクデ リョウ,石川県,1993-11-22,31,男,15102,109,A1,逃
吉川 勇気,ヨシカワ ユウキ,石川県,1990-11-06,34,男,15103,109,A3,逃
中川 勝貴,ナカガワ カツタカ,福井県,1995-08-10,29,男,15104,109,A1,追
大崎 龍一郎,オオサキ リュウイチロウ,奈良県,1992-09-17,32,男,15105,109,A3,両
大石 崇晴,オオイシ タカハル,大阪府,1992-10-02,32,男,15106,109,S2,両
田頭 寛之,タガシラ ヒロユキ,千葉県,1988-09-20,36,男,15107,109,A1,両
吉田 篤史,ヨシダ アツシ,奈良県,1988-08-01,36,男,15108,109,A1,両
大利 航平,オオトシ コウヘイ,和歌山県,1991-10-01,33,男,15109,109,A2,両
小出 慎也,コイデ シンヤ,和歌山県,1991-07-25,33,男,15110,109,A2,逃
布居 翼,ヌノイ ツバサ,和歌山県,1996-06-27,28,男,15111,109,A3,逃
日浦 崇道,ヒウラ タカミチ,和歌山県,1991-01-15,34,男,15112,109,A1,逃
酒井 拳蔵,サカイ ケンゾウ,大阪府,1996-01-17,29,男,15113,109,S2,両
谷口 友真,タニグチ ユウマ,大阪府,1989-07-02,35,男,15114,109,A1,逃
堀 僚介,ホリ リョウスケ,大阪府,1995-01-06,30,男,15115,109,S2,逃
池野 健太,イケノ ケンタ,兵庫県,1992-01-06,33,男,15116,109,S1,逃
野崎 将史,ノザキ マサフミ,岡山県,1986-10-23,38,男,15117,109,A1,両
木村 幸希,キムラ コウキ,広島県,1992-04-20,33,男,15118,109,A1,両
佐伯 辰哉,サエキ タツヤ,広島県,1996-06-12,28,男,15119,109,A2,両
竹内 翼,タケウチ ツバサ,広島県,1991-05-20,33,男,15120,109,S2,逃
太田 竜馬,オオタ リュウマ,徳島県,1996-04-04,29,男,15121,109,S2,逃
島川 将貴,シマカワ マサキ,徳島県,1994-10-01,30,男,15122,109,S1,逃
清水 一幸,シミズ カズユキ,大阪府,1986-09-03,38,男,15123,109,S2,追
山本 拳也,ヤマモト ケンヤ,高知県,1990-04-29,35,男,15124,109,S2,追
佐々木 豪,ササキ ゴウ,愛媛県,1996-03-16,29,男,15125,109,S1,逃
高山 雄丞,タカヤマ ユウスケ,愛媛県,1993-04-06,32,男,15126,109,A2,両
野村 典嗣,ノムラ フミツグ,愛媛県,1990-06-26,34,男,15127,109,A1,追
嶋田 誠也,シマダ マサヤ,福岡県,1992-09-24,32,男,15128,109,S1,追
林 大悟,ハヤシ ダイゴ,福岡県,1995-05-15,29,男,15129,109,S1,逃
瀬戸 栄作,セト エイサク,長崎県,1993-06-08,31,男,15130,109,S1,逃
池部 壮太,イケベ ソウタ,大分県,1992-12-31,32,男,15131,109,A1,逃
瓜生 崇智,ウリウ タカトモ,熊本県,1995-02-17,30,男,15132,109,S1,追
佐藤 友香,サトウ ユカ,青森県,1981-07-06,43,女,15133,110,L1,追
藤巻 絵里佳,フジマキ エリカ,福島県,1995-09-10,29,女,15134,110,L1,追
荒川 ひかり,アラカワ ヒカリ,茨城県,1994-12-24,30,女,15135,110,L1,追
土屋 珠里,ツチヤ ジュリ,大阪府,1996-09-27,28,女,15137,110,L1,両
板根 茜弥,イタネ アヤ,東京都,1989-05-02,36,女,15139,110,L1,追
鈴木 彩夏,スズキ アヤカ,東京都,1995-04-14,30,女,15140,110,L1,追
黒河内 由実,クロコウチ ユミ,長野県,1995-06-22,29,女,15141,110,L1,追
蓑田 真璃,ミノダ マリ,千葉県,1991-11-01,33,女,15142,110,L1,両
鈴木 奈央,スズキ ナオ,静岡県,1997-02-09,28,女,15144,110,L1,両
大谷 杏奈,オオタニ アンナ,大阪府,1996-09-14,28,女,15145,110,L1,両
齊藤 由紀,サイトウ ユキ,愛知県,1985-11-11,39,女,15146,110,L1,両
佐々木 恵理,ササキ エリ,愛知県,1989-12-13,35,女,15147,110,L1,両
中嶋 里美,ナカジマ サトミ,愛知県,1990-11-29,34,女,15148,110,L1,両
中野 咲,ナカノ サキ,愛知県,1997-02-08,28,女,15149,110,L1,両
宮地 寧々,ミヤチ ネネ,岐阜県,1995-07-16,29,女,15150,110,L1,両
山本 知佳,ヤマモト トモカ,山口県,1991-11-23,33,女,15151,110,L1,両
林 真奈美,ハヤシ マナミ,福岡県,1985-12-30,39,女,15153,110,L1,両
三浦 大輝,ミウラ ダイキ,宮城県,1997-12-21,27,男,15155,111,A3,逃
門脇 翼,カドワキ ツバサ,秋田県,1993-07-01,31,男,15156,111,A2,逃
高橋 大輝,タカハシ ダイキ,秋田県,1993-12-15,31,男,15157,111,A1,両
猪野 泰介,イノ タイスケ,山形県,1990-05-01,35,男,15158,111,A3,逃
坂本 拓也,サカモト タクヤ,福島県,1985-11-01,39,男,15159,111,A2,両
牧田 賢也,マキタ ケンヤ,福島県,1996-08-10,28,男,15160,111,A3,逃
吉田 昌司,ヨシダ マサシ,茨城県,1997-08-20,27,男,15161,111,S2,逃
蕗澤 鴻太郎,フキザワ コウタロウ,群馬県,1995-05-06,30,男,15162,111,S2,逃
戸塚 涼介,トヅカ リョウスケ,埼玉県,1994-03-18,31,男,15163,111,A2,逃
菱沼 元樹,ヒシヌマ ゲンキ,埼玉県,1994-10-23,30,男,15164,111,A3,逃
寺沼 将彦,テラヌマ マサヒコ,東京都,1992-05-08,33,男,15165,111,A1,追
内田 淳,ウチダ アツシ,千葉県,1992-11-13,32,男,15166,111,A2,逃
小林 裕一朗,コバヤシ ユウイチロウ,千葉県,1994-06-18,30,男,15167,111,A1,両
染谷 幸喜,ソメヤ コウキ,千葉県,1988-08-18,36,男,15168,111,S2,逃
野口 裕史,ノグチ ヒロシ,千葉県,1983-05-03,42,男,15169,111,S1,逃
川越 勇星,カワゴエ ユウセイ,神奈川県,1997-01-19,28,男,15170,111,S2,両
出澤 拓也,デザワ タクヤ,神奈川県,1991-02-24,34,男,15171,111,A1,追
能代谷 元,ノシロヤ モト,神奈川県,1989-01-16,36,男,15172,111,A1,両
格清 洋介,カクセイ ヨウスケ,静岡県,1994-07-22,30,男,15173,111,S2,逃
菊池 竣太朗,キクチ シュンタロウ,静岡県,1996-10-28,28,男,15174,111,A2,両
桜井 大地,サクライ ダイチ,静岡県,1993-12-21,31,男,15175,111,A3,逃
望月 一成,モチヅキ イッセイ,静岡県,1996-09-19,28,男,15176,111,A1,逃
森川 康輔,モリカワ コウスケ,岐阜県,1997-06-13,27,男,15177,111,A1,両
伊藤 稔真,イトウ トシマサ,三重県,1997-01-18,28,男,15178,111,A1,逃
皿屋 豊,サラヤ ユタカ,三重県,1982-12-27,42,男,15179,111,S1,逃
下岡 将也,シモオカ ショウヤ,三重県,1996-08-25,28,男,15180,111,S2,逃
栗田 万生,クリタ マオ,千葉県,1994-03-19,31,男,15181,111,A1,逃
吉川 希望,ヨシカワ キボウ,石川県,1993-05-07,32,男,15182,111,A1,逃
小森 貴大,コモリ タカヒロ,福井県,1989-12-12,35,男,15183,111,S2,両
中野 雄喜,ナカノ ユウキ,京都府,1993-10-17,31,男,15184,111,S2,両
布居 大地,ヌノイ ダイチ,和歌山県,1997-10-14,27,男,15185,111,A2,逃
南 潤,ミナミ ジュン,和歌山県,1997-11-13,27,男,15186,111,S1,逃
鮫島 康治,サメジマ コウジ,大阪府,1982-04-18,43,男,15187,111,A2,逃
浜田 翔平,ハマダ ショウヘイ,大阪府,1989-04-24,36,男,15188,111,A3,逃
山本 隼人,ヤマモト ハヤト,大阪府,1998-01-21,27,男,15189,111,A2,追
大中 拓磨,オオナカ タクマ,兵庫県,1989-05-01,36,男,15190,111,A2,逃
奥村 諭志,オクムラ サトシ,岡山県,1993-10-27,31,男,15191,111,S2,両
藤原 俊太郎,フジワラ シュンタロウ,岡山県,1996-03-23,29,男,15192,111,A1,逃
今岡 徹二,イマオカ テツジ,広島県,1994-06-24,30,男,15193,111,S2,両
船瀬 惇平,フナセ ジュンペイ,広島県,1994-01-20,31,男,15194,111,A1,逃
久保田 泰弘,クボタ ヤスヒロ,山口県,1995-04-06,30,男,15195,111,S1,追
小川 丈太,オガワ ジョウタ,徳島県,1995-05-27,29,男,15196,111,S2,逃
川口 雄太,カワグチ ユウタ,徳島県,1996-10-25,28,男,15197,111,A1,両
今村 麟太郎,イマムラ リンタロウ,高知県,1996-02-14,29,男,15198,111,S2,両
田尾 駿介,タオ シュンスケ,高知県,1992-03-10,33,男,15199,111,S2,追
谷口 幸司,タニグチ コウジ,高知県,1993-09-21,31,男,15200,111,A1,追
門田 凌,カドタ リョウ,愛媛県,1994-04-25,31,男,15201,111,S2,両
今野 大輔,コンノ ダイスケ,岡山県,1993-09-17,31,男,15202,111,S2,両
松本 貴治,マツモト タカハル,愛媛県,1993-12-22,31,男,15203,111,S1,両
吉田 智哉,ヨシダ トモヤ,愛媛県,1997-12-14,27,男,15204,111,S2,逃
島村 匠,シマムラ タクミ,福岡県,1996-11-05,28,男,15205,111,S2,両
鶴 良生,ツル リョウセイ,福岡県,1995-03-15,30,男,15206,111,A1,逃
林 慶次郎,ハヤシ ケイジロウ,福岡県,1997-06-09,27,男,15207,111,S1,逃
金ヶ江 勇気,カネガエ ユウキ,佐賀県,1996-05-08,29,男,15208,111,S2,逃
中野 真吾,ナカノ シンゴ,佐賀県,1986-10-19,38,男,15209,111,A2,逃
白濱 一平,シラハマ カズヒラ,長崎県,1993-08-19,31,男,15210,111,A3,両
平尾 一晃,ヒラオ カズアキ,長崎県,1996-07-29,28,男,15211,111,S2,逃
山口 龍也,ヤマグチ リュウヤ,長崎県,1995-01-03,30,男,15212,111,A1,追
山崎 賢人,ヤマサキ ケント,長崎県,1992-12-17,32,男,15213,111,S1,逃
境 啓亨,サカイ ヒロアキ,熊本県,1992-08-29,32,男,15214,111,A2,逃
照屋 将貴,テルヤ マサキ,沖縄県,1995-05-01,30,男,15215,111,A3,追
加藤 恵,カトウ メグミ,青森県,1985-10-16,39,女,15216,112,L1,両
南 彩乃,ミナミ アヤノ,和歌山県,1998-01-01,27,女,15217,112,L1,両
太田 りゆ,オオタ リユ,埼玉県,1994-08-17,30,女,15218,112,L1,逃
梅川 風子,ウメカワ フウコ,東京都,1991-03-01,34,女,15219,112,L1,逃
鈴木 美教,スズキ ミノリ,静岡県,1994-09-17,30,女,15220,112,L1,両
吉村 早耶香,ヨシムラ サヤカ,静岡県,1997-07-28,27,女,15221,112,L1,両
高橋 智香,タカハシ チカ,愛知県,1997-04-02,28,女,15222,112,L1,両
中西 叶美,ナカニシ カナミ,愛知県,1996-10-01,28,女,15223,112,L1,両
太田 美穂,オオタ ミホ,三重県,1996-08-06,28,女,15224,112,L1,両
坂口 楓華,サカグチ フウカ,愛知県,1997-10-01,27,女,15225,112,L1,両
成田 可菜絵,ナリタ カナエ,大阪府,1987-05-09,38,女,15226,112,L1,両
寺崎 舞織,テラサキ マオリ,福井県,1998-02-20,27,女,15230,112,L1,両
大久保 花梨,オオクボ カリン,福岡県,1997-12-22,27,女,15231,112,L1,逃
渋谷 海,シブヤ カイ,香川県,1996-09-24,28,男,15233,113,A1,逃
八嶋 稔真,ヤシマ トシマサ,神奈川県,1996-05-10,29,男,15234,113,A1,逃
嵯峨 昇喜郎,サガ ショウキロウ,青森県,1998-12-26,26,男,15235,113,S2,逃
藤根 俊貴,フジネ トシキ,岩手県,1995-02-11,30,男,15236,113,A1,逃
太田 将成,オオタ マサノリ,宮城県,1996-04-12,29,男,15237,113,A1,逃
井寺 亮太,イデラ リョウタ,長崎県,1992-05-07,33,男,15238,113,A2,両
佐々木 堅次,ササキ ケンジ,福島県,1994-10-29,30,男,15239,113,S2,逃
前川 大輔,マエカワ ダイスケ,福島県,1990-08-21,34,男,15240,113,A1,両
山田 祐太,ヤマダ ユウタ,福島県,1988-07-15,36,男,15241,113,A2,逃
眞杉 匠,マスギ タクミ,栃木県,1999-02-01,26,男,15242,113,S級S班,逃
小林 泰正,コバヤシ タイセイ,群馬県,1994-08-12,30,男,15243,113,S1,逃
植原 琢也,ウエハラ タクヤ,埼玉県,1994-06-03,30,男,15244,113,A2,逃
尾崎 悠生,オザキ ユウセイ,埼玉県,1997-06-06,27,男,15245,113,A1,逃
黒沢 征治,クロサワ セイジ,埼玉県,1992-03-12,33,男,15246,113,S2,逃
小玉 勇一,コダマ ユウイチ,埼玉県,1994-08-13,30,男,15247,113,A2,両
森田 優弥,モリタ ユウヤ,埼玉県,1998-07-08,26,男,15248,113,S1,逃
磯川 勝裕,イソカワ カツヒロ,東京都,1994-12-28,30,男,15249,113,S2,逃
今井 聡,イマイ サトシ,東京都,1987-08-15,37,男,15250,113,S2,追
柿本 大貴,カキモト ダイキ,東京都,1995-10-26,29,男,15251,113,A1,逃
河合 佑弥,カワイ ユウヤ,東京都,1994-09-07,30,男,15252,113,S2,逃
清水 健次,シミズ ケンジ,東京都,1992-12-28,32,男,15253,113,A3,逃
鈴木 輝大,スズキ コウダイ,東京都,1995-01-14,30,男,15254,113,S2,両
樋口 開土,ヒグチ カイト,東京都,1996-10-01,28,男,15255,113,A2,逃
中嶋 宣成,ナカジマ ノリシゲ,長野県,1990-04-19,35,男,15256,113,S2,逃
舟山 佑京,フナヤマ ウキョウ,新潟県,1997-09-13,27,男,15257,113,A2,逃
栗本 尚宗,クリモト ナオムネ,千葉県,1994-03-18,31,男,15258,113,A1,両
小林 稜武,コバヤシ リョウブ,千葉県,1993-04-03,32,男,15259,113,A1,逃
國井 裕樹,クニイ ユウキ,神奈川県,1984-04-27,41,男,15260,113,A3,逃
松井 宏佑,マツイ コウユウ,神奈川県,1992-09-24,32,男,15261,113,S1,逃
内山 雅貴,ウチヤマ マサタカ,静岡県,1995-04-03,30,男,15262,113,S2,逃
渡邉 直弥,ワタナベ ナオヤ,静岡県,1996-07-12,28,男,15264,113,A2,両
井田 晶之,イダ アキユキ,三重県,1991-06-28,33,男,15265,113,A1,逃
福田 真平,フクダ シンペイ,愛知県,1987-11-22,37,男,15266,113,A1,追
橋本 英也,ハシモト エイヤ,岐阜県,1993-12-15,31,男,15267,113,A2,逃
山田 諒,ヤマダ リョウ,岐阜県,1999-02-04,26,男,15268,113,S1,両
佐山 寛明,サヤマ ヒロアキ,奈良県,1987-07-21,37,男,15269,113,A1,逃
元砂 海人,モトスナ アキヒト,奈良県,1989-07-11,35,男,15270,113,A3,両
大城 慶之,オオシロ ヨシユキ,大阪府,1984-08-06,40,男,15271,113,A2,逃
中釜 章成,ナカガマ トシマサ,大阪府,1997-02-22,28,男,15272,113,S2,逃
中武 三四郎,ナカタケ サンシロウ,大阪府,1993-02-14,32,男,15273,113,A2,逃
福永 大智,フクナガ ダイチ,大阪府,1998-05-20,26,男,15274,113,S1,逃
伊藤 歩登,イトウ アルト,兵庫県,1998-11-06,26,男,15275,113,A2,逃
佐伯 亮輔,サエキ リョウスケ,岡山県,1994-07-14,30,男,15276,113,S2,逃
高井 流星,タカイ リュウセイ,岡山県,1995-04-23,30,男,15277,113,A1,逃
田中 和磨,タナカ カズマ,岡山県,1996-06-22,28,男,15278,113,A1,逃
山崎 駿哉,ヤマサキ シュンヤ,岡山県,1997-06-10,27,男,15279,113,A1,逃
藤井 將,フジイ ショウ,広島県,1994-03-22,31,男,15280,113,A3,両
増田 仁,マスダ ヒトシ,広島県,1985-05-11,40,男,15281,113,A1,逃
宮本 隼輔,ミヤモト シュンスケ,熊本県,1994-07-31,30,男,15282,113,S2,両
安本 昇平,ヤスモト ショウヘイ,山口県,1995-02-15,30,男,15283,113,A2,逃
田村 裕也,タムラ ユウヤ,徳島県,1995-09-16,29,男,15284,113,A3,逃
久樹 克門,ヒサキ カツト,徳島県,1991-12-06,33,男,15285,113,S2,逃
土居 佑次,ドイ ユウジ,高知県,1997-10-30,27,男,15286,113,A3,逃
山中 崇弘,ヤマナカ タカヒロ,高知県,1995-12-29,29,男,15287,113,A2,追
薦田 将伍,コモダ ショウゴ,愛媛県,1998-02-04,27,男,15288,113,A1,逃
橋本 瑠偉,ハシモト ルイ,栃木県,1995-03-16,30,男,15289,113,S1,逃
真崎 章徳,マサキ アキノリ,佐賀県,1995-09-30,29,男,15290,113,A2,逃
山口 敦也,ヤマグチ アツヤ,佐賀県,1997-12-24,27,男,15291,113,S1,追
中里 福太郎,ナカザト フクタロウ,北海道,1995-08-14,29,男,15293,113,A2,逃
小原 亮哉,コハラ リョウヤ,大分県,1990-06-20,34,男,15294,113,A1,追
篠田 樹,シノダ タツキ,大分県,1996-09-27,28,男,15295,113,A3,逃
上田 尭弥,ウエダ タカヤ,熊本県,1997-12-20,27,男,15296,113,S2,逃
上野 優太,ウエノ ユウタ,熊本県,1997-01-07,28,男,15297,113,S1,追
嘉永 泰斗,カナガ タイト,熊本県,1998-03-23,27,男,15298,113,S1,逃
曽我 圭佑,ソガ ケイスケ,熊本県,1994-04-03,31,男,15299,113,S2,逃
ラモス レオ,ラモス レオ,沖縄県,1997-09-05,27,男,15300,113,A3,逃
野本 怜菜,ノモト レナ,埼玉県,1998-05-27,26,女,15305,114,L1,両
佐藤 水菜,サトウ ミナ,神奈川県,1998-12-07,26,女,15306,114,L1,逃
田中 千尋,タナカ チヒロ,愛知県,1998-03-06,27,女,15307,114,L1,両
當銘 直美,トメ ナオミ,愛知県,1996-06-19,28,女,15308,114,L1,両
黒沢 夢姫,クロサワ ユメキ,埼玉県,1997-11-10,27,女,15309,114,L1,追
川嶋 百香,カワシマ モモカ,三重県,1997-06-07,27,女,15310,114,L1,両
柳原 真緒,ヤナギハラ マオ,福井県,1997-05-18,27,女,15311,114,L1,両
日野 未来,ヒノ ミライ,奈良県,1993-01-26,32,女,15312,114,L1,両
豊岡 英子,トヨオカ アヤコ,大阪府,1980-08-10,44,女,15313,114,L1,両
向井 円,ムカイ マドカ,大阪府,1993-09-25,31,女,15314,114,L1,追
渡口 まりあ,ワタリグチ マリア,山口県,1994-11-18,30,女,15315,114,L1,両
川田 ひな,カワダ ヒナ,香川県,1999-02-16,26,女,15316,114,L1,追
佐伯 智恵,サエキ チエ,愛媛県,1999-03-05,26,女,15317,114,L1,両
橋本 佳耶,ハシモト カヤ,熊本県,1996-04-04,29,女,15319,114,L1,両
那須 萌美,ナス モエミ,宮崎県,1990-10-03,34,女,15320,114,L1,両
比嘉 真梨代,ヒガ マリヨ,沖縄県,1988-10-13,36,女,15321,114,L1,追
磯島 成介,イソジマ マサヨシ,青森県,1999-07-19,25,男,15322,115,S2,逃
小原 丈一郎,オバラ ジョウイチロウ,青森県,1998-10-08,26,男,15323,115,A1,逃
小原 佑太,オバラ ユウタ,青森県,1996-02-29,29,男,15324,115,S1,逃
後藤 悠,ゴトウ ユウ,岩手県,1995-04-08,30,男,15325,115,S2,逃
照井 拓成,テルイ タクナリ,岩手県,1996-01-08,29,男,15326,115,S2,逃
阿部 架惟都,アベ カイト,宮城県,1999-06-29,25,男,15327,115,S2,逃
星野 洋輝,ホシノ ヒロキ,福島県,2000-02-03,25,男,15328,115,S2,両
板垣 昴,イタガキ スバル,北海道,1992-05-02,33,男,15329,115,S2,逃
伊藤 奎,イトウ ケイ,福島県,1998-12-05,26,男,15330,115,S2,両
宇佐見 優介,ウサミ ユウスケ,福島県,1993-09-06,31,男,15331,115,A1,追
鈴木 涼介,スズキ リョウスケ,福島県,1997-07-16,27,男,15332,115,A1,逃
高橋 晋也,タカハシ シンヤ,福島県,1994-10-04,30,男,15333,115,S1,逃
朝倉 智仁,アサクラ トモヒト,茨城県,1999-08-04,25,男,15334,115,S2,逃
小畑 勝広,オバタ カツヒロ,茨城県,1999-05-14,25,男,15336,115,S2,逃
佐藤 礼文,サトウ アヤフミ,茨城県,1991-07-31,33,男,15337,115,S1,追
土田 栄二,ツチダ エイジ,茨城県,1996-04-13,29,男,15338,115,A1,逃
土田 武志,ツチダ タケシ,茨城県,1999-04-29,26,男,15339,115,A1,逃
幸田 望夢,コウダ ノゾム,栃木県,1999-11-06,25,男,15340,115,S2,逃
坂井 洋,サカイ ヨウ,栃木県,1994-10-25,30,男,15341,115,S1,逃
福田 滉,フクダ ヒロシ,栃木県,1999-07-05,25,男,15342,115,S2,追
佐々木 悠葵,ササキ ユウキ,群馬県,1995-08-04,29,男,15343,115,S1,両
荒木 貴大,アラキ タカヒロ,埼玉県,1993-06-18,31,男,15344,115,S2,両
浅見 隼,アサミ シュン,福岡県,1997-05-26,27,男,15345,115,A1,逃
鈴木 薫,スズキ カオル,東京都,1999-02-28,26,男,15346,115,S2,逃
武田 亮,タケダ リョウ,東京都,1999-05-13,25,男,15347,115,S2,逃
寺沼 伊織,テラヌマ イオリ,東京都,1998-02-28,27,男,15348,115,A1,両
寺沼 拓摩,テラヌマ タクマ,東京都,1999-01-28,26,男,15349,115,S1,両
山本 修平,ヤマモト シュウヘイ,東京都,1995-12-26,29,男,15350,115,S2,逃
宮下 一歩,ミヤシタ イッポ,長野県,1992-11-24,32,男,15351,115,A1,逃
原田 亮太,ハラダ リョウタ,千葉県,1996-07-06,28,男,15352,115,S2,逃
松坂 侑亮,マツザカ ユウスケ,神奈川県,1998-03-29,27,男,15353,115,S2,逃
齋木 翔多,サイキ ショウタ,静岡県,1998-11-12,26,男,15354,115,S2,逃
磯村 蓮太,イソムラ レンタ,愛知県,1997-06-02,27,男,15355,115,A3,逃
藤井 侑吾,フジイ ユウゴ,愛知県,1995-03-17,30,男,15356,115,S1,逃
藤井 稜也,フジイ リョウヤ,岐阜県,1996-04-08,29,男,15357,115,A2,両
三浦 貴大,ミウラ タカヒロ,岐阜県,1999-02-14,26,男,15358,115,S2,逃
山口 聖矢,ヤマグチ セイヤ,岐阜県,1993-12-23,31,男,15359,115,A1,両
勝谷 勝治,カツヤ カツハル,三重県,1990-08-19,34,男,15360,115,A2,逃
高田 修汰,タカダ シュウタ,福井県,1999-10-04,25,男,15361,115,A1,逃
脇本 勇希,ワキモト ユウキ,福井県,1998-11-16,26,男,15362,115,S2,逃
田中 大我,タナカ タイガ,奈良県,1998-10-28,26,男,15363,115,S2,逃
吉堂 将規,ヨシドウ マサキ,奈良県,1993-08-07,31,男,15364,115,A1,逃
古賀 勝大,コガ カツヒロ,和歌山県,1991-06-03,33,男,15365,115,S2,両
張野 幸聖,ハリノ コウセイ,和歌山県,2000-02-17,25,男,15366,115,S2,逃
南 蓮,ミナミ レン,和歌山県,1999-05-18,25,男,15367,115,A3,追
井坂 泰誓,イサカ ヒロトシ,大阪府,1994-06-07,30,男,15368,115,A3,逃
谷 和也,タニ カズヤ,大阪府,1999-03-28,26,男,15369,115,S2,逃
城戸 俊潔,キド トシユキ,岡山県,1998-04-18,27,男,15370,115,S2,逃
田上 晃也,タノウエ コウヤ,岡山県,1997-08-29,27,男,15371,115,A2,逃
野上 竜太,ノガミ リュウタ,岡山県,1996-02-25,29,男,15372,115,A2,逃
晝田 宗一郎,ヒルタ ソウイチロウ,岡山県,1999-04-17,26,男,15373,115,S1,逃
村上 竜馬,ムラカミ リョウマ,広島県,1996-01-05,29,男,15375,115,A1,逃
蒋野 翔太,コモノ ショウタ,徳島県,1995-05-14,29,男,15377,115,S2,逃
今野 有樹,コンノ ユウキ,愛媛県,1997-05-15,27,男,15378,115,S2,逃
下野 義城,シモノ ヨシキ,愛媛県,1996-11-05,28,男,15379,115,A2,逃
外田 心斗,ソトダ シント,愛媛県,1998-07-18,26,男,15380,115,S2,逃
岩谷 拓磨,イワタニ タクマ,福岡県,1997-04-05,28,男,15381,115,S1,逃
竹元 健竜,タケモト ケンリュウ,福岡県,1997-08-25,27,男,15382,115,A1,両
原井 博斗,ハライ ヒロト,福岡県,1995-12-09,29,男,15383,115,S2,追
天野 純平,アマノ ジュンペイ,佐賀県,1998-06-09,26,男,15384,115,A1,逃
立部 楓真,タチベ フウマ,佐賀県,1998-07-17,26,男,15385,115,S2,逃
阪本 和也,サカモト カズヤ,長崎県,1995-05-16,29,男,15386,115,S2,追
緒方 慎太朗,オガタ シンタロウ,熊本県,1999-03-12,26,男,15387,115,A1,逃
松尾 勇吾,マツオ ユウゴ,熊本県,1998-12-01,26,男,15388,115,A1,両
宮崎 大空,ミヤザキ ツバサ,熊本県,1999-04-09,26,男,15389,115,S2,両
伊藤 颯馬,イトウ ソウマ,沖縄県,1999-03-24,26,男,15390,115,S1,逃
伊藤 のぞみ,イトウ ノゾミ,北海道,1987-08-24,37,女,15391,116,L1,追
加藤 舞,カトウ マイ,沖縄県,1997-05-01,28,女,15392,116,L1,逃
佐々木 綾,ササキ アヤ,東京都,1999-06-27,25,女,15393,116,L1,両
三森 彩桜,ミモリ サイラ,福島県,2000-03-09,25,女,15394,116,L1,追
岩崎 ゆみこ,イワサキ ユミコ,茨城県,1996-02-08,29,女,15395,116,L1,逃
神澤 瑛菜,カンザワ アキナ,群馬県,1999-07-07,25,女,15396,116,L1,追
新井 美菜,アライ ミナ,埼玉県,1999-07-10,25,女,15397,116,L1,追
藤田 まりあ,フジタ マリア,埼玉県,2000-03-21,25,女,15398,116,L1,両
高木 佑真,タカキ ユマ,神奈川県,1998-12-28,26,女,15399,116,L1,逃
久米 詩,クメ ウタ,静岡県,1999-09-03,25,女,15400,116,L1,両
清水 彩那,シミズ サナ,静岡県,1998-08-02,26,女,15401,116,L1,両
鈴木 樹里,スズキ ジュリ,福島県,1999-10-28,25,女,15402,116,L1,両
吉岡 詩織,ヨシオカ シオリ,広島県,1994-09-30,30,女,15406,116,L1,両
出口 倫子,イデグチ ミチコ,長崎県,1996-10-14,28,女,15407,116,L1,追
高尾 貴美歌,タカオ キミカ,長崎県,2000-03-13,25,女,15408,116,L1,両
山口 伊吹,ヤマグチ イブキ,長崎県,1999-08-24,25,女,15409,116,L1,両
村田 奈穂,ムラタ ナホ,熊本県,1991-11-11,33,女,15410,116,L1,両
南 円佳,ミナミ マドカ,熊本県,1999-08-03,25,女,15411,116,L1,両
菊池 岳仁,キクチ タケト,長野県,2000-06-07,24,男,15412,117,S1,逃
寺崎 浩平,テラサキ コウヘイ,福井県,1994-01-04,31,男,15413,117,S1,逃
大森 光明,オオモリ ミツアキ,北海道,1999-04-08,26,男,15414,117,A2,両
坂本 紘規,サカモト ヒロミ,青森県,1996-08-08,28,男,15415,117,S2,逃
小笠原 光,オガサワラ ヒカル,岩手県,1996-04-12,29,男,15416,117,A1,逃
櫻井 祐太郎,サクライ ユウタロウ,宮城県,1999-09-12,25,男,15417,117,S2,逃
原 大智,ハラ ダイチ,宮城県,1997-03-04,28,男,15418,117,S2,逃
黒滝 大翔,クロタキ タイショウ,茨城県,1995-03-24,30,男,15419,117,A3,逃
梁島 邦友,ヤナシマ クニトモ,茨城県,1999-05-07,26,男,15420,117,A1,逃
秋本 耀太郎,アキモト ヨウタロウ,栃木県,1998-02-27,27,男,15421,117,A1,逃
上川 直紀,カミカワ ナオキ,栃木県,1996-06-16,28,男,15423,117,A1,両
中村 隆生,ナカムラ リュウキ,栃木県,2000-06-16,24,男,15424,117,A1,逃
藤野 竜也,フジノ タツヤ,栃木県,2000-01-20,25,男,15425,117,A3,追
太田 龍希,オオタ リュウキ,埼玉県,2000-09-09,24,男,15426,117,S2,逃
戸邉 捺希,トベ ナツキ,埼玉県,1998-08-05,26,男,15427,117,A2,逃
藤田 周磨,フジタ シュウマ,埼玉県,1997-07-14,27,男,15428,117,S2,逃
山田 雄大,ヤマダ ユウダイ,埼玉県,2000-07-04,24,男,15429,117,S1,逃
岡田 亮太,オカダ リョウタ,東京都,2000-10-04,24,男,15430,117,S2,逃
鈴木 玄人,スズキ ゲント,東京都,1996-06-03,28,男,15431,117,S1,両
水森 湧太,ミズモリ ユウタ,東京都,1999-04-14,26,男,15432,117,S2,両
山本 勝利,ヤマモト ショウリ,東京都,1998-06-15,26,男,15433,117,S2,逃
片桐 善也,カタギリ ゼンヤ,新潟県,1994-04-20,31,男,15434,117,S2,逃
青野 将大,アオノ マサヒロ,神奈川県,1994-06-28,30,男,15436,117,S1,逃
佐々木 和紀,ササキ カズキ,神奈川県,1997-02-21,28,男,15438,117,S2,両
佐々木 眞也,ササキ シンヤ,神奈川県,1994-08-09,30,男,15439,117,S1,両
長田 龍拳,オサダ リュウケン,静岡県,2000-12-09,24,男,15440,117,S2,逃
鈴木 陸来,スズキ リック,静岡県,1996-10-26,28,男,15441,117,A1,逃
仁藤 秀,ニトウ シュウ,静岡県,1998-10-03,26,男,15442,117,A1,両
道場 晃規,ミチバ アキノリ,静岡県,1997-08-16,27,男,15443,117,S1,逃
渡邉 雅也,ワタナベ マサヤ,静岡県,2001-02-11,24,男,15444,117,S1,両
内藤 久文,ナイトウ ヒサフミ,愛知県,1992-02-29,33,男,15445,117,A1,逃
林 敬宏,ハヤシ タカヒロ,愛知県,1991-09-17,33,男,15446,117,A1,逃
小浦 凪,コウラ ナギ,岐阜県,1999-09-09,25,男,15447,117,A1,両
長屋 秀明,ナガヤ ヒデアキ,岐阜県,2000-10-30,24,男,15448,117,S2,逃
橋本 優己,ハシモト ユウキ,岐阜県,2000-01-05,25,男,15449,117,S2,逃
長谷部 龍一,ハセベ リュウイチ,岐阜県,1996-06-25,28,男,15450,117,A1,逃
山口 拳矢,ヤマグチ ケンヤ,岐阜県,1996-01-26,29,男,15451,117,S1,両
倉田 紘希,クラタ コウキ,三重県,2001-03-12,24,男,15452,117,A3,逃
下井 竜,シモイ リュウ,三重県,1994-12-14,30,男,15453,117,S2,逃
小松原 正登,コマツバラ マサト,福井県,1998-06-28,26,男,15454,117,S2,逃
枠元 一葵,ワクモト カズキ,福井県,1999-08-01,25,男,15455,117,A1,逃
安藤 直希,アンドウ ナオキ,京都府,1998-01-04,27,男,15456,117,S2,逃
村田 瑞季,ムラタ ミズキ,京都府,1996-11-25,28,男,15457,117,S2,逃
貴志 修己,キシ ナオキ,和歌山県,1996-01-18,29,男,15458,117,S2,逃
中村 泰輔,ナカムラ タイスケ,和歌山県,1993-05-17,31,男,15459,117,A2,逃
仲野 結音,ナカノ ユウト,大阪府,1999-09-03,25,男,15460,117,S1,逃
土生 敦弘,ハブ アツヒロ,大阪府,1999-02-08,26,男,15461,117,S2,逃
溝口 葵,ミゾグチ アオイ,三重県,1993-03-05,32,男,15462,117,S2,逃
畝木 聖,ウネキ サトル,岡山県,1996-12-06,28,男,15463,117,S2,逃
町田 太我,マチダ タイガ,広島県,2000-07-08,24,男,15464,117,S1,逃
石原 颯,イシハラ ハヤテ,香川県,1999-12-04,25,男,15465,117,S1,逃
久田 裕也,ヒサダ ユウヤ,徳島県,1999-10-14,25,男,15466,117,S1,逃
倉松 涼,クラマツ リョウ,高知県,1996-07-03,28,男,15467,117,A2,両
和泉 尚吾,イズミ ショウゴ,愛媛県,1997-01-07,28,男,15468,117,S2,逃
犬塚 貴之,イヌヅカ タカユキ,愛知県,2000-08-21,24,男,15469,117,A1,逃
中村 翔平,ナカムラ ショウヘイ,福岡県,1993-07-02,31,男,15471,117,A3,両
吉田 勇気,ヨシダ ユウキ,福岡県,1988-12-25,36,男,15472,117,A3,両
青柳 靖起,アオヤギ コウキ,佐賀県,2000-02-18,25,男,15473,117,S2,逃
阿部 将大,アベ マサヒロ,大分県,1996-06-14,28,男,15474,117,S1,逃
伊藤 旭,イトウ アサヒ,熊本県,2000-05-08,25,男,15475,117,S1,両
緒方 将樹,オガタ マサキ,熊本県,1998-12-07,26,男,15476,117,S2,逃
兼本 将太,カネモト ショウタ,熊本県,1996-11-24,28,男,15477,117,S1,逃
田 典幸,タ ノリユキ,熊本県,1991-08-07,33,男,15478,117,A3,逃
松岡 辰泰,マツオカ タツヒロ,熊本県,1996-08-14,28,男,15479,117,S1,逃
松本 秀之介,マツモト ヒデノスケ,熊本県,2000-05-07,25,男,15480,117,S1,逃
山川 奨太,ヤマカワ ショウタ,熊本県,1997-06-21,27,男,15481,117,A2,逃
松本 一志,マツモト カズシ,宮崎県,1996-05-22,28,男,15482,117,A2,逃
谷元 奎心,タニモト ケイシン,山口県,2000-10-12,24,男,15483,117,A1,逃
青木 美保,アオキ ミホ,埼玉県,1997-10-22,27,女,15485,118,L1,両
岡本 二菜,オカモト ニナ,東京都,1997-08-15,27,女,15486,118,L1,両
永塚 祐子,ナガツカ ユウコ,神奈川県,1985-10-25,39,女,15487,118,L1,逃
中村 美那,ナカムラ ミナ,神奈川県,2001-01-16,24,女,15488,118,L1,両
保立 沙織,ホタテ サオリ,神奈川県,1983-10-24,41,女,15489,118,L1,両
杉浦 菜留,スギウラ ナル,愛知県,2000-07-23,24,女,15490,118,L1,両
當銘 沙恵美,トメ サエミ,愛知県,1998-09-18,26,女,15491,118,L1,両
永禮 美瑠,ナガレ ミル,愛知県,2000-04-15,25,女,15492,118,L1,両
増田 夕華,マスダ セツカ,岐阜県,2000-04-23,25,女,15493,118,L1,両
近澤 諒香,チカザワ リョウカ,三重県,2001-01-25,24,女,15494,118,L1,両
下条 未悠,ゲジョウ ミユ,富山県,2000-10-20,24,女,15495,118,L1,両
布居 光,ヌノイ ヒカル,和歌山県,2000-06-01,24,女,15496,118,L1,両
森内 愛香,モリウチ アイカ,大阪府,1999-08-27,25,女,15497,118,L1,両
國村 美留莉,クニムラ ミルリ,山口県,2000-02-23,25,女,15498,118,L1,追
尾方 真生,オガタ マオ,福岡県,1999-05-07,26,女,15501,118,L1,逃
田中 月菜,タナカ ルナ,佐賀県,2000-10-13,24,女,15503,118,L1,両
西島 叶子,ニシジマ カノコ,熊本県,1995-01-03,30,女,15504,118,L1,両
荻原 寿嗣,オギハラ トシツグ,北海道,1994-05-22,30,男,15505,119,A2,逃
佐藤 啓斗,サトウ ヒロト,青森県,1996-10-18,28,男,15506,119,A3,逃
上遠野 拓馬,カトウノ タクマ,宮城県,1993-07-30,31,男,15507,119,A1,逃
菅野 航基,カンノ コウキ,宮城県,2001-04-04,24,男,15508,119,A1,逃
木村 佑来,キムラ ユライ,宮城県,2001-11-10,23,男,15509,119,A1,逃
田口 勇介,タグチ ユウスケ,秋田県,2000-06-19,24,男,15510,119,A1,逃
中込 健太,ナカゴメ ケンタ,秋田県,1995-12-27,29,男,15511,119,A2,逃
大高 彰馬,オオタカ ショウマ,福島県,1999-04-22,26,男,15512,119,A2,逃
菊池 翔,キクチ カケル,福島県,1994-10-08,30,男,15513,119,A1,逃
窪木 一茂,クボキ カズシゲ,福島県,1989-06-06,35,男,15514,119,S2,逃
平山 優太,ヒラヤマ ユウタ,福島県,2000-03-31,25,男,15515,119,A2,両
木村 皆斗,キムラ ミナト,茨城県,2001-08-22,23,男,15516,119,S2,逃
橋本 壮史,ハシモト タケシ,茨城県,1995-04-14,30,男,15517,119,S1,逃
吉田 有希,ヨシダ ユウキ,茨城県,2001-09-08,23,男,15518,119,S1,逃
小池 千啓,コイケ チアキ,栃木県,1998-01-27,27,男,15519,119,A1,逃
桑名 僚也,クワナ リョウヤ,埼玉県,1997-09-30,27,男,15520,119,S2,追
中島 詩音,ナカジマ シオン,山梨県,1998-01-20,27,男,15521,119,S2,逃
堀江 省吾,ホリエ ショウゴ,長野県,1997-03-06,28,男,15522,119,S2,逃
邊見 祐太,ヘンミ ユウタ,新潟県,1996-05-15,28,男,15523,119,A3,逃
栗本 武典,クリモト タケノリ,千葉県,1996-06-17,28,男,15524,119,A1,両
鈴木 浩太,スズキ コウタ,千葉県,1997-04-15,28,男,15525,119,S2,逃
梅田 加津也,ウメダ カズヤ,神奈川県,1993-09-17,31,男,15526,119,A2,逃
北井 佑季,キタイ ユウキ,神奈川県,1990-01-27,35,男,15527,119,S1,逃
新村 穣,シンムラ ミノリ,神奈川県,1993-10-16,31,男,15528,119,S1,逃
塚本 瑠羽,ツカモト ルウ,神奈川県,1997-11-05,27,男,15529,119,S2,逃
深瀬 泰我,フカセ タイガ,静岡県,1992-12-15,32,男,15531,119,A1,逃
石田 拓真,イシダ タクマ,愛知県,2001-06-08,23,男,15532,119,A1,逃
岩城 佑典,イワキ ユウスケ,愛知県,1999-07-04,25,男,15533,119,A1,逃
牛田 樹希斗,ウシダ ジュキト,愛知県,1998-07-12,26,男,15534,119,A2,逃
佐藤 竜太,サトウ リュウタ,愛知県,2000-12-01,24,男,15535,119,A1,逃
疋田 力也,ヒキタ リキヤ,愛知県,2001-03-26,24,男,15536,119,A1,両
志田 龍星,シダ リュウセイ,岐阜県,1997-10-14,27,男,15537,119,S1,逃
村瀬 大和,ムラセ ヤマト,岐阜県,2002-02-19,23,男,15538,119,A2,逃
上杉 嘉槻,ウエスギ ヨシキ,福井県,1998-03-27,27,男,15539,119,S2,逃
徳田 匠,トクダ タクミ,京都府,1997-04-22,28,男,15540,119,S2,逃
石塚 慶一郎,イシヅカ ケイイチロウ,和歌山県,2002-01-19,23,男,15541,119,A1,逃
中嶋 樹,ナカジマ イツキ,大阪府,2001-09-20,23,男,15542,119,A3,逃
福元 啓太,フクモト ケイタ,大阪府,1996-09-02,28,男,15543,119,A1,逃
大槇 大介,オオマキ ダイスケ,岡山県,1996-02-03,29,男,15544,119,A1,逃
橋本 凌汰,ハシモト リョウタ,岡山県,2001-02-13,24,男,15545,119,A1,逃
山根 将太,ヤマネ ショウタ,岡山県,1997-07-09,27,男,15546,119,S1,逃
米嶋 恵介,ヨネシマ ケイスケ,岡山県,1992-02-27,33,男,15547,119,A1,両
白井 優太朗,シライ ユウタロウ,広島県,2001-08-19,23,男,15548,119,A2,逃
阿部 龍也,アベ リュウヤ,山口県,1993-01-12,32,男,15549,119,A3,逃
山崎 航,ヤマサキ ワタル,山口県,1995-03-30,30,男,15550,119,A1,逃
渡口 勝成,ワタリグチ カツナリ,山口県,1997-07-09,27,男,15551,119,S2,逃
上野 雅彦,ウエノ マサヒコ,香川県,2001-11-26,23,男,15552,119,S2,逃
犬伏 湧也,イヌブシ ユウヤ,徳島県,1995-07-22,29,男,15553,119,S級S班,逃
近藤 翔馬,コンドウ ショウマ,愛媛県,1998-03-04,27,男,15554,119,S2,逃
林 昌幸,ハヤシ マサユキ,愛媛県,2002-09-27,22,男,15555,119,A1,逃
上野 恭哉,ウエノ キョウヤ,福岡県,1998-03-13,27,男,15556,119,A1,逃
梶原 大地,カジハラ ダイチ,福岡県,1997-05-30,27,男,15557,119,A2,逃
川野 深,カワノ シン,福岡県,1997-11-04,27,男,15558,119,A2,逃
神開 一輝,シンカイ カズキ,福岡県,1993-08-07,31,男,15559,119,A2,逃
林 昴,ハヤシ スバル,福岡県,2001-09-05,23,男,15560,119,A1,逃
原井 剣也,ハライ ケンヤ,福岡県,1994-02-13,31,男,15561,119,A1,逃
山本 浩成,ヤマモト ヒロアキ,福岡県,1998-07-13,26,男,15562,119,S2,逃
久保 光司,クボ コウジ,佐賀県,1997-04-12,28,男,15563,119,A2,逃
高橋 綜一郎,タカハシ ソウイチロウ,大分県,1996-07-27,28,男,15564,119,A1,逃
入江 航太,イリエ コウタ,熊本県,2001-09-19,23,男,15565,119,A2,逃
北川 大成,キタガワ タイセイ,熊本県,2000-11-09,24,男,15567,119,A2,逃
田川 翔琉,タガワ カケル,熊本県,1998-02-03,27,男,15568,119,A1,逃
谷口 力也,タニグチ リキヤ,熊本県,1997-09-02,27,男,15569,119,A1,逃
松本 憲斗,マツモト ケント,熊本県,1996-10-12,28,男,15570,119,S2,逃
吉田 悟,ヨシダ サトル,熊本県,1994-04-01,31,男,15571,119,A3,逃
田村 大,タムラ ダイ,宮崎県,1998-04-21,27,男,15572,119,S2,逃
蛯原 杏奈,エビハラ アンナ,北海道,1999-08-07,25,女,15573,120,L1,追
高木 香帆,タカギ カホ,岩手県,2000-09-06,24,女,15575,120,L1,追
菅原 ななこ,スガワラ ナナコ,宮城県,2001-01-16,24,女,15576,120,L1,両
本多 優,ホンダ ユウ,福岡県,2001-09-15,23,女,15577,120,L1,追
飯田 風音,イイダ カザネ,埼玉県,2001-08-09,23,女,15578,120,L1,両
川路 遥香,カワジ ハルカ,埼玉県,1997-08-26,27,女,15579,120,L1,両
刈込 奈那,カリコミ ナナ,千葉県,2000-12-13,24,女,15581,120,L1,逃
西脇 美唯奈,ニシワキ ミイナ,愛知県,2001-06-30,23,女,15584,120,L1,両
山本 さくら,ヤマモト サクラ,愛知県,2001-06-14,23,女,15585,120,L1,両
太田 瑛美,オオタ エミ,三重県,2000-12-04,24,女,15586,120,L1,両
吉川 美穂,ヨシカワ ミホ,和歌山県,1993-01-15,32,女,15587,120,L1,両
吉田 りんご,ヨシダ リンゴ,大阪府,2000-12-11,24,女,15588,120,L1,両
松本 ちひろ,マツモト チヒロ,山口県,1995-05-15,29,女,15591,120,L1,両
内野 艶和,ウチノ ツヤカ,福岡県,2002-01-13,23,女,15592,120,L1,両
中村 鈴花,ナカムラ リンカ,熊本県,2001-10-12,23,女,15593,120,L1,追
金田 涼馬,カネダ リョウマ,神奈川県,1998-05-15,26,男,15594,119,A1,逃
邊見 光輝,ヘンミ ミツキ,福島県,2002-03-01,23,男,15595,119,S2,逃
中野 慎詞,ナカノ シンジ,岩手県,1999-06-08,25,男,15596,121,S2,逃
太田 海也,オオタ カイヤ,岡山県,1999-07-27,25,男,15597,121,S2,逃
大川 剛,オオカワ タケシ,青森県,1999-01-24,26,男,15598,121,S1,逃
堀 航輝,ホリ コウキ,青森県,1995-05-26,29,男,15599,121,A1,逃
照井 力斗,テルイ リキト,岩手県,2002-02-19,23,男,15600,121,A1,逃
五十嵐 綾,イガラシ リョウ,福島県,2000-07-31,24,男,15601,121,S2,逃
比佐 宝太,ヒサ ホウタ,福島県,2001-02-10,24,男,15602,121,A1,逃
小坂 丈,オサカ ジョウ,茨城県,1995-12-11,29,男,15603,121,A2,逃
安彦 統賀,アビコ ムネヨシ,埼玉県,1999-01-16,26,男,15604,121,S2,逃
加藤 将武,カトウ ショウブ,埼玉県,2001-07-30,23,男,15605,121,S2,逃
近藤 圭佑,コンドウ ケイスケ,埼玉県,1986-03-17,39,男,15606,121,A3,逃
中山 拓人,ナカヤマ ヒロト,埼玉県,1999-12-16,25,男,15607,121,S2,逃
山口 多聞,ヤマグチ タモン,埼玉県,2001-12-20,23,男,15608,121,S2,逃
安倍 大成,アンバイ タイセイ,埼玉県,1998-10-30,26,男,15609,121,S2,逃
永井 哉多,ナガイ カナタ,東京都,2001-12-14,23,男,15610,121,A1,逃
長谷川 飛向,ハセガワ ヒュウガ,東京都,1996-08-30,28,男,15611,121,S2,逃
小榑 佑弥,コグレ ユウヤ,新潟県,1999-07-22,25,男,15612,121,A2,逃
滝本 幸正,タキモト ユキマサ,新潟県,1998-07-29,26,男,15613,121,S2,逃
治田 知也,ハッタ トモヤ,新潟県,1998-06-10,26,男,15614,121,S2,逃
荒川 仁,アラカワ ヒトシ,千葉県,1998-04-30,27,男,15615,121,A1,逃
齋藤 雄行,サイトウ ユウコウ,神奈川県,1995-05-09,30,男,15616,121,S2,逃
添田 龍児,ソエダ リュウジ,神奈川県,2000-09-17,24,男,15617,121,A2,逃
高本 和也,タカモト カズヤ,神奈川県,1997-03-28,28,男,15618,121,A1,逃
日高 裕太,ヒダカ ユウタ,静岡県,2002-04-26,23,男,15619,121,S2,逃
纐纈 洸翔,コウケツ ヒロト,愛知県,2002-07-08,22,男,15620,121,S1,逃
長谷川 裕一,ハセガワ ユウイチ,愛知県,1986-02-05,39,男,15621,121,A3,逃
伊藤 温希,イトウ ハルキ,岐阜県,2000-04-07,25,男,15622,121,A2,追
野崎 翼,ノザキ ツバサ,岐阜県,1997-11-10,27,男,15623,121,A2,両
小西 晴己,コニシ ハルキ,三重県,2002-02-06,23,男,15624,121,S2,逃
真鍋 顕汰,マナベ ケンタ,三重県,1994-06-21,30,男,15625,121,S2,逃
近谷 涼,チカタニ リョウ,富山県,1992-04-17,33,男,15626,121,S2,逃
南儀 拓海,ナンギ タクミ,富山県,1998-12-23,26,男,15627,121,A1,逃
村田 祐樹,ムラタ ユウキ,富山県,1998-08-14,26,男,15628,121,S2,逃
岸田 剛,キシダ タケシ,福井県,1999-02-11,26,男,15629,121,S2,逃
原田 翔真,ハラダ ショウマ,和歌山県,2000-10-10,24,男,15630,121,S2,逃
常次 勇人,ツネツグ ハヤト,大阪府,2001-12-12,23,男,15632,121,A1,逃
中釜 健次,ナカガマ タツヒデ,大阪府,1998-08-30,26,男,15633,121,A2,逃
末廣 快理,スエヒロ カイリ,兵庫県,1998-07-01,26,男,15634,121,S2,逃
藤岡 徹也,フジオカ テツヤ,兵庫県,1988-05-29,36,男,15635,121,A2,両
合地 登汰,ゴウチ トウタ,岡山県,1998-09-11,26,男,15636,121,A3,逃
近藤 雄太,コンドウ ユウタ,岡山県,1999-04-25,26,男,15637,121,A2,逃
昼田 達哉,ヒルタ タツヤ,岡山県,1998-10-20,26,男,15638,121,S2,逃
松下 綾馬,マツシタ リョウマ,岡山県,1997-01-10,28,男,15639,121,A1,逃
矢部 駿人,ヤベ ハヤト,岡山県,1998-09-07,26,男,15640,121,A1,逃
富 武大,トミ タケヒロ,山口県,1997-05-07,28,男,15641,121,A1,逃
眞砂 英作,マサゴ エイサク,香川県,1995-05-26,29,男,15642,121,A2,逃
小川 将二郎,オガワ ショウジロウ,徳島県,2002-07-20,22,男,15643,121,A1,逃
中野 光太郎,ナカノ コウタロウ,徳島県,1999-11-24,25,男,15644,121,A1,逃
室井 蓮太朗,ムロイ レンタロウ,徳島県,2001-01-24,24,男,15645,121,S2,両
塩崎 隼秀,シオザキ ハヤヒデ,愛媛県,2000-12-05,24,男,15646,121,S2,逃
真鍋 智寛,マナベ トモヒロ,愛媛県,1998-11-27,26,男,15647,121,S2,逃
森本 桂太郎,モリモト ケイタロウ,愛媛県,1998-08-08,26,男,15648,121,A1,逃
後藤 大輝,ゴトウ ダイキ,福岡県,2001-03-25,24,男,15649,121,S1,逃
田代 匠,タシロ タクミ,福岡県,2000-11-03,24,男,15650,121,A2,逃
中川 聖大,ナカガワ セイダイ,福岡県,1998-07-29,26,男,15651,121,S2,逃
橋本 陸,ハシモト リク,福岡県,1997-05-20,27,男,15652,121,A2,逃
坂田 康季,サカタ コウキ,佐賀県,1998-05-28,26,男,15653,121,S2,逃
梅崎 隆介,ウメザキ リュウスケ,長崎県,1990-03-14,35,男,15654,121,S2,逃
一丸 尚伍,イチマル ショウゴ,大分県,1992-01-04,33,男,15655,121,S2,逃
甲斐 俊祐,カイ シュンスケ,大分県,1998-06-19,26,男,15656,121,S2,逃
高橋 優斗,タカハシ ユウト,大分県,1997-03-19,28,男,15657,121,A1,逃
長松 大祐,ナガマツ ダイスケ,大分県,1998-04-17,27,男,15658,121,A1,逃
池田 伍功羽,イケダ ゴクウ,熊本県,2003-02-12,22,男,15659,121,A2,逃
河崎 正晴,カワサキ マサハル,熊本県,2000-12-15,24,男,15660,121,A1,逃
東矢 圭吾,トウヤ ケイゴ,熊本県,1998-10-21,26,男,15661,121,S1,逃
中山 遼太郎,ナカヤマ リョウタロウ,熊本県,2003-01-27,22,男,15662,121,A1,逃
松本 秀之慎,マツモト ヒデノシン,熊本県,2002-09-06,22,男,15663,121,S2,逃
米村 光星,ヨネムラ コウセイ,熊本県,1999-09-23,25,男,15664,121,A2,逃
福田 要,フクダ カナメ,宮崎県,1999-05-15,25,男,15665,121,A1,両
畠山 ひすい,ハタケヤマ ヒスイ,神奈川県,2002-05-27,22,女,15666,122,L1,逃
戸田 瑞姫,トダ ミズキ,茨城県,2003-01-12,22,女,15667,122,L1,追
河内 桜雪,カワウチ サユキ,群馬県,2002-12-31,22,女,15669,122,L1,追
萩原 瑞生,ハギワラ ミズキ,群馬県,1995-11-06,29,女,15670,122,L1,追
小泉 夢菜,コイズミ ユメナ,埼玉県,1999-03-23,26,女,15671,122,L1,追
松本 詩乃,マツモト シノ,東京都,1999-03-07,26,女,15672,122,L1,両
塩田 日海,シオダ ヒウミ,神奈川県,1998-11-23,26,女,15673,122,L1,追
野寺 楓,ノデラ カエデ,静岡県,1998-08-09,26,女,15674,122,L1,追
渡邉 栞奈,ワタナベ カンナ,静岡県,1996-10-22,28,女,15675,122,L1,追
浜地 晴帆,ハマチ ハルホ,三重県,2001-05-15,23,女,15677,122,L1,両
小林 真矢香,コバヤシ マヤカ,石川県,2001-03-18,24,女,15678,122,L1,両
又多 風緑,マタダ フツカ,石川県,2002-05-03,23,女,15679,122,L1,両
藤原 春陽,フジワラ ハルヒ,徳島県,2002-04-09,23,女,15680,122,L1,両
三谷 尚子,ミタニ ショウコ,愛媛県,1985-09-26,39,女,15681,122,L1,追
渡部 遥,ワタナベ ハルカ,愛媛県,2002-04-18,23,女,15682,122,L1,両
池上 あかり,イケガミ アカリ,福岡県,1999-12-22,25,女,15683,122,L1,追
安東 莉奈,アンドウ リナ,大分県,2001-04-20,24,女,15684,122,L1,追
小笠原 一真,オガサワラ カズマ,青森県,2000-03-31,25,男,15685,123,A2,逃
高橋 海月,タカハシ ミヅキ,青森県,2001-04-25,24,男,15686,123,A3,逃
立花 昌也,タチバナ ショウヤ,青森県,1999-04-03,26,男,15687,123,A1,逃
佐々木 祐太,ササキ ユウタ,岩手県,2000-03-21,25,男,15688,123,A2,逃
菊地 圭,キクチ ケイ,宮城県,2001-04-20,24,男,15689,123,A2,逃
斉藤 樂,サイトウ ガク,宮城県,2002-04-03,23,男,15690,123,S2,逃
岡部 伶音,オカベ レオ,福島県,1998-09-28,26,男,15691,123,A2,逃
松崎 広太,マツザキ コウタ,茨城県,1999-06-27,25,男,15692,123,S2,逃
松田 昂己,マツダ コウキ,茨城県,2001-08-24,23,男,15693,123,A2,逃
浮島 知稀,ウキシマ トモキ,群馬県,2000-07-20,24,男,15694,123,S2,逃
篠田 幸希,シノダ コウキ,群馬県,1999-03-11,26,男,15695,123,S2,逃
荒川 達郎,アラカワ タツロウ,埼玉県,1999-06-30,25,男,15696,123,A2,逃
熊崎 麻人,クマザキ アサト,埼玉県,1999-11-18,25,男,15697,123,A1,逃
佐藤 譲士郎,サトウ ジョウシロウ,埼玉県,2000-01-27,25,男,15698,123,A2,逃
助川 翔太郎,スケガワ ショウタロウ,埼玉県,1996-07-12,28,男,15699,123,A2,逃
吉田 晏生,ヨシダ ハルキ,埼玉県,1999-06-20,25,男,15700,123,A2,逃
石田 典大,イシダ テンダイ,東京都,1997-12-04,27,男,15701,123,A2,逃
依田 翔大,ヨダ ショウタ,山梨県,1999-05-26,25,男,15702,123,A2,逃
牧田 悠生,マキタ ユウセイ,新潟県,1999-07-08,25,男,15703,123,A1,逃
坪内 恒,ツボウチ コウ,千葉県,1991-07-16,33,男,15704,123,A2,逃
鳥海 創,トリウミ ソウ,千葉県,2001-08-16,23,男,15705,123,A3,逃
山田 駿斗,ヤマダ ハヤト,千葉県,2004-01-28,21,男,15706,123,A2,逃
池邉 聖,イケベ セイ,神奈川県,1994-11-09,30,男,15707,123,A2,逃
山口 直樹,ヤマグチ ナオキ,神奈川県,1996-02-14,29,男,15708,123,A3,逃
神尾 敬冬,カミオ ケイト,静岡県,1999-11-13,25,男,15709,123,A2,逃
鈴木 康平,スズキ コウヘイ,静岡県,1995-03-02,30,男,15710,123,A2,逃
松本 京太,マツモト キョウタ,静岡県,1998-11-07,26,男,15712,123,A2,逃
望月 湧世,モチヅキ ユウセ,静岡県,2003-08-24,21,男,15713,123,A2,逃
望月 嘉人,モチヅキ ヨシト,静岡県,1996-07-10,28,男,15714,123,A2,逃
平野 想真,ヒラノ ソウマ,愛知県,1999-04-25,26,男,15715,123,A2,逃
尾方 祐仁,オガタ ユウジ,岐阜県,2004-01-01,21,男,15716,123,A2,逃
児玉 虎之介,コダマ トラノスケ,岐阜県,2001-06-05,23,男,15717,123,A2,逃
棚瀬 義大,タナセ ヨシヒロ,岐阜県,1999-11-20,25,男,15718,123,S2,逃
出口 謙一郎,デグチ ケンイチロウ,岐阜県,1999-05-24,25,男,15719,123,A2,逃
山元 大夢,ヤマモト ヒロム,石川県,1999-12-28,25,男,15720,123,A2,両
内山 慧大,ウチヤマ ケイタ,福井県,2001-08-14,23,男,15721,123,A2,逃
竹澤 雅也,タケザワ マサヤ,福井県,2001-05-29,23,男,15722,123,A2,逃
稲毛 知也,イナケ トモヤ,和歌山県,1998-05-16,26,男,15723,123,A2,逃
村上 翔馬,ムラカミ ショウマ,兵庫県,1998-11-11,26,男,15724,123,A2,逃
青木 瑞樹,アオキ ミズキ,岡山県,1999-09-03,25,男,15725,123,S2,逃
龍野 琳太郎,タツノ リンタロウ,岡山県,2001-03-13,24,男,15726,123,A2,逃
中原 航大,ナカハラ コウダイ,岡山県,1999-08-27,25,男,15727,123,A2,逃
保田 浩輔,ヤスダ コウスケ,岡山県,1999-08-20,25,男,15728,123,A1,逃
山根 慶太,ヤマネ ケイタ,岡山県,1999-09-07,25,男,15729,123,S2,逃
黒瀬 浩太郎,クロセ コウタロウ,広島県,2000-01-24,25,男,15730,123,S2,逃
西田 優大,ニシダ ユウダイ,広島県,1997-09-19,27,男,15731,123,S2,逃
宮道 良輔,ミヤミチ リョウスケ,徳島県,2003-04-02,22,男,15732,123,A2,逃
都築 巧,ツヅキ タクミ,高知県,2000-03-19,25,男,15733,123,A1,両
岡崎 陸登,オカザキ リクト,愛媛県,1997-09-30,27,男,15734,123,A2,逃
岡本 翔,オカモト ショウ,愛媛県,2002-04-09,23,男,15735,123,A3,逃
中岡 海,ナカオカ カイ,愛媛県,2002-07-19,22,男,15736,123,A2,逃
火島 裕輝,ヒジマ ユウキ,愛媛県,2003-05-16,21,男,15737,123,A2,逃
梶原 海斗,カジハラ カイト,福岡県,1999-08-06,25,男,15738,123,S2,逃
楠本 政明,クスモト マサアキ,福岡県,1995-10-05,29,男,15739,123,A3,逃
櫻木 雄太,サクラギ ユウタ,福岡県,2000-10-18,24,男,15740,123,A2,逃
堀川 敬太郎,ホリカワ ケイタロウ,福岡県,2001-09-28,23,男,15741,123,A1,逃
堀越 翔己,ホリコシ ショウキ,福岡県,1998-08-09,26,男,15742,123,A2,逃
丸林 駿太,マルバヤシ シュンタ,福岡県,2002-02-02,23,男,15743,123,A2,逃
橋本 宇宙,ハシモト ソラ,佐賀県,1999-09-23,25,男,15744,123,S2,逃
小柳 智徳,コヤナギ トモノリ,長崎県,1998-05-17,26,男,15745,123,A1,逃
峯口 司,ミネグチ ツカサ,長崎県,2002-12-08,22,男,15746,123,A2,逃
長松 空吾,ナガマツ クウゴ,大分県,2000-03-24,25,男,15747,123,S2,逃
田中 会心,タナカ カイシン,熊本県,2000-09-11,24,男,15748,123,A2,逃
佐藤 壮志,サトウ タケシ,熊本県,2003-08-26,21,男,15749,123,A2,逃
徳永 泰粋,トクナガ タイキ,熊本県,2002-12-03,22,男,15750,123,A2,逃
半田 誠,ハンダ マコト,熊本県,2003-12-25,21,男,15751,123,A2,逃
石川 航大,イシカワ コウダイ,宮崎県,1999-06-28,25,男,15752,123,A2,逃
枝村 弘樹,エダムラ ヒロキ,宮崎県,1999-05-06,26,男,15753,123,A2,逃
成海 大聖,ナルミ タイセイ,大分県,1999-04-12,26,男,15754,123,A2,逃
神戸 暖稀羽,カンベ ノノハ,北海道,2003-11-05,21,女,15755,124,L1,追
熊谷 芽緯,クマガイ メイ,岩手県,2003-11-06,21,女,15756,124,L1,逃
戸邉 香奈実,トベ カナミ,茨城県,1993-10-06,31,女,15757,124,L1,両
熊谷 碩子,クマガイ ヒロコ,東京都,1997-05-06,28,女,15758,124,L1,追
星野 しほ,ホシノ シホ,東京都,2000-03-17,25,女,15759,124,L1,追
五味田 奈穂,イツミダ ナオ,千葉県,1997-10-14,27,女,15760,124,L1,逃
吉村 美有紀,ヨシムラ ミユキ,静岡県,2002-06-06,22,女,15761,124,L1,両
高橋 美沙紀,タカハシ ミサキ,愛知県,1991-06-24,33,女,15762,124,L1,両
山口 優依,ヤマグチ ユイ,愛知県,1994-10-27,30,女,15763,124,L1,両
宇野 紅音,ウノ アカネ,岐阜県,2003-12-20,21,女,15764,124,L1,両
竹野 百香,タケノ モモカ,三重県,2002-08-22,22,女,15765,124,L1,両
宮西 令奈,ミヤニシ レナ,石川県,2001-06-07,23,女,15766,124,L1,両
木下 宙,キノシタ ソラ,大阪府,2003-01-15,22,女,15767,124,L1,両
中瀬 由真,ナカセ ユマ,大阪府,1991-09-17,33,女,15768,124,L1,追
松井 優佳,マツイ ユウカ,大阪府,1999-04-27,26,女,15769,124,L1,両
東 美月,アズマ ミヅキ,兵庫県,2001-11-08,23,女,15770,124,L1,両
藤高 千恵,フジタカ チエ,広島県,1995-06-20,29,女,15771,124,L1,追
枝光 美奈,エダミツ ミナ,福岡県,1998-02-08,27,女,15773,124,L1,追
金田 舞夏,カネダ マイカ,福岡県,2002-08-19,22,女,15774,124,L1,両
羽田野 愛花,ハタノ アイカ,大分県,2002-01-18,23,女,15775,124,L1,追
高本 美穂,タカモト ミホ,熊本県,2002-10-17,22,女,15776,124,L1,追
谷元 音羽,タニモト オトハ,鹿児島県,2004-03-05,21,女,15777,124,L1,両
小堀 敢太,コボリ カンタ,北海道,2000-06-26,24,男,15778,125,A2,逃
中石 湊,ナカイシ ミナト,北海道,2004-11-14,20,男,15779,125,S2,逃
小田 恭介,オダ キョウスケ,青森県,2000-04-17,25,男,15780,125,A3,逃
齊藤 英伊須,サイトウ エイス,青森県,2004-02-03,21,男,15781,125,A3,逃
佐々木 亮太,ササキ リョウタ,青森県,2004-07-23,20,男,15782,125,A2,逃
吉田 優斗,ヨシダ ユウト,岩手県,1999-08-25,25,男,15783,125,A3,逃
高橋 舜,タカハシ シュン,宮城県,2001-03-23,24,男,15784,125,A2,逃
福田 健太,フクダ ケンタ,宮城県,2000-12-28,24,男,15785,125,A3,逃
角田 光,ツノダ アキラ,福島県,1999-07-09,25,男,15786,125,A3,逃
中村 龍吉,ナカムラ タツヨシ,福島県,2000-07-25,24,男,15787,125,A3,逃
平根 優大,ヒラネ ユウダイ,福島県,2003-08-11,21,男,15788,125,A3,逃
山崎 歩夢,ヤマザキ アユム,福島県,2005-03-25,20,男,15789,125,S2,逃
藤田 祐大,フジタ ユウタ,茨城県,2004-03-02,21,男,15790,125,A3,逃
岡部 陸斗,オカベ リクト,栃木県,2002-07-19,22,男,15791,125,A3,逃
貝原 涼太,カイハラ リョウタ,栃木県,1997-08-16,27,男,15792,125,A3,逃
川上 隆義,カワカミ リュウギ,栃木県,2000-09-26,24,男,15793,125,A2,逃
福田 稔希,フクダ トシキ,栃木県,2002-11-21,22,男,15794,125,A2,逃
今井 希,イマイ ノゾミ,埼玉県,2001-03-24,24,男,15795,125,A3,逃
川田 真也,カワダ シンヤ,埼玉県,2000-11-13,24,男,15796,125,A3,逃
中島 淳,ナカジマ ジュン,埼玉県,1999-08-26,25,男,15797,125,A3,逃
橋谷 成海,ハシヤ ナルミ,埼玉県,2000-05-08,25,男,15798,125,A3,逃
森田 一郎,モリタ イチロウ,埼玉県,2001-02-01,24,男,15799,125,S2,逃
川越 宏臣,カワゴエ ヒロオミ,東京都,1996-07-03,28,男,15800,125,A3,逃
織茂 雄一郎,オリモ ユウイチロウ,山梨県,1997-11-01,27,男,15801,125,A3,逃
中島 竜誠,ナカジマ リュウセイ,山梨県,2000-05-02,25,男,15802,125,A3,逃
西村 剛,ニシムラ タケシ,新潟県,1999-08-17,25,男,15803,125,A3,逃
渡邉 壘,ワタナベ ルイ,新潟県,2003-04-21,22,男,15804,125,A2,逃
山下 祐輔,ヤマシタ ユウスケ,千葉県,2001-12-12,23,男,15805,125,A3,逃
山本 天平,ヤマモト テンペイ,千葉県,1997-09-11,27,男,15806,125,A3,逃
塩島 嵩一朗,シオジマ シュウイチロウ,神奈川県,2000-01-12,25,男,15807,125,A2,逃
阿部 俊,アベ シュン,静岡県,2000-05-09,25,男,15808,125,A3,逃
高野 信元,タカノ シンゲン,愛知県,1999-07-03,25,男,15809,125,A3,逃
瀧川 幸広,タキカワ ユキヒロ,愛知県,1996-04-28,29,男,15810,125,A3,逃
水谷 亮太,ミズタニ リョウタ,愛知県,1997-02-26,28,男,15811,125,A3,逃
森崎 英登,モリサキ ヒデト,愛知県,1999-08-08,25,男,15812,125,A3,逃
山本 和虎,ヤマモト カズトラ,愛知県,2003-02-27,22,男,15813,125,A3,逃
岩井 芯,イワイ シン,岐阜県,2004-10-16,20,男,15814,125,A2,逃
栗山 和樹,クリヤマ カズキ,岐阜県,1997-06-18,27,男,15815,125,S2,逃
伊東 佑晟,イトウ ユウセイ,三重県,2002-09-12,22,男,15816,125,A2,逃
梅澤 忠秀,ウメザワ タダヒデ,三重県,2001-07-06,23,男,15817,125,A3,逃
佐藤 大地,サトウ ダイチ,三重県,1999-12-09,25,男,15818,125,A3,逃
弓矢 輪太郎,ユミヤ リンタロウ,三重県,2004-02-18,21,男,15819,125,A3,逃
岩元 叶馬,イワモト キョウマ,富山県,2002-10-02,22,男,15820,125,A3,逃
志田 愛希飛,シダ アキト,富山県,2002-04-21,23,男,15821,125,A3,逃
谷内 健太,ヤチ ケンタ,京都府,2000-07-06,24,男,15822,125,A2,逃
西岡 利起,ニシオカ マサキ,奈良県,2001-03-08,24,男,15823,125,A3,逃
中嶋 響,ナカジマ ヒビキ,大阪府,2002-10-31,22,男,15824,125,A3,逃
南部 翔大,ナンブ ショウタ,大阪府,2001-01-04,24,男,15825,125,A2,逃
久田 朔,ヒサダ ハジメ,大阪府,2003-09-05,21,男,15826,125,A3,逃
藤原 夏志,フジワラ ナツシ,大阪府,1997-08-20,27,男,15827,125,A3,逃
秋末 蓮,アキスエ レン,兵庫県,2000-12-07,24,男,15828,125,A3,逃
油谷 蒼,アブタニ ソウ,兵庫県,1995-02-14,30,男,15829,125,A3,逃
細中 翔太,ホソナカ ショウタ,岡山県,1999-05-25,25,男,15830,125,A3,逃
三木 健正,ミキ タケマサ,岡山県,2001-05-31,23,男,15831,125,A2,逃
角 宗哉,カド ヒロヤ,山口県,2000-06-03,24,男,15832,125,A3,逃
野村 賢,ノムラ ケン,山口県,2004-01-10,21,男,15833,125,A3,逃
原田 峻治,ハラダ シュンジ,山口県,1994-07-20,30,男,15834,125,A3,逃
藤井 優希,フジイ ユウキ,山口県,1998-12-24,26,男,15835,125,A3,逃
遠藤 拓巳,エンドウ タクミ,香川県,1999-12-29,25,男,15836,125,A2,逃
小川 三士郎,オガワ サンシロウ,徳島県,2000-06-04,24,男,15837,125,A2,逃
森 柾斗,モリ マサト,徳島県,2000-05-17,24,男,15838,125,A3,逃
船山 真生,フナヤマ マサキ,愛媛県,2004-01-24,21,男,15839,125,A3,逃
阿部 英斗,アベ アヤト,福岡県,2004-05-23,20,男,15840,125,S2,逃
中西 勇,ナカニシ ユウ,福岡県,1992-04-10,33,男,15841,125,A3,逃
松本 定,マツモト ジョウ,福岡県,1996-07-10,28,男,15842,125,A3,逃
松本 昂大,マツモト コウダイ,長崎県,2004-05-22,20,男,15843,125,A3,逃
小山 峻汰,オヤマ シュンタ,熊本県,2000-05-20,24,男,15844,125,A3,逃
稲留 敦貴,イナドメ アツキ,鹿児島県,2001-07-04,23,男,15845,125,A3,逃
入田 龍馬,イリタ リュウマ,鹿児島県,2003-05-30,21,男,15846,125,A3,逃
寺師 幸成,テラシ コウセイ,鹿児島県,1991-07-17,33,男,15847,125,A3,逃
與古田 龍門,ヨコタ リュウト,沖縄県,2001-10-27,23,男,15848,125,A3,逃
佐藤 乃愛,サトウ ノア,北海道,2004-02-25,21,女,15849,126,L1,両
三澤 あゆみ,ミサワ アユミ,宮城県,2004-09-09,20,女,15850,126,L1,両
片岡 美奈,カタオカ ミナ,栃木県,1999-01-29,26,女,15851,126,L1,両
普久原 美海,フクハラ ミナミ,栃木県,2004-12-13,20,女,15852,126,L1,両
中島 瞳,ナカジマ ヒトミ,埼玉県,2004-09-27,20,女,15853,126,L1,両
伊澤 茉那,イザワ マナ,千葉県,1997-01-11,28,女,15854,126,L1,両
大浦 彩瑛,オオウラ サエ,神奈川県,1995-10-08,29,女,15855,126,L1,逃
野寺 梓,ノデラ アズサ,静岡県,2000-07-09,24,女,15856,126,L1,追
伊藤 優里,イトウ ユウリ,三重県,2004-09-29,20,女,15857,126,L1,両
平子 結菜,ヒラコ ユウナ,三重県,2004-04-11,21,女,15858,126,L1,両
仲澤 春香,ナカザワ ハルカ,福井県,2001-04-10,24,女,15859,126,L1,両
濱田 芽生,ハマダ メバエ,福井県,2002-12-17,22,女,15860,126,L1,両
小林 諒,コバヤシ リョウ,京都府,2004-11-28,20,女,15861,126,L1,両
中原 恭恵,ナカハラ ヤスエ,広島県,1986-08-05,38,女,15862,126,L1,両
磯村 光舞,イソムラ ヒラリ,山口県,2004-09-15,20,女,15863,126,L1,両
田野口 佳奈,タノクチ カナ,香川県,2005-03-16,20,女,15864,126,L1,両
豊田 美香,トヨダ ミカ,徳島県,1995-10-23,29,女,15865,126,L1,両
高木 萌那,タカキ モナ,福岡県,2004-04-06,21,女,15866,126,L1,逃
是永 ゆうき,コレナガ ユウキ,大分県,2003-12-06,21,女,15867,126,L1,追
市田 龍生都,イチダ リュウト,福井県,2001-09-28,23,男,15868,127,A2,逃
杉浦 颯太,スギウラ ハヤタ,北海道,2005-05-19,19,男,15869,127,A3,逃
畑崎 大輝,ハタザキ ダイキ,青森県,2001-06-02,23,男,15870,127,A3,逃
三浦 生誠,ミウラ キアキ,岩手県,2001-08-29,23,男,15871,127,A3,逃
池田 充槻,イケダ ミツキ,秋田県,2006-03-06,19,男,15872,127,A3,逃
十文字 悠真,ジュウモンジ ユウマ,福島県,2002-04-14,23,男,15873,127,A3,逃
角田 吏,ツノダ ツカサ,福島県,2003-04-14,22,男,15874,127,A3,逃
邊見 竜馬,ヘンミ リュウマ,福島県,2002-03-01,23,男,15875,127,A3,逃
三神 遼矢,ミカミ リョウヤ,福島県,2002-01-05,23,男,15876,127,A3,逃
三澤 優樹,ミサワ ユウキ,福島県,1999-08-12,25,男,15877,127,A3,逃
椎名 俊介,シイナ シュンスケ,茨城県,2001-01-06,24,男,15878,127,A3,逃
西本 健三郎,ニシモト ケンザブロウ,茨城県,2002-10-01,22,男,15879,127,A3,逃
吉岡 優太,ヨシオカ ユウタ,茨城県,2002-01-10,23,男,15880,127,A3,逃
関口 朗斗,セキグチ アキト,群馬県,2003-10-02,21,男,15881,127,A3,逃
木村 優駿,キムラ ユウシュン,埼玉県,2005-10-30,19,男,15882,127,A3,逃
吉田 夢希斗,ヨシダ ユキト,埼玉県,2005-04-30,20,男,15883,127,A3,逃
秋山 太洋,アキヤマ タイヨウ,東京都,2001-04-18,24,男,15884,127,A3,逃
五輪 拓巳,ゴワ タクミ,東京都,1999-01-02,26,男,15885,127,A3,逃
中川 飛隆,ナカガワ ヒダカ,新潟県,1999-03-03,26,男,15886,127,A3,逃
星野 京旺,ホシノ キョウ,新潟県,1999-08-03,25,男,15887,127,A3,逃
水澤 秀哉,ミズサワ ヒデヤ,千葉県,2003-09-18,21,男,15888,127,A3,逃
大本 隆也,オオモト リュウヤ,神奈川県,1998-08-25,26,男,15889,127,A3,逃
中 秀平,ナカ シュウヘイ,神奈川県,1998-11-11,26,男,15890,127,A3,逃
野中 龍之介,ノナカ リュウノスケ,神奈川県,2001-09-27,23,男,15891,127,A3,逃
山本 和瑳,ヤマモト カズサ,神奈川県,2001-04-11,24,男,15892,127,A3,逃
岩辺 陸,イワナベ リク,静岡県,2004-07-07,20,男,15893,127,A3,逃
大塚 城,オオツカ ジョウ,静岡県,2005-11-26,19,男,15894,127,A3,逃
鈴木 小次廊,スズキ コジロウ,静岡県,2003-07-01,21,男,15895,127,A3,逃
丸山 留依,マルヤマ ルイ,静岡県,2006-01-10,19,男,15896,127,A3,逃
森 飛龍,モリ ヒリュウ,静岡県,2003-06-20,21,男,15897,127,A3,逃
岩原 健馬,イワハラ ケンマ,愛知県,2005-02-08,20,男,15898,127,A3,逃
加藤 駿,カトウ シュン,愛知県,1997-09-20,27,男,15899,127,A3,逃
花田 雄飛,ハナダ ユウヒ,愛知県,2001-01-16,24,男,15900,127,A3,逃
真木 寛斗,マキ カント,愛知県,2002-09-20,22,男,15901,127,A3,逃
安達 光伸,アダチ コウシン,岐阜県,2002-02-18,23,男,15902,127,A3,逃
谷澤 優貴,タニザワ ユウキ,三重県,2005-01-24,20,男,15903,127,A3,逃
辻田 祥大,ツジタ ショウタ,三重県,2003-04-29,22,男,15904,127,A3,逃
上野 幸星,ウエノ コウセイ,富山県,2001-10-11,23,男,15905,127,A3,逃
林 佳宗依,ハヤシ カムイ,富山県,2001-07-16,23,男,15906,127,A3,逃
上杉 有弘,ウエスギ トモヒロ,福井県,2001-09-26,23,男,15907,127,A3,逃
川村 峻輝,カワムラ シュンキ,京都府,2001-12-12,23,男,15908,127,A3,逃
馬越 裕之,ウマコシ ヒロユキ,奈良県,2000-07-23,24,男,15909,127,A3,逃
土生 智徳,ハブ トモノリ,大阪府,1996-11-07,28,男,15910,127,A3,逃
松田 安綱,マツダ ヤスツナ,大阪府,2001-07-08,23,男,15911,127,A3,逃
安達 豪太,アダチ ゴウタ,兵庫県,1992-11-30,32,男,15912,127,A3,逃
一守 大葵,イチモリ タイキ,兵庫県,2005-01-06,20,男,15913,127,A3,逃
西森 一稀,ニシモリ イッキ,兵庫県,2005-03-23,20,男,15914,127,A3,逃
柏野 健吾,カシノ ケンゴ,岡山県,2002-12-12,22,男,15915,127,A3,逃
小西 涼太,コニシ リョウタ,岡山県,2001-10-06,23,男,15916,127,A3,逃
猿樂 楓樹,サルガク フウキ,岡山県,2001-05-26,23,男,15917,127,A3,逃
土井 慎二,ドイ シンジ,岡山県,1996-11-15,28,男,15918,127,A3,逃
藤田 楓,フジタ カエデ,岡山県,2003-05-14,21,男,15919,127,A3,逃
吉野 太晟,ヨシノ タイセイ,岡山県,2002-02-21,23,男,15920,127,A3,逃
伊藤 涼介,イトウ リョウスケ,広島県,2001-03-20,24,男,15921,127,A3,逃
中田 拓也,ナカタ タクヤ,広島県,1996-06-03,28,男,15922,127,A3,逃
右近 陸人,ウコン リクト,山口県,2000-04-21,25,男,15923,127,A3,逃
利川 寛太,トシカワ カンタ,山口県,1999-04-19,26,男,15924,127,A3,逃
川西 康彦,カワニシ ヤスヒコ,徳島県,2003-08-16,21,男,15925,127,A3,逃
諸隈 健太郎,モロクマ ケンタロウ,高知県,2000-10-26,24,男,15926,127,A3,逃
長野 魅切,ナガノ ミギリ,愛媛県,2003-01-19,22,男,15927,127,A3,逃
尾野 翔一,オノ ショウイチ,福岡県,1999-09-22,25,男,15928,127,A3,逃
鶴 淳志,ツル アツシ,福岡県,2000-05-04,25,男,15929,127,A3,逃
野津 宏介,ノヅ コウスケ,福岡県,1997-03-15,28,男,15930,127,A3,逃
山口 留稀哉,ヤマグチ ルキヤ,長崎県,2003-01-14,22,男,15931,127,A3,逃
生野 優翔,ショウノ ユウト,大分県,2001-11-21,23,男,15932,127,A3,逃
山本 康旗,ヤマモト コウキ,大分県,2000-07-08,24,男,15933,127,A3,逃
吉田 航,ヨシダ ワタル,大分県,1999-04-07,26,男,15934,127,A3,逃
佐藤 魁皇,サトウ カイオウ,熊本県,2003-04-27,22,男,15935,127,A3,逃
下山 聖斗,サガヤマ アキト,鹿児島県,2001-06-22,23,男,15936,127,A3,逃
新垣 慶晃,アラカキ チカテル,沖縄県,2000-11-16,24,男,15937,127,A3,逃
牧田 咲子,マキタ サキコ,青森県,2001-05-28,23,女,15938,128,L1,両
半田 水晶,ハンダ ミズキ,茨城県,1997-10-14,27,女,15939,128,L1,両
千葉 捺美,チバ ナツミ,群馬県,1995-02-28,30,女,15940,128,L1,両
川原 未紀,カワハラ ミキ,千葉県,1999-07-07,25,女,15941,128,L1,両
齊藤 由莉,サイトウ ユリ,神奈川県,1997-09-01,27,女,15942,128,L1,両
高崎 千賀,タカサキ チカ,神奈川県,1994-04-25,31,女,15943,128,L1,両
赤池 七虹,アカイケ ナナコ,静岡県,2003-05-21,21,女,15944,128,L1,両
橋本 のこ,ハシモト ノコ,愛知県,2005-04-10,20,女,15945,128,L1,両
伊藤 木々音,イトウ ココネ,岐阜県,2003-01-27,22,女,15946,128,L1,両
北岡 マリア,キタオカ マリア,石川県,2005-12-17,19,女,15947,128,L1,両
西田 美菜,ニシダ ミナ,奈良県,1998-06-07,26,女,15948,128,L1,両
岡田 優歩,オカダ ユホ,和歌山県,2003-07-20,21,女,15949,128,L1,両
石田 春海,イシダ ハルミ,大阪府,1998-11-08,26,女,15950,128,L1,両
今西 瑠花,イマニシ ルカ,大阪府,2003-02-28,22,女,15951,128,L1,両
酒井 亜樹,サカイ アキ,大阪府,2001-09-19,23,女,15952,128,L1,両
伊藤 柚姫,イトウ ユズキ,兵庫県,2002-11-30,22,女,15953,128,L1,両
北津留 千羽,キタツル チハネ,福岡県,2006-03-02,19,女,15954,128,L1,両
岩元 杏奈,イワモト アンナ,宮崎県,2001-03-09,24,女,15955,128,L1,両
池原 杏,イケハラ アン,沖縄県,2004-10-15,20,女,15956,128,L1,両
成海 綾香,ナルミ アヤカ,沖縄県,2000-11-02,24,女,15957,128,L1,両
