tree
version=v4
num_class=1
num_tree_per_iteration=1
label_index=0
max_feature_idx=14
objective=binary sigmoid:1
feature_names=num_racers avg_age num_lines line_size_std num_solo venue_length straight_length has_cross_area_line max_line_size age_std score_std score_max score_min escape_max sprint_max
feature_infos=[5:9] [20.571428571428573:56.200000000000003] [1:8] [0:2.5] [0:7] [333:500] [33.299999999999997:66.700000000000003] [0:1] [1:7] [0.41573970964154899:16.043308732990237] [0:38.689538215736547] [0:121.81] [0:114.69] [0:27] [0:25]
tree_sizes=3314 3422 3400 3418 3438 3425 3401 3403 3422 3433 3434 3433 3435 3419 3390 3416 3404 3371 3387 3392 3399 3378 3380 3361 3375 3383 3391 3360 3387 3383 3374 3371 3389 3401 3356 3349 3402 3362 3376 3365 3346 3367 3378 3371 3380 3368 3371 3385 3389 3393 3367 3376 3396 3390 3378 3390 3362 3352 3354 3361 3363 3368 3372 3361 3366 3359 3346 3359 3362 3363 3370 3399 3365 3369 3366 3347 3396 3387 3396 3361 3366 3378 3369 3384 3382 3370 3364 3371 3364 3352 3378 3364 3394 3399 3350 3384 3372 3389 3362 3363

Tree=0
num_leaves=31
num_cat=0
split_feature=0 10 0 10 11 1 9 10 14 1 11 3 14 11 3 1 1 10 12 12 10 3 12 1 1 3 0 11 4 13
split_gain=683.091 103.946 96.6548 109.011 51.9849 35.3336 22.674 19.5161 19.4208 17.3569 17.1494 22.4524 15.0024 14.8311 14.754 14.6203 14.4926 14.036 12.3205 16.4116 12.6224 17.7002 17.5655 25.1734 16.4796 15.1843 12.2466 11.737 11.735 11.3646
threshold=7.5000000000000009 4.0149824001444054 6.5000000000000009 2.9397587711446431 79.675000000000026 34.154761904761912 6.3132112642338134 2.217553809432502 1.5000000000000002 31.309523809523814 106.21500000000002 0.72771912927066806 5.5000000000000009 118.82000000000001 0.49494897427831785 31.309523809523814 39.585714285714296 5.962091760543708 94.705000000000013 96.655000000000015 2.6515274765519288 0.96130246934766739 93.115000000000023 38.055555555555564 35.732142857142868 0.46157923612182866 5.5000000000000009 85.205000000000013 2.5000000000000004 3.5000000000000004
decision_type=2 2 2 2 2 2 2 2 2 2 2 2 2 2 2 2 2 2 2 2 2 2 2 2 2 2 2 2 2 2
left_child=2 5 26 7 8 13 29 -4 -5 -3 12 16 18 15 -8 -2 -12 28 20 -20 22 24 23 -7 25 -22 -1 -9 -11 -6
right_child=1 9 3 4 6 10 14 27 -10 17 11 -13 -14 -15 -16 -17 -18 -19 19 -21 21 -23 -24 -25 -26 -27 -28 -29 -30 -31
leaf_value=-2.3026177507323 -1.7532381002428497 -1.8787705976601066 -2.1691609905519895 -2.1747103324351409 -2.1647607076191671 -2.0312029159524894 -2.2078811367318378 -2.2088098884605496 -2.2479451013665885 -2.121443708129199 -1.9976740860419884 -2.0919823946062008 -2.1582366100098365 -1.6807255396229435 -2.227384738598698 -1.9759129117377656 -1.7290672467028811 -2.1862348893335417 -2.2465277731923514 -1.9224340750226308 -1.8387657358458158 -1.7774089537828184 -2.0726019310581809 -1.5531034329319091 -2.1129572735141484 -2.1641426104223176 -2.252909553576623 -2.18448786124373 -1.9146370254936085 -2.2005639921908768
leaf_weight=61.068878270685673 3.2378197610378256 2.7881225720047942 573.54379489272833 38.673958256840706 133.65000458061695 2.1585465073585492 1046.5352983176708 302.91602653264999 568.41724693775177 172.59378115087748 69.343306548893452 30.849227167665958 19.876615755259991 2.0686070695519438 616.26502785086632 33.007773675024509 2.0686070695519438 36.605351187288761 6.385700084269045 2.0686070695519447 4.6768507659435263 2.0686070695519438 4.2271535769104958 2.2484859451651573 27.521467968821526 2.0686070695519447 263.07285558432341 575.07276533544064 2.7881225720047942 263.34267389774323
leaf_count=679 36 31 6377 430 1486 24 11636 3368 6320 1919 771 343 221 23 6852 367 23 407 71 23 52 23 47 25 306 23 2925 6394 31 2928
internal_value=-2.19807 -2.07751 -2.2097 -2.20556 -2.21756 -2.02816 -2.20998 -2.18351 -2.24328 -2.12665 -2.04715 -2.02069 -2.08407 -1.94116 -2.21511 -1.95602 -1.98989 -2.12991 -2.05647 -2.16723 -2.03565 -2.06148 -1.92697 -1.78727 -2.07862 -1.93855 -2.26227 -2.19288 -2.11816 -2.18851
internal_weight=4871.21 428.651 4442.56 4118.42 2666.88 213.876 2059.79 1451.53 607.091 214.775 175.562 102.261 73.3006 38.3142 1662.8 36.2456 71.4119 211.987 53.424 8.45431 44.9697 36.3355 8.63419 4.40703 34.2669 6.74546 324.142 877.989 175.382 396.993
internal_count=54161 4766 49395 45791 29652 2378 22902 16139 6750 2388 1952 1137 815 426 18488 403 794 2357 594 94 500 404 96 49 381 75 3604 9762 1950 4414
is_linear=0
shrinkage=1


Tree=1
num_leaves=31
num_cat=0
split_feature=0 0 10 10 11 3 13 10 1 11 14 1 11 14 1 13 0 9 10 10 11 9 9 11 1 10 9 8 1 11
split_gain=498.877 84.1852 90.1707 61.4488 42.8571 25.4744 21.5202 21.2905 20.216 16.3062 16.2621 14.3804 13.4579 13.4383 13.0129 12.9992 12.0095 11.8795 11.276 16.0037 10.8891 10.3492 15.3056 13.5309 11.9087 10.3482 10.2003 10.1895 9.99311 11.1598
threshold=7.5000000000000009 6.5000000000000009 3.180948709615167 4.7235379812453155 79.175000000000026 1.0000000180025095e-35 4.5000000000000009 2.217553809432502 31.309523809523814 85.205000000000013 5.5000000000000009 22.928571428571434 94.555000000000021 7.5000000000000009 36.236111111111121 11.500000000000002 5.5000000000000009 8.3103234860141928 3.9737557406606245 3.169991308814391 86.105000000000004 5.8017664158563393 5.6550498300903884 82.075000000000003 37.354166666666679 1.5981724135300086 9.6347244895726334 3.5000000000000004 41.845238095238102 87.955000000000013
decision_type=2 2 2 2 2 2 2 2 2 2 2 2 2 2 2 2 2 2 2 2 2 2 2 2 2 2 2 2 2 2
left_child=1 16 7 5 13 -2 21 -3 -7 11 17 -9 -8 -4 25 26 -1 28 19 -17 -19 22 23 -6 -24 -10 -16 -23 29 -11
right_child=3 2 4 -5 6 8 12 9 14 10 -12 -13 -14 -15 15 18 -18 20 -20 -21 -22 27 24 -25 -26 -27 -28 -29 -30 -31
leaf_value=-0.10287134821892036 0.068397996995604698 0.025388804483703883 -0.036171068610311073 0.043477709604316572 0.22910020244894147 0.32270118243023294 -0.02882917301332423 0.26257216447971726 -0.039983936652104174 0.088906717151953113 -0.010253081439936964 -0.015078917617291866 -0.0073076532846673009 -0.073570729858639758 0.10734693189605281 0.16249865676735442 -0.051711684824176242 0.076840783177481053 0.037433576561723227 0.51960044053892573 -0.0053668238391246462 0.00052890804332442155 0.26664014355447335 0.011335147824437404 0.055566394978245427 0.15703869870656392 -0.010828216801987915 -0.051855891296831484 0.0032314491849719067 0.032290647987691171
leaf_weight=56.114203944802284 70.555188901722431 586.91904474794865 303.49763579666615 145.47397205233574 2.9369241893291465 5.6864762157201758 777.20888958871365 1.8738115578889836 2.720564901828765 41.477899260818958 260.60056803375483 415.4141998142004 464.03696431219578 140.57521594315767 100.38831312954426 2.8984561264514914 251.71090587973595 17.55072546005249 2.0077052712440491 2.2132949531078339 196.63836614787579 423.34186665713787 4.4970064386725408 100.24292825162411 6.5900748670101166 132.49391583353281 7.8770810514688483 40.701280280947685 93.510344319045544 216.76088916510344
leaf_count=679 699 6377 3494 1536 32 46 8759 21 26 458 2883 4693 5212 1627 1009 28 2925 194 21 22 2180 4755 49 1094 72 1298 81 462 1033 2396
internal_value=-0.000124732 -0.0106035 -0.00681178 0.0975427 -0.0201578 0.121607 -0.0133602 0.00968988 0.136255 0.00228209 0.0104176 -0.0138321 -0.0207834 -0.0480103 0.132024 0.107356 -0.0610377 0.0199359 0.238246 0.317117 0.00136929 0.00257249 0.0295307 0.0175336 0.14118 0.153075 0.0987488 -0.00406577 0.0312415 0.0413842
internal_weight=4874.51 4402.2 4094.37 472.315 2263.63 326.841 1819.56 1830.75 256.286 1243.83 826.539 417.288 1241.25 444.073 250.599 115.385 307.825 565.938 7.11946 5.11175 214.189 578.31 114.267 103.18 11.0871 135.214 108.265 464.043 351.749 258.239
internal_count=54161 49395 45791 4766 25556 3230 20435 20235 2531 13858 9144 4714 13971 5121 2485 1161 3604 6261 71 50 2374 6464 1247 1126 121 1324 1090 5217 3887 2854
is_linear=0
shrinkage=0.1


Tree=2
num_leaves=31
num_cat=0
split_feature=0 0 10 10 11 14 2 9 13 11 3 1 3 10 7 9 0 1 10 11 1 10 1 3 12 11 9 13 9 6
split_gain=374.594 73.0616 74.4222 42.508 34.3562 19.7992 15.82 15.6667 13.7357 16.052 13.3044 13.6922 12.5524 12.2805 13.9314 12.1144 11.754 11.4017 12.5589 10.8662 10.8229 10.4267 11.8995 9.31924 9.42418 12.3769 10.641 9.89758 9.17516 10.7752
threshold=7.5000000000000009 6.5000000000000009 2.8135023039965854 4.0149824001444054 80.385000000000005 7.5000000000000009 3.5000000000000004 6.3132112642338134 7.5000000000000009 70.965000000000018 0.60355339059327384 30.74603174603175 0.49494897427831785 1.5184807098874162 1.0000000180025095e-35 10.570999455649497 5.5000000000000009 32.732142857142868 2.9975854227911118 101.64500000000002 27.74603174603175 5.6913782326595586 31.154761904761909 0.49494897427831785 96.490000000000023 98.735000000000014 4.9507776998640711 6.5000000000000009 7.8278111892979156 38.150000000000006
decision_type=2 2 2 2 2 2 2 2 2 2 2 2 2 2 2 2 2 2 2 2 2 2 2 2 2 2 2 2 2 2
left_child=1 16 13 6 5 8 -2 17 9 -4 11 -8 -9 14 20 -11 -1 18 -6 -5 -3 22 -21 24 25 -20 -26 -28 -22 -30
right_child=3 2 4 19 7 -7 10 12 -10 15 -12 -13 -14 -15 -16 -17 -18 -19 23 21 28 -23 -24 -25 26 -27 27 -29 29 -31
leaf_value=-0.10126126735765087 0.06452881495397525 -0.0061135366543335944 -0.049445883355664161 0.30427048951063268 0.27611042039483868 -0.063135259119854695 0.4110922922893811 -0.0070846524466451205 -0.043337314628997176 0.022773901995508404 0.090564702456946075 0.13836413730874875 -0.024971812610515932 0.010023946941357442 0.017694505444977835 -0.034053413657610672 -0.0486536282723753 0.0031123328299954467 0.1513245556106485 0.2915163342308526 0.14257784190190959 0.010622633217932503 0.057321044903040755 -0.062905510788199961 -0.0062152750785544409 -0.020096941015175011 0.43563053407396596 0.11236874389251834 0.2586708801294138 0.020600826426962714
leaf_weight=51.54063506424427 63.170266591012478 11.362812645733355 70.583400942385197 1.6742993518710125 2.579991750419139 185.60220597684383 1.8691227436065663 1079.8473575487733 211.96532203257084 132.04668959230185 82.173040427267551 121.61668192595243 616.19761914759874 1143.8626035749912 98.133381940424442 52.400121092796326 241.33308213204145 394.30018932372332 6.4707583859562972 2.1959135606884947 25.167221397161484 55.422132521867752 180.79820663481951 6.2165696620941153 1.9045851230621327 12.065809927880762 2.0109558776021008 1.7904473096132276 2.1598734781146076 15.870374687016009
leaf_count=679 582 121 830 16 28 2246 12 12192 2499 1537 736 1048 7083 12459 1045 615 2925 4340 71 17 268 578 1777 69 21 133 22 20 23 169
internal_value=-0.000204463 -0.00966977 -0.00620049 0.0809871 -0.0154391 -0.0355062 0.108299 -0.00927168 -0.0245254 -0.0088901 0.121744 0.142492 -0.0135833 0.0135797 0.040217 0.00662964 -0.0579116 0.00784057 0.064269 0.0504054 0.0807265 0.0486226 0.0601314 0.0463253 0.0743356 0.039743 0.186714 0.283375 0.103569 0.0491196
internal_weight=4874.33 4365.41 4072.54 508.92 2775.98 652.598 268.829 2123.38 466.996 255.03 205.659 123.486 1696.04 1296.56 152.694 184.447 292.874 427.339 33.0391 240.091 54.5603 238.416 182.994 30.4591 24.2426 18.5366 5.70599 3.8014 43.1975 18.0302
internal_count=54161 49395 45791 4766 31706 7727 2378 23979 5481 2982 1796 1060 19275 14085 1626 2152 3604 4704 364 2388 581 2372 1794 336 267 204 63 42 460 192
is_linear=0
shrinkage=0.1


Tree=3
num_leaves=31
num_cat=0
split_feature=0 0 10 11 10 13 13 12 12 12 10 14 0 14 11 14 11 1 6 9 2 11 9 11 1 11 1 14 10 11
split_gain=286.083 63.2047 64.0445 33.0889 28.6661 17.9083 15.709 15.3819 13.7683 12.7376 11.8733 11.7907 11.4724 11.2905 11.1582 19.1176 13.5503 11.7128 10.893 10.6438 10.5358 10.3809 9.54896 12.6395 9.50505 9.13929 11.9371 8.82209 8.78322 8.53905
threshold=7.5000000000000009 6.5000000000000009 3.180948709615167 79.175000000000026 4.0149824001444054 3.5000000000000004 8.5000000000000018 50.755000000000003 101.19500000000001 82.965000000000018 2.4424444093490618 5.5000000000000009 5.5000000000000009 13.500000000000002 110.25500000000001 3.5000000000000004 110.52500000000002 34.309523809523817 53.100000000000009 8.9841040179620926 3.5000000000000004 111.15500000000002 5.2020646326090949 85.675000000000026 40.873015873015881 112.13500000000001 35.732142857142868 5.5000000000000009 6.3298782905225472 109.13500000000001
decision_type=2 2 2 2 2 2 2 2 2 2 2 2 2 2 2 2 2 2 2 2 2 2 2 2 2 2 2 2 2 2
left_child=1 12 6 11 14 8 7 -3 18 22 -8 -4 -1 -9 20 -16 -17 27 -5 21 -2 -19 23 -7 28 26 -23 -18 -11 -6
right_child=4 2 3 5 29 9 10 13 -10 24 -12 -13 -14 -15 15 16 17 19 -20 -21 -22 25 -24 -25 -26 -27 -28 -29 -30 -31
leaf_value=-0.09970170375604423 0.034217959924273476 -0.016752697278793711 -0.025703344007612924 -0.0066734149359630223 0.068389600497159905 0.18125852935559064 0.010565158471335033 0.015967667505787386 0.19420838195407894 0.0019919612076416144 -0.023576100265036981 -0.059448129832795973 -0.045675878444223175 0.15309015801437939 0.35546272435669735 0.30613483621919479 0.34064690634962957 -0.059908796509918129 0.028581753462092487 0.28620339064933503 0.089043023233368573 0.045284102598846881 -0.025618846742186653 0.0039422760430841306 -0.068391789180712301 0.070145636823599575 0.24785258142586733 0.13972504270096139 -0.09935661506736182 0.029753300454048157
leaf_weight=47.32848221808672 48.863796539604664 154.8662062138319 206.24113854020834 246.15354664623737 88.821790017187595 4.4481874480843535 177.3867409825325 1275.172781124711 3.9217043593525878 438.68409066647291 239.24734348803759 207.94247205555439 231.86642155051231 6.0331956371664992 3.1762871965765944 3.3100686073303214 2.3905669003725079 5.268332675099372 136.09485453367233 2.4783466383814803 124.00450211763382 4.9160720705986005 884.55377741158009 41.76726009696722 21.277256891131401 63.608168423175812 7.1256687566637993 25.454505614936352 8.7210254445672017 160.69151122123003
leaf_count=679 433 1739 2485 2751 832 50 1886 13847 42 4977 2700 2636 2925 63 26 27 18 43 1526 20 1008 39 10277 469 244 517 58 189 99 1556
internal_value=-0.000256661 -0.00881347 -0.0056429 -0.0171798 0.0683694 -0.011273 0.00805542 0.0130152 0.00779131 -0.0165337 -0.00904007 -0.042645 -0.0548342 0.0166134 0.0897168 0.113462 0.106751 0.100819 0.00587876 0.0820689 0.0735459 0.0758167 -0.0233036 0.0210088 -0.00308917 0.0852687 0.165153 0.156975 1.64283e-05 0.0435071
internal_weight=4871.82 4331.71 4052.51 2199.81 540.11 1785.62 1852.71 1436.07 386.17 1399.45 416.634 414.184 279.195 1281.21 290.596 117.728 114.552 111.242 382.248 83.3966 172.868 80.9182 930.769 46.2154 468.682 75.6499 12.0417 27.8451 447.405 249.513
internal_count=54161 49395 45791 25556 4766 20435 20235 15649 4319 16116 4586 5121 3604 13910 2378 937 911 884 4277 677 1441 657 10796 519 5320 614 97 207 5076 2388
is_linear=0
shrinkage=0.1


Tree=4
num_leaves=31
num_cat=0
split_feature=0 0 10 11 10 13 13 12 0 9 1 12 14 13 3 1 13 4 14 1 13 4 6 12 11 6 10 14 10 1
split_gain=220.67 54.5141 52.6138 28.6121 21.3512 16.0647 12.6047 12.3322 11.1602 10.6681 10.6475 11.8072 10.2885 9.86543 9.15991 8.98567 9.03429 8.33778 7.99782 9.67889 9.85786 10.5931 12.4933 10.7188 15.5856 8.02899 10.9884 8.02638 8.1769 7.83713
threshold=7.5000000000000009 6.5000000000000009 3.180948709615167 79.020000000000024 4.7235379812453155 4.5000000000000009 8.5000000000000018 50.755000000000003 5.5000000000000009 10.301974023218994 35.354166666666679 85.295000000000016 5.5000000000000009 19.500000000000004 1.0000000180025095e-35 30.309523809523814 7.5000000000000009 1.0000000180025095e-35 4.5000000000000009 42.055555555555564 2.5000000000000004 1.0000000180025095e-35 60.900000000000013 79.475000000000009 90.065000000000012 57.400000000000013 2.180241513653113 2.5000000000000004 2.3825954806548215 36.118055555555564
decision_type=2 2 2 2 2 2 2 2 2 2 2 2 2 2 2 2 2 2 2 2 2 2 2 2 2 2 2 2 2 2
left_child=1 8 6 12 14 -5 7 -3 -1 -8 11 -7 -4 -11 -2 16 -9 -14 19 -17 21 22 23 27 -25 -20 -27 -21 -29 -16
right_child=4 2 3 5 -6 10 9 15 -10 13 -12 -13 17 -15 29 18 -18 -19 25 20 -22 -23 -24 24 -26 26 -28 28 -30 -31
leaf_value=-0.098175065969790934 0.040596828761811719 -0.015292973054262663 -0.024190482363020079 0.0033391041399441022 0.027431444178063476 -0.020305151240194667 -0.00088491273674642587 0.055316935880379892 -0.042785266204033279 -0.050003357613752332 -0.021471694006790953 0.025317336244069611 -0.023368176988241424 0.16696762838442483 0.092326565452587189 0.029620121013240408 0.25811988071440328 -0.069797903541368694 -0.0010574235082592531 -0.033824315992755698 -0.0047654316013825406 0.013075943436350655 0.27707290328714029 0.27935885202103977 -0.060514018193400132 0.089590861350721307 0.0084653100137236145 0.25087183802071999 0.01815711636238802 0.06116468312409154
leaf_weight=43.456877261400223 81.755654029548168 152.79697629064322 195.03727935999632 577.95513354241848 160.34263909608126 113.1213321313262 342.38904255628586 11.872972451150416 223.2410341501236 69.069812372326851 977.61098590493202 113.78780151158571 53.70876831561327 2.1611932441592208 176.06806417554617 455.51009379327297 2.6951997727155677 138.19996672868729 437.04874888807535 10.292003214359292 220.0283941552043 67.338271722197533 3.0868206247687331 4.3457847237586966 1.9567735493183134 24.291295669972897 53.400096863508224 2.4804275184869757 3.858762763440609 149.01078619062901
leaf_count=679 699 1739 2400 6486 1536 1321 3773 117 2925 788 11505 1287 709 25 1322 4847 27 1848 4712 111 2372 721 33 46 21 252 583 26 42 1209
internal_value=-0.000291999 -0.00802393 -0.0051291 -0.0157168 0.058337 -0.0103661 0.00718935 0.0115791 -0.0518107 -0.00821009 -0.0169421 0.00257309 -0.0403653 -0.0434203 0.0705176 0.0147419 0.0928367 -0.0568038 0.0138556 0.020314 0.00678742 0.0340152 0.0882036 0.0627823 0.173838 0.0042083 0.0338303 0.0206969 0.109215 0.0780425
internal_weight=4867.92 4300.74 4034.04 2169.42 567.177 1782.48 1864.62 1451 266.698 413.62 1204.52 226.909 386.946 71.231 406.835 1298.21 14.5682 191.909 1283.64 768.897 313.387 93.3588 26.0206 22.9338 6.30256 514.74 77.6914 16.6312 6.33919 325.079
internal_count=54161 49395 45791 25556 4766 20599 20235 15649 3604 4586 14113 2608 4957 813 3230 13910 144 2557 13766 8219 3372 1000 279 246 67 5547 835 179 68 2531
is_linear=0
shrinkage=0.1


Tree=5
num_leaves=31
num_cat=0
split_feature=0 0 10 13 11 10 2 12 9 0 14 9 9 10 1 8 9 12 11 2 10 10 14 3 12 10 6 10 1 3
split_gain=172.112 46.8512 43.6389 27.2843 26.2162 15.5652 14.0549 12.3579 11.7338 10.8148 8.73811 8.62356 10.2299 10.8597 8.07636 8.0226 10.5257 7.87283 12.0168 11.6656 9.75551 11.5505 9.3046 14.0158 12.3894 7.82046 8.48586 7.57364 7.55351 9.86665
threshold=7.5000000000000009 6.5000000000000009 2.6387295953813545 8.5000000000000018 58.510000000000012 4.0149824001444054 2.5000000000000004 73.265000000000015 10.525708164801435 5.5000000000000009 1.5000000000000002 5.8320103359574711 5.6172313412498589 2.6515274765519288 35.354166666666679 1.5000000000000002 2.6684176836932809 93.215000000000018 88.335000000000022 4.5000000000000009 2.789036111602718 2.7770789233501048 10.500000000000002 0.8228263892582881 95.245000000000019 3.0853214020896931 38.150000000000006 3.3887539096720771 47.928571428571438 0.48065123467383369
decision_type=2 2 2 2 2 2 2 2 2 2 2 2 2 2 2 2 2 2 2 2 2 2 2 2 2 2 2 2 2 2
left_child=1 9 -3 4 25 11 10 -5 15 -1 -6 12 -2 -14 -9 16 -8 18 28 20 21 -19 -22 24 -24 -4 -27 -15 -17 -30
right_child=5 2 3 7 6 -7 8 14 -10 -11 -12 -13 13 27 -16 17 -18 19 -20 -21 22 -23 23 -25 -26 26 -28 -29 29 -31
leaf_value=-0.096665580911348109 0.078053710059222792 0.012406671994179705 -0.012345113130173653 -0.042977861149764637 0.045286446249867406 0.032364706727063784 0.29083588350009754 0.0056915893982149666 -0.023281086785732499 -0.039988566750203319 -0.044056884353183591 0.056663172208841331 0.32585317128113439 0.030119407393076059 -0.024246415203574023 0.01450215366708069 -0.0012321167070337997 0.054818292786435976 -0.0078066932545744969 0.20840033426382712 0.0055868818908436629 0.31195300855999641 0.3228062604491766 -0.11077374187700176 0.078865630008942658 0.029713039004404054 -0.069986091203873488 0.21220298662537901 0.13016541729513667 -0.11081243952063047
leaf_weight=39.904471449553967 54.433064490556717 1090.4614452421665 49.117215313017368 296.50520890951157 12.17180287837982 266.19751143455505 2.2325276061892501 117.6775851547718 192.15774793922901 215.39051681756973 108.7845398709178 257.25673174858093 3.5613803863525382 4.6277763769030553 384.64151905477047 432.71562523394823 2.758550189435482 23.406026564538482 878.73106969147921 3.1261766478419295 292.64141460508108 1.8878447487950314 2.7662058994173995 2.8056445419788352 8.4175028353929502 9.3971900269389135 93.281350761651993 4.5111193284392357 2.0712259113788596 9.4566645398735982
leaf_count=679 381 11482 592 3786 139 2388 24 1349 2303 2925 1298 1907 24 33 4550 4972 35 248 10027 34 3229 20 31 32 93 129 1287 33 23 108
internal_value=-0.000313829 -0.00730822 -0.00466838 -0.0110303 -0.00511451 0.0502859 -0.00203821 -0.0267888 0.000115205 -0.0488476 -0.0350663 0.0649922 0.0969094 0.177724 -0.0172329 0.00281859 0.129411 0.00243752 -0.00103025 0.0161303 0.0143194 0.0740099 0.00939554 0.0890683 0.139203 -0.0451629 -0.0608616 0.119999 0.0123738 -0.0675157
internal_weight=4863.09 4272.51 4017.21 2926.75 2127.93 590.588 1976.13 798.824 1855.17 255.295 120.956 324.39 67.1333 12.7003 502.319 1663.02 4.99108 1658.03 1322.97 335.051 331.925 25.2939 306.631 13.9894 11.1837 151.796 102.679 9.1389 444.244 11.5279
internal_count=54161 49395 45791 34309 24624 4766 22616 9685 21179 3604 1437 2378 471 90 5899 18876 59 18817 15130 3687 3653 268 3385 156 124 2008 1416 66 5103 131
is_linear=0
shrinkage=0.1


Tree=6
num_leaves=31
num_cat=0
split_feature=0 0 10 11 13 9 10 10 1 12 13 0 3 7 2 1 1 1 13 9 1 1 1 13 11 9 13 1 13 6
split_gain=135.064 40.1366 37.0545 22.0301 17.2088 12.8226 12.7512 10.8789 28.5782 10.5447 11.7256 10.4359 9.98142 9.79313 9.30071 8.72695 8.53149 9.28769 7.9858 8.78607 10.6531 8.70239 8.61164 8.52229 7.94373 7.45029 7.121 7.1149 8.43901 7.91204
threshold=7.5000000000000009 6.5000000000000009 3.2576069356317929 58.510000000000012 7.5000000000000009 9.8382179431494787 5.4305930121248069 1.5184807098874162 22.928571428571434 64.245000000000019 8.5000000000000018 5.5000000000000009 0.49494897427831785 1.0000000180025095e-35 4.5000000000000009 31.309523809523814 44.535714285714292 39.414285714285718 9.5000000000000018 8.0007715305308533 30.944444444444446 41.845238095238102 44.928571428571438 3.5000000000000004 70.965000000000018 5.2020646326090949 17.500000000000004 41.414285714285718 1.5000000000000002 63.20000000000001
decision_type=2 2 2 2 2 2 2 2 2 2 2 2 2 2 2 2 2 2 2 2 2 2 2 2 2 2 2 2 2 2
left_child=1 11 7 -4 12 26 15 13 -9 -10 -11 -1 14 18 27 25 17 -16 21 20 -20 -3 23 -23 -12 -2 -6 -5 -29 -30
right_child=6 2 3 4 5 -7 -8 8 9 10 24 -13 -14 -15 16 -17 -18 -19 19 -21 -22 22 -24 -25 -26 -27 -28 28 29 -31
leaf_value=-0.095159070755380382 0.041535942081287087 0.025115520017573542 -0.061865688147953506 -0.0029808444836047455 -0.012962309086913294 -0.043499647330338315 0.007114355265754684 0.30801762641718139 -0.01803619133544752 0.010183047248272906 0.33288171991437876 -0.037292187611999338 -0.015318380604468657 0.011490347663270636 0.054499878945941507 0.047513914029050003 -0.11118382794541311 0.2299124512258453 0.086362080009784431 0.043296571523363664 0.37362445005106887 0.3197821964861291 0.00052276158171429929 0.094800592083294444 -0.010690912211844802 0.21201444495320376 -0.092303848498479044 -0.058044810869841125 0.025732084744658476 0.13672676921094029
leaf_weight=36.649905920028687 4.4550604671239835 39.744526654481888 91.098405003547668 580.68408225476742 492.65261262655258 224.84697926044464 82.695452779531479 3.0711305215954772 215.92850702255964 1236.1646640151739 0.67417941987514396 208.25212765485048 478.17818338423967 102.50295107811689 11.400606371462347 517.89412941783667 2.160108968615531 4.1054346188902846 2.5022705942392331 4.4855806306004524 2.6668849289417267 2.997023977339266 3.4997698068618774 3.8421819284558296 371.26345293968916 6.037646159529686 11.577854283154009 11.270566292107103 97.640966728329659 6.8743551522493354
leaf_count=679 23 389 1337 6640 5994 2897 779 28 2508 13147 7 2925 5699 1045 123 3932 24 46 24 45 25 28 33 37 4223 32 146 124 1142 80
internal_value=-0.000328359 -0.00665352 -0.00424855 -0.0138156 -0.0115374 -0.02364 0.0436285 0.00542984 0.00322622 0.00271304 0.00549915 -0.045952 -0.00413698 0.0302463 0.00334998 0.0493432 0.0750052 0.100943 0.0624289 0.145703 0.234567 0.046376 0.128104 0.19339 -0.0100681 0.139632 -0.0147841 0.00153242 0.0241672 0.0330326
internal_weight=4857.82 4246.74 4001.83 2012.49 1921.39 729.077 611.082 1989.34 1827.1 1824.03 1608.1 244.902 1192.31 162.241 714.136 528.387 17.6661 15.506 59.7382 9.65474 5.16916 50.0835 10.339 6.83921 371.938 10.4927 504.23 696.47 115.786 104.515
internal_count=54161 49395 45791 24252 22915 9037 4766 21539 19913 19885 17377 3604 13878 1626 8179 3987 193 169 581 94 49 487 98 65 4230 55 6140 7986 1346 1222
is_linear=0
shrinkage=0.1


Tree=7
num_leaves=31
num_cat=0
split_feature=0 0 10 9 11 13 10 0 3 1 10 1 11 12 9 12 14 1 10 9 9 1 6 10 13 1 1 9 12 12
split_gain=107.13 34.5456 30.2416 20.5331 22.9515 13.3655 12.0679 10.0248 8.81034 8.237 8.57573 7.89504 7.30003 7.77076 12.0783 8.88515 7.65951 7.286 17.5687 14.4149 11.7188 8.20895 7.93237 7.28597 7.27163 9.13585 7.82792 7.64953 7.32047 9.42043
threshold=8.5000000000000018 6.5000000000000009 2.6387295953813545 10.525708164801435 70.965000000000018 8.5000000000000018 4.0149824001444054 5.5000000000000009 0.49494897427831785 48.309523809523817 3.169991308814391 36.236111111111121 88.335000000000022 93.305000000000021 5.7295650209056772 103.72000000000001 9.5000000000000018 37.690476190476197 2.9186637668997393 2.6684176836932809 7.5754706191787733 38.56349206349207 58.95000000000001 4.809115150504895 6.5000000000000009 33.154761904761912 39.845238095238102 4.8916186193652864 98.945000000000007 93.715000000000018
decision_type=2 2 2 2 2 2 2 2 2 2 2 2 2 2 2 2 2 2 2 2 2 2 2 2 2 2 2 2 2 2
left_child=1 7 -3 4 -4 8 -2 -1 12 10 -10 -7 16 -14 15 24 17 18 20 -20 -6 23 -23 -19 26 -26 27 -15 29 -29
right_child=6 2 3 -5 5 11 -8 -9 9 -11 -12 -13 13 14 -16 -17 -18 21 19 -21 -22 22 -24 -25 25 -27 -28 28 -30 -31
leaf_value=-0.093642649155567581 0.05233739584471854 0.010297351340827597 -0.041293532567896613 -0.031478741493541643 -0.024747723480023597 0.001411367274264094 0.023787951425785676 -0.03470193367937472 0.01116814737448109 -0.10981435509611577 -0.013653442252298024 -0.023814565219347959 -0.0037704770090933003 -0.0030099809804359089 0.0057361535635809154 -0.11272284094659882 -0.08096994699881245 0.080833592164607768 0.12086508116144463 -0.080677240788597351 0.27378855884167286 0.019969423475931652 0.087653586918866336 0.30225645346978247 0.34992340994296423 0.086258351530777252 0.20744785111129041 0.24736840562237791 0.1962478139012451 0.028227188725069643
leaf_weight=33.672216407954693 325.09035189449787 1112.8987737894058 171.22030214220285 358.96950074285269 2.2769415974616996 176.18184467405081 271.88785393536091 201.76698211580515 193.70173612982035 7.8302660696208468 494.61248574405909 419.43884895369411 605.22608056664467 19.30187650769949 201.95563133060932 2.8606008887290946 6.906055510044097 11.980633698403834 4.1892268881201771 23.213230222463608 3.1119931414723396 150.28199472278357 19.570094548165798 1.6965161710977543 1.9463423490524281 4.0458582192659378 3.1256119534373275 2.2287587746977868 4.5302962288260451 16.368339039385319
leaf_count=679 2203 11519 2422 4579 23 2086 2325 2925 2082 97 5904 5262 6834 205 2186 29 85 134 35 266 33 1680 212 20 20 44 32 24 46 170
internal_value=-0.000335623 -0.00590126 -0.00372062 -0.0090876 -0.00593282 -0.00338527 0.0393348 -0.0431316 0.000951585 -0.00782847 -0.00666828 -0.0163529 0.0065859 0.00241041 0.0170023 0.0588212 0.022702 0.0260118 -0.0174061 -0.0498659 0.147651 0.0337693 0.0277679 0.108299 0.068341 0.1719 0.0547191 0.0434681 0.0822582 0.05449
internal_weight=4852.09 4255.11 4019.67 2906.77 2547.8 2376.58 596.978 235.439 1780.96 696.144 688.314 595.621 1084.82 861.589 256.363 54.4077 223.227 216.321 32.7914 27.4025 5.38893 183.529 169.852 13.6771 51.5471 5.9922 45.5549 42.4293 23.1274 18.5971
internal_count=54161 49633 46029 34510 29931 27509 4528 3604 20161 8083 7986 7348 12078 9590 2756 570 2488 2403 357 301 56 2046 1892 154 541 64 477 445 240 194
is_linear=0
shrinkage=0.1


Tree=8
num_leaves=31
num_cat=0
split_feature=0 0 10 11 9 1 0 8 12 6 9 10 9 1 9 12 6 9 13 1 9 9 12 1 1 9 13 11 10 1
split_gain=84.9835 29.1529 25.9172 15.0187 12.2521 10.7626 9.58418 8.85842 9.26785 8.71184 10.7681 8.5659 8.4772 8.38097 14.4631 12.6042 8.50543 8.23454 8.11839 7.80703 7.86045 8.10051 7.6312 10.415 24.2269 8.13796 10.8626 7.31709 7.88171 8.02509
threshold=7.5000000000000009 6.5000000000000009 3.3774921259094666 58.510000000000012 5.7684163959386918 36.354166666666679 5.5000000000000009 3.5000000000000004 50.755000000000003 53.100000000000009 11.58147956041473 4.7235379812453155 8.3103234860141928 47.585714285714296 8.7185059028325522 65.565000000000012 57.050000000000004 10.842199406528374 6.5000000000000009 30.309523809523814 3.7615744676690919 2.6684176836932809 71.295000000000016 44.414285714285718 43.055555555555564 5.6550498300903884 4.5000000000000009 90.065000000000012 4.9271283600613236 36.236111111111121
decision_type=2 2 2 2 2 2 2 2 2 2 2 2 2 2 2 2 2 2 2 2 2 2 2 2 2 2 2 2 2 2
left_child=1 6 7 -4 22 9 -1 8 -3 -6 27 -2 19 16 -15 -16 -14 -7 -9 20 21 -10 23 24 -5 -24 -27 -11 29 -29
right_child=11 2 3 4 5 17 -8 18 12 10 -12 -13 13 14 15 -17 -18 -19 -20 -21 -22 -23 25 -25 -26 26 -28 28 -30 -31
leaf_value=-0.092104649051306497 0.040495043283354341 -0.015044969872177315 -0.058062253142146282 0.05586951688607511 -0.010053092271914414 -0.014941547827143232 -0.032222732891964097 0.00099281356494290555 0.07642006912870189 -0.047786440106229192 0.21879063848478886 0.014538814980987422 -0.0071391492862844536 -0.11124894064664906 0.41505700306020099 0.049095237682973233 0.017918649349882899 -0.039060656266993225 -0.038125221460881431 0.012541176081674153 0.094417453583102703 -0.11371428902447081 -0.0023894195478850601 -0.032804339351429346 0.37850145757155862 0.15725738691231117 -0.0060004229003515252 0.035316300155354606 -0.018719063628704936 0.16532578038765536
leaf_weight=30.951083663851023 470.14355796575546 189.35204927995801 69.208980489522219 19.028158344328411 224.29999045282602 1006.4498569145799 195.88003121316433 127.7057663500309 4.5997512862086314 14.614743389189242 2.7467764094471923 174.27075708657503 546.16449993848801 1.7951474860310543 1.8990183621644976 1.8657515048980711 180.13740616291761 164.71920024603605 90.757919415831566 996.72588964551687 22.635200291872025 4.3691336885094643 171.70462176203728 8.9666682481765729 2.6518266499042502 7.7545104920864132 8.5903766304254514 74.002686657011509 27.233648344874382 5.0733824074268332
leaf_count=679 3230 2325 1110 205 2655 12338 2925 1370 37 188 37 1536 6048 20 21 20 1985 2215 1044 10465 225 42 1901 104 29 75 99 856 318 59
internal_value=-0.000338764 -0.00552465 -0.0035349 -0.0123793 -0.01056 -0.0137458 -0.0403936 0.00383695 0.00597674 0.00169597 0.023005 0.0334756 0.00823814 1.19712e-05 0.122321 0.233693 -0.000924314 -0.0183338 -0.0152583 0.0140927 0.0630247 -0.0162026 0.0115699 0.0578422 0.0953328 0.00402891 0.071454 0.0185578 0.0276783 0.0436575
internal_weight=4846.3 4201.88 3975.05 1807.05 1737.84 1519.14 226.831 2168.01 1949.54 347.971 123.671 644.414 1760.19 731.862 5.55992 3.76477 726.302 1171.17 218.464 1028.33 31.6041 8.96888 218.696 30.6467 21.68 188.05 16.3449 120.924 106.31 79.0761
internal_count=54161 49395 45791 22189 21079 18666 3604 23602 21188 4113 1458 4766 18863 8094 61 41 8033 14553 2414 10769 304 79 2413 338 234 2075 174 1421 1233 915
is_linear=0
shrinkage=0.1


Tree=9
num_leaves=31
num_cat=0
split_feature=0 0 10 13 11 11 12 2 0 13 10 9 6 1 12 10 5 6 10 2 11 10 13 9 10 12 4 4 8 14
split_gain=68.0469 24.9118 21.6226 16.1231 14.0024 23.8836 9.58242 9.44497 9.11808 8.75685 8.42546 7.7307 9.16622 7.10743 6.91591 8.63494 10.6497 7.52256 8.62039 7.49627 6.65391 6.40336 6.23949 6.27713 6.19236 8.06289 6.14545 6.13342 6.11405 6.09917
threshold=8.5000000000000018 6.5000000000000009 2.6387295953813545 8.5000000000000018 72.745000000000019 73.045000000000016 73.265000000000015 2.5000000000000004 5.5000000000000009 1.0000000180025095e-35 5.962091760543708 6.1845336747856345 57.050000000000004 24.773809523809529 93.215000000000018 2.789036111602718 367.50000000000006 57.050000000000004 2.7532470618432483 4.5000000000000009 88.52500000000002 3.5798127301810614 21.500000000000004 6.0665292981541699 2.6107094976690859 75.965000000000018 1.5000000000000002 1.0000000180025095e-35 1.5000000000000002 10.500000000000002
decision_type=2 2 2 2 2 2 2 2 2 2 2 2 2 2 2 2 2 2 2 2 2 2 2 2 2 2 2 2 2 2
left_child=1 8 22 4 9 -6 -5 20 -1 21 -2 12 -12 -10 28 16 -16 26 -19 29 -7 -4 23 24 -3 -26 -18 -15 -9 -17
right_child=10 2 3 6 5 7 -8 14 13 -11 11 -13 -14 27 15 19 17 18 -20 -21 -22 -23 -24 -25 25 -27 -28 -29 -30 -31
leaf_value=-0.09053448655746027 0.033601011957353828 0.018926277240323613 0.17080285321766864 -0.035391127823984549 0.24546917117259681 -0.0049380835485664373 -0.011852994044461112 0.12682325886159004 0.16659438706068452 -0.036993269149193216 0.0034304352598626305 -0.037791378785724881 0.20288654653606231 -0.012024867935962977 0.22831091137427376 0.0033579528354381882 -0.0191290614834672 0.058758042137191158 0.29035277820158861 0.14788389304417437 -0.053596620786015015 -0.056179358067398377 0.16600095314709026 0.0040511602351976581 -0.034436376738134676 0.18327324910105949 0.14549113824993412 -0.048228045379693149 -0.0030427479160374678 0.067595111194451427
leaf_weight=28.467020634561777 582.30789706856012 265.20980724692345 3.5700166001915923 269.65862108021975 3.9244466722011557 55.419997721910477 482.2800574451685 3.6340750977396956 1.8239728212356556 147.55189159139991 8.5079169720411283 31.62558987736702 3.1597861051559439 85.857006371021271 3.5118476450443294 303.50962799787521 14.890117019414907 5.8179963231086713 2.2206421047449112 3.7939825952053061 57.016340985894203 1.906647879630327 2.5139679387211791 850.87011016905308 2.5590965002775183 5.0739699453115463 2.6751184687018386 102.8590387403965 1492.8970927484334 15.537468984723089
leaf_count=679 4120 2691 48 3786 44 704 5921 28 28 2175 79 299 30 1318 34 3295 146 57 20 33 712 28 26 8723 27 52 24 1579 17295 160
internal_value=-0.000338802 -0.00490652 -0.00310676 -0.00771489 -0.00324869 -0.000979495 -0.0202942 -0.00147272 -0.0377453 -0.0323846 0.0304367 -0.0121245 0.0574461 -0.0298585 0.000238931 0.0128518 0.0650092 0.0426106 0.122735 0.00814796 -0.0296128 0.0917812 0.00863553 0.00828347 0.0214821 0.110283 0.00594197 -0.0317573 -0.00272739 0.00648628
internal_weight=4840.65 4215.05 3996.04 2869.82 2117.88 1964.85 751.939 1960.92 219.007 153.029 625.601 43.2933 11.6677 190.54 1848.49 351.957 29.1157 25.6039 8.03864 322.841 112.436 5.47666 1126.23 1123.71 272.843 7.63307 17.5652 188.716 1496.53 319.047
internal_count=54161 49633 46029 34510 24803 22552 9707 22508 3604 2251 4528 408 109 2925 21092 3769 281 247 77 3488 1416 76 11519 11493 2770 79 170 2897 17323 3455
is_linear=0
shrinkage=0.1


Tree=10
num_leaves=31
num_cat=0
split_feature=0 0 10 11 13 1 1 14 11 0 11 6 3 8 14 12 10 1 12 1 9 11 12 1 10 12 13 6 10 12
split_gain=54.1888 21.1097 18.5601 13.8515 11.5038 9.38571 14.2939 10.5116 9.26732 8.62447 8.48445 18.1365 7.95925 7.24288 16.1793 7.65019 7.03074 16.0307 8.82466 7.51935 8.76046 7.06358 11.2461 8.7653 7.74825 7.11856 6.98848 6.96033 8.99741 6.95359
threshold=8.5000000000000018 6.5000000000000009 3.3551142807021543 58.510000000000012 7.5000000000000009 40.873015873015881 40.690476190476197 4.5000000000000009 94.555000000000021 5.5000000000000009 89.395000000000024 56.500000000000007 0.49494897427831785 2.5000000000000004 8.5000000000000018 105.71500000000002 1.5184807098874162 22.928571428571434 78.305000000000021 38.118055555555564 9.6959963528099831 74.265000000000015 66.805000000000021 43.845238095238102 1.662799443820546 67.305000000000021 5.5000000000000009 38.150000000000006 4.0441926108079214 78.675000000000026
decision_type=2 2 2 2 2 2 2 2 2 2 2 2 2 2 2 2 2 2 2 2 2 2 2 2 2 2 2 2 2 2
left_child=1 9 16 27 12 6 8 -7 -6 -1 11 -8 -5 14 -2 -16 -3 -18 19 20 -19 22 -21 24 -24 -26 -25 28 -4 -20
right_child=13 2 3 4 5 7 10 -9 -10 -11 -12 -13 -14 -15 15 -17 17 18 29 21 -22 -23 23 26 25 -27 -28 -29 -30 -31
leaf_value=-0.088922594788289622 0.028135190500879537 0.022970411388326697 -0.015342727071475654 0.0044241373785874156 -0.026635174337785339 -0.017499199658479955 0.043620690898391663 -0.069446860629898993 0.0019889398875311461 -0.027636983013694962 0.0092142893820377977 0.35944056268276769 -0.012973504131497221 0.02394143683896327 0.10641863253766387 0.27304653749300167 0.20189620244499609 -0.013220090471650712 0.042929378302017769 0.0043471423808242029 -0.064504476816673359 -0.0085384948103468718 0.27107479319759292 -0.056113574503100609 0.2063747096955163 0.044125402540945546 0.081226641030179084 -0.066105237027854299 0.27745166851715586 0.0049942068375643496
leaf_weight=26.201503995805979 31.258735284209251 169.80252701044083 5.4464778564870349 674.27962307631969 290.36411665007472 88.684236519038677 5.2619343809783476 69.46313839033246 185.28050551563501 185.73974000662565 8.4403639286756498 2.7784856408834457 431.07517425715923 594.42513181269169 7.9766326844692212 4.2093872725963593 3.9947248920798293 219.62426440790296 50.359364181756973 134.32518110796809 39.263370435684919 321.92114524170756 2.8674881234765115 7.0959360599517805 3.7668512985110274 9.5848146900534612 7.7531219348311424 59.42233644798398 1.3000374808907507 1193.0821246802807
leaf_count=679 203 1628 88 7702 3885 1200 74 990 2216 2925 109 39 5321 4253 48 24 28 2695 533 1444 473 3659 29 72 39 98 80 1041 21 12565
internal_value=-0.000333853 -0.00446092 -0.00282545 -0.0102622 -0.00856943 -0.0191232 -0.0123127 -0.0403162 -0.0154851 -0.0352135 0.0792439 0.152757 -0.00236074 0.0268222 0.0662379 0.163977 0.00343695 0.00177325 0.00137145 -0.00722553 -0.020998 9.11337e-05 0.0168878 0.0711081 0.121931 0.0899001 0.0155957 -0.0551769 0.0410781 0.00653058
internal_weight=4835.05 4197.18 3985.24 1821.8 1755.63 650.273 492.125 158.147 475.645 211.941 16.4808 8.04042 1105.35 637.87 43.4448 12.186 2163.44 1993.64 1989.64 746.202 258.888 487.315 165.393 31.0682 16.2192 13.3517 14.8491 66.1689 6.74652 1243.44
internal_count=54161 49633 46029 22686 21536 8513 6323 2190 6101 3604 222 113 13023 4528 275 72 23343 21715 21687 8589 3168 5421 1762 318 166 137 152 1150 109 13098
is_linear=0
shrinkage=0.1


Tree=11
num_leaves=31
num_cat=0
split_feature=0 0 10 11 9 0 13 9 10 11 12 11 9 8 11 7 8 10 14 12 9 12 1 10 13 1 1 12 6 9
split_gain=43.3766 17.6733 15.3033 10.4512 9.59059 8.12294 7.85723 10.8606 8.33823 9.24725 9.01943 10.2871 8.45881 12.6823 8.61258 7.90587 6.91917 6.74422 6.52327 9.45965 19.2174 9.89015 9.19071 8.84981 9.03888 8.85934 8.90208 7.46961 6.71342 6.66416
threshold=7.5000000000000009 6.5000000000000009 3.3774921259094666 58.510000000000012 10.842199406528374 5.5000000000000009 3.5000000000000004 10.301974023218994 4.4844861831090101 113.87000000000002 74.455000000000013 105.01500000000001 6.1845336747856345 2.5000000000000004 79.020000000000024 1.0000000180025095e-35 3.5000000000000004 1.7567519879882687 5.5000000000000009 85.015000000000015 10.992175220301112 90.015000000000015 42.690476190476197 3.149508870037335 13.500000000000002 35.690476190476197 31.154761904761909 83.645000000000024 33.600000000000001 4.3023480166588257
decision_type=2 2 2 2 2 2 2 2 2 2 2 2 2 2 2 2 2 2 2 2 2 2 2 2 2 2 2 2 2 2
left_child=1 5 16 -4 6 -1 7 8 9 10 12 -12 13 -5 -15 -13 18 -18 -3 27 22 -22 23 24 28 26 -26 -20 -21 -30
right_child=-2 2 3 4 -6 -7 -8 -9 -10 -11 11 15 -14 14 -16 -17 17 -19 19 20 21 -23 -24 -25 25 -27 -28 -29 29 -31
leaf_value=-0.087260452810768302 0.023050501251566533 0.0089317247839135246 -0.050345235003833672 -0.065170681842107198 -0.03046054085782764 -0.025508887934125809 -0.0094928415047678526 0.1019842543867169 -0.016176008928317036 0.22850976659374603 -0.0091762477705695511 0.10297782086276591 0.032149625769589005 0.065204217839914966 0.30824601741953356 0.016867170712802911 0.031344061061419119 -0.020949464958170322 -0.0095536571958459507 0.12646967272675522 0.074681183695353898 0.3241972330709994 0.1659015911045198 0.055852391856896527 0.18959958920355102 0.17488373080713099 -0.057594750517737561 -0.061457541901090831 0.073222703155767163 -0.011599723273106443
leaf_weight=24.137037388980389 681.54740289598703 1294.3415037319064 60.825866740196943 2.0591199845075607 173.1815294995904 181.35028733313084 1183.4576581083238 11.795143611729143 124.03848242014647 2.0389739125967017 126.80080273002386 15.829801514744757 21.770413123071194 2.2808135002851504 4.0418830960988998 32.658757224678993 28.395916260778904 187.57529694586992 346.98742891103029 3.7630263194441786 3.7593600675463668 2.7510678246617317 3.5668100491166106 29.885685928165913 1.9852522909641246 5.5698667094111443 5.4734984338283539 30.134659722447395 9.6548028364777547 227.90176732838154
leaf_count=679 4766 13718 1110 22 2451 2925 14758 144 1390 19 1441 170 261 28 42 353 280 2134 4113 38 41 29 34 328 20 58 57 334 95 2323
internal_value=-0.000329586 -0.0041711 -0.0026809 -0.00961604 -0.00815871 -0.0327624 -0.00562902 0.00769019 0.00433529 0.0165976 0.0144944 0.00580425 0.0650144 0.150375 0.220573 0.0449793 0.00291611 -0.0140739 0.00478273 -0.00321541 0.0102207 0.180118 0.00637742 0.00437557 -0.00167291 0.0794587 0.00819953 -0.0137011 -0.00605313 -0.00815236
internal_weight=4829.56 4148.01 3942.53 1760.78 1699.95 205.487 1526.77 343.314 331.519 207.481 205.442 175.289 30.1522 8.38182 6.3227 48.4886 2181.75 215.971 1965.77 671.433 294.311 6.51043 287.801 284.234 254.348 13.0286 7.45875 377.122 241.32 237.557
internal_count=54161 49395 45791 22189 21079 3604 18628 3870 3726 2336 2317 1964 353 92 70 523 23602 2414 21188 7470 3023 70 2953 2919 2591 135 77 4447 2456 2418
is_linear=0
shrinkage=0.1


Tree=12
num_leaves=31
num_cat=0
split_feature=0 0 10 11 14 6 2 14 9 9 12 13 1 13 13 10 2 1 9 14 6 10 12 10 2 10 11 13 1 7
split_gain=34.8914 14.9864 12.4008 13.77 14.3195 11.0898 9.25573 7.54455 12.5015 6.78525 8.66923 9.212 8.0099 7.8714 6.69159 6.66429 8.6351 6.57799 6.51055 6.40522 6.00303 5.9416 5.8552 9.62706 7.0581 7.20536 6.03619 7.44954 7.97919 7.97605
threshold=8.5000000000000018 5.5000000000000009 2.3666931348066287 83.175000000000026 7.5000000000000009 37.95000000000001 2.5000000000000004 8.5000000000000018 8.1320765293255839 10.163627154119562 63.905000000000008 1.0000000180025095e-35 39.133928571428577 19.500000000000004 1.0000000180025095e-35 4.9961170182343855 3.5000000000000004 46.414285714285718 9.238694131901795 6.5000000000000009 51.250000000000007 2.5689686182513953 93.305000000000021 4.4621350247729481 4.5000000000000009 3.1170561069689811 89.395000000000024 5.5000000000000009 42.309523809523817 1.0000000180025095e-35
decision_type=2 2 2 2 2 2 2 2 2 2 2 2 2 2 2 2 2 2 2 2 2 2 2 2 2 2 2 2 2 2
left_child=1 -1 -3 4 9 7 14 8 -6 10 11 20 -12 -11 -5 16 18 -7 -2 -20 -4 -14 26 24 -24 -26 27 28 29 -8
right_child=15 2 3 6 5 17 22 -9 -10 13 12 -13 21 -15 -16 -17 -18 -19 19 -21 -22 -23 23 -25 25 -27 -28 -29 -30 -31
leaf_value=-0.085540519902451262 -0.0047327227367199532 0.0073524745643215152 0.16937910799628531 0.13660635206358426 0.36214169899385262 -0.052333562557931979 -0.0013036014536668913 0.003345184900507787 -0.038142931502258962 -0.028202580275340623 -0.027367608390459576 -0.02902893925024801 -0.027125637810488303 0.16102342097176706 -0.030796090443149828 0.0018437600071534645 0.033477691688695348 0.12365276861114952 0.12201013085674971 -0.037601649189869635 0.016727561498772841 0.021682322329967571 0.01383679104672756 -0.024756928211325344 0.023848770766474476 0.25905974705195528 -0.0074480145057260029 -0.0072201444238276695 -0.0040384149618222223 0.040670703069648588
leaf_weight=22.257191892713308 108.89496044069529 869.42947148159146 3.5778229795396319 2.4315261244773856 1.6951795965433114 160.769411791116 67.185636203736067 11.69764908775687 1.4455834329128263 190.03835216537118 54.132944531738758 147.93137000501156 28.572324935346842 2.2240432985126963 132.91616700217128 141.49022449553013 395.93572340905666 2.1523406393825999 8.2382494136691076 3.6185720711946479 9.2014087997376901 196.2712661139667 382.64874805510044 70.486208334565163 2.871684990823268 2.3832657858729362 1234.8789825588465 291.78153221681714 138.83247907459736 138.79227381199598
leaf_count=679 764 9008 47 31 23 2523 746 178 23 2639 685 2079 326 31 1786 1191 2488 31 59 26 100 2498 4059 786 26 19 14713 3499 1551 1547
internal_value=-0.000323614 -0.00370349 -0.00326398 -0.00608245 -0.0173968 -0.0424707 -0.00236621 0.0402932 0.177905 -0.0103438 -0.00349176 -0.0219921 0.00716578 -0.0260137 -0.0277887 0.0210727 0.0263384 -0.0500086 0.00292928 0.0732984 0.0594657 0.01548 -0.000889352 0.00923996 0.0154176 0.130523 -0.00337038 0.00453953 0.0144907 0.0269796
internal_weight=4824.78 4166.6 4144.35 3274.92 809.71 177.76 2465.21 14.8384 3.14076 631.95 439.687 160.711 278.977 192.262 135.348 658.178 516.688 162.922 120.752 11.8568 12.7792 224.844 2329.86 458.39 387.904 5.25495 1871.47 636.592 344.81 205.978
internal_count=54161 49633 48954 39946 11183 2778 28763 224 46 8405 5735 2226 3509 2670 1817 4528 3337 2554 849 85 147 2824 26946 4890 4104 45 22056 7343 3844 2293
is_linear=0
shrinkage=0.1


Tree=13
num_leaves=31
num_cat=0
split_feature=0 0 13 11 11 10 11 1 9 3 13 11 1 9 9 6 9 13 12 11 14 9 12 11 5 6 11 1 10 9
split_gain=28.0301 14.1773 12.3768 8.97577 8.77719 8.33958 9.33396 8.13391 7.83044 7.33469 8.61768 7.26401 6.89337 12.1244 6.79519 8.91356 8.46037 8.32714 8.09247 7.98673 7.97041 9.35691 8.45938 8.8134 8.63099 7.82761 8.24351 10.6371 7.4 9.05516
threshold=7.5000000000000009 6.5000000000000009 8.5000000000000018 54.405000000000008 84.155000000000015 2.0795118135158615 70.965000000000018 22.928571428571434 3.7615744676690919 0.38633899812498257 1.0000000180025095e-35 86.395000000000024 36.236111111111121 4.102184095841297 6.3413840300027635 58.95000000000001 6.0915167097487277 7.5000000000000009 93.415000000000006 77.490000000000023 4.5000000000000009 5.9976477250776519 77.305000000000021 78.50500000000001 334.00000000000006 65.200000000000017 85.965000000000018 41.873015873015881 2.5160152330244432 5.3691633600448814
decision_type=2 2 2 2 2 2 2 2 2 2 2 2 2 2 2 2 2 2 2 2 2 2 2 2 2 2 2 2 2 2
left_child=1 9 5 -4 -5 8 7 -7 -3 10 -1 -6 13 -13 15 16 18 19 20 -18 21 -8 23 -22 -25 26 27 -17 -28 -30
right_child=-2 2 3 4 11 6 14 -9 -10 -11 -12 12 -14 -15 -16 25 17 -19 -20 -21 22 -23 -24 24 -26 -27 28 -29 29 -31
leaf_value=0.11535013941712156 0.018190050306060048 -0.045856343561932744 0.18135188245007025 -0.02678899754516605 0.04795340631224234 0.1534758655749062 0.0090592983033076745 -0.025207014938043712 0.017233906977860227 -0.045995451316122676 -0.015446637161532674 0.17479195696795605 -0.016047521230953606 0.0026056484089114979 -0.0023640866291722452 0.33822826759231522 -0.086769002445829663 -0.076850426934870153 0.023121886539008298 0.056889473950761417 -0.077996361161576849 -0.084735536139647016 -0.04483611530726421 -0.08104179777560773 0.10088614570350714 -0.0010285813675438196 0.16780592411653331 0.083849056335597014 0.096159244557477486 -0.016426344069050716
leaf_weight=5.3870200682431451 699.73066225647926 20.695348374545574 2.3930792398750773 297.52035623788834 23.984756886959076 2.5836161188781253 184.34688211604953 182.81489485502243 398.07591830939054 114.56785877980292 77.588777249678969 4.1655780971050254 398.97573599219322 223.72403395175934 1817.5516233965755 2.4291697442531577 4.1316651329398146 5.8400704488158217 112.2746672257781 61.097219832241535 6.0587457902729538 11.287125080823897 84.126891352236271 3.279710672795777 12.727328203618523 23.40936454385519 4.6257176771759978 5.0846979022026062 12.472201868891718 16.721614807844162
leaf_count=86 4766 201 29 4200 287 26 1938 2738 3852 2235 1283 42 5007 2561 21043 23 47 66 1119 661 69 125 925 36 142 248 45 52 131 178
internal_value=-0.000314703 -0.00345755 -0.00214109 -0.012072 -0.0125601 0.00103628 -0.00110932 -0.022717 0.014116 -0.029597 -0.00695495 -0.00605572 -0.00812218 0.00575303 0.000582794 0.0103227 0.00567192 0.0375477 0.000201326 0.04779 -0.00832475 0.0036478 -0.0303812 0.0247287 0.0636106 0.0451749 0.0713425 0.166088 0.0502924 0.0316725
internal_weight=4819.67 4119.94 3922.4 950.764 948.37 2971.63 2552.86 185.399 418.771 197.544 82.9758 650.85 626.865 227.89 2367.46 549.913 485.17 71.069 414.101 65.2289 301.827 195.634 106.193 22.0658 16.007 64.7428 41.3334 7.51387 33.8195 29.1938
internal_count=54161 49395 45791 12126 12097 33665 29612 2764 4053 3604 1369 7897 7610 2603 26848 5805 5128 774 4354 708 3235 2063 1172 247 178 677 429 75 354 309
is_linear=0
shrinkage=0.1


Tree=14
num_leaves=31
num_cat=0
split_feature=0 0 10 11 3 3 14 10 13 1 6 9 12 11 6 1 1 10 1 6 1 13 11 12 10 4 1 14 3 10
split_gain=22.631 12.5955 10.0063 7.91042 6.32236 6.25297 6.04103 6.96618 5.93051 5.85151 12.2574 10.7894 6.70088 7.34839 11.0692 10.4931 10.0203 7.7197 9.25813 7.18326 8.82381 7.19898 7.33046 12.7355 6.28622 6.17611 8.06373 10.3873 6.08879 5.57017
threshold=8.5000000000000018 5.5000000000000009 3.3987755898481651 79.020000000000024 1.1954676251803249 1.3566258340248767 4.5000000000000009 3.4749303325839453 6.5000000000000009 36.309523809523817 53.100000000000009 11.58147956041473 90.015000000000015 109.355 54.550000000000004 36.154761904761912 35.690476190476197 5.0341794800908302 32.873015873015881 60.900000000000013 34.56349206349207 7.5000000000000009 103.36500000000002 92.135000000000005 5.962091760543708 2.5000000000000004 44.690476190476197 1.5000000000000002 0.49494897427831785 4.0022447775634022
decision_type=2 2 2 2 2 2 2 2 2 2 2 2 2 2 2 2 2 2 2 2 2 2 2 2 2 2 2 2 2 2
left_child=1 -1 4 6 -3 9 -4 -8 -6 10 -5 12 -12 14 -14 16 17 18 -16 21 -21 22 -20 -24 28 -11 27 -27 -15 -2
right_child=29 2 3 5 8 -7 7 -9 -10 25 11 -13 13 24 15 -17 -18 -19 19 20 -22 -23 23 -25 -26 26 -28 -29 -30 -31
leaf_value=-0.082802511056058126 0.024987415688239239 0.0027715431665849 -0.0077772463073731537 -0.0077903091886702205 -0.0040387155089864875 -0.10827853779334047 0.030769533879329632 -0.045854233144318142 -0.051083082671599792 -0.010090760966075673 0.0029767802884673915 0.24611494689187402 0.25613163131524325 0.014408690045829901 -0.036262678061235808 0.22086524449871803 -0.059850485086508358 -0.079810317061676211 -0.062021632594732971 0.32667204357859658 0.09655650168836255 -0.039284714059457292 0.36621261001740657 0.091847403748779671 0.16573811738376065 0.24876878677417877 -0.085028410096434484 0.039164536451412907 -0.11100461865624987 0.0067293356627894513
leaf_weight=19.719509616494179 367.57059234380722 2232.647904843092 115.99437500536442 264.17652084678411 73.407613128423691 5.9102813228964797 13.094096682965754 126.40349965170026 42.201488718390465 1080.7003643289208 69.923907876014709 2.2421634234488002 2.9881988354027262 18.147023327648647 5.3131960704922703 3.595529254525899 7.719303783029317 3.2289093732833853 2.0413488857448163 2.9528911411762229 3.8245936892926693 4.1593699865043154 2.0929543003439894 8.827570226043461 2.1685248985886565 2.7753709144890371 4.073512438684701 15.962694291025398 4.9209351465106002 306.36087317019701
leaf_count=679 2184 24749 1655 3110 809 86 232 2202 514 13661 859 26 32 190 58 37 84 37 23 31 40 46 23 94 25 32 52 191 56 2344
internal_value=-0.000306789 -0.0030724 -0.00269093 -0.00836114 0.00159081 -0.00562079 -0.0246401 -0.0386619 -0.0212116 -0.00521947 0.00500801 0.0284634 0.0250244 0.0464422 0.0699191 0.0572021 0.0425494 0.0669155 0.0831336 0.109678 0.196816 0.0751843 0.111917 0.14443 0.00295745 -0.00900385 0.0424886 0.0702099 -0.0123449 0.0166875
internal_weight=4815.15 4141.21 4121.49 1773.24 2348.26 1517.75 255.492 139.498 115.609 1511.83 408.323 144.146 141.904 71.9803 46.7439 43.7557 40.1601 32.4408 29.2119 23.8987 6.77748 17.1212 12.9619 10.9205 25.2365 1103.51 22.8116 18.7381 23.068 673.931
internal_count=54161 49633 48954 22882 26072 18793 4089 2434 1323 18707 4771 1661 1635 776 505 473 436 352 315 257 71 186 140 117 271 13936 275 223 246 4528
is_linear=0
shrinkage=0.1


Tree=15
num_leaves=31
num_cat=0
split_feature=0 0 13 11 14 11 11 12 1 14 8 11 10 12 11 9 14 1 12 9 3 13 6 14 3 10 10 3 11 9
split_gain=18.2218 11.39 9.39942 9.82004 7.21961 7.20489 8.14712 7.64879 6.52888 11.5419 10.6714 8.98205 6.42169 6.30202 11.0217 9.30896 12.1731 6.45794 6.28155 8.90362 9.76405 16.3893 13.3029 7.32741 6.09475 6.5276 5.86937 5.70515 5.83706 5.47569
threshold=8.5000000000000018 6.5000000000000009 8.5000000000000018 54.015000000000008 3.5000000000000004 84.815000000000012 86.395000000000024 69.015000000000015 31.585714285714293 5.5000000000000009 2.5000000000000004 98.015000000000015 3.6492311174508587 85.015000000000015 90.935000000000016 11.234967243878055 6.5000000000000009 24.414285714285715 86.335000000000022 9.9337310190853625 0.49494897427831785 5.5000000000000009 51.750000000000007 5.5000000000000009 0.38633899812498257 2.180241513653113 4.7805099633825225 0.48065123467383369 112.81500000000001 7.30808875943156
decision_type=2 2 2 2 2 2 2 2 2 2 2 2 2 2 2 2 2 2 2 2 2 2 2 2 2 2 2 2 2 2
left_child=1 24 4 -4 -3 -5 7 -7 9 10 -8 -12 -9 17 -15 18 -17 -6 19 20 23 -22 -23 -16 25 -1 -10 28 -20 -27
right_child=-2 2 3 5 13 6 8 12 26 -11 11 -13 -14 14 15 16 -18 -19 27 -21 21 22 -24 -25 -26 29 -28 -29 -30 -31
leaf_value=0.038614836416029946 0.014864436370160161 0.0073014228782756086 0.22542144626238081 -0.02375554065023373 0.089100957018982463 0.22657795691237548 -0.023180659714762228 0.06157535576839971 -0.0047559649333877019 0.0021849074398243439 0.37166291907151794 0.086232304149482811 -0.10892605366778361 0.21766433313140318 0.11135139496961277 -0.019911497927817802 0.24615607150972268 -0.0081518285993271589 0.0092841672812061359 -0.11121274402516122 -0.015443600117143087 0.088671536015040534 0.43215403107050165 -0.019288352109260758 -0.042249117425372441 -0.059213251697745176 -0.032292483867871778 -0.013495461894596564 -0.034793192229335045 0.0023850138365297448
leaf_weight=23.335728693753481 680.46590055525303 1153.1844501271844 1.7630206495523442 294.79895424842834 6.8705201633274546 2.386976886540654 2.2280550226569176 14.401526398956777 507.75679398328066 18.374540954828262 2.4798885509371784 1.9849364235997198 2.6092033460736266 2.4148967117071143 6.7025304809212782 3.2855735495686522 3.6077449396252632 1101.8266860544682 464.87133657932281 3.1459450870752326 3.1146600618958464 2.0047161430120468 2.57695522159338 11.944709897041319 108.35510056093335 25.145881395787001 91.328464053571224 201.98891349136829 32.120297260582447 33.867935538291931
leaf_count=383 4528 12563 17 4279 85 33 23 152 6143 197 26 20 35 23 70 37 35 13535 4817 35 34 23 29 131 2235 421 1223 2132 332 565
internal_value=-0.000298284 -0.00279623 -0.0016409 -0.0103658 0.00109354 -0.0108088 -0.00487816 0.0589454 -0.0068617 0.0431376 0.155568 0.244768 0.0354229 -0.00278348 0.00437815 0.00367772 0.11934 -0.00754916 0.00258324 0.0477924 0.0667808 0.161545 0.281863 0.0276686 -0.0266642 -0.00615776 -0.00895381 0.000675901 0.00643547 -0.0238621
internal_weight=4810.94 4130.48 3939.77 940.112 2999.66 938.349 643.55 19.3977 624.153 25.0674 6.69288 4.46482 17.0107 1846.48 737.778 735.363 6.89332 1108.7 728.47 29.4895 26.3436 7.69633 4.58167 18.6472 190.705 82.3495 599.085 698.981 496.992 59.0138
internal_count=54161 49633 46029 12148 33881 12131 7852 220 7632 266 69 46 187 21318 7698 7675 72 13620 7603 322 287 86 52 201 3604 1369 7366 7281 5149 986
is_linear=0
shrinkage=0.1


Tree=16
num_leaves=31
num_cat=0
split_feature=0 0 9 3 13 12 8 12 10 6 1 6 11 10 10 11 12 10 1 6 9 9 1 1 9 10 13 11 14 9
split_gain=14.721 10.5364 8.38063 8.19783 7.10717 6.62229 8.5641 10.6907 10.1099 9.76073 15.8386 8.84214 9.79717 9.01673 8.74325 8.64861 9.27254 8.37936 9.35388 9.22748 8.0252 7.85833 9.36765 9.46087 7.74286 7.42946 8.13835 9.33992 6.94552 7.13768
threshold=7.5000000000000009 5.5000000000000009 9.9636653973835489 1.3566258340248767 5.5000000000000009 63.905000000000008 2.5000000000000004 102.29500000000002 3.7855102363627395 37.95000000000001 42.690476190476197 56.500000000000007 108.88500000000001 3.7089168459276247 3.9737557406606245 74.265000000000015 68.595000000000013 2.9975854227911118 38.56349206349207 65.200000000000017 7.5956484743743848 9.3420890662060874 42.055555555555564 46.154761904761912 7.9825647628283614 1.6302134570671527 13.500000000000002 94.675000000000026 6.5000000000000009 8.7185059028325522
decision_type=2 2 2 2 2 2 2 2 2 2 2 2 2 2 2 2 2 2 2 2 2 2 2 2 2 2 2 2 2 2
left_child=1 -1 3 5 -4 -3 7 8 9 10 -7 13 17 25 -10 16 21 -13 24 -20 -15 -8 -23 -24 -19 -11 -27 -28 29 -26
right_child=-2 2 4 -5 -6 6 15 -9 14 11 -12 12 -14 20 -16 -17 -18 18 19 -21 -22 22 23 -25 28 26 27 -29 -30 -31
leaf_value=-0.079934740702086934 0.012888822880147586 -0.012644490119412294 0.0020981012289716509 -0.068586386308577899 -0.019935969900441466 0.058421592868794038 0.011414032881680906 -0.059066995997911223 -0.074323073215442001 0.066268144684207261 0.29901425450594643 0.021381664854187701 0.24294350333250675 -0.0017950995705997019 0.0051975293733088077 -0.0017823766931407588 0.17886921383085763 -0.0096823346472475168 0.11850511874551369 0.36164560815118385 0.27828570798781316 0.21355062935842742 -0.025135586282960004 0.19967672799825209 0.18691784733250208 -0.008118208012276187 0.0081455946153466529 0.24366840143500521 0.30367407575844363 -0.064488937985710593
leaf_weight=17.548415344208479 720.42705369740725 365.70751520246267 219.41574458777905 17.483061220496893 439.83576237037778 20.372099496424202 120.87839067727327 18.323482915759087 16.621559675782919 17.758546188473701 3.1607548110187045 57.435434974730015 2.5262939408421508 1.8301460556685913 82.224219761788845 2501.0434785187244 3.7560968324542037 10.624893862754112 8.7247725278139079 1.9009613096714026 2.3197449706494808 4.2992225103080264 6.9264281056821329 2.5652083903551102 2.3515688069164744 130.26703963428736 4.2042144611477843 2.8085439205169678 1.6920187324285505 2.1726415902376175
leaf_count=679 4766 5115 2666 256 6044 214 1353 179 202 174 34 604 25 22 1000 28772 36 116 104 21 29 47 78 29 28 1441 50 30 21 26
internal_value=-0.000291241 -0.00261465 -0.00228121 -0.000285804 -0.0126025 6.61795e-05 0.00160193 0.0154878 0.01919 0.0292025 0.0907362 0.0233308 0.0488811 0.00929815 -0.00817438 -0.000435704 0.0238957 0.0431067 0.0885355 0.162003 0.154767 0.0195733 0.0910904 0.0356222 0.0421817 0.00540441 -0.00246894 0.10247 0.130829 0.0661859
internal_weight=4807.21 4086.78 4069.23 3409.98 659.252 3392.5 3026.79 387.319 368.995 270.15 23.5329 246.617 87.4286 159.188 98.8458 2639.47 138.425 84.9023 27.4669 10.6257 4.14989 134.669 13.7909 9.49164 16.8411 155.038 137.28 7.01276 6.21623 4.52421
internal_count=54161 49395 48716 40006 8710 39750 34635 4320 4141 2939 248 2691 945 1746 1202 30315 1543 920 316 125 51 1507 154 107 191 1695 1521 80 75 54
is_linear=0
shrinkage=0.1


Tree=17
num_leaves=31
num_cat=0
split_feature=0 0 10 11 3 14 6 6 10 9 14 10 10 14 6 1 14 10 9 6 6 1 6 9 12 11 1 11 9 10
split_gain=11.9347 9.33358 7.0622 6.1282 7.62035 9.5304 6.94567 6.58873 9.64609 5.2345 7.09956 6.2632 8.04911 5.20312 5.17114 6.94401 10.0155 5.10325 5.71502 5.54546 5.1032 7.90128 8.32291 7.2779 8.9074 8.52316 5.85071 5.62776 5.28593 8.17516
threshold=8.5000000000000018 5.5000000000000009 3.3987755898481651 58.510000000000012 0.49494897427831785 4.5000000000000009 55.45000000000001 38.150000000000006 4.0917063933416049 5.7684163959386918 1.5000000000000002 4.3606704689502775 3.9171814105630278 11.500000000000002 33.600000000000001 37.236111111111121 1.5000000000000002 5.962091760543708 6.1845336747856345 57.050000000000004 56.500000000000007 32.732142857142868 57.150000000000013 5.2020646326090949 75.965000000000018 105.31500000000001 35.236111111111121 109.575 5.0525826761853398 4.4423676808561909
decision_type=2 2 2 2 2 2 2 2 2 2 2 2 2 2 2 2 2 2 2 2 2 2 2 2 2 2 2 2 2 2
left_child=1 -1 -3 7 9 14 13 8 -4 10 11 12 -5 -7 15 -6 -17 -2 19 -19 28 22 -22 24 -23 26 -26 -27 -12 -30
right_child=17 2 3 4 5 6 -8 -9 -10 -11 20 -13 -14 -15 -16 16 -18 18 -20 -21 21 23 -24 -25 25 27 -28 -29 29 -31
leaf_value=-0.07792893883382479 0.014165343753153786 0.0015533865295001507 -0.0046517558626909565 0.074648582519390591 0.25320504245366349 -0.014234218503469252 -0.050417481360935684 -0.053380917765063318 0.31307928241311145 -0.0032735557674987629 -0.026281273137211222 0.023042059702141696 0.3287529689282781 -0.10792979995179618 -0.0056805741213188906 0.22199179107348127 -0.025625845930794811 -0.0069454146159245575 -0.042289616359726612 0.13472637194810783 0.30720941034355231 0.17705934455660266 0.049842950474773863 -0.038956402469856599 0.10622421414611448 0.18555592322660461 -0.074528950630833354 0.02195955166707526 0.056797793689355607 -0.032805235211426337
leaf_weight=16.266607524827123 645.65055933594704 2347.6008731350303 4.9041096381843081 3.2004564441740495 1.648657165467738 189.3571437112987 92.5743761472404 46.313386082649231 1.1867197602987287 894.22104329615831 45.738315586000681 5.8384906984865665 2.0419278033077717 6.118372466415166 361.30483169108629 2.112769950181244 7.2001831121742725 9.1976967528462392 33.1952098980546 3.9492780268192282 2.1278904750943175 4.8209772892296341 3.068458903580904 12.340985856950281 2.2885776534676578 4.0082925334572774 8.2324593141674978 4.4231302216649055 26.61934969574213 16.490253549069166
leaf_count=679 4120 26072 87 35 20 2654 1299 995 17 11209 511 61 23 93 4843 28 97 79 299 30 20 49 32 136 24 39 94 44 289 183
internal_value=-0.000285482 -0.00233015 -0.00202991 -0.00684185 -0.00580104 -0.0141955 -0.0278531 -0.0405221 0.057254 -0.000447853 0.0174423 0.0942823 0.173623 -0.0171669 -0.00362768 0.0640376 0.0305496 0.0118646 -0.0201894 0.035612 0.0109007 0.0399394 0.155234 0.0233501 0.055694 0.024822 -0.0352108 0.0997332 -0.00260116 0.0225229
internal_weight=4804.04 4112.05 4095.78 1748.18 1695.78 660.316 288.05 52.4042 6.09083 1035.46 141.24 11.0809 5.24238 195.476 372.266 10.9616 9.31295 691.993 46.3422 13.147 130.159 41.3108 5.19635 36.1144 23.7734 18.9525 10.521 8.43142 88.8479 43.1096
internal_count=54161 49633 48954 22882 21783 9034 4046 1099 104 12749 1540 119 58 2747 4988 145 125 4528 408 109 1421 438 52 386 250 201 118 83 983 472
is_linear=0
shrinkage=0.1


Tree=18
num_leaves=31
num_cat=0
split_feature=0 9 1 2 12 1 11 13 6 12 10 12 9 6 1 1 1 6 9 11 12 5 11 11 11 9 13 10 12 1
split_gain=10.3961 10.323 7.90997 7.2759 13.1806 10.4256 6.88739 6.70335 8.51617 11.2064 7.37771 6.53616 12.6339 15.2397 20.0698 7.83613 7.59665 7.21868 7.06018 8.217 8.1542 6.4729 8.25274 7.79756 6.36213 6.31155 5.9321 8.48444 6.81602 6.8131
threshold=6.5000000000000009 9.8984640613597694 46.928571428571438 3.5000000000000004 50.755000000000003 45.585714285714296 74.50500000000001 2.5000000000000004 35.900000000000006 45.680000000000007 1.3693883632339652 66.115000000000023 8.7185059028325522 51.250000000000007 44.845238095238102 39.56349206349207 42.845238095238102 53.100000000000009 8.0925395538626343 71.595000000000013 64.865000000000023 334.00000000000006 103.18500000000002 106.355 71.865000000000023 9.3161436350963083 4.5000000000000009 4.7805099633825225 75.135000000000005 30.563492063492067
decision_type=2 2 2 2 2 2 2 2 2 2 2 2 2 2 2 2 2 2 2 2 2 2 2 2 2 2 2 2 2 2
left_child=-1 3 -3 6 7 21 11 8 9 -5 -9 12 17 14 16 -13 -14 -2 19 20 -19 22 -6 -24 -15 -10 27 28 -8 -28
right_child=1 2 -4 4 5 -7 26 10 25 -11 -12 15 13 24 -16 -17 -18 18 -20 -21 -22 -23 23 -25 -26 -27 29 -29 -30 -31
leaf_value=-0.023593690583740459 -0.053511218843400293 -0.011824477577041503 0.097159621893734588 -0.016460189003997382 0.05703935499802712 -0.033872406147370103 0.040698089772234776 0.15460800319552789 -0.0019719636297559628 0.30657401728062017 -0.028175372154298953 0.16310283043608381 0.19265636759411808 -0.090171972781156864 -0.031044968706080117 0.035970899421682911 0.46672251917836061 0.23328282461475869 -0.11173623163676155 -0.0051070325889771249 0.0023882762848751629 0.011406115198237598 -0.050266306028006483 0.029387311307804156 0.061925671004461974 0.19713899233674881 0.073560514562366827 -0.020833924430606193 0.0057857065081612438 -0.0063852965623940362
leaf_weight=183.87062017992139 31.005602736026049 671.32074680551887 6.7263333946466437 2.136293299496173 74.189905449748039 47.269563354551792 61.12538468837738 2.2402794584631911 85.948692567646503 2.1594646424055099 154.45536979287863 5.4079951569437972 1.9729226082563425 4.3447260409593564 2.4163141846656799 46.849223025143147 2.0751523971557617 3.7644899189472261 3.2276402413845053 10.344325780868528 2.5762496739625931 1079.8338057585061 16.929091535508633 44.847368255257607 7.49336938560009 1.6220552809536446 10.73805211111903 112.00296720117331 656.73992647230625 1464.8592689037323
leaf_count=3604 341 8719 83 27 758 504 689 22 1151 27 2389 51 22 44 24 456 23 40 35 116 24 9573 133 338 83 19 114 1237 6721 16794
internal_value=-0.0002753 0.000653424 -0.0107433 0.00261544 0.00806147 0.0122038 -0.000776649 -0.012988 0.00845961 0.145928 -0.0255621 0.0224308 0.00227655 0.0735344 0.197018 0.0491275 0.33315 -0.0233369 0.0236467 0.0498359 0.13947 0.0139953 0.034558 0.0075592 0.00610397 0.00171613 -0.00199948 0.00476453 0.00875845 -0.00580352
internal_weight=4800.49 4616.62 678.047 3938.58 1511.63 1263.07 2426.94 248.562 91.8665 4.29576 156.696 121.478 69.2208 18.3025 6.46439 52.2572 4.04808 50.9183 19.9127 16.6851 6.34074 1215.8 135.966 61.7765 11.8381 87.5707 2305.47 829.868 717.865 1475.6
internal_count=54161 50557 8802 41755 14941 11306 26814 3635 1224 54 2411 1259 752 196 69 507 45 556 215 180 64 10802 1229 471 127 1170 25555 8647 7410 16908
is_linear=0
shrinkage=0.1


Tree=19
num_leaves=31
num_cat=0
split_feature=12 11 0 1 13 12 11 4 12 1 11 12 6 11 10 13 10 10 1 6 9 10 6 3 9 1 12 2 1 1
split_gain=8.83154 8.2843 8.07708 7.39419 7.36864 7.60456 14.6321 20.5998 6.31917 8.58053 9.5274 6.62128 6.61046 7.07477 6.27887 6.22529 10.4455 10.5167 8.26627 7.54065 6.1661 13.8177 13.6321 7.86969 7.82055 6.80304 6.67898 15.703 8.77552 6.07068
threshold=98.085000000000022 113.53000000000002 5.5000000000000009 38.118055555555564 3.5000000000000004 85.015000000000015 91.685000000000016 1.0000000180025095e-35 96.835000000000022 35.690476190476197 96.475000000000009 96.655000000000015 35.900000000000006 96.685000000000016 3.8255123705715062 11.500000000000002 2.9510472025428114 3.3109151580171869 31.154761904761909 38.150000000000006 8.2021111944986753 2.4268876515937183 65.200000000000017 0.38633899812498257 9.0625972396752363 34.866071428571438 91.675000000000026 3.5000000000000004 34.267857142857146 37.94444444444445
decision_type=2 2 2 2 2 2 2 2 2 2 2 2 2 2 2 2 2 2 2 2 2 2 2 2 2 2 2 2 2 2
left_child=1 2 -1 29 -4 -6 7 -7 9 10 15 -11 -12 -14 -13 16 -8 -18 -17 -20 23 -22 24 -15 26 -26 27 28 -23 -2
right_child=3 -3 4 -5 5 6 8 -9 -10 11 12 14 13 20 -16 18 17 -19 19 -21 21 22 -24 -25 25 -27 -28 -29 -30 -31
leaf_value=-0.075107417259973261 0.016065948375867365 -0.039691223358200411 0.0061530260473086178 -0.0197312645131314 -0.0067756652024503318 -0.0026262162427420433 -0.045046851364751228 0.27037821353847552 -0.024591463856419207 -0.0037293006206891356 -0.047177544742128791 0.15305281608060059 0.17046019591673126 -0.042115496709259626 -0.038876189248907643 0.14782508340840597 0.1848712242263908 -0.11056152983158779 0.18117249704204305 -0.023477796448565371 -0.11504023668197896 -0.049651898134977224 0.27046918852838386 0.02533391076518603 -0.03458853132009139 0.066490707000935428 0.060018183823952832 0.33390577093737583 0.19909128448172611 0.10509860318478481
leaf_weight=14.722874008119105 393.00597219541669 56.557070463895798 1096.7485463246703 60.400881491601467 2130.847630623728 6.2955890372395498 51.293927535414696 4.9269721657037735 79.857629634439945 592.4167501591146 11.706217933446167 5.1551392152905455 3.5201203674077979 19.321950614452362 2.5464955121278763 4.7968327999115017 4.048170179128646 1.7155559733510015 2.0327436327934292 15.756262410432099 4.524964064359664 3.1923661902546865 3.0967856012284747 165.15703025832772 13.561750940978529 13.081070374697445 23.61647130176425 3.3255849853157997 2.5522029362618923 7.8106122463941565
leaf_count=677 2990 506 12149 513 27301 60 504 44 710 5846 114 45 35 157 23 37 44 20 20 165 43 35 28 1516 135 122 213 29 26 54
internal_value=-0.000270089 -0.00166934 -0.00116689 0.0128857 -0.00091165 -0.00335714 0.00366392 0.117229 0.00242206 0.00470143 0.0172359 -0.00253165 0.0263008 0.0296746 0.0895927 -0.0131143 -0.0307043 0.0969365 0.0313226 -9.24774e-05 0.0277035 0.0536986 0.0659296 0.0182694 0.0552534 0.0150393 0.0880318 0.160973 0.06086 0.0178009
internal_weight=4797.59 4336.37 4279.82 461.217 4265.09 3168.35 1037.5 11.2226 1026.28 946.418 346.3 600.118 266.657 254.95 7.70163 79.6435 57.0577 5.76373 22.5858 17.789 251.43 66.9512 62.4262 184.479 59.3294 26.6428 32.6866 9.07015 5.74457 400.817
internal_count=54161 50604 50098 3557 49421 37272 9971 104 9867 9157 3243 5914 2453 2339 68 790 568 64 222 185 2304 631 588 1673 560 257 303 90 61 3044
is_linear=0
shrinkage=0.1


Tree=20
num_leaves=31
num_cat=0
split_feature=0 9 1 13 1 1 14 10 9 13 11 10 10 10 1 3 10 12 11 5 11 12 2 1 11 10 10 9 8 1
split_gain=8.12908 7.72683 8.78879 5.93183 7.35429 18.244 10.4504 8.75346 13.5378 6.23703 6.07678 7.5412 10.9545 5.60346 5.88064 5.58094 5.55831 5.37256 7.361 10.2198 16.4152 5.31204 9.21261 8.31092 5.97652 5.5587 11.8188 5.27619 10.0465 5.26175
threshold=6.5000000000000009 9.8667361196362346 46.928571428571438 6.5000000000000009 36.309523809523817 35.354166666666679 6.5000000000000009 3.7978705096526579 10.570999455649497 21.500000000000004 73.665000000000006 2.5292748550657973 2.9754900127725308 31.00347230072823 24.773809523809529 1.3566258340248767 3.3000828684561268 65.815000000000012 89.765000000000015 334.00000000000006 101.23500000000001 50.755000000000003 3.5000000000000004 45.585714285714296 74.50500000000001 3.2899556475247569 3.278089288720103 9.7779339130088694 2.5000000000000004 42.535714285714292
decision_type=2 2 2 2 2 2 2 2 2 2 2 2 2 2 2 2 2 2 2 2 2 2 2 2 2 2 2 2 2 2
left_child=13 15 3 4 5 -3 7 8 -7 10 11 -5 -13 14 -1 21 -8 -6 -19 20 -20 -2 24 25 29 26 -24 -27 -29 -23
right_child=1 2 -4 9 17 6 16 -9 -10 -11 -12 12 -14 -15 -16 -17 -18 18 19 -21 -22 22 23 -25 -26 27 -28 28 -30 -31
leaf_value=0.15089414051088912 -0.011015633511848078 -0.030086520595925838 0.097523584994060344 -0.0095936717173333089 -0.039555337311450292 0.25071847663322377 0.12895495445037047 0.32927049813581316 -0.066498760919890168 0.16662437065703317 -0.021705935462289126 0.32180851863640009 -0.037927076553235094 0.1774544645958607 -0.024660859509238117 -0.064313853507264873 -0.076852526859073733 0.013881425378284396 -0.014038143307603971 -0.03560223493406476 0.2776646465165471 0.056581466107119949 0.017396723485370327 -0.031377198190130941 -0.0013548572693684851 0.004177185221078814 0.18477730884811897 -0.064314890611255393 0.2110152302359718 0.0089331963731990992
leaf_weight=1.9290477819740761 271.88885691016912 14.565951801836492 7.6232039555907241 5.8582899644970876 38.656321376562119 3.2957094833254796 2.4468617215752593 3.1756496354937553 2.2733625024557114 1.805665012449025 366.77323975414038 2.0850719213485722 1.4250425472855566 1.4090543128550042 175.60209502652287 12.553798303008078 2.8300047963857651 150.19911956042051 6.1449263244867307 73.473668932914734 2.8119278401136398 31.692500859498978 617.83413805812597 46.033185850828886 2255.3704639934003 599.18706321716309 4.2475368306040755 2.1916060447692871 3.3526797257363787 86.243033334612846
leaf_count=30 3958 165 86 62 511 34 23 37 27 23 5210 26 21 28 3546 155 32 1787 70 843 29 311 5264 504 24999 5397 37 27 36 883
internal_value=-0.000264155 0.00054652 -0.00925084 -0.0104517 5.05784e-05 0.0482927 0.129715 0.196778 0.121227 -0.0187845 -0.0196745 0.0598548 0.175762 -0.0211768 -0.0227533 0.00225505 0.0185796 -0.00503308 0.000703524 -0.0233083 0.0775395 0.00246834 0.00347383 0.0103376 -0.000207336 0.0119028 0.0185396 0.00507569 0.10218 0.0217376
internal_weight=4794.98 4616.04 685.444 677.821 299.874 28.5875 14.0216 8.74472 5.56907 377.947 376.142 9.3684 3.51011 178.94 177.531 3930.59 5.27687 271.286 232.63 82.4305 8.95685 3918.04 3646.15 1272.85 2373.31 1226.81 622.082 604.731 5.54429 117.936
internal_count=54161 50557 8986 8900 3558 318 153 98 61 5342 5319 109 47 3604 3576 41571 55 3240 2729 942 99 41416 37458 11265 26193 10761 5301 5460 63 1194
is_linear=0
shrinkage=0.1


Tree=21
num_leaves=31
num_cat=0
split_feature=0 8 14 1 11 11 6 12 9 9 1 11 9 11 6 11 9 6 1 12 10 14 12 10 9 9 11 12 1 7
split_gain=7.02359 7.10739 11.908 13.7536 9.82216 16.7578 17.6443 7.76205 13.5227 10.9525 7.13027 13.3928 14.3668 6.72167 7.03759 8.15247 6.66128 7.21225 6.60601 6.41969 8.33286 7.16508 5.57943 6.76489 5.45672 10.2092 12.0996 12.0586 13.2508 10.066
threshold=5.5000000000000009 3.5000000000000004 2.5000000000000004 42.055555555555564 85.825000000000003 87.955000000000013 56.500000000000007 80.50500000000001 7.8896074532029798 8.4840786412060076 40.873015873015881 79.175000000000026 10.030904345321543 73.965000000000018 55.45000000000001 116.72500000000001 5.3367601025878884 57.150000000000013 39.236111111111121 93.305000000000021 4.3993921194182155 5.5000000000000009 63.510000000000012 2.5160152330244432 5.8320103359574711 5.0525826761853398 103.36500000000002 97.635000000000005 33.94444444444445 1.0000000180025095e-35
decision_type=2 2 2 2 2 2 2 2 2 2 2 2 2 2 2 2 2 2 2 2 2 2 2 2 2 2 2 2 2 2
left_child=-1 19 3 4 10 6 -6 -7 -9 -10 -3 12 -12 16 -15 -16 -4 22 -11 21 24 -2 -18 -24 25 -21 29 -28 -29 -27
right_child=1 2 13 -5 5 7 -8 8 9 18 11 -13 -14 14 15 -17 17 -19 -20 20 -22 -23 23 -25 -26 26 27 28 -30 -31
leaf_value=-0.072370832585542735 0.002258833000825927 -0.055350867365250571 -0.1105671107216628 -0.012469958879974515 0.10582218328411862 -0.022811170142110912 0.43286681616478306 0.0089523492005741303 0.38293489071229087 -0.017299289076862484 0.30169858397402899 -0.083018217546593373 -0.053196519546642895 -0.015720081726982089 -0.053404262857360607 0.13770379658757645 -0.1080751025721972 0.20057111863159627 0.2363628503055058 0.0035265344122921601 -0.0098463737406387364 -0.0076909597700823597 0.016123922367628014 0.19899679975881512 0.0077133678215827277 0.27492442879042345 -0.01401303699250251 0.14217533888045691 0.035335818854862498 0.079865603596349963
leaf_weight=13.468509821221231 2180.6610900126398 10.88521144166589 2.7935179434716728 81.504072945564985 4.6080660335719612 9.2859185226261634 2.5695108622312546 8.1179498918354493 2.2197799608111373 2.0909317843616009 3.1483500413596612 3.4805766008794308 1.7887464314699171 187.13371953368187 94.777179419994354 2.2860316857695571 2.5216119438409832 2.8722447082400313 2.0170485563576221 102.17824824899435 213.3250768519938 1083.3046860806644 9.3652245663106424 2.5801383368670932 654.43704856559634 3.8524366766214344 32.438353829085827 15.252760522067545 48.58749258518219 8.4452755972743034
leaf_count=679 25233 138 34 1004 53 126 28 87 25 24 37 39 25 2423 1256 15 38 31 24 850 1906 13576 104 30 5543 38 277 101 345 72
internal_value=-0.000258648 -5.53967e-05 -0.012226 0.0128932 0.0540627 0.0890142 0.222901 0.0485204 0.0943733 0.203961 -0.00190435 0.0672094 0.173117 -0.0230977 -0.0270533 -0.0489033 0.0327396 0.0558277 0.107251 0.0011667 0.00785549 -0.00104349 0.0270907 0.0556235 0.0122201 0.0262146 0.0475656 0.035635 0.060862 0.140971
internal_weight=4792 4778.53 436.046 131.716 50.2121 30.9092 7.17758 23.7316 14.4457 6.32776 19.3029 8.41767 4.9371 304.33 284.197 97.0632 20.1327 17.3392 4.10798 4342.48 1078.52 3263.97 14.467 11.9454 865.192 210.755 108.576 96.2786 63.8403 12.2977
internal_count=54161 53482 5541 1610 606 367 81 286 160 73 239 101 62 3931 3694 1271 237 203 48 47941 9132 38809 172 134 7226 1683 833 723 446 110
is_linear=0
shrinkage=0.1


Tree=22
num_leaves=31
num_cat=0
split_feature=3 9 9 10 12 12 10 13 14 3 11 11 14 11 13 6 1 1 12 11 10 7 1 10 6 1 1 11 7 14
split_gain=6.54624 6.67337 13.0414 8.64748 7.82659 14.6364 9.93762 8.28845 7.24963 7.22091 7.21671 9.05541 15.8171 6.75169 6.77587 6.43078 6.4076 6.1146 7.68164 7.47143 7.40673 8.66649 6.10456 13.639 6.10187 5.86323 5.47563 5.62464 5.30163 10.7911
threshold=0.84759080068664439 5.7295650209056772 5.0525826761853398 1.3693883632339652 93.305000000000021 93.715000000000018 6.4964865330612405 4.5000000000000009 9.5000000000000018 0.46157923612182866 107.105 104.84500000000001 4.5000000000000009 71.295000000000016 4.5000000000000009 65.200000000000017 32.154761904761912 29.309523809523814 50.755000000000003 50.480000000000011 1.0521504806652735 1.0000000180025095e-35 46.75714285714286 1.5184807098874162 53.100000000000009 38.94444444444445 48.071428571428577 70.175000000000026 1.0000000180025095e-35 1.5000000000000002
decision_type=2 2 2 2 2 2 2 2 2 2 2 2 2 2 2 2 2 2 2 2 2 2 2 2 2 2 2 2 2 2
left_child=1 2 22 16 6 24 8 -8 10 -7 11 -5 -13 17 -15 -2 -4 18 -3 -19 21 -21 -1 -24 -6 -18 -22 -28 -25 -30
right_child=15 13 3 4 5 9 7 -9 -10 -11 -12 12 -14 14 -16 -17 25 19 -20 20 26 -23 23 28 -26 -27 27 -29 29 -31
leaf_value=-0.0039198890756096238 -0.0060637032560798476 -0.0022912059868945953 0.25367688289474283 0.011290718750312222 0.1084557039810805 0.065279908114688145 0.025756772366313747 0.27163693166476255 -0.061577656995374985 0.011145481121230051 -0.097514935057758836 0.35596340164726525 0.022729330378701923 0.0075597311974229843 -0.002539928471896399 -0.045736943885739775 -0.043544419951951741 0.082641640186041809 0.18168592462769273 0.28208054952266154 -0.051078075785377819 -0.04942916557868246 0.34584417625914415 -0.063076488096619102 0.2924577557216963 0.1493659835162614 -0.056292361964462245 0.18516967175674015 0.21070246439860438 -0.023585865886673107
leaf_weight=370.97251935303211 852.93560178950429 60.201595799997449 2.6420783624052984 139.65141141228378 4.798301810398697 43.173998042941093 2.8874608874320975 2.6103666629642248 14.550284154713152 57.398822588846087 5.7561137229204169 2.1240912377834311 4.3240142092108727 976.56347747147083 2077.3199274744838 42.912776909768581 2.7028133515268564 5.1328332349658004 2.3583867996931067 1.5147898476570836 91.126764325425029 1.6449253354221582 1.5260865092277516 4.1491401791572544 2.8864054679870605 3.7775191925466061 1.8386809974908822 2.0295823831111193 3.4218322411179543 4.6204526871442795
leaf_count=4098 10465 912 21 1637 41 281 32 31 220 481 55 21 41 10193 23322 527 24 56 21 17 1352 25 18 52 20 35 23 30 49 61
internal_value=-0.00025664 0.00151667 0.0105652 0.0266063 0.0234865 0.0445483 0.0102226 0.142501 0.00585235 0.0343844 0.0123133 0.0166403 0.132501 -0.000377432 0.000689716 -0.00796412 0.122421 -0.0200277 0.00464437 -0.0349712 -0.0411216 0.109499 -0.00149753 0.0640121 0.177568 0.068907 -0.0461315 0.0703968 0.0287331 0.0760992
internal_weight=4789.55 3893.7 673.974 289.284 280.161 108.258 171.904 5.49783 166.406 100.573 151.856 146.1 6.44811 3219.73 3053.88 895.848 9.12241 165.848 62.56 103.288 98.1547 3.15972 384.69 13.7175 7.68471 6.48033 94.995 3.86826 12.1914 8.04228
internal_count=54161 43169 7218 2940 2860 823 2037 63 1974 762 1754 1699 62 35951 33515 10992 80 2436 933 1503 1447 42 4278 180 61 59 1405 53 162 110
is_linear=0
shrinkage=0.1


Tree=23
num_leaves=31
num_cat=0
split_feature=0 9 1 9 13 9 11 10 6 12 11 11 1 4 1 1 11 13 12 1 1 3 1 7 11 6 9 11 10 12
split_gain=6.62805 5.53534 6.65216 4.71075 4.7106 6.74114 7.57556 9.9376 4.74603 6.96005 13.0402 18.4336 5.91521 5.66629 5.06331 9.77081 5.64093 4.61818 6.02562 5.3841 11.2569 7.27063 7.0251 6.37212 5.92952 8.88331 7.54823 9.42836 8.09775 6.33171
threshold=6.5000000000000009 9.8667361196362346 46.928571428571438 10.896544882199509 10.500000000000002 7.5956484743743848 85.52500000000002 3.6030757834765148 58.95000000000001 66.225000000000009 72.155000000000015 75.575000000000003 24.773809523809529 1.0000000180025095e-35 41.585714285714296 39.732142857142868 86.805000000000021 6.5000000000000009 65.565000000000012 36.309523809523817 35.354166666666679 0.49494897427831785 35.94444444444445 1.0000000180025095e-35 89.765000000000015 48.800000000000004 10.163627154119562 101.855 4.2081616520171616 81.615000000000023
decision_type=2 2 2 2 2 2 2 2 2 2 2 2 2 2 2 2 2 2 2 2 2 2 2 2 2 2 2 2 2 2
left_child=4 -2 17 -4 8 -6 7 -7 12 10 -10 -12 -1 -14 15 -11 -17 18 -3 20 -20 22 23 -22 -21 26 -26 28 29 -28
right_child=1 2 3 -5 5 6 -8 -9 9 14 11 -13 13 -15 -16 16 -18 -19 19 24 21 -23 -24 -25 25 -27 27 -29 -30 -31
leaf_value=0.14336433345048891 0.0019112827687563457 -0.039129499817611151 0.14955072490388097 -0.003073102785822018 -0.048839234858246289 0.36644358684988065 -0.042382560900064717 -0.013224214674763899 -0.0088357629090478028 -0.051714595436452383 0.64827251120806062 0.057532141712957986 -0.010276401647029193 -0.049346563616330989 -0.087089583269014836 0.38873346032941114 0.065790439896679834 -0.016459595326979309 -0.020809673823019691 0.011873688604477196 0.27450288152074209 0.25433946383990247 -0.016104084902734541 0.072000175185976123 -0.062197196934935611 -0.041230533228135392 0.21468951003881626 0.22185294906181641 -0.10861422490139389 0.026575228967918391
leaf_weight=1.9765784870833147 3935.6720538437366 34.376890361309052 4.5487693995237333 3.6410310193896294 3.5093146432191116 1.9052598290145399 1.5681456737220285 1.0803044512867925 3.0732068754732635 3.671125188469885 0.92808926478028331 1.226006483659148 70.756233047693968 78.084611220285296 5.3129615020006895 1.009886007755995 1.1646378953009842 369.2559009231627 13.093751870095732 155.80606712773442 2.301135912537573 2.7127189934253684 5.1054339334368706 4.7852547615766525 5.8790074363350895 59.725649986416101 2.474105626344679 3.2643389105796805 3.1137507334351531 6.4641752690076828
leaf_count=27 41571 476 45 41 78 39 30 21 64 76 19 29 1380 1684 114 19 24 5342 148 1845 21 27 51 47 64 701 34 32 43 69
internal_value=-0.000250382 0.000474944 -0.00788065 0.081697 -0.0193377 0.0553179 0.135587 0.229064 -0.0229378 0.0281754 0.123397 0.312052 -0.0284911 -0.0307733 -0.0164318 0.0477873 0.215771 -0.0089783 0.000257722 0.00537249 0.0468409 0.106272 0.0733269 0.137758 0.00046793 -0.0214928 0.0341253 0.0710976 0.0302649 0.078645
internal_weight=4787.49 4612.22 676.548 8.1898 175.266 8.06302 4.55371 2.98556 167.203 16.3859 5.2273 2.1541 150.817 148.841 11.1586 5.84565 2.17452 668.358 299.102 264.725 27.9983 14.9045 12.1918 7.08639 236.727 80.921 21.1954 15.3164 12.052 8.93828
internal_count=54161 50557 8986 86 3604 168 90 60 3436 345 112 48 3091 3064 233 119 43 8900 3558 3082 294 146 119 68 2788 943 242 178 146 103
is_linear=0
shrinkage=0.1


Tree=24
num_leaves=31
num_cat=0
split_feature=3 0 9 12 12 6 9 12 10 1 6 1 2 1 9 9 1 1 11 11 9 1 11 10 10 1 9 6 13 9
split_gain=5.93151 5.48442 5.13376 5.71274 7.50671 7.68197 8.63352 4.85119 8.17354 6.73243 6.54226 6.91099 5.82099 11.1363 18.7376 16.7049 9.96643 12.5045 9.36029 15.4429 8.45445 8.37947 8.24562 11.3367 21.2981 11.4412 10.8989 8.06851 10.3734 7.64579
threshold=1.3566258340248767 5.5000000000000009 10.896544882199509 86.675000000000026 90.705000000000013 54.550000000000004 11.361409764919779 63.905000000000008 6.7286617574829704 40.414285714285718 57.050000000000004 41.055555555555564 3.5000000000000004 46.75714285714286 9.3161436350963083 9.6647898140928685 48.071428571428577 47.154761904761912 73.045000000000016 71.865000000000023 10.233996770612242 45.585714285714296 76.835000000000022 2.6515274765519288 2.8251449013716008 44.242857142857154 8.6030427852115228 47.300000000000004 5.5000000000000009 5.2020646326090949
decision_type=2 2 2 2 2 2 2 2 2 2 2 2 2 2 2 2 2 2 2 2 2 2 2 2 2 2 2 2 2 2
left_child=1 -1 7 -4 5 6 -5 -3 12 -10 11 -11 13 -9 16 -16 17 -15 19 -19 -17 22 23 27 26 -26 -25 28 -14 -20
right_child=-2 2 3 4 -6 -7 -8 8 9 10 -12 -13 21 14 15 20 -18 18 29 -21 -22 -23 -24 24 25 -27 -28 -29 -30 -31
leaf_value=-0.068057304398492752 -0.05274639104993184 -0.0099004979559460631 -0.016716685016711738 -0.11115620050240758 -0.008980943550321507 0.2326898677524897 0.14544495079109895 -0.0011921523316755734 -0.068500732692599917 0.26685156968585066 -0.10983068795456391 0.024390381639697398 0.27585570116648001 -0.032955318792477505 0.46511918294407545 0.0073779036067457967 -0.032518649696879814 0.092742906349965987 0.18355825469926146 0.43331578352053013 0.2638671364729554 -0.034392721742609871 0.0077059807133828791 0.17610539045077922 -0.012425254440411235 0.24105985372478639 0.49051935467800373 -0.0030263719761548465 -0.0043981698776524502 0.017430923853631448
leaf_weight=11.814841404557226 21.423430103808641 373.91033029928803 270.31029796600342 2.2780364528298396 14.283100206404923 3.1792501993477345 3.0894433073699474 2650.6558246351779 28.156597387045622 1.5946930348873118 2.3036649785935879 4.4731366969645023 2.559854205697774 10.160856809467079 1.732589155435561 3.270742692053318 20.301906682550907 3.9132609032094505 3.7147056832909575 2.0179684720933437 2.1168944388628006 45.443240962922573 1245.6153737306595 2.77896899357438 8.1787321306765062 2.2761422991752616 1.8275456130504606 29.068078018724918 2.7285035625100136 10.897978741675614
leaf_count=649 366 5407 4002 26 151 33 32 30332 333 21 30 58 25 115 20 33 245 47 41 23 22 527 10988 30 103 29 21 297 26 129
internal_value=-0.000245839 -9.77957e-06 0.000159376 -0.0126597 0.0353761 0.109504 0.0365397 0.00100199 0.00199972 -0.0450917 0.0336421 0.0881119 0.00242453 -0.000242651 0.0430557 0.195018 0.0218428 0.0577864 0.102666 0.208615 0.108157 0.00781428 0.00929534 0.0493563 0.121695 0.0427613 0.300843 0.0176438 0.13126 0.0596623
internal_weight=4786.08 4764.65 4752.84 293.14 22.8298 8.54673 5.36748 4459.7 4085.79 36.5281 8.37149 6.06783 4049.26 2708.78 58.1269 7.12023 51.0067 30.7048 20.5439 5.93123 5.38764 1340.48 1295.03 49.4178 15.0614 10.4549 4.60651 34.3564 5.28836 14.6127
internal_count=54161 53795 53146 4244 242 91 58 48902 43495 442 109 79 43053 31007 675 75 600 355 240 70 55 12046 11519 531 183 132 51 348 51 170
is_linear=0
shrinkage=0.1


Tree=25
num_leaves=31
num_cat=0
split_feature=0 8 14 1 10 0 1 11 12 12 1 6 11 1 9 9 12 12 9 9 14 10 10 12 10 11 1 6 3 1
split_gain=5.37535 5.13506 11.9709 9.41177 7.28692 6.71026 6.65929 6.7413 15.2593 6.16141 5.55667 5.52708 6.69563 9.08488 5.14544 9.5472 5.93893 6.54903 6.22216 5.22011 5.15538 5.04272 4.99873 4.82358 7.63324 5.45282 7.49422 12.1445 15.4658 6.50373
threshold=6.5000000000000009 3.5000000000000004 2.5000000000000004 42.055555555555564 4.5709051034573394 8.5000000000000018 40.873015873015881 85.825000000000003 77.305000000000021 80.335000000000022 37.118055555555564 57.050000000000004 87.475000000000009 41.414285714285718 5.7684163959386918 5.0525826761853398 93.115000000000023 93.715000000000018 5.4177930443815789 4.7736520041898176 5.5000000000000009 1.3067091376020035 3.4857942028294526 63.905000000000008 6.7286617574829704 75.575000000000003 42.866071428571438 46.500000000000007 0.8228263892582881 47.154761904761912
decision_type=2 2 2 2 2 2 2 2 2 2 2 2 2 2 2 2 2 2 2 2 2 2 2 2 2 2 2 2 2 2
left_child=-1 14 3 4 5 6 7 -3 -9 -10 -11 12 13 -8 15 19 20 18 -18 -2 -17 -22 -12 -16 25 26 27 28 -25 -28
right_child=1 2 -4 -5 -6 -7 11 8 9 10 22 -13 -14 -15 23 16 17 -19 -20 -21 21 -23 -24 24 -26 -27 29 -29 -30 -31
leaf_value=-0.017613547683509416 0.0048736267879923075 -0.04919486943975615 -0.021265112314554763 -0.0071288386292000048 -0.042449740839764202 0.25292605952452363 0.37768034802144901 0.31167929320564497 -0.057702410769496296 -0.067609248887735576 0.061753945342547301 0.0005998148518308725 0.030142542356418563 0.13166958395415004 -0.015175136556250388 0.021973856253387759 0.039205653571287004 0.031235594416096531 0.18293651785565523 -0.02245653398813844 0.10222315101390121 -0.018858599537876095 0.23372016624269543 0.032856028571180439 -0.051733852123437729 0.00027470851695536391 -0.013253994309100646 0.02548007563626661 0.27034592387306094 0.059349919936562502
leaf_weight=171.8100586887449 305.79566881433129 8.1488534398376959 291.65339646860957 73.119485385715961 7.4487892277538768 1.8132538944482792 2.0383574999868852 2.1309623420238522 5.6187482215464142 2.276132069528102 6.266390882432459 3.5009061060845843 3.520197656005621 5.695246234536171 201.3338249437511 138.34755696728826 6.2310438156127912 115.33309917151928 5.829910434782505 90.590476751327515 3.6426634863018981 61.699985206127167 2.3147239424288273 6.1492971181869489 27.45449236780405 3077.7867209650576 72.424303229898214 64.290984656661749 4.948905736207962 14.871361546218393
leaf_count=3604 3260 102 3829 860 101 10 21 26 68 26 61 37 39 57 2925 1431 48 858 43 920 30 789 26 62 348 32970 751 670 49 140
internal_value=-0.000246057 0.000400893 -0.0102029 0.0158386 0.0489148 0.0646234 0.056398 0.0266546 0.0598725 0.0273045 0.0712966 0.110334 0.144471 0.196511 0.00145084 0.00909741 0.0216323 0.0385677 0.108681 -0.00137243 0.0110404 -0.0121086 0.108141 -0.000152569 0.000772957 0.00121781 0.0190602 0.0421559 0.138757 -0.000885464
internal_weight=4784.09 4612.28 415.545 123.892 50.7726 43.3238 41.5105 26.7558 18.607 16.476 10.8572 14.7547 11.2538 7.7336 4196.73 727.47 331.084 127.394 12.061 396.386 203.69 65.3426 8.58111 3469.26 3267.93 3240.47 162.685 75.3892 11.0982 87.2957
internal_count=54161 50557 5263 1434 574 473 463 309 207 181 113 154 117 78 45294 7379 3199 949 91 4180 2250 819 87 37915 34990 34642 1672 781 111 891
is_linear=0
shrinkage=0.1


Tree=26
num_leaves=31
num_cat=0
split_feature=0 3 6 6 10 6 14 12 10 14 13 10 12 1 6 10 10 1 9 9 10 1 12 6 6 11 10 14 10 12
split_gain=5.01281 4.88876 5.66817 4.57447 7.79833 7.76495 7.81979 6.53301 6.24133 6.39287 11.5303 11.4601 5.39437 6.26743 5.33477 6.03474 5.17355 4.77486 4.57226 8.08734 5.52807 5.94595 9.28958 7.81964 7.5411 9.82807 6.35322 5.66271 7.12992 5.85313
threshold=5.5000000000000009 0.84759080068664439 65.200000000000017 57.150000000000013 4.338759815117438 57.400000000000013 3.5000000000000004 62.545000000000009 1.4735268925212714 4.5000000000000009 13.500000000000002 4.1905620388666058 83.295000000000016 43.267857142857146 63.20000000000001 3.2671261061712928 1.2341598615062257 41.055555555555564 5.7295650209056772 5.0525826761853398 1.3693883632339652 28.585714285714293 46.155000000000008 35.900000000000006 51.250000000000007 74.50500000000001 3.5669434693108237 1.5000000000000002 4.0290990157376205 93.305000000000021
decision_type=2 2 2 2 2 2 2 2 2 2 2 2 2 2 2 2 2 2 2 2 2 2 2 2 2 2 2 2 2 2
left_child=-1 18 3 17 7 6 -6 -5 16 10 11 12 13 -10 -11 -16 -9 -3 19 -2 -21 23 24 -22 25 26 -23 28 -24 -29
right_child=1 2 -4 4 5 -7 -8 8 9 14 -12 -13 -14 -15 15 -17 -18 -19 -20 20 21 22 27 -25 -26 -27 -28 29 -30 -31
leaf_value=-0.066565722328947238 -0.00073416165150330312 -0.00026317632400523497 -0.042937221804380303 0.23612011994121662 0.18273386973176545 -0.073381397361657996 -0.06683404855939569 0.01983053245811281 0.067075437835124915 -0.036831589541579175 0.26283049955628623 0.2736609087374241 -0.040660072422265124 -0.0091696742619361889 0.15763158581953621 -0.039679579316722002 0.22666011803285002 -0.016565328529180631 -0.00013258524436269981 0.09367517871479708 0.21006737960838287 0.50327572258555042 0.043167895546277028 -0.047748679800305484 0.035577356871380451 0.024761033357798612 0.17397009247733203 6.9583762635799917e-05 0.19861435600121416 0.031585161526368623
leaf_weight=11.367709633894263 381.72964832559228 375.44404722377658 41.354488454759121 1.438718982040881 2.7258893661201027 17.018309246748686 2.327521912753582 2.2323119677603236 25.741107933223248 28.36857083439827 2.1515927687287322 1.8255701698362816 11.913401018828152 18.550817161798477 3.3155552372336379 2.9110580794513226 2.6391972936689854 344.55330046266317 3206.5700840651989 10.180637534707783 1.2506698220968271 1.3096705265343187 18.397829789668325 19.819211382418871 4.1209081523120403 1.4405755959451196 1.0600690245628355 124.730124771595 3.5143190994858733 111.70790328457952
leaf_count=679 4175 4515 519 18 35 244 32 21 295 358 30 24 118 214 35 42 25 4300 35577 79 17 22 189 316 64 14 18 1347 36 803
internal_value=-0.000239196 -8.11404e-05 -0.00679102 -0.00501815 0.0127912 -0.0410604 0.0677868 0.0245492 0.0214946 0.0158207 0.0355117 0.0270835 0.0190746 0.0351416 -0.0184342 0.0653849 0.131883 -0.00806454 0.00144619 0.0088991 0.0212584 0.0186928 0.0227391 -0.0324452 0.12934 0.230746 0.355966 0.0194665 0.0680987 0.0149595
internal_weight=4781.71 4770.34 884.511 843.157 123.16 22.0717 5.05341 101.088 99.6492 94.7777 60.1825 58.0309 56.2053 44.2919 34.5952 6.22661 4.87151 719.997 3885.83 679.262 297.532 287.351 266.281 21.0699 7.93122 3.81032 2.36974 258.35 21.9121 236.438
internal_count=54161 53482 10825 10306 1491 311 67 1180 1162 1116 681 651 627 509 435 77 46 8815 42657 7080 2905 2826 2493 333 118 54 40 2375 225 2150
is_linear=0
shrinkage=0.1


Tree=27
num_leaves=31
num_cat=0
split_feature=3 0 9 12 13 10 13 9 10 3 12 6 6 6 9 6 10 10 12 11 10 4 10 13 13 12 11 6 6 9
split_gain=4.63604 3.98006 3.99995 4.91058 5.43781 4.73607 5.202 6.23423 6.84858 5.48383 4.94606 5.46537 12.5276 6.00772 5.84315 5.44395 6.51069 6.96942 5.39756 4.7781 4.37832 4.27274 4.17953 6.93006 4.11437 6.00656 8.89793 11.3586 12.6701 11.0102
threshold=1.3566258340248767 5.5000000000000009 10.525708164801435 45.255000000000003 7.5000000000000009 2.6387295953813545 17.500000000000004 12.2332767698898 3.7235900556441273 0.48065123467383369 81.385000000000005 57.150000000000013 58.20000000000001 38.150000000000006 11.424106235667432 53.100000000000009 2.3346563787719767 2.0586328928626396 89.785000000000011 75.335000000000022 2.555872377694246 1.0000000180025095e-35 2.5160152330244432 7.5000000000000009 4.5000000000000009 67.795000000000016 90.27500000000002 57.400000000000013 54.550000000000004 11.176960316406253
decision_type=2 2 2 2 2 2 2 2 2 2 2 2 2 2 2 2 2 2 2 2 2 2 2 2 2 2 2 2 2 2
left_child=1 -1 -3 4 -4 10 24 8 9 -8 11 13 -13 -5 -15 20 17 18 -17 21 -12 -14 -16 -24 25 -7 27 28 -27 -30
right_child=-2 2 3 5 -6 6 7 -9 -10 -11 15 12 19 14 22 16 -18 -19 -20 -21 -22 -23 23 -25 -26 26 -28 -29 29 -31
leaf_value=-0.062428889311258701 -0.048259636839239763 0.00098032278860463477 0.014874705756746496 0.098989155076650279 0.2654364250103356 -0.038802922658045184 0.16241451877704813 -0.10676204588806598 0.25683584644916863 -0.10791274930769679 -0.0073537318246225366 0.21933128391669696 0.18152260959666944 0.0024716210184641519 -0.092775242901014354 0.19120763572558896 -0.032208369389395773 0.29236272854052237 -0.026649680352509426 -0.061407858681492178 0.15533920638137 -0.020279827097491356 0.16519828945621651 -0.10913031863825967 -0.024395805853892696 0.055609416106929023 -0.031715444938942121 -0.059472151104022111 0.079744731765275717 0.39360656393037052
leaf_weight=10.200401770882307 20.015140443108976 4352.1935456320643 2.4370509013533588 3.7964950799942008 1.3437281623482702 21.594417944550514 1.471650563180446 1.531841095536947 2.1992449909448624 1.5312108509242532 14.194095827639108 3.3189375661313525 2.0366665422916395 22.809305150061846 16.558774143457416 2.294149383902548 2.4758726246654987 2.4519484303891659 2.2551544979214668 6.0189382210373878 1.8723254427313794 2.1639447063207626 1.8015526235103601 1.8837307319045065 237.1555300578475 15.704327147454029 16.426102042198181 5.929264895617961 2.108109761029481 2.3789515793323517
leaf_count=649 366 47430 36 43 24 320 20 27 37 24 147 36 21 265 196 22 26 23 21 69 21 23 20 25 3740 196 204 74 26 30
internal_value=-0.000232881 -3.0941e-05 0.000103057 -0.00949617 0.103927 -0.0105847 -0.0163758 0.0705504 0.122763 0.02457 0.0101741 -0.00542922 0.050534 -0.0216012 -0.032235 0.0470624 0.107171 0.15646 0.0832127 -0.00428527 0.0116059 0.0775641 -0.0713396 0.0249754 -0.0183186 0.00415141 0.0259527 0.0622176 0.0979522 0.246148
internal_weight=4780.15 4760.14 4749.94 397.743 3.78078 393.963 308.031 6.73395 5.20211 3.00286 85.9319 60.3883 13.5385 46.8499 43.0534 25.5435 9.47712 7.00125 4.5493 10.2195 16.0664 4.20061 20.2441 3.68528 301.297 64.1412 42.5468 26.1207 20.1914 4.48706
internal_count=54161 53795 53146 5716 60 5656 4698 108 81 44 958 698 149 549 506 260 92 66 43 113 168 44 241 45 4590 850 530 326 252 56
is_linear=0
shrinkage=0.1


Tree=28
num_leaves=31
num_cat=0
split_feature=3 1 1 1 1 5 10 9 1 9 9 11 2 9 11 6 11 11 11 1 0 11 14 12 1 12 13 11 10 10
split_gain=3.97234 8.56679 7.44008 6.36034 9.76198 13.27 9.12399 11.4673 6.32282 8.6333 7.39678 6.24098 6.15725 7.12284 18.9428 6.54156 10.1775 9.38197 9.33359 9.2457 7.78174 7.59614 6.92491 6.55089 12.6763 6.09822 5.71918 5.69018 5.98193 5.57696
threshold=0.49494897427831785 47.071428571428577 48.309523809523817 44.464285714285722 44.242857142857154 334.00000000000006 3.5089864224713394 9.0625972396752363 47.75714285714286 8.9841040179620926 4.469853087658632 69.565000000000012 3.5000000000000004 12.361064585459202 76.835000000000022 51.250000000000007 75.575000000000003 71.595000000000013 111.78500000000001 38.56349206349207 8.5000000000000018 74.50500000000001 10.500000000000002 99.595000000000013 35.732142857142868 106.43500000000002 21.500000000000004 71.865000000000023 4.6439714378907828 3.3551142807021543
decision_type=2 2 2 2 2 2 2 2 2 2 2 2 2 2 2 2 2 2 2 2 2 2 2 2 2 2 2 2 2 2
left_child=1 3 8 4 26 -6 -7 -8 12 10 -10 -4 -2 15 -15 16 21 -17 -18 20 -20 -14 23 24 -22 -25 -1 -19 29 -29
right_child=2 -3 11 -5 5 6 7 -9 9 -11 -12 -13 13 14 -16 17 18 27 19 -21 22 -23 -24 25 -26 -27 -28 28 -30 -31
leaf_value=0.0017533158853021695 -0.0084120133961577657 0.062304011180936494 0.13891140004443306 -0.024795581179431231 0.29543692767194835 -0.018802121970097195 0.2807307633214462 -0.049747992826088883 0.19911725379670597 0.21384461895646842 -0.017532333306813894 -0.064150050846026013 0.058282051462459954 0.3791278354614368 -0.0082265170242148793 -0.094352743596199273 0.0015706111530747531 0.15684226685481437 0.20860999103064512 -0.11782518787655252 0.26598329688969818 0.23339268821577935 -0.044094127984994645 -0.019336019424230008 0.015752846164054889 0.11117184446140066 0.13527252291143585 0.0008507281428558125 0.025025904858340005 -0.026443254843381697
leaf_weight=2871.3155952766538 1059.2102312389761 23.36732314992696 1.5986934080719972 89.108922858722508 2.441294949501752 8.6035750797018391 2.807235423475503 1.6773174256086347 1.9292253656312812 3.023663278669118 8.6045674216002208 28.420529457740486 16.967268280684952 1.8419492170214642 4.0130842961370945 11.470057763159273 211.94451010599732 2.225776892155408 3.7190831489861003 2.769703432917594 4.4133097603917175 2.9007508978247634 5.6683878675103179 7.9921628087759 3.7401787489652634 6.4860489219427109 3.2116745784878722 209.20459883660078 61.767847556620836 116.57971097156405
leaf_count=31449 13945 274 23 1069 25 98 33 23 26 33 116 421 190 27 65 131 2139 23 36 23 34 36 33 45 30 35 35 1917 646 1181
internal_value=-0.000226236 0.00199141 -0.00397438 0.00151834 0.00232967 0.0814014 0.0414779 0.157125 -0.00312593 0.0648999 0.0221462 -0.0533359 -0.00365813 0.00381601 0.113632 0.00285325 0.0149949 -0.00521401 0.00945049 0.0574571 0.0726193 0.0838484 0.054748 0.0795042 0.151197 0.0391298 0.0019025 -0.00259091 -0.00350656 -0.00891624
internal_weight=4779.02 3002.53 1776.49 2979.17 2890.06 15.5294 13.0881 4.48455 1746.47 13.5575 10.5338 30.0192 1732.91 673.704 5.85503 667.849 266.601 401.248 246.733 34.7889 32.0192 19.868 28.3001 22.6317 8.15349 14.4782 2874.53 389.778 387.552 325.784
internal_count=54161 33006 21155 32732 31663 179 154 56 20711 175 142 444 20536 6591 92 6499 2601 3898 2375 236 213 226 177 144 64 80 31484 3767 3744 3098
is_linear=0
shrinkage=0.1


Tree=29
num_leaves=31
num_cat=0
split_feature=0 13 6 11 3 14 11 11 9 3 10 11 1 11 9 9 12 9 9 12 12 9 11 13 11 12 10 10 12 6
split_gain=3.84381 4.12811 11.2299 11.4531 9.09461 12.0707 10.4967 11.1362 15.6919 9.09421 8.32218 7.49416 9.67592 7.65639 7.66633 9.5443 7.02124 6.39194 8.44968 10.3952 6.85515 6.21554 6.15449 6.6769 11.6222 13.9286 7.56528 7.96424 6.1111 6.00043
threshold=6.5000000000000009 7.5000000000000009 56.500000000000007 55.035000000000004 0.48065123467383369 3.5000000000000004 89.395000000000024 80.885000000000005 5.9976477250776519 0.38633899812498257 3.8516028998274066 74.50500000000001 43.845238095238102 111.42500000000003 7.4233803533438012 6.9988301162351876 66.805000000000021 12.510403807085988 10.842199406528374 82.965000000000018 90.195000000000007 10.896544882199509 98.735000000000014 8.5000000000000018 95.745000000000019 85.605000000000004 3.51985302328311 2.9975854227911118 65.815000000000012 63.20000000000001
decision_type=2 2 2 2 2 2 2 2 2 2 2 2 2 2 2 2 2 2 2 2 2 2 2 2 2 2 2 2 2 2
left_child=-1 -2 21 -4 9 6 7 8 -6 -5 29 12 16 17 15 -15 -11 18 22 -20 -21 -3 23 24 26 -26 27 -13 -25 -9
right_child=1 2 3 4 5 -7 -8 10 -10 11 -12 13 -14 14 -16 -17 -18 -19 19 20 -22 -23 -24 28 25 -27 -28 -29 -30 -31
leaf_value=-0.015116981921160139 0.0023341295153065608 -0.0077992390561121838 0.21028776131888174 -0.039060437191487885 0.23989542015048013 -0.030625623339391384 -0.032737712249937177 0.10850353945414698 -0.023467266244200546 0.086736643562495094 0.22514085889193597 0.029398563792397997 -0.030179010913233547 0.072901896003454467 -0.025027813204996321 0.26495098286826468 0.3464128742668996 -0.089877945577200857 0.038590880784366378 0.29224100771177347 0.048927517159313719 -0.036039162547821149 -0.021410415730304586 -0.10733912277033773 0.41210023089766268 0.035779979213798982 -0.026877399573446138 0.14804306141215759 0.013170818482958072 -0.048010262800544712
leaf_weight=167.22875663731247 3169.5361863151193 882.44435066729784 2.7962263822555533 25.605929154902697 2.5543131940066841 111.18687826767564 21.133367720991373 10.464446015655996 19.796026453375816 2.0144092179834834 4.7824206948280326 16.896677762269977 2.427081361413002 16.682559117674835 6.1677456945180884 3.0628260895609847 2.1552989035844803 5.666206005960702 15.731155227869751 3.1926984786987296 1.8168897926807401 85.488868165761232 44.472055926918983 4.357596166431903 1.9138215184211724 2.0233941003680229 12.126574322581289 8.5060523711144906 122.55677130818367 3.198101367801427
leaf_count=3604 33275 10192 37 266 29 1438 254 121 274 22 66 172 25 113 50 21 19 92 252 34 17 1420 418 71 23 21 158 100 1538 39
internal_value=-0.000223738 0.000316429 -0.0041209 0.00850268 0.00730343 -0.0109188 0.0244629 0.0540948 0.00663119 0.0179114 0.111608 0.0232792 0.128562 0.0206601 0.0722925 0.102692 0.220962 0.015068 0.0176136 0.0785417 0.203995 -0.0102934 0.0116767 0.0204155 0.0552531 0.218704 0.0381054 0.0691264 0.00903312 0.0718671
internal_weight=4777.99 4610.76 1441.22 473.288 470.491 173.116 61.9287 40.7953 22.3503 297.376 18.445 271.77 6.59679 265.173 25.9131 19.7454 4.16971 239.26 233.594 20.7407 5.00959 967.933 212.853 168.381 41.4665 3.93722 37.5293 25.4027 126.914 13.6625
internal_count=54161 50557 17282 5670 5633 2221 783 529 303 3412 226 3146 66 3080 184 134 41 2896 2804 303 51 11612 2501 2083 474 44 430 272 1609 160
is_linear=0
shrinkage=0.1


Tree=30
num_leaves=31
num_cat=0
split_feature=3 0 1 14 12 13 6 13 8 14 12 11 7 6 13 6 9 5 10 14 6 1 12 11 9 14 1 11 14 11
split_gain=3.69604 3.6212 3.70649 12.135 7.01018 8.21941 6.1039 6.50677 5.3675 10.4655 5.72758 5.00378 4.84637 4.83813 4.62363 7.42843 8.94053 6.49671 5.89312 11.321 5.87184 5.06893 9.08912 5.67044 7.47549 6.29854 5.02719 11.1743 6.91454 4.95535
threshold=1.3566258340248767 8.5000000000000018 37.472222222222229 3.5000000000000004 96.835000000000022 2.5000000000000004 37.95000000000001 14.500000000000002 2.5000000000000004 8.5000000000000018 93.115000000000023 102.06500000000001 1.0000000180025095e-35 57.150000000000013 5.5000000000000009 65.200000000000017 6.4531764519342607 450.00000000000006 3.149508870037335 6.5000000000000009 46.500000000000007 36.94444444444445 92.015000000000015 106.89500000000002 7.4233803533438012 6.5000000000000009 33.309523809523817 114.73500000000001 3.5000000000000004 102.63500000000001
decision_type=2 2 2 2 2 2 2 2 2 2 2 2 2 2 2 2 2 2 2 2 2 2 2 2 2 2 2 2 2 2
left_child=1 -1 8 4 5 -4 -5 12 9 10 -3 -10 -8 -12 17 29 -17 18 19 20 -13 26 -23 -24 25 -25 27 -20 -28 -16
right_child=-2 2 3 6 -6 -7 7 -9 11 -11 13 14 -14 -15 15 16 -18 -19 21 -21 -22 22 23 24 -26 -27 28 -29 -30 -31
leaf_value=-0.0012016573103611375 -0.044338956127728792 0.10218314328736706 0.12679156932743013 0.06625768604347998 0.16916093611376717 0.0053748045409250014 -0.066546831003634233 0.11434401322245978 -0.053496681480142111 0.11737915657379994 -0.03322174115999578 0.0067071993948682315 -0.018197773186453384 0.075019576953934616 0.11215663257276538 -0.042992906399043934 0.15737590312038999 -0.043360179215984229 0.12616111279511055 0.010413830928731126 0.13897239553194193 0.23023960817307551 -0.089444134277226819 -0.093404917939986912 0.17612712926813667 0.09605093854595069 -0.07649603218019646 -0.075920965360970705 0.010097655804125964 -0.0040168716125944257
leaf_weight=4049.1807073336095 18.915614193305373 5.6427751332521465 6.9496370106935492 7.9076569974422446 3.9958767965435973 28.197675444185734 25.722528919577599 3.3111433163285247 12.96781902015209 13.550394870340822 18.979691199958328 4.2188929766416576 106.85775769501925 5.2777194976806632 3.7252938002347937 3.4434689134359342 6.3032903894782066 14.571164481341837 9.4056237414479238 23.482182502746582 16.419560179114342 2.8537984192371395 2.9236704260110846 3.377426363527773 4.0103237330913544 3.6524724736809731 10.137765780091284 3.858963429927825 102.00021164864302 254.92742623388767
leaf_count=49279 366 36 40 55 24 184 169 22 76 67 106 24 720 29 22 21 39 95 58 128 88 21 19 23 28 25 65 25 685 1622
internal_value=-0.000222905 -4.75144e-05 0.00654698 -0.00571281 0.0436515 0.0293824 -0.0191501 -0.0241201 0.0108131 0.0444764 0.0114377 0.00778025 -0.0275782 -0.00967152 0.00947342 0.000885795 0.0865869 0.0209457 0.0259742 0.0579027 0.111935 0.0160691 0.0676213 0.034387 0.06718 0.00502926 0.00915541 0.0673709 0.00226921 -0.00234366
internal_weight=4776.77 4757.85 708.672 182.942 39.1432 35.1473 143.799 135.891 525.73 43.4506 29.9002 482.279 132.58 24.2574 469.312 268.399 9.74676 200.912 186.341 44.1206 20.6385 142.22 16.8177 13.9639 11.0402 7.0299 125.403 13.2646 112.138 258.653
internal_count=54161 53795 4516 1214 248 224 966 911 3302 238 171 3064 889 135 2988 1704 60 1284 1189 240 112 949 116 95 76 48 833 83 750 1644
is_linear=0
shrinkage=0.1


Tree=31
num_leaves=31
num_cat=0
split_feature=0 9 12 13 6 12 10 12 10 10 10 12 6 12 10 4 6 1 10 9 9 6 10 10 6 14 12 14 10 10
split_gain=3.61589 3.54862 8.82529 3.46269 5.33206 7.7732 5.28767 4.51639 7.47602 7.21549 6.80481 4.36402 5.1422 11.2438 9.85221 4.90794 6.17625 7.37443 5.00352 5.7169 5.70483 16.9782 17.3613 11.6451 11.5384 6.46357 8.04962 9.35671 5.26738 4.64509
threshold=5.5000000000000009 10.525708164801435 67.595000000000013 1.0000000180025095e-35 37.95000000000001 62.545000000000009 2.7532470618432483 63.905000000000008 1.3693883632339652 7.7492334478000986 1.0521504806652735 62.545000000000009 35.900000000000006 46.805000000000007 3.2471029473533339 1.0000000180025095e-35 58.95000000000001 39.732142857142868 3.0853214020896931 4.8324405226049327 4.3023480166588257 50.850000000000009 2.8370515019077209 2.351746974041284 51.750000000000007 4.5000000000000009 46.805000000000007 7.5000000000000009 2.3825954806548215 2.4129202852851273
decision_type=2 2 2 2 2 2 2 2 2 2 2 2 2 2 2 2 2 2 2 2 2 2 2 2 2 2 2 2 2 2
left_child=1 -1 -3 4 5 -2 -7 8 10 -9 -5 12 13 -10 29 16 -14 -18 19 20 24 -22 23 -23 25 -17 27 -27 -28 -15
right_child=3 2 -4 7 -6 6 -8 9 11 -11 -12 -13 15 14 -16 18 17 -19 -20 -21 21 22 -24 -25 -26 26 28 -29 -30 -31
leaf_value=-0.079241426301017548 0.25915230300098346 -0.10157891063921043 0.57625693143033263 -0.025792366146062607 0.01125984244287084 0.11229368889532992 -0.073390023430736376 0.00056720335914168553 -0.016602410835980821 -0.10868012571628356 0.11989475623596918 -0.040939324405900354 0.0090219092321976238 0.20699025223288367 0.3770464424406586 -0.05119060722682487 0.0059241341888575036 0.3001575930570432 -0.033618927091656668 -0.018308925398883569 -0.065991856814402006 0.22097512404707206 0.51328584601853 -0.066014309618017422 -0.057632828884911828 0.42141324529798646 0.11011131355482995 0.075524392130178059 -0.068231180025515203 0.010033278754469944
leaf_weight=8.9822029396891558 2.1341836079955083 0.55015500448644239 0.29511391744017601 5.3190777003765097 91.707851322367787 3.8763434626162052 2.5375695526599884 4300.8173894602805 11.868733733892443 6.0541751384735099 8.0706865787506086 51.64551429823041 26.940171737223867 1.8812469914555539 1.4438085369765756 3.4209418520331409 1.716769635677337 1.690682604908943 108.12132893130183 94.288471203297377 4.5537527389824373 3.60108258202672 1.2885630987584589 2.3278338611125946 15.182685911655424 1.5025623887777313 4.9349273294210434 1.6310153901576994 2.4925659708678722 3.2942795194685459
leaf_count=621 21 37 21 41 1017 35 29 46909 167 86 74 779 361 21 23 44 22 19 2070 1249 58 38 20 31 196 19 52 23 36 42
internal_value=-0.000212286 -0.0608076 0.135078 -8.72953e-05 0.0183007 0.0938379 0.0388307 -0.00048255 -0.0112876 0.000413634 0.0620206 -0.0141425 -0.00940592 0.0416369 0.146062 -0.0128539 0.025066 0.151915 -0.0175829 -0.0047609 0.0264445 0.0852052 0.180601 0.108296 0.00272797 0.0682721 0.106968 0.241379 0.050262 0.081625
internal_weight=4774.17 9.82747 0.845269 4764.34 100.256 8.5481 6.41391 4664.09 357.217 4306.87 13.3898 343.827 292.181 18.4881 6.61934 273.693 30.3476 3.40745 243.346 135.224 40.9359 11.7712 7.21748 5.92892 29.1647 13.982 10.5611 3.13358 7.42749 5.17553
internal_count=54161 679 58 53482 1102 85 64 52380 5385 46995 115 5270 4491 253 86 4238 402 41 3836 1766 517 147 89 69 370 174 130 42 88 63
is_linear=0
shrinkage=0.1


Tree=32
num_leaves=31
num_cat=0
split_feature=0 10 10 11 11 14 10 11 1 9 2 9 14 11 10 9 9 9 9 12 13 9 12 6 11 12 12 1 10 1
split_gain=3.18472 2.99944 8.58841 5.96848 8.16939 7.87173 7.70322 5.78257 7.5461 5.3244 6.61377 8.55592 5.29948 6.45513 6.1961 5.00653 5.23523 5.74105 6.90818 7.30307 17.7055 16.4432 11.5761 10.0751 9.82623 7.11369 10.0889 7.46734 5.73457 10.4442
threshold=5.5000000000000009 4.3993921194182155 4.4202363959188444 108.88500000000001 109.13500000000001 5.5000000000000009 1.556365459177776 113.2 36.309523809523817 7.7805469535807026 4.5000000000000009 6.4531764519342607 7.5000000000000009 108.44500000000001 2.4725922564074669 11.978722360398985 9.6959963528099831 8.1553787475572985 8.6760952093232806 80.425000000000026 8.5000000000000018 8.3986255375568728 89.785000000000011 51.750000000000007 109.80500000000002 92.015000000000015 79.095000000000013 35.690476190476197 4.4844861831090101 34.133928571428577
decision_type=2 2 2 2 2 2 2 2 2 2 2 2 2 2 2 2 2 2 2 2 2 2 2 2 2 2 2 2 2 2
left_child=-1 3 -3 12 5 -5 -6 8 15 10 -9 -12 13 -2 -14 16 17 28 19 20 -19 -22 -21 24 -24 26 -20 -27 29 -4
right_child=1 2 7 4 6 -7 -8 9 -10 -11 11 -13 14 -15 -16 -17 -18 18 25 22 21 -23 23 -25 -26 27 -28 -29 -30 -31
leaf_value=-0.058582080740349152 0.0018535071973650773 -0.073660230685538453 -0.073422412009997884 0.0017924468552738286 -0.06095894368913151 0.15757800671949687 0.013278201867093145 -0.023221914358372873 -0.0073053835433054192 -0.064996851740167991 -0.0042789147841307855 0.18703587544738898 0.0081228423370919966 -0.050162443197492884 -0.016663234033330226 0.16630839659751032 -0.039045363734102168 0.020819418813494424 -0.04580423838549233 -0.091358350060509422 0.08942118072292321 0.53270587031652017 0.093623308947971995 0.0085021194594479075 0.34198721536672005 -0.11533926280065239 0.093978971655651486 0.054362412443996824 0.0026505845928981716 0.17253713682608182
leaf_weight=9.3288566088303906 2950.4613682553172 17.987161416560411 2.5870961397886267 5.7076248675584775 14.563707627356051 7.5129540637135506 347.26140775159001 77.972265645861626 544.48658298328519 25.676739819347858 6.7544119507074338 3.5747697427868843 140.25475332513452 24.052380278706551 359.03790692985058 2.1395215541124335 18.093016628175974 3.8488576523959663 7.8984132967889336 4.4604705385863808 1.5143634192645552 1.870262950658798 4.7427500486373884 7.0465745888650417 2.3986196145415306 6.9544341750442964 14.911094773560761 4.1344759911298752 150.72383168339729 5.1894285716116428
leaf_count=679 33471 211 33 48 109 58 2463 679 7009 235 46 27 1382 201 4991 26 233 53 106 50 21 25 42 59 21 66 157 40 1571 49
internal_value=-0.000211157 -9.68505e-05 -0.00524327 0.00112658 0.0131113 0.0903218 0.0102901 -0.00387131 -0.000807933 -0.0249159 -0.0132609 0.0619322 -0.000167335 0.0014329 -0.00970065 0.0140247 0.0126463 0.016931 0.0433383 0.0822423 0.167533 0.33437 0.0491591 0.0933356 0.177043 0.0136345 0.0455752 -0.0520664 0.00697112 0.0907113
internal_weight=4773.15 4763.82 914.965 3848.85 375.046 13.2206 361.825 896.978 783 113.978 88.3014 10.3292 3473.81 2974.51 499.293 238.513 236.374 218.281 59.7803 25.8819 7.23348 3.38463 18.6484 14.1879 7.14137 33.8984 22.8095 11.0889 158.5 7.77652
internal_count=54161 53482 10759 42723 2678 106 2572 10548 9561 987 752 73 40045 33672 6373 2552 2526 2293 640 271 99 46 172 122 63 369 263 106 1653 82
is_linear=0
shrinkage=0.1


Tree=33
num_leaves=31
num_cat=0
split_feature=3 13 11 13 10 9 1 12 10 12 10 12 10 9 6 11 6 6 9 1 11 1 6 14 12 11 9 10 10 12
split_gain=3.05415 2.81705 5.32816 7.12222 6.9149 7.4204 5.03748 5.27779 7.3915 4.81748 9.53434 7.8154 6.49287 6.91939 4.57884 6.8724 5.30597 4.18665 3.94991 3.94389 3.70635 6.05408 9.51881 6.48794 9.35676 6.01343 6.93837 10.9898 7.98592 9.53906
threshold=1.3566258340248767 4.5000000000000009 70.965000000000018 2.5000000000000004 2.9975854227911118 8.2449736388329509 26.585714285714293 44.605000000000011 2.9186637668997393 45.475000000000001 2.789036111602718 46.805000000000007 2.1005834945321031 3.4406928503788539 56.500000000000007 56.955000000000005 50.350000000000009 51.750000000000007 5.1513989058262597 30.055555555555561 90.585000000000022 36.472222222222229 33.600000000000001 1.0000000180025095e-35 93.015000000000015 86.935000000000016 10.338537599173831 2.8370515019077209 2.6776047778720709 78.605000000000004
decision_type=2 2 2 2 2 2 2 2 2 2 2 2 2 2 2 2 2 2 2 2 2 2 2 2 2 2 2 2 2 2
left_child=1 2 3 6 5 9 7 -1 -9 -5 12 -12 14 -14 16 -16 19 -10 -8 -11 25 -22 -23 24 -24 -4 28 -28 29 -27
right_child=-2 -3 20 4 -6 -7 18 8 17 10 11 -13 13 -15 15 -17 -18 -19 -20 -21 21 22 23 -25 -26 26 27 -29 -30 -31
leaf_value=-0.015489014678801247 -0.041202103000845119 -0.0019207242389855516 0.0033489401666764434 -0.059021428903335539 -0.080676886848962681 -0.09173171852301841 -0.058651111842706341 0.11375000584931017 0.05367066583038043 0.17595222654601428 0.31512418479854465 0.01588254712540826 0.11193781068028193 -0.081951591305427202 0.28538846003131335 0.032305027355306798 -0.058365163578234881 -0.10780395482888633 0.00090288752216193121 0.0080662086636055733 0.011509174366696295 0.069021160712573942 0.23923627927919744 -0.0086840150977862893 -0.034079178640545466 0.28274059716306205 -0.064832543736598608 0.11779161238445118 0.0085465113257944727 0.045872906306608549
leaf_weight=11.653995942324402 18.105864036828279 2992.1276005282998 424.76541089452803 9.7458921009674651 24.064327150583267 10.377371175214646 13.793876430019735 12.832869636826219 3.6702397540211669 2.4195580855011958 1.8877179138362401 1.62333108484745 2.2109395898878565 10.988505078479646 1.7547412924468506 2.7614953694865108 5.5363319208845496 2.8544656038284302 57.818798673339188 3.3181821433827281 333.76038989331573 16.67460429854691 2.5617269519716492 552.23534177802503 2.450942937284708 1.7666571512818325 4.1679822020232704 15.73493456840515 182.71456686779857 45.179751397110522
leaf_count=156 366 34635 4908 125 513 142 208 149 59 25 27 26 26 150 18 35 65 51 828 40 2989 168 31 5623 25 17 42 183 2086 445
internal_value=-0.000209102 -5.29599e-05 0.00311999 -0.0132169 -0.0362717 -0.0159658 0.00401142 0.0376792 0.0696885 0.00264518 0.0211369 0.17677 0.00228764 -0.0494746 0.0455568 0.130638 0.0114744 -0.0169722 -0.0105683 0.0788624 0.00497168 0.000799749 -0.00542824 -0.007656 0.105599 0.0105873 0.0229073 0.0795473 0.0179987 0.0547866
internal_weight=4771.56 4753.45 1761.32 179.313 76.6884 52.6241 102.624 31.0116 19.3576 42.2467 32.5008 3.51105 28.9898 13.1994 15.7903 4.51624 11.2741 6.52471 71.6127 5.73774 1582.01 907.683 573.923 557.248 5.01267 674.329 249.564 19.9029 229.661 46.9464
internal_count=54161 53795 19160 2643 1192 679 1451 415 259 537 412 53 359 176 183 53 130 110 1036 65 16517 8836 5847 5679 56 7681 2773 225 2548 462
is_linear=0
shrinkage=0.1


Tree=34
num_leaves=31
num_cat=0
split_feature=8 14 1 11 6 1 1 9 11 10 12 10 10 11 11 11 6 13 1 3 12 10 1 1 9 1 11 12 6 12
split_gain=2.8004 7.11094 7.27533 5.60966 6.15895 6.94166 8.81451 5.88357 5.42624 9.37679 6.1403 4.99003 13.6144 5.10772 18.2858 6.19931 6.12616 9.71108 6.68274 8.93328 5.48669 7.69713 7.77721 7.79123 4.07902 4.05683 8.56088 5.4462 3.79321 4.8583
threshold=3.5000000000000004 2.5000000000000004 42.055555555555564 73.965000000000018 54.550000000000004 34.56349206349207 33.690476190476197 5.3367601025878884 85.825000000000003 2.6236545628678161 83.475000000000009 4.3606704689502775 4.3993921194182155 88.335000000000022 86.675000000000026 93.365000000000023 47.300000000000004 10.500000000000002 36.866071428571438 0.80824829046386315 67.510000000000005 4.6935459376175634 40.56349206349207 43.690476190476197 8.9373763309523131 40.873015873015881 79.175000000000026 66.225000000000009 57.150000000000013 63.510000000000012
decision_type=2 2 2 2 2 2 2 2 2 2 2 2 2 2 2 2 2 2 2 2 2 2 2 2 2 2 2 2 2 2
left_child=-1 2 8 7 11 6 -6 -3 25 10 -10 -5 -13 14 20 -15 -17 18 -18 24 21 -14 -23 -24 -20 -2 27 -27 29 -9
right_child=1 3 -4 4 5 -7 -8 28 9 -11 -12 12 13 15 -16 16 17 -19 19 -21 -22 22 23 -25 -26 26 -28 -29 -30 -31
leaf_value=0.00054655702606824471 -0.048337127545249298 -0.1093755612408347 -0.0083550415374263973 -0.019162862253816092 -0.041653050916469911 -0.048597697268646878 0.18436603781123034 -0.10676375726037941 0.24328051259046785 0.035702468665735482 0.061331097328593778 0.24635509302580738 -0.0730851962452711 -0.094241465917521805 0.33266991683385011 -0.065986139608424726 -0.061489505122788335 0.2389279526152287 -0.10773216030287183 0.27398813530061789 -0.10750892152775933 0.33334479849093812 -0.10587823175366472 0.20510273076839552 0.12817582037557504 0.003522221266651992 -0.083127133625597871 0.19490709185581268 0.15022261606395446 0.057127648651179488
leaf_weight=4352.3866598336026 9.8046802207827586 2.4883935078978565 78.357657767832279 127.78994783759117 4.0589929297566405 88.741067565977573 3.0013347342610359 2.1352530745789435 4.1474016793072215 27.332572169601917 3.355277668684721 2.5096018724143496 2.998885300010441 7.6928374953568008 2.0426416210830203 6.6623021028935936 5.7122560627758485 2.2885690219700328 1.7229681834578516 1.8092873133718965 3.0410220697522163 1.3616320192813871 1.6249528117477896 1.5978153906762598 1.2755643874406812 2.5676385611295682 3.4293176531791687 3.532544307410717 3.373350001871585 11.827595401555298
leaf_count=48590 138 34 1026 1710 45 1297 33 39 34 302 31 33 56 124 31 85 61 30 26 20 49 22 32 25 21 29 39 33 31 135
internal_value=-0.000204533 -0.00801989 0.0111259 -0.0168993 -0.0207248 -0.041005 0.0544273 0.0344168 0.0393057 0.0628847 0.161911 -0.00930484 0.0204482 0.00621461 0.0586547 -0.0182391 0.0117889 0.0522428 0.0116308 0.0985063 0.00597225 0.0514801 0.132964 0.0483029 -0.0073778 -0.00317767 0.0432858 0.114351 0.0550564 0.0320647
internal_weight=4770.67 418.283 132.527 285.756 265.932 95.8014 7.06033 19.8246 54.1694 34.8353 7.50268 170.13 42.3403 39.8307 12.6669 27.1638 19.4709 12.8086 10.5201 4.80782 10.6243 7.58329 4.5844 3.22277 2.99853 19.3342 9.5295 6.10018 17.3362 13.9628
internal_count=54161 5571 1632 3939 3700 1375 78 239 606 367 65 2325 615 582 215 367 243 158 128 67 184 135 79 57 47 239 101 62 205 174
is_linear=0
shrinkage=0.1


Tree=35
num_leaves=31
num_cat=0
split_feature=0 10 13 9 6 6 12 13 9 1 1 3 10 6 9 9 11 2 10 9 13 9 6 12 11 11 12 1 12 12
split_gain=2.75008 4.06032 4.02253 4.99273 5.47083 5.83626 3.30113 3.75079 6.27239 7.21043 6.03311 5.45588 9.42841 11.0354 14.6651 5.3809 9.92627 13.9134 4.86307 6.19733 8.23578 5.39371 4.23426 4.06294 3.81219 7.35986 7.82752 4.37008 4.48923 12.1526
threshold=6.5000000000000009 31.00347230072823 10.500000000000002 7.5956484743743848 56.500000000000007 51.750000000000007 65.305000000000021 2.5000000000000004 8.2449736388329509 47.75714285714286 35.309523809523817 0.38633899812498257 2.3825954806548215 48.800000000000004 7.3573547299408011 11.424106235667432 75.575000000000003 2.5000000000000004 2.9754900127725308 7.6673172925358033 1.5000000000000002 4.6268951146083293 33.600000000000001 92.235000000000014 75.335000000000022 72.155000000000015 66.225000000000009 41.436507936507944 91.405000000000015 89.785000000000011
decision_type=2 2 2 2 2 2 2 2 2 2 2 2 2 2 2 2 2 2 2 2 2 2 2 2 2 2 2 2 2 2
left_child=1 2 6 -4 5 -5 -1 11 -9 10 -10 12 13 -8 -15 22 -17 -18 -14 21 -21 -20 -12 -13 25 -24 -27 28 29 -26
right_child=-2 -3 3 4 -6 -7 7 8 9 -11 15 23 18 14 -16 16 17 -19 19 20 -22 -23 24 -25 27 26 -28 -29 -30 -31
leaf_value=-0.044666927403028411 0.00025006632935346623 0.14715080598022018 -0.043041928292615217 0.084837850385071467 -0.04066735782674416 0.35489425312442419 0.41249517077629821 -0.045897160049446578 0.21998192076569745 0.26754997692872079 0.17548890264248423 0.0046749706447264073 -0.10654009196345948 0.25029094761071469 -0.106943736237585 -0.10549324749361984 0.53605766956952727 -0.0034780291620085434 0.14990390741883694 0.34002930204082321 -0.02190120281190458 -0.10633490286933159 -0.067881577831690715 -0.10536171935834189 -0.017057236653599133 0.38655121640297946 0.027195096323520008 -0.10572869934808318 -0.10594028454711853 0.32755943745328797
leaf_weight=35.90143721550703 4606.3637487795204 1.5688435779884446 3.1937424158677441 2.0899566318839793 1.5093417596071956 1.296798128634691 1.3425254113972176 46.775007534772158 1.2263905126601446 1.0594811495393504 1.0652131056413114 18.179974540136758 2.9655581787228567 2.512016398832202 2.1181180737912655 1.2129719946533435 0.93480046093463876 0.97801846079528332 1.168110176920891 1.3416544012725353 1.1831578947603703 2.7683165445923805 2.6138628860935595 4.1151049379259339 9.0133961513638514 1.0132477674633267 1.5086257494986055 7.8517793463543049 3.7502005277201524 1.1543347146362055
leaf_count=815 50557 28 78 41 27 22 20 1034 27 19 22 476 52 39 35 30 20 20 20 22 21 50 61 110 190 21 37 164 78 25
internal_value=-0.000202192 -0.0129507 -0.0145027 0.054227 0.117676 0.188243 -0.018119 -0.0100316 -0.0222654 0.0108472 0.00243301 0.0159835 0.0617603 0.160063 0.0868691 -0.00614674 0.118288 0.260195 -0.000522553 0.048137 0.170424 -0.0302976 -0.0200527 -0.015635 -0.0277944 0.0497039 0.171579 -0.0460771 -0.0124248 0.0220668
internal_weight=4769.78 163.412 161.843 8.08984 4.8961 3.38675 153.753 117.852 80.1573 33.3823 32.3228 37.6945 15.3995 5.97266 4.63013 31.0965 3.12579 1.91282 9.4268 6.46124 2.52481 3.93643 27.9707 22.2951 26.9054 5.13574 2.52187 21.7697 13.9179 10.1677
internal_count=54161 3604 3576 168 90 63 3408 2593 1748 714 695 845 259 94 74 668 70 40 165 113 43 70 598 586 576 119 58 457 293 215
is_linear=0
shrinkage=0.1


Tree=36
num_leaves=31
num_cat=0
split_feature=0 9 14 14 12 11 1 12 10 10 10 10 4 10 12 12 13 11 13 10 10 2 11 11 11 14 12 6 6 9
split_gain=2.70395 3.58545 3.00957 3.56697 4.66528 5.01678 3.33589 4.43954 3.22112 13.9235 3.14617 2.96005 4.25156 2.87708 4.10568 6.69266 4.01911 3.69637 3.66612 4.38345 9.70233 4.08503 5.72413 4.19747 4.66822 3.622 6.32009 11.3204 9.86484 8.38727
threshold=8.5000000000000018 10.662733075304805 14.500000000000002 11.500000000000002 96.490000000000023 107.87500000000001 31.309523809523814 95.905000000000015 1.556365459177776 1.6971861428700896 2.8476084014180665 3.4968662326588285 1.0000000180025095e-35 2.217553809432502 101.72500000000001 100.73500000000001 21.500000000000004 107.69500000000001 2.5000000000000004 1.0521504806652735 1.151144807570309 2.5000000000000004 83.870000000000019 85.335000000000022 97.015000000000015 7.5000000000000009 74.835000000000022 58.95000000000001 37.95000000000001 7.5754706191787733
decision_type=2 2 2 2 2 2 2 2 2 2 2 2 2 2 2 2 2 2 2 2 2 2 2 2 2 2 2 2 2 2
left_child=13 2 3 6 5 -5 7 -2 -8 -10 -6 -12 -13 14 15 16 18 -16 19 -1 -21 22 -22 -24 -25 -15 28 -28 -27 -29
right_child=1 -3 -4 4 10 -7 8 -9 9 -11 11 12 -14 25 17 -17 -18 -19 -20 20 21 -23 23 24 -26 26 27 29 -30 -31
leaf_value=-0.040910469376860055 0.1392314672667502 -0.080485471247778148 -0.061125270805322346 0.024550327617064355 0.069809217569476806 0.19821539294367557 -0.061488865984567445 0.013502663202724178 0.17545249987760492 0.0037800800519825206 -0.065903821235014745 -0.045670423065586427 0.10349500850416615 -0.0010642278483156736 -0.11475747489590658 0.12724808724790312 0.13710986188032301 -0.016415615725013748 0.0012317026710842354 0.17503488715784477 -0.0033341572459176429 0.014117271994980227 0.25588198706616477 -0.049571352255481475 0.17864949069552544 0.049292617540917794 -0.0086549135160134821 -0.0051559531073231456 -0.03364641078934804 0.093765592538166742
leaf_weight=11.151610213331876 4.2663172036409369 4.818687103688716 6.6037107557058325 3.2003000155091312 7.6464875787496593 3.4637685716152191 7.3616786897182456 8.2187692373990995 4.7590666413307181 648.63816529512405 5.6100930571556074 3.7794001922011375 3.864702895283699 2840.426582143642 4.3273372873663893 4.5427769273519507 2.311294841580092 32.734013706445694 536.43548513296992 4.1406794199720016 4.6538062635809165 116.65311453770846 2.1627031806856394 1.5774207292124631 2.0756208254024386 15.809198014438151 288.64710875228047 14.95473546721041 154.39325950946659 20.079502981156111
leaf_count=128 20 35 39 20 40 27 43 39 25 4163 29 25 23 35224 39 41 20 306 5485 40 77 1229 24 22 30 247 3449 166 2858 248
internal_value=-0.000201078 0.0054818 0.00606738 0.00670054 0.0419587 0.114816 0.00525696 0.0564658 0.00428936 0.00503047 0.0187285 -0.0107404 0.0297446 -0.00119872 0.00452098 0.00627319 0.00546639 -0.0278982 0.00501818 0.0192807 0.0243943 0.0194876 0.0793247 0.145469 0.0801014 -0.00243856 -0.0103426 -0.00213962 -0.0259426 0.0515399
internal_weight=4769.31 712.231 707.412 700.809 27.5648 6.66407 673.244 12.4851 660.759 653.397 20.9007 13.2542 7.6441 4057.08 722.766 685.705 681.162 37.0614 678.85 142.415 131.263 127.123 10.4696 5.81574 3.65304 3334.31 493.884 323.681 170.202 35.0342
internal_count=54161 4528 4493 4454 164 47 4290 59 4231 4188 117 77 48 49633 7441 7096 7055 345 7035 1550 1422 1382 153 76 52 42192 6968 3863 3105 414
is_linear=0
shrinkage=0.1


Tree=37
num_leaves=31
num_cat=0
split_feature=0 9 9 9 12 13 10 14 14 1 13 9 9 9 10 12 11 3 1 11 6 10 1 12 1 1 13 10 6 3
split_gain=2.64697 2.71911 7.79286 2.64269 3.3454 6.16857 3.21909 4.28505 6.7096 5.93395 3.99864 4.54643 7.98075 4.55841 3.26396 3.50035 7.53924 10.6709 10.1586 7.66666 7.86377 10.1316 7.64798 7.03862 12.5994 9.3456 8.83091 6.47277 6.179 6.73848
threshold=5.5000000000000009 10.525708164801435 11.234967243878055 10.525708164801435 45.255000000000003 8.5000000000000018 2.6387295953813545 9.5000000000000018 10.500000000000002 34.56349206349207 17.500000000000004 12.2332767698898 11.498397791513129 10.940469673698074 2.7770789233501048 67.795000000000016 89.305000000000021 0.98989794855663571 37.118055555555564 88.835000000000022 50.850000000000009 3.6976751291128331 40.56349206349207 66.805000000000021 36.94444444444445 36.354166666666679 7.5000000000000009 5.6913782326595586 48.800000000000004 0.49494897427831785
decision_type=2 2 2 2 2 2 2 2 2 2 2 2 2 2 2 2 2 2 2 2 2 2 2 2 2 2 2 2 2 2
left_child=1 -1 -3 -2 5 -5 7 9 -9 -6 14 12 13 -12 -8 23 17 18 -17 27 -21 -22 -19 24 25 26 -16 -20 29 -18
right_child=3 2 -4 4 6 -7 10 8 -10 -11 11 -13 -14 -15 15 16 28 22 19 20 21 -23 -24 -25 -26 -27 -28 -29 -30 -31
leaf_value=-0.075338966836827892 0.00061554727259872119 0.49079448699556827 -0.10203544936876059 -0.0033053445279661977 -0.1098797229668517 0.2547739997855244 -0.057783742468682613 0.22065508508700954 0.0089045100517500444 0.0083619443763945436 0.1409211032063 -0.10595425653438716 0.3007776267369125 -0.065380547855478241 0.24230282271964546 -0.070361926289351173 0.058960119159732254 0.044389480575948187 0.007894918878911689 -0.019066628312003016 0.091335229276962929 0.41933659945407342 0.32839615423254687 -0.067727888696647448 -0.020826573948130502 0.39477861840951123 -0.10634699432653479 0.17302637141201183 -0.037905300186482777 -0.062053237819539003
leaf_weight=7.7031460041180235 4365.331764344126 0.33738095220178355 0.64689115528017282 2.8485844843089572 4.4951149709522715 1.3723142147064207 17.250784534960985 2.3619028292596331 4.0835782065987587 76.057117816060781 1.9978296309709538 1.3348834328353403 1.4612724855542181 2.3088074624538422 1.4111370593309396 13.113898310810326 15.37140014767647 1.9630809240043157 55.838974989950657 2.2260443754494181 2.4902472198009491 1.514440670609474 1.834014158695936 30.680970523506403 67.514815904200077 1.1970634087920187 1.4973585605621336 2.4791130721569052 71.788413677364588 6.5674270614981642
leaf_count=621 47724 20 38 41 57 19 228 24 44 841 29 27 20 33 18 210 208 33 829 31 33 21 31 540 1221 22 28 34 1032 104
internal_value=-0.000192292 -0.0553407 0.10117 -9.16072e-05 -0.00794527 0.0806024 -0.00890646 0.00804149 0.0864991 0.00176362 -0.0137912 0.0603519 0.0988405 0.0303219 -0.015578 -0.0129542 -0.00437148 0.0178808 0.00987786 0.0261796 0.131616 0.215375 0.181566 -0.0276517 -0.0104837 0.159603 0.0628101 0.0149147 -0.0237113 0.0227346
internal_weight=4767.08 8.68742 0.984272 4758.39 393.061 4.2209 388.84 86.9977 6.44548 80.5522 301.842 7.10279 5.76791 4.30664 294.739 277.488 175.187 81.4598 77.6627 64.5488 6.23073 4.00469 3.7971 102.301 71.6204 4.10556 2.9085 58.3181 93.7272 21.9388
internal_count=54161 679 58 53482 5758 60 5698 966 68 898 4732 109 82 62 4623 4395 2566 1222 1158 948 85 54 64 1829 1289 68 46 863 1344 312
is_linear=0
shrinkage=0.1


Tree=38
num_leaves=31
num_cat=0
split_feature=10 10 11 1 2 9 12 10 10 10 9 11 6 6 13 10 9 6 4 9 14 10 10 11 9 9 9 10 9 12
split_gain=2.67455 7.41277 4.91841 5.59723 6.54243 9.32533 5.77257 5.90318 7.50356 10.0089 6.5136 6.30017 5.73973 5.79761 9.99879 9.72696 5.42356 5.2698 4.79988 5.63132 4.82005 4.80402 8.7521 4.69782 4.68012 8.94954 7.29413 6.85514 6.55567 5.04158
threshold=4.3993921194182155 4.4202363959188444 113.53000000000002 37.94444444444445 3.5000000000000004 9.3891353904573549 67.205000000000013 5.7808712570605296 5.1158347609433843 4.8998852378290509 10.525708164801435 93.715000000000018 57.050000000000004 53.100000000000009 5.5000000000000009 5.2326479442587726 7.7805469535807026 51.750000000000007 1.0000000180025095e-35 4.3902878314162148 4.5000000000000009 6.4964865330612405 5.486676625372426 115.62500000000001 9.3645008603593443 8.1553787475572985 8.7651535020575846 6.0616039096879399 11.978722360398985 71.295000000000016
decision_type=2 2 2 2 2 2 2 2 2 2 2 2 2 2 2 2 2 2 2 2 2 2 2 2 2 2 2 2 2 2
left_child=-1 -2 3 24 -5 12 -7 8 9 10 11 -8 13 -6 15 -15 18 -10 -4 -20 -21 22 -22 -24 25 29 27 -27 -26 -3
right_child=1 2 16 4 5 6 7 -9 17 -11 -12 -13 -14 14 -16 -17 -18 -19 19 20 21 -23 23 -25 28 26 -28 -29 -30 -31
leaf_value=0.00096201906089690584 -0.070533415927786822 0.046827413416945407 -0.03055807482836187 -0.016034693359825387 -0.00078406091911007922 -0.0033399530527511568 0.34791782319922943 -0.029674953769506074 0.397413552980034 -0.072893722303010222 0.005151863133123955 0.082978590949372974 -0.053996374392786331 0.34493478429509389 -0.028983232030570266 0.038873997796855603 -0.06878658431798404 0.15059993242525957 -0.11866930149178823 -0.083984076004673613 0.01774758392233667 -0.057587664300664476 0.066777843552932245 0.22830001369357189 -0.029148788972832802 0.076372926390996784 0.0067681743298602676 -0.048449090879713441 0.091689386564522413 -0.0027336160503875994
leaf_weight=3853.5115808350965 16.969674445688725 22.680665425024927 52.244808312505484 318.24105791375041 43.905730916187167 6.6726247556507614 2.1869560182094561 2.504413064569234 1.5785427577793592 2.6438212245702744 1.7504664137959478 1.5223390907049177 16.790771939791739 2.1710841730236998 3.6038785763084888 1.9903379864990709 21.717638120055199 1.9139934256672857 2.6456189751625088 3.035946853458884 12.226942583918577 3.5127318985760203 3.2524591684341422 4.0340164750814438 52.595896449871361 45.400995325297117 39.294055759906769 4.8719524331390849 4.9086098931729785 215.96748667024076
leaf_count=43299 213 297 455 4470 498 103 29 34 21 33 27 16 181 20 42 22 207 24 22 27 93 35 27 32 676 462 444 64 69 2219
internal_value=-0.000190905 -0.00505794 -0.00381769 -0.00115192 -0.00932492 0.0146043 0.0732907 0.109554 0.139623 0.0868138 0.16415 0.239184 -0.0032027 0.013303 0.0929523 0.198551 -0.0244126 0.262154 -0.0125081 0.0203409 0.0344522 0.0500677 0.0694474 0.156201 0.00748207 0.0120927 0.0390469 0.0642764 -0.018834 0.00197657
internal_weight=4766.35 912.836 895.866 793.196 407.476 89.235 20.7732 14.1005 11.5961 8.10358 5.45976 3.7093 68.4618 51.671 7.7653 4.16142 102.67 3.49254 80.9525 28.7077 26.0621 23.0262 19.5134 7.28648 385.72 328.215 89.567 50.2729 57.5045 238.648
internal_count=54161 10862 10649 9751 5520 1050 287 184 150 105 72 45 763 582 84 42 898 45 691 236 214 187 152 59 4231 3486 970 526 745 2516
is_linear=0
shrinkage=0.1


Tree=39
num_leaves=31
num_cat=0
split_feature=3 1 1 1 5 10 1 11 13 11 11 12 14 9 6 1 10 3 6 7 10 9 13 10 1 10 9 13 13 6
split_gain=2.51739 6.77417 6.0504 7.27774 7.59998 7.58228 6.04619 6.20554 5.51879 5.32289 6.72579 5.04054 10.7387 5.15342 9.28436 5.0306 6.68447 6.48912 4.6792 4.53963 11.1509 7.23817 6.818 7.68634 6.14191 4.11496 3.93728 3.88025 4.31363 3.66108
threshold=0.49494897427831785 46.75714285714286 44.464285714285722 44.242857142857154 334.00000000000006 4.5943230275639353 48.309523809523817 71.595000000000013 4.5000000000000009 80.385000000000005 86.675000000000026 66.635000000000005 1.5000000000000002 8.7651535020575846 56.500000000000007 47.75714285714286 3.6492311174508587 0.78188130791298682 63.20000000000001 1.0000000180025095e-35 3.8893777373224179 6.4791657917052552 2.5000000000000004 2.8370515019077209 45.464285714285722 1.6302134570671527 7.1198748430031626 1.5000000000000002 8.5000000000000018 57.400000000000013
decision_type=2 2 2 2 2 2 2 2 2 2 2 2 2 2 2 2 2 2 2 2 2 2 2 2 2 2 2 2 2 2
left_child=1 2 3 18 -5 8 15 -8 -6 11 -11 13 -13 14 -3 -2 17 -17 -1 20 25 -22 23 -21 -23 -4 -14 -19 -29 -25
right_child=6 9 19 4 5 -7 7 -9 -10 10 -12 12 26 -15 -16 16 -18 27 -20 22 21 24 -24 29 -26 -27 -28 28 -30 -31
leaf_value=0.00044599272343467217 -0.0029317108720690417 -0.075665110323301879 0.11815605068738196 0.21121582087561103 -0.072940244910660548 0.23021511974333025 0.017287436348984688 -0.08235528302711731 0.065702081940786236 -0.068788062891290247 0.090199145491421773 0.31084923372493628 0.15223461349337852 0.15323013845333833 0.15316386618308681 0.25550059328128411 -0.1095192674662465 0.1755897102725614 0.017233595949886472 0.094962864127581176 -0.026737978020634531 0.096755035028747133 -0.063269521049622954 -0.092618419096502022 0.33119695655148085 -0.043207889266033403 -0.030758563294795857 -0.017464440233260749 0.15750384806319467 0.081135487959614741
leaf_weight=2700.6323874313384 1717.8713401891291 5.4647653773427063 1.7230403684079707 3.0273170927539477 4.97740206774324 1.7485242001712329 9.370658599771561 18.768488298170269 6.7848442392423749 6.6670487942174059 4.428118534386158 2.5817841449752441 2.2615259001031518 2.9370842697098842 2.6246856516227126 1.8948499150574196 2.0546669205650678 2.078936990350484 176.90923467092216 6.6999000888317806 2.3847583457827559 2.9026685878634453 40.398611506447196 5.524162002839148 1.8169459402561186 19.082942130975425 2.4490684326738119 6.2011494403704983 1.8233510516583917 1.5537417214363811
leaf_count=29603 20536 67 18 25 52 19 147 297 83 72 47 30 26 28 31 24 31 26 1881 68 29 36 521 70 27 227 28 74 20 18
internal_value=-0.000187928 0.00157086 0.0010989 0.00185825 0.0680054 0.0359167 -0.00319134 -0.0491731 0.00703314 0.0493254 -0.00533573 0.0824319 0.146934 0.0397736 -0.00141976 -0.00244426 0.0571435 0.0856839 0.00147808 -0.0256732 0.00709074 0.11526 -0.0425524 0.0181935 0.18701 -0.0298446 0.0570953 0.0538357 0.0222924 -0.054476
internal_weight=4765.64 3005.58 2976.17 2894.08 16.5381 13.5108 1760.06 28.1391 11.7622 29.4141 11.0952 18.3189 7.29238 11.0265 8.08945 1731.92 14.053 11.9983 2877.54 82.0868 27.9104 7.10437 54.1764 13.7778 4.71961 20.806 4.71059 10.1034 8.0245 7.0779
internal_count=54161 33006 32677 31663 179 154 21155 444 135 329 119 210 84 126 98 20711 175 144 31484 1014 337 92 677 156 63 245 54 120 94 88
is_linear=0
shrinkage=0.1


Tree=40
num_leaves=31
num_cat=0
split_feature=0 6 12 13 14 1 9 13 6 12 12 1 10 11 10 11 9 1 6 12 6 1 10 1 4 10 9 10 9 1
split_gain=2.4723 3.60906 4.90741 3.90121 6.00658 7.27975 7.85699 3.26583 4.91734 5.33456 12.0329 4.11909 4.48185 3.75518 7.82254 11.8326 10.357 11.667 6.66301 5.73419 12.5151 5.54854 4.97809 8.58429 4.71201 14.1696 7.03935 4.70628 4.2048 9.51851
threshold=6.5000000000000009 60.900000000000013 45.255000000000003 4.5000000000000009 2.5000000000000004 42.154761904761912 5.3367601025878884 10.500000000000002 56.500000000000007 63.905000000000008 65.685000000000016 38.81666666666667 2.929067902158756 87.165000000000006 2.929067902158756 102.27500000000002 7.6243470962211024 43.154761904761912 46.500000000000007 89.785000000000011 51.750000000000007 35.788888888888899 3.1916472619582339 24.773809523809529 1.0000000180025095e-35 3.0973184583636377 11.853699985261796 2.3045744217142707 9.5254758037234382 40.154761904761912
decision_type=2 2 2 2 2 2 2 2 2 2 2 2 2 2 2 2 2 2 2 2 2 2 2 2 2 2 2 2 2 2
left_child=1 7 -3 4 5 -4 -7 13 9 -9 -11 -12 -13 22 -15 16 18 19 -16 28 -21 -20 23 -1 25 26 27 -25 -18 -30
right_child=-2 2 3 -5 -6 6 -8 8 -10 10 11 12 -14 14 15 -17 17 -19 21 20 -22 -23 -24 24 -26 -27 -28 -29 29 -31
leaf_value=0.21968631925936483 0.00024276530035038954 0.2854860715892959 0.3028396348485467 -0.044888390612978196 -0.061000413101309825 0.33527518011887714 -0.057923895157575636 -0.10700166917566807 -0.10628291824159015 0.41885035132368192 0.24040827891376565 0.14216021834959025 -0.10716633604377895 -0.050332863610282025 0.1839220333451613 -0.05105814167400468 -0.017190132140188576 0.46478600826287747 0.12801950310956553 0.059690326404680596 0.47631532062079529 -0.074502819013018515 -0.068252812377162173 0.014124754911327024 -0.046793708781125438 0.36688270476766677 0.23354403631093668 -0.074086302145710756 0.33882015577156904 -0.034263879473644961
leaf_weight=1.4958405420184124 4602.9681462906301 0.76279167830943961 1.70134121365845 4.8268462810665369 2.2214193623512983 0.67514107283204827 2.0551854325458407 1.1457141991704691 1.6612225677818058 1.1328445374965666 0.86589985527098212 1.2037792745977642 1.7976126428693531 17.864509533159435 1.7282329238951266 10.91716710384935 3.3874755818396789 1.0500857718288887 1.7102693915367106 1.8072191504761579 1.199614788405597 6.472241603769362 26.768224313855171 17.271526521071802 35.906688504852355 1.0568477418273676 1.1730980230495323 9.3077393770217878 1.3475228389725091 1.388457342982292
leaf_count=17 50557 12 29 105 53 15 50 23 34 18 19 28 33 382 45 228 74 19 35 38 25 149 655 338 880 21 24 200 28 27
internal_value=-0.000184436 -0.01233 0.0398716 0.0235516 0.0732051 0.140477 0.0393043 -0.0166003 0.0463676 0.087629 0.132226 0.0482652 -0.00716802 -0.0200658 0.002376 0.0327427 0.0782786 0.14912 0.00550995 0.112815 0.225908 -0.0321726 -0.0318618 -0.0171496 -0.0226238 0.0075007 -0.00618505 -0.0167657 0.0572818 0.149487
internal_weight=4764.87 161.903 12.2427 11.4799 6.65309 4.43167 2.73033 149.66 7.80707 6.14585 5.00014 3.86729 3.00139 141.853 48.8728 31.0083 20.0911 10.1804 9.91074 9.13029 3.00683 8.18251 92.98 66.2117 64.7159 28.8092 27.7524 26.5793 6.12346 2.73598
internal_count=54161 3604 264 252 147 94 65 3340 155 121 98 80 61 3185 1050 668 440 211 229 192 63 184 2135 1480 1463 583 562 538 129 55
is_linear=0
shrinkage=0.1


Tree=41
num_leaves=31
num_cat=0
split_feature=12 10 12 6 12 10 5 13 1 10 12 9 13 10 10 10 10 13 11 1 12 1 9 9 12 12 9 9 10 1
split_gain=2.32366 6.35839 4.85494 4.00563 7.19513 4.28733 4.59923 3.98271 4.52041 3.60202 5.25825 5.27005 4.48937 4.41804 4.20882 4.95442 8.95284 8.06375 4.79619 5.48807 4.11001 5.38633 5.76834 5.59664 4.28164 8.38406 3.91715 4.82918 3.78064 3.76032
threshold=63.905000000000008 7.7492334478000986 62.545000000000009 35.900000000000006 46.805000000000007 3.2471029473533339 334.00000000000006 10.500000000000002 39.690476190476197 2.2882162211530512 44.390000000000008 10.163627154119562 4.5000000000000009 3.4749303325839453 4.3014112506224338 2.5689686182513953 2.6515274765519288 8.5000000000000018 55.675000000000004 26.585714285714293 44.390000000000008 25.154761904761909 3.7615744676690919 3.9923387854112153 49.050000000000004 46.155000000000008 4.5529813735505575 2.9863459728144783 3.3216989137052688 28.071428571428573
decision_type=2 2 2 2 2 2 2 2 2 2 2 2 2 2 2 2 2 2 2 2 2 2 2 2 2 2 2 2 2 2
left_child=2 -2 3 4 -1 6 -6 8 -4 20 11 13 -13 28 15 17 18 -12 19 -17 26 24 -23 -24 25 -22 27 -5 29 -11
right_child=1 -3 7 9 5 -7 -8 -9 -10 10 14 12 -14 -15 -16 16 -18 -19 -20 -21 21 22 23 -25 -26 -27 -28 -29 -30 -31
leaf_value=-0.00593376702214987 0.00060047165558915977 -0.10761041858939094 0.069633679312472926 -0.057582037880038184 -0.058827929285228092 0.24168053694473796 0.13123656747313736 -0.10630692589241003 -0.03594874196347158 0.10112726612919019 -0.076437074052697174 0.21586452735206701 0.032504314260348 -0.0088590108411140539 -0.093849358595066323 0.16203108083883472 -0.01770985137853134 0.10165031128990665 0.20590906874102277 -0.045222020459074877 0.037550155065398605 -0.071995759485454919 0.17004194124477209 0.015726791297398856 -0.016088002900242503 0.30361880463613949 -0.11155609685337656 0.13377630474833055 0.20314141969296373 -0.033501971273319657
leaf_weight=13.389901570975782 4377.0890982504934 5.4368080310523501 4.5147102409973732 3.7375556007027608 1.8528074882924555 1.9822471216320989 4.0695699118077746 7.0113619025796643 39.826214410830289 4.2946293503046018 24.279525274410847 2.1502599883824578 3.5230989865958691 58.07259295322001 7.9682217622175804 2.1478017829358569 111.13285603467375 2.839958779513835 2.5379386488348246 3.1537294732406735 2.6433162819594136 7.3056983649730673 2.4566778726875773 54.238823113031685 2.0451315343379974 2.1456567849963903 4.9095940478146076 2.0378563180565834 1.6187356896698464 4.0135051682591438
leaf_count=181 48243 88 76 42 22 23 44 135 647 63 329 29 51 842 158 24 2130 37 36 46 27 76 24 577 20 21 55 22 33 60
internal_value=-0.00018569 0.000466229 -0.00766684 -0.00322278 0.0387281 0.114382 0.0717752 -0.0362726 -0.0251985 -0.00611143 -0.0125685 0.00940498 0.102 0.00167958 -0.0230764 -0.0192163 -0.010424 -0.0577877 0.0928605 0.0387421 0.0119269 0.0206476 0.0116367 0.0224134 0.105034 0.15676 -0.0458862 0.00993883 0.0633307 0.0360904
internal_weight=4764.43 4382.53 381.9 330.548 21.2945 7.90462 5.92238 51.3523 44.3409 309.253 227.733 73.6728 5.67336 67.9995 154.06 146.092 118.972 27.1195 7.83947 5.30153 81.5203 70.8353 64.0012 56.6955 6.8341 4.78897 10.685 5.77541 9.92687 8.30813
internal_count=54161 48331 5830 4972 270 89 66 858 723 4702 3838 1078 80 998 2760 2602 2236 366 106 70 864 745 677 601 68 48 119 64 156 123
is_linear=0
shrinkage=0.1


Tree=42
num_leaves=31
num_cat=0
split_feature=0 9 8 10 12 12 11 6 10 10 3 10 12 11 9 3 11 0 14 1 6 9 3 1 12 12 1 13 1 12
split_gain=2.30146 2.25516 3.56015 3.4767 7.78703 3.29196 4.27379 3.85602 3.14222 4.11882 9.55999 4.11619 4.32466 3.46683 4.15383 2.85881 2.84604 5.34412 6.10455 11.3545 6.39956 5.15941 4.2768 4.73007 4.13645 6.67676 6.65339 14.7859 6.36901 6.1672
threshold=5.5000000000000009 10.525708164801435 2.5000000000000004 2.1005834945321031 82.215000000000018 94.465000000000018 105.45500000000001 50.850000000000009 5.6167189844607472 5.8667303036588256 0.49494897427831785 6.0616039096879399 76.195000000000007 87.355000000000004 10.992175220301112 0.49494897427831785 73.665000000000006 6.5000000000000009 2.5000000000000004 42.414285714285718 47.300000000000004 11.108922649004954 0.46157923612182866 42.309523809523817 67.795000000000016 66.635000000000005 39.414285714285718 13.500000000000002 46.585714285714296 67.895000000000024
decision_type=2 2 2 2 2 2 2 2 2 2 2 2 2 2 2 2 2 2 2 2 2 2 2 2 2 2 2 2 2 2
left_child=-1 -2 3 4 -3 6 8 -7 16 10 -10 -11 13 14 -13 -15 17 -4 20 -20 -19 -21 23 -18 25 26 27 -24 -28 -26
right_child=1 2 5 -5 -6 7 -8 -9 9 11 -12 12 -14 15 -16 -17 22 18 19 21 -22 -23 24 -25 29 -27 28 -29 -30 -31
leaf_value=-0.05295814095515114 0.00056259771177213653 -0.053081676305399533 -0.10537301937262458 -0.050422068842718132 0.19962328367330862 0.14960356221750956 -0.11094692320790821 -0.011414442281068787 -0.021835874387767486 -0.10856443804521337 0.27392613645340841 0.21088324882720172 0.20728365087941994 0.023713486310875331 0.017914149049174086 -0.10756938695144441 0.012320288011201297 0.15747477261119081 -0.019544484462278539 0.31063507150932917 -0.049101596806889657 0.11352095485852459 0.016075655538513648 0.20373234717223274 0.11243605562141666 -0.061385546864897722 -0.03058390035171183 0.35304519786392191 0.15825949910845527 -0.0056098223231666432
leaf_weight=8.2479361672885698 4364.8992931116372 3.4107016921043387 2.6511064209044006 30.49814261123538 1.897948697209358 2.9867900982499114 3.8084970265626898 2.9623935334384441 2.2854229919612434 2.4698848128318778 2.0944284163415432 1.5546675845980624 1.2726210318505753 3.7326120473444462 3.9490229487419128 2.9853332675993443 3.9203927032649508 1.8509476780891434 4.2820442989468557 2.3311362043023109 7.9014053158462048 3.0855179876089096 8.9223381932824832 1.9248812682926653 4.5269941017031661 37.069211412221193 44.732873765751719 1.5246811471879471 1.8602149132639159 197.88268579542637
leaf_count=679 47724 41 57 445 17 28 47 33 33 38 33 20 21 51 57 51 50 21 48 22 90 34 160 33 70 653 830 30 26 2719
internal_value=-0.000180205 -8.86629e-05 -0.0073706 -0.0374217 0.0372654 -0.00433583 -0.00559456 0.0694247 -0.00443092 0.0336928 0.119596 0.0101247 0.0318486 0.0135808 0.0724235 -0.0346262 -0.00682127 0.0278192 0.0459728 0.102149 -0.00989444 0.198352 -0.00935341 0.0753533 -0.0110232 -0.0283448 -0.00687227 0.0652544 -0.0230444 -0.00296967
internal_weight=4763.52 4755.27 390.375 35.8068 5.30865 354.568 348.619 5.94918 344.81 20.344 4.37985 15.9641 13.4943 12.2216 5.50369 6.71795 324.466 22.1022 19.4511 9.6987 9.75235 5.41665 302.364 5.84527 296.519 94.1093 57.0401 10.447 46.5931 202.41
internal_count=54161 53482 5758 503 58 5255 5194 61 5147 304 66 238 200 179 77 102 4843 272 215 104 111 56 4571 83 4488 1699 1046 190 856 2789
is_linear=0
shrinkage=0.1


Tree=43
num_leaves=31
num_cat=0
split_feature=10 10 11 9 11 1 2 10 12 12 1 13 6 13 13 12 6 12 2 10 9 11 4 14 4 6 14 14 10 6
split_gain=2.24028 6.38179 4.46479 6.47188 13.2023 4.75859 6.94255 4.67288 4.45758 7.24134 4.74159 5.08156 5.16684 10.0208 7.4754 11.9513 6.12091 8.2769 7.14187 5.50824 5.43903 4.26356 4.24405 7.3821 4.0338 3.9165 3.89408 3.70321 4.55543 5.01026
threshold=4.3993921194182155 4.4202363959188444 108.88500000000001 9.1094447361590465 113.2 36.236111111111121 3.5000000000000004 1.556365459177776 91.895000000000024 90.52500000000002 40.585714285714296 11.500000000000002 57.150000000000013 6.5000000000000009 2.5000000000000004 91.52500000000002 51.750000000000007 91.52500000000002 3.5000000000000004 4.6439714378907828 8.5339273427083633 108.44500000000001 1.0000000180025095e-35 5.5000000000000009 1.5000000000000002 51.750000000000007 5.5000000000000009 7.5000000000000009 1.556365459177776 48.800000000000004
decision_type=2 2 2 2 2 2 2 2 2 2 2 2 2 2 2 2 2 2 2 2 2 2 2 2 2 2 2 2 2 2
left_child=2 -2 21 7 5 6 -5 24 9 -3 11 12 14 -14 15 -11 19 22 -19 -16 26 27 23 -18 -4 -7 -21 -1 29 -29
right_child=1 8 3 4 -6 25 -8 -9 -10 10 -12 -13 13 -15 16 -17 17 18 -20 20 -22 -23 -24 -25 -26 -27 -28 28 -30 -31
leaf_value=0.0014016655341577509 -0.067251448133817379 -0.002036474430646841 -0.080492517085628615 0.20688084637903603 0.29204026437140057 0.052108552445083139 -0.014164236955268042 0.01072159308087112 -0.013519980002930818 0.27158469430451421 -0.11205440935729521 -0.11384393811368634 -0.086105765083057229 0.12809253690376898 -0.11524230736610341 -0.020590397503466695 -0.090073014283765185 0.31435279947033307 0.077675576093012524 0.052260074550545266 0.14087170121180079 -0.038373495444981059 0.15384531977786775 0.10087532730832188 0.043014275549690131 -0.090962783648791345 -0.060677734028118026 0.073663457392302276 -0.011008358657313134 -0.00034360353660756741
leaf_weight=2961.3114530234598 15.993936644867061 540.74532523658127 10.239993825554846 3.0702229887247068 2.3597819879651061 4.0219137407839298 2.6449406370520592 349.12187329307199 297.34651241451502 3.8847199566662303 2.0774082653224459 2.0129653327167025 6.7140037165954691 3.2371338978409767 3.059669557958844 2.188838274218142 4.0086159706115705 2.5664343088865271 2.5336465090513229 6.5875253193080407 3.5232293643057337 29.0841274112463 2.5707363188266745 4.0907880179584026 3.5651119351387015 3.6495341472327709 5.6900569126009941 13.493014909327028 442.87996658775955 28.405646524392068
leaf_count=34033 213 7392 83 29 17 33 18 2438 2715 39 24 21 66 28 32 26 39 26 20 66 36 246 24 35 25 35 60 113 5980 249
internal_value=-0.000176118 -0.00464224 0.000877103 0.0111883 0.0739511 0.0355065 0.104583 0.0084652 -0.00352068 0.00147226 0.0361294 0.0419743 0.0481662 -0.0164264 0.0639575 0.166288 0.0460106 0.091987 0.196775 0.0075674 0.0313483 -0.00024646 0.0419008 0.00636978 -0.0485974 -0.0159547 -8.1058e-05 7.53226e-05 -0.00802676 0.0234896
internal_weight=4762.68 908.832 3853.85 378.673 15.7464 13.3866 5.71516 362.927 892.838 595.491 54.7458 52.6684 50.6554 9.95114 40.7043 6.07356 34.6307 15.7702 5.10008 18.8605 15.8008 3475.17 10.6701 8.0994 13.8051 7.67145 12.2776 3446.09 484.779 41.8987
internal_count=54161 10862 43299 2678 132 115 47 2546 10649 7934 542 518 497 94 403 65 338 144 46 194 162 40621 98 74 108 68 126 40375 6342 362
is_linear=0
shrinkage=0.1


Tree=44
num_leaves=31
num_cat=0
split_feature=13 6 0 6 12 1 9 11 11 11 9 9 9 12 10 12 1 11 10 10 1 12 1 13 12 1 6 13 12 12
split_gain=2.14722 3.87973 3.12051 4.39778 4.29145 6.22706 5.7103 4.76409 5.08054 3.91121 4.68082 4.28417 4.6786 4.13054 4.10811 3.91003 3.70275 5.1039 4.38613 6.96581 8.48811 7.79614 6.68099 7.05092 5.92826 4.75008 4.92494 4.33645 7.88713 4.91696
threshold=1.0000000180025095e-35 33.600000000000001 6.5000000000000009 58.95000000000001 66.225000000000009 47.309523809523817 7.8465215615376245 84.405000000000015 86.105000000000004 70.965000000000018 2.2337839424508461 6.3668603578243887 6.4245332782613902 67.015000000000015 3.760927751335323 90.855000000000004 48.154761904761912 71.865000000000023 3.0301555829919526 3.1916472619582339 44.154761904761912 90.52500000000002 35.154761904761912 10.500000000000002 66.915000000000006 37.154761904761912 53.100000000000009 2.5000000000000004 78.52500000000002 79.015000000000015
decision_type=2 2 2 2 2 2 2 2 2 2 2 2 2 2 2 2 2 2 2 2 2 2 2 2 2 2 2 2 2 2
left_child=1 -1 3 9 5 6 -5 -6 -9 10 -2 -11 -13 -12 16 -16 18 -18 25 20 21 24 -21 -24 -20 -14 27 28 -27 -29
right_child=2 -3 -4 4 7 -7 -8 8 -10 11 13 12 14 -15 15 -17 17 -19 19 22 -22 -23 23 -25 -26 26 -28 29 -30 -31
leaf_value=0.14384232210154085 0.20099398440532978 0.011176149463207285 -2.4043122203747216e-05 -0.059331565416928772 -0.10616925716642833 0.31373204178161929 0.18739697318796672 0.19855937160378664 -0.0016431020588833735 -0.045419330039823652 -0.092151624868651666 0.22362706846304048 -0.105757585087912 0.073826467895209788 -0.058154608602269835 0.066683327681819768 0.31064450218040435 -0.010108968643501798 0.092859677038116595 0.22858539940085071 -0.10611322783131323 0.017819378079962565 -0.047437856582975009 0.20319431759345041 0.39093730482719752 -0.024670467780695739 -0.058138227137949576 0.038981570178818065 0.22221848209566622 -0.072336652845305327
leaf_weight=2.2533035743981591 0.63589032739401119 101.47266801819205 4512.0076318886131 2.1170338867232199 3.0394067643210274 1.1709816036745904 1.684362733736634 1.6278303004801271 5.7274396670982242 31.505455781705678 14.918814721517267 0.90881597995757957 4.9915566612035027 1.6668799249455322 18.92137461388484 2.8924542767927042 0.95120953116565843 1.0368345780298112 1.0004860134795337 1.1925068506970991 1.1578114740550516 1.5902560222893951 10.271149055100976 1.2601797375828017 2.0030326405540109 2.4603530215099481 10.421823678538201 11.698378593660893 2.7293717321008444 6.0046106204390517
leaf_count=24 10 1158 49681 49 70 18 30 32 124 749 372 18 114 43 444 59 20 28 19 23 24 33 234 17 38 59 230 258 54 129
internal_value=-0.000172083 0.0140581 -0.000488994 -0.0148988 0.0356952 0.112102 0.0499915 -0.000854415 0.0426647 -0.0208693 -0.0652625 -0.0141035 -0.00199658 -0.0754707 -0.00454116 -0.0416014 0.00921472 0.14336 0.00451799 0.0445377 0.135866 0.196854 0.0032545 -0.020048 0.291646 -0.0147839 -0.00115325 0.024789 0.105173 0.00122396
internal_weight=4761.32 103.726 4657.59 145.586 15.3671 4.97238 3.8014 10.3947 7.35527 130.219 17.2216 112.998 81.4922 16.5857 80.5834 21.8138 58.7696 1.98804 56.7815 18.4754 5.75159 4.59377 12.7238 11.5313 3.00352 38.3061 33.3145 22.8927 5.18972 17.703
internal_count=54161 1182 52979 3298 323 97 79 226 156 2975 425 2550 1801 415 1783 503 1280 48 1232 388 114 90 274 251 57 844 730 500 113 387
is_linear=0
shrinkage=0.1


Tree=45
num_leaves=31
num_cat=0
split_feature=8 14 1 10 9 13 10 10 13 13 9 6 13 13 6 6 12 10 11 6 11 9 10 10 12 10 14 9 9 10
split_gain=2.15504 5.73977 5.80751 6.05615 4.84515 6.59513 10.0603 7.65047 5.08939 4.77827 4.37769 8.14141 4.51895 4.3719 4.99921 4.9647 4.60566 4.63633 4.31469 5.32235 6.56478 4.80837 4.32332 7.79339 4.5093 4.29935 4.17252 4.90031 7.63075 5.01958
threshold=3.5000000000000004 2.5000000000000004 42.746031746031754 4.5709051034573394 10.454631369955582 9.5000000000000018 3.4642718703691817 2.740591326031947 5.5000000000000009 6.5000000000000009 9.1094447361590465 37.95000000000001 10.500000000000002 1.5000000000000002 50.850000000000009 46.500000000000007 62.545000000000009 1.7567519879882687 73.965000000000018 55.45000000000001 116.72500000000001 5.3367601025878884 4.3606704689502775 4.3993921194182155 100.29500000000002 4.5943230275639353 8.5000000000000018 8.4424302226932557 8.6508226951278093 5.0341794800908302
decision_type=2 2 2 2 2 2 2 2 2 2 2 2 2 2 2 2 2 2 2 2 2 2 2 2 2 2 2 2 2 2
left_child=-1 2 3 4 5 8 7 -7 -2 -5 13 -12 25 14 15 -4 -15 -18 21 22 -21 -3 -20 -24 26 -13 27 29 -29 -25
right_child=1 18 10 9 -6 6 -8 -9 -10 -11 11 12 -14 16 -16 -17 17 -19 19 20 -22 -23 23 24 -26 -27 -28 28 -30 -31
leaf_value=0.00048713988100679902 0.066875065111527479 -0.1085959410381787 0.01302886816052207 -0.10935103067348627 -0.042940139448915574 0.17049964298511078 0.25434247273684657 -0.075019895085565391 -0.0033752539256499455 0.035105172447335541 0.23901150930538251 -0.029381824087422244 0.18292914412320932 0.11920180069664517 -0.019720616928392453 0.26139998835584854 0.025623334847837638 -0.063274876965180235 -0.0178668497505747 -0.043908807106185853 0.12445790790879313 0.046231608334483164 0.1696422708706205 -0.084483503111699138 0.18951201124829339 0.12357360917099694 -0.088088637711042445 0.28635794244685786 0.031313030793808476 0.023110044426137327
leaf_weight=4347.2551801539958 23.948891290463507 2.2553076464682844 1.6087704710662349 5.0610955506563169 5.8459104448556891 2.3789421245455724 3.8074645958840847 2.720578383654356 18.111689178273082 4.1817703153938055 1.7162124365568185 12.367214833386241 1.3764439523220051 1.7451826967298973 5.4817454749718308 1.6104536764323709 7.1961892843246451 31.752620900049806 130.43541631195694 82.621927513740957 2.382618010044097 18.135751210153103 3.158354476094245 7.8531967531889704 1.3061014637351025 2.158421733416616 4.6748771518468848 1.2626851238310361 16.534028500318527 9.6816801596432907
leaf_count=48590 229 34 21 73 78 19 46 35 200 65 23 168 22 24 72 21 85 416 1778 1259 15 205 35 110 11 35 72 18 275 127
internal_value=-0.000168942 -0.00706868 0.0100335 0.0310751 0.043288 0.0531782 0.131348 0.0395157 0.0366246 -0.0439944 -0.0107077 0.0320882 0.00975623 -0.0259722 0.0383669 0.137279 -0.0397288 -0.04685 -0.0151877 -0.0186628 -0.0391896 0.0291073 -0.00868678 0.0182388 0.00666401 -0.00665357 0.000694522 0.0124418 0.0494086 -0.025077
internal_weight=4760.63 413.372 133.07 66.0563 56.8135 50.9676 8.90699 5.09952 42.0606 9.24287 67.0133 17.6183 15.9021 49.395 8.70097 3.21922 40.694 38.9488 280.302 259.911 85.0045 20.3911 174.906 44.4709 41.3126 14.5256 40.0065 35.3316 17.7967 17.5349
internal_count=54161 5571 1632 745 607 529 100 54 429 138 887 248 225 639 114 42 525 501 3939 3700 1274 239 2426 648 613 203 602 530 293 237
is_linear=0
shrinkage=0.1


Tree=46
num_leaves=31
num_cat=0
split_feature=13 6 11 1 3 3 14 11 7 6 0 1 11 1 9 9 1 1 1 11 6 12 4 14 9 10 9 13 1 9
split_gain=2.1559 7.35455 7.27514 22.8394 6.13033 8.82308 8.22495 7.62167 8.44357 10.3879 5.57784 5.49845 5.1568 5.99212 5.6128 5.41491 6.41277 8.83567 6.00161 5.86365 5.332 7.35695 7.13165 8.52886 9.89986 7.00322 10.8969 5.49926 10.5943 5.11338
threshold=7.5000000000000009 56.500000000000007 55.035000000000004 27.464285714285719 0.48065123467383369 0.38633899812498257 3.5000000000000004 89.965000000000018 1.0000000180025095e-35 60.900000000000013 8.5000000000000018 43.055555555555564 74.50500000000001 43.845238095238102 12.510403807085988 10.842199406528374 36.690476190476197 35.56349206349207 37.845238095238102 111.42500000000003 58.95000000000001 73.265000000000015 1.0000000180025095e-35 5.5000000000000009 7.5754706191787733 3.5669434693108237 8.1748343010257098 9.5000000000000018 37.118055555555564 7.4233803533438012
decision_type=2 2 2 2 2 2 2 2 2 2 2 2 2 2 2 2 2 2 2 2 2 2 2 2 2 2 2 2 2 2
left_child=-1 11 3 -3 5 -4 7 8 9 -6 -9 -2 13 -7 15 19 17 -17 -18 20 21 -14 -23 24 -24 -25 -27 -26 -29 -21
right_child=1 2 4 -5 6 12 -8 10 -10 -11 -12 -13 14 -15 -16 16 18 -19 -20 29 -22 22 23 25 27 26 -28 28 -30 -31
leaf_value=0.0012452621642914789 -0.0060557561317368253 -0.11704500038305293 -0.03858431994517237 0.40461925087520467 0.25030225044219584 0.16595114139467187 -0.026442807559404674 -0.062443183674274566 0.022940793296589216 -0.0020820433274311764 0.071185347475438823 -0.03269766265027798 -0.033075700091975684 -0.027762123634044684 -0.086986744880296438 0.055951819682841922 -0.080103730998530215 0.32636182681035231 0.067845502787852216 0.082019936774459234 -0.011542496493939035 0.019684274671407945 0.0077586175716500734 -0.032677454538775984 0.11184235625816979 0.30009504204195403 -0.049537985984126114 0.46694676842786231 0.1376373341350714 -0.022798292675395227
leaf_weight=3306.3244842495769 887.07911727298051 1.6193047575652593 28.699479039758444 1.7422807440161703 3.88595401123166 4.8974607065320006 107.04251088295132 15.049075804650785 39.474597848951817 2.810108620673418 3.9418949633836737 84.877766093239188 21.113913179375231 2.369396842084825 5.0522518157958975 2.9540219455957439 3.4465330056846168 2.0447778254747391 13.409848529845474 21.151417002081875 76.728635926730931 97.361771151423454 3.2011521905660647 7.3113150093704444 2.6831762790679932 1.9222304448485377 1.6622652187943456 1.9012790359556677 2.0094268098473549 5.9670623168349257
leaf_count=36335 10731 17 345 23 51 41 1461 213 517 42 23 1252 304 26 92 36 50 24 194 134 895 1091 30 70 30 20 21 21 23 49
internal_value=-0.000165794 -0.00337577 0.00673142 0.153329 0.00570065 0.0141969 -0.0093913 0.0186196 0.0405537 0.144385 -0.0347063 -0.00838231 0.0196618 0.10279 0.0174238 0.0194154 0.0670934 0.166564 0.0375951 0.0151275 0.0096222 0.0212912 0.0310149 0.0843314 0.152046 0.0234578 0.137957 0.222094 0.297739 0.0589561
internal_weight=4759.73 1453.41 481.453 3.36159 478.092 305.887 172.204 65.1616 46.1707 6.69606 18.991 971.957 277.188 7.26686 269.921 264.869 21.8552 4.9988 16.8564 243.014 215.895 139.167 118.053 20.6908 9.79503 10.8958 3.5845 6.59388 3.91071 27.1185
internal_count=54161 17826 5843 40 5803 3496 2307 846 610 93 236 11983 3151 67 3084 2992 304 60 244 2688 2505 1610 1306 215 104 111 41 74 44 183
is_linear=0
shrinkage=0.1


Tree=47
num_leaves=31
num_cat=0
split_feature=3 9 1 12 10 13 1 9 10 1 13 6 14 6 9 14 9 10 1 1 14 14 6 6 12 11 10 9 10 10
split_gain=2.10888 2.87235 3.92347 1.96781 5.66895 3.66094 3.82867 3.74802 3.71733 6.9318 3.45792 7.32571 8.94903 7.14715 5.28909 4.19204 3.52437 4.38129 4.19655 4.3195 3.37553 3.88814 4.38458 4.7632 3.27525 4.07242 4.12269 4.53768 4.79501 7.22746
threshold=1.3566258340248767 9.8382179431494787 42.690476190476197 63.905000000000008 7.7492334478000986 9.5000000000000018 42.535714285714292 11.58147956041473 3.9462138919621252 36.236111111111121 6.5000000000000009 37.95000000000001 7.5000000000000009 48.800000000000004 4.3023480166588257 3.5000000000000004 6.0665292981541699 3.0746242918406641 24.414285714285715 26.309523809523814 11.500000000000002 9.5000000000000018 35.900000000000006 58.95000000000001 45.025000000000006 50.480000000000011 1.9192743992903678 5.6550498300903884 2.3045744217142707 2.5689686182513953
decision_type=2 2 2 2 2 2 2 2 2 2 2 2 2 2 2 2 2 2 2 2 2 2 2 2 2 2 2 2 2 2
left_child=3 -2 -3 5 -5 10 7 8 9 -7 16 12 15 -13 -15 -12 17 24 -19 -20 21 22 -21 -24 -1 -26 -27 28 -28 -30
right_child=1 2 -4 4 -6 6 -8 -9 -10 -11 11 13 -14 14 -16 -17 -18 18 19 20 -22 -23 23 -25 25 26 27 -29 29 -31
leaf_value=-0.017464322355282735 -0.055903656879800215 0.171695219345048 -0.049905254631794113 0.00067682870881268441 -0.10682260988791262 -0.024140741146358127 -0.10658347085096492 0.1216933355828239 -0.084667254352712884 0.18608657853984589 0.14706871208481195 -0.069308173235159865 0.25945141434964708 -0.070122199022687362 0.039295299445666232 -0.066772615034363547 -0.018782740286924463 0.043167554696416671 -0.0873408022031016 0.15670139786454629 -0.086128222853323361 0.13109034429301264 -0.039604735243472945 0.099674973893287888 0.12451817451602082 -0.024762823959483878 0.10435558653568285 -0.037494280815346455 -0.044804397626117404 0.064455387067751377
leaf_weight=20.249352269805968 13.490939050912859 1.4435341767966741 1.7893193354830144 4359.5779169523157 4.9111019140109411 20.949471250176437 6.393676216248422 1.7192437332123507 8.9040292091667634 1.6953668147325505 1.5491055063903325 10.035668686963616 2.6709403060376644 5.0700848130509248 34.33935520099476 2.2456890493631363 147.39450248098001 8.7700037322938424 10.808759236708282 1.4701625145971871 5.3456609398126593 2.1156132095493367 19.09367755800486 2.8177643418312064 4.1469086632132521 14.311113264411686 11.484749436378477 6.9612262444570652 9.1886311350390333 17.748935549519956
leaf_count=244 287 34 45 47932 88 325 123 30 168 27 20 161 29 87 549 31 2271 96 241 17 135 51 355 41 38 138 122 98 124 254
internal_value=-0.000168242 -0.0356164 0.0490438 -4.3225e-05 0.000555866 -0.00697002 -0.0357112 -0.0220905 -0.029926 -0.00840151 -0.00359564 0.0191224 0.119221 0.00603287 0.0252186 0.0205214 -0.00810133 0.00360302 -0.0197039 -0.0329419 -0.013878 0.00126969 -0.0104767 -0.0216937 0.0175781 0.0286929 0.022036 0.0367934 0.0502526 0.027186
internal_weight=4758.69 16.7238 3.23285 4741.97 4364.49 377.48 39.6618 33.2681 31.5489 22.6448 337.818 55.9108 6.46573 49.4451 39.4094 3.79479 281.907 134.513 50.4216 41.6516 30.8429 25.4972 23.3816 21.9114 84.0909 63.8416 59.6947 45.3835 38.4223 26.9376
internal_count=54161 366 79 53795 48020 5775 673 550 520 352 5102 877 80 797 636 51 4225 1954 936 840 599 464 413 396 1018 774 736 598 500 378
is_linear=0
shrinkage=0.1


Tree=48
num_leaves=31
num_cat=0
split_feature=0 9 14 10 10 1 10 14 11 9 1 14 10 13 1 14 7 10 3 10 10 6 9 11 11 10 13 9 9 13
split_gain=1.92767 2.95214 2.59736 2.86903 12.1745 3.0371 4.39143 2.86644 5.1282 6.26188 3.99701 3.54773 2.82264 3.26705 3.60003 8.98236 6.398 4.65024 8.31336 4.40353 7.015 4.93816 4.19029 9.25907 5.17216 4.65294 4.07657 5.46123 5.56049 4.65797
threshold=8.5000000000000018 10.662733075304805 14.500000000000002 1.556365459177776 1.6971861428700896 31.309523809523814 4.378687947839242 11.500000000000002 110.01500000000001 6.8430925490315531 34.585714285714296 12.500000000000002 1.9701548680352534 17.500000000000004 37.472222222222229 4.5000000000000009 1.0000000180025095e-35 2.3666931348066287 0.80824829046386315 4.4844861831090101 4.3014112506224338 56.500000000000007 8.2245660426943044 110.01500000000001 103.89500000000002 3.0301555829919526 11.500000000000002 6.641981010785643 8.5110896086401464 10.500000000000002
decision_type=2 2 2 2 2 2 2 2 2 2 2 2 2 2 2 2 2 2 2 2 2 2 2 2 2 2 2 2 2 2
left_child=-1 2 3 -2 -5 6 -6 12 -9 10 -10 -11 -7 14 17 22 -17 18 -14 20 -18 -21 -16 24 25 -24 29 -28 -29 -19
right_child=1 -3 -4 4 5 7 -8 8 9 11 -12 -13 13 -15 15 16 19 26 -20 21 -22 -23 23 -25 -26 -27 27 28 -30 -31
leaf_value=-0.0010088878581179842 -0.048008246025009825 -0.076292357495681515 -0.058162201336249199 0.15373547809120017 0.09956364497533543 -0.039308289489089682 -0.030533078541767573 0.11356598059538779 -0.0030818244713408001 -0.12721853265104388 0.11221846841535876 0.010734806383899821 0.08005152596671869 0.083065036627074013 0.039074603315358059 -0.078326352521763828 -0.0080590368257875463 0.0059203558388541827 -0.058222548789521926 -0.01876242398843506 0.13038033283953834 -0.10645297309730294 -0.049621795336392854 0.13663411806682832 -0.086116148057262906 0.095071839796871657 0.026095463680378558 -0.091934879581560089 0.048434773858203502 0.059384160214571539
leaf_weight=4043.9364168173634 9.8010816499590856 4.480112448334693 6.4233137443661681 5.5691233575344077 7.7360638082027418 15.318665891885756 3.9039800390601158 6.5409326627850559 5.8792655020952242 3.8660902604460707 6.1533392891287804 3.6000822708010674 19.774367868900303 5.2007884830236426 41.306071326136589 20.080724768340588 46.58071756362915 392.68535435199738 5.5735943615436545 21.186648786067966 3.9723706170916548 9.2149789631366712 4.8816076889634186 3.4804337918758383 10.986494310200213 4.0798515677452087 10.562510192394258 14.450699962675573 3.5069252401590338 17.00136049836874
leaf_count=49633 56 35 39 27 33 80 23 39 31 24 35 23 103 34 263 139 283 2512 32 170 28 75 28 27 75 26 62 94 25 107
internal_value=-0.000163217 0.00462783 0.00513893 0.0057174 0.00647714 0.00528431 0.0559302 0.00441208 0.0369449 0.0112421 0.0558815 -0.0606994 0.00310847 0.00413249 0.00348019 -0.00916757 -0.0278002 0.0080031 0.0496474 -0.0152672 0.00281928 -0.0453421 0.0199136 -0.0138688 -0.0401279 0.0162524 0.0055942 -0.0309617 -0.0645222 0.00813902
internal_weight=4757.73 713.798 709.317 702.894 693.093 687.524 11.64 675.884 26.0397 19.4988 12.0326 7.46617 649.844 634.526 629.325 165.77 101.035 463.555 25.348 80.9547 50.5531 30.4016 64.7345 23.4284 19.948 8.96146 438.207 28.5201 17.9576 409.687
internal_count=54161 4528 4493 4454 4398 4371 56 4315 152 113 66 47 4163 4083 4049 1114 695 2935 135 556 311 245 419 156 129 54 2800 181 119 2619
is_linear=0
shrinkage=0.1


Tree=49
num_leaves=31
num_cat=0
split_feature=13 7 9 11 10 0 9 9 6 12 10 9 6 11 11 8 1 9 9 9 10 14 6 13 6 10 9 9 1 9
split_gain=1.92458 5.0751 7.30464 6.83316 5.89848 4.87982 5.85383 5.48246 10.6232 4.64345 4.58386 5.81108 4.52915 6.75724 10.234 4.63181 14.2874 6.41878 6.40649 6.86793 5.91758 5.16561 6.3051 4.33539 5.02133 4.48666 5.69162 11.7433 10.3517 13.8617
threshold=5.5000000000000009 1.0000000180025095e-35 2.9863459728144783 70.175000000000026 2.0376276689115937 6.5000000000000009 3.4406928503788539 11.978722360398985 54.550000000000004 94.015000000000015 2.9186637668997393 2.6684176836932809 38.150000000000006 104.84500000000001 105.88500000000001 2.5000000000000004 41.690476190476197 9.4680244347541578 6.3413840300027635 5.9392447124153973 3.6846202695228198 3.5000000000000004 35.900000000000006 4.5000000000000009 58.20000000000001 1.9701548680352534 7.9594272163385185 7.4233803533438012 41.414285714285718 6.0665292981541699
decision_type=2 2 2 2 2 2 2 2 2 2 2 2 2 2 2 2 2 2 2 2 2 2 2 2 2 2 2 2 2 2
left_child=1 4 -3 -4 23 9 10 12 -9 -6 11 -7 13 15 -15 16 21 18 19 -17 -19 22 -8 25 -25 26 27 28 -1 -30
right_child=-2 2 3 -5 5 6 7 8 -10 -11 -12 -13 -14 14 -16 17 -18 20 -20 -21 -22 -23 -24 24 -26 -27 -28 -29 29 -31
leaf_value=-0.0089277727184741747 -0.0021315141268816447 -0.076406694426355504 -0.062743056811475684 0.0064534877818091755 -0.062640966225581282 0.020024023586378968 0.22140619144496926 -0.019646803545124689 0.2680962843428793 0.13738099869052714 0.0054001437114356938 0.16067469790425826 -0.013019362120915527 0.20641583270352434 0.026798092237067941 -0.030351851061079533 0.24470442377218321 -0.029275860920012053 -0.080421307872799608 0.16010961271543089 0.19483630547652075 -0.028590239214831354 0.0078360280551092922 -0.047518666689952707 0.084346906420621995 0.086054323324281423 -0.028690294047744327 0.1365166124646198 0.15632781588232775 -0.042302293227605751
leaf_weight=45.946532524190843 2420.270483260043 10.884593273978679 14.406179383397101 1520.2395659307949 22.894731435924772 6.3859869465231913 2.0743706636130872 3.3261164277791968 2.0888258665800095 1.2225833870470513 18.975554224103689 5.4396300241351128 529.23914542421699 4.0114037096500423 15.160834226757286 7.2807761393487471 2.725311115384101 2.4229175560176364 18.796422321349382 2.5585941895842552 2.2933772653341293 15.717377983033655 4.1434574127197266 17.570763876661662 3.4556607678532592 10.46382424701005 21.053614952601492 9.1085386490449292 9.910998688079415 5.4428161513060322
leaf_count=455 28677 132 207 16087 551 58 20 45 25 26 257 57 5989 36 132 77 21 27 207 25 28 202 47 169 31 109 218 86 108 52
internal_value=-0.000155442 0.00189258 0.00522494 0.00580392 -0.00462913 -0.00834039 -0.0066831 -0.00882452 0.0913507 -0.0525012 0.0358543 0.0847215 -0.00971901 0.0129108 0.0643795 -0.00409882 0.0287617 -0.0283959 -0.0461996 0.0191751 0.0797024 0.0019322 0.0790866 0.0154966 -0.0258468 0.0240253 0.0169288 0.0305698 0.0148273 0.0859149
internal_weight=4755.51 2335.24 1545.53 1534.65 789.71 666.757 642.64 611.839 5.41494 24.1173 30.8012 11.8256 606.424 77.1848 19.1722 58.0126 24.6605 33.3521 28.6358 9.83937 4.71629 21.9352 6.21783 122.953 21.0264 101.926 91.4625 70.4089 61.3003 15.3538
internal_count=54161 25484 16426 16294 9058 7830 7253 6881 70 577 372 115 6811 822 168 654 290 364 309 102 55 269 67 1228 200 1028 919 701 615 160
is_linear=0
shrinkage=0.1


Tree=50
num_leaves=31
num_cat=0
split_feature=0 1 11 9 4 9 8 13 12 12 1 12 11 6 11 1 6 14 10 12 6 11 1 6 11 4 1 9 11 1
split_gain=1.87792 2.13424 11.6693 3.07114 3.22047 1.85441 3.06358 3.03571 3.7459 4.25552 4.83425 2.58872 3.82849 2.62077 2.49661 8.97835 5.79871 4.94275 4.15553 9.6957 9.59364 3.3717 3.94958 4.5241 3.89659 3.00195 5.18391 7.2343 6.43796 3.78092
threshold=5.5000000000000009 42.585714285714296 87.355000000000004 8.9841040179620926 1.0000000180025095e-35 10.525708164801435 2.5000000000000004 16.500000000000004 81.010000000000005 90.52500000000002 37.94444444444445 94.465000000000018 105.45500000000001 50.850000000000009 95.565000000000012 37.56349206349207 58.95000000000001 2.5000000000000004 4.5943230275639353 88.465000000000018 53.100000000000009 92.315000000000012 36.236111111111121 57.050000000000004 92.085000000000022 1.5000000000000002 36.788888888888899 12.361064585459202 77.675000000000026 43.414285714285718
decision_type=2 2 2 2 2 2 2 2 2 2 2 2 2 2 2 2 2 2 2 2 2 2 2 2 2 2 2 2 2 2
left_child=1 -1 3 -3 -5 -2 7 8 -7 10 -10 12 14 -13 21 17 -17 -16 19 -19 -21 24 23 -23 25 -8 -27 29 -29 -28
right_child=5 2 -4 4 -6 6 11 -9 9 -11 -12 13 -14 -15 15 16 -18 18 -20 20 -22 22 -24 -25 -26 26 27 28 -30 -31
leaf_value=-0.10141538917792502 0.00051305360307093062 -0.10111853594644432 0.63660832941951651 0.27117151583504062 -0.10137849153789656 -0.062415067470479639 -0.007611107001214399 0.11168226174640233 -0.02331249846631538 -0.082049098725614375 0.15119479498668933 0.12080889690425217 -0.10969822782007897 -0.0093148754175092548 -0.060583425178556631 -0.05765332374599702 0.12441430421604643 -0.10907653339186599 0.23496444111810791 0.0221044315415896 0.28284166338438238 -0.018803068742456137 -0.052960695760152256 0.14352765580254875 0.1180466993264418 -0.082218076459925307 0.041053130317323244 0.25175133249967974 0.023519502865093269 -0.048233404390215541
leaf_weight=3.9039942920207968 4359.6899171415716 2.5826144265010962 0.27070272807031859 0.53499752841889847 0.40974245918914676 23.683369405567646 245.03350169397891 1.354058664292096 3.3645936511456949 3.2188414931297302 3.0054840967059135 3.313772201538085 3.4622338935732833 2.904387179762125 1.8392000161111379 11.359528498724101 2.0677247978746882 1.9664854146540145 2.3227014392614365 2.9056147634983063 2.7436831183731556 6.6239952966570836 28.330868069082499 2.3175069652497768 2.6491155922412863 3.9877967797219744 17.215395707637079 2.7420159596949807 2.2501841187477112 6.5460877977311602
leaf_count=336 47724 251 22 34 36 373 3789 20 41 36 33 28 47 33 20 150 24 27 33 31 24 90 413 27 39 68 242 34 35 101
internal_value=-0.000156036 -0.0494942 0.00387526 -0.0446831 0.109593 -7.59827e-05 -0.00670811 -0.0350918 -0.041065 0.0116669 0.0590223 -0.00392061 -0.0050687 0.0600305 -0.00401227 0.0262815 -0.0296159 0.0900079 0.117876 0.0821659 0.148736 -0.00641568 -0.0346731 0.0232707 -0.00265987 -0.00381103 0.0246283 0.0394466 0.148878 0.0164554
internal_weight=4754.6 7.70205 3.79806 3.52735 0.94474 4746.9 387.208 34.6263 33.2723 9.58892 6.37008 352.582 346.364 6.21816 342.901 25.2049 13.4273 11.7777 9.93848 7.61578 5.6493 317.696 37.2724 8.9415 280.424 277.775 32.7415 28.7537 4.9922 23.7615
internal_count=54161 679 343 321 70 53482 5758 503 483 110 74 5255 5194 61 5147 309 174 135 115 82 55 4838 530 117 4308 4269 480 412 69 343
is_linear=0
shrinkage=0.1


Tree=51
num_leaves=31
num_cat=0
split_feature=3 11 11 14 6 9 1 11 14 6 13 14 13 4 3 1 10 9 10 7 12 1 1 10 6 6 11 11 12 10
split_gain=1.77011 2.87611 8.81894 2.72236 5.97494 1.628 3.46601 3.48287 5.02359 4.3465 3.96784 4.97406 3.00207 2.95374 4.02874 3.90371 2.76167 5.97755 5.47659 5.79022 3.85765 7.13079 7.21816 3.67859 3.24866 3.12277 7.33021 5.92904 12.7148 8.32198
threshold=1.3566258340248767 71.595000000000013 70.605000000000004 7.5000000000000009 51.250000000000007 10.896544882199509 43.309523809523817 78.25500000000001 1.5000000000000002 37.95000000000001 7.5000000000000009 6.5000000000000009 14.500000000000002 1.5000000000000002 0.49494897427831785 44.928571428571438 2.6387295953813545 12.097393618964695 2.5689686182513953 1.0000000180025095e-35 79.285000000000011 40.873015873015881 38.56349206349207 2.690474124936407 58.95000000000001 50.850000000000009 102.63500000000001 89.215000000000018 73.675000000000026 3.3216989137052688
decision_type=2 2 2 2 2 2 2 2 2 2 2 2 2 2 2 2 2 2 2 2 2 2 2 2 2 2 2 2 2 2
left_child=5 2 -2 -3 -5 -1 16 9 -9 -8 11 13 -12 14 15 -11 17 18 19 -7 -21 22 -22 -18 -19 26 -25 28 -27 -30
right_child=1 3 -4 4 -6 6 7 8 -10 10 12 -13 -14 -15 -16 -17 23 24 -20 20 21 -23 -24 25 -26 27 -28 -29 29 -31
leaf_value=0.00042282066950544926 -0.10619291658347366 -0.070965148573790576 0.29212884516171361 -0.11177771418190537 0.19398066321183238 -0.054380326312592708 0.15058525662573449 0.059795522093109621 -0.099478780072465772 -0.06270164192207231 -0.10643129028916143 0.13622666973560324 0.070163760701616812 0.097620836885797868 -0.08182911404900059 0.12148616548224234 -0.10960909949268932 -0.059881192017699238 0.17288456695419149 0.0091197122775155941 0.11169987475312081 0.23500592150873381 -0.050060724929342271 -0.03359591521874622 0.075210811164983404 0.00017540000671728906 0.13280214940351859 -0.02926586347683301 0.038417479518567305 0.19470941467618549
leaf_weight=4459.8011964196339 1.2438130676746397 11.401867258828132 1.0049186018295584 1.2608817312866443 1.2960491850972173 6.8967015626840285 1.5370771586895013 2.3637635214254251 12.205608885735272 2.1265838611871057 6.7431728029623619 2.4611782357096663 1.1229513734579084 1.9096361440606404 7.4366758596152067 2.5074544702656567 3.5296157263219348 11.491784408222882 2.8045050390064707 13.226593474857511 7.359450485557316 2.5672396179288617 4.4124880321323872 55.477723141666502 2.1063872352242461 70.644675266928971 2.7800665609538546 40.135558607056737 8.0404643528163415 5.9117344329133621
leaf_count=49508 32 259 30 20 25 80 23 35 209 33 134 42 19 26 120 29 50 138 32 156 66 25 42 941 22 1257 26 605 98 79
internal_value=-0.000152698 -0.0331441 0.0718101 -0.050052 0.0432041 -3.98329e-05 -0.0074673 -0.0345386 -0.0736378 -0.0124973 -0.0228098 0.00513593 -0.081221 -0.017942 -0.0362245 0.0369614 -0.00285848 0.0177959 0.0385035 0.0275677 0.0480704 0.0839988 0.051067 -0.00849105 -0.0389551 -0.00654063 -0.0256554 0.00238714 0.0174044 0.10464
internal_weight=4753.81 16.2075 2.24873 13.9588 2.55693 4737.6 277.799 40.4141 14.5694 25.8447 24.3077 16.4415 7.86612 13.9804 12.0707 4.63404 237.385 50.8651 37.267 34.4625 27.5658 14.3392 11.7719 186.52 13.5982 182.99 58.2578 124.732 84.5969 13.9522
internal_count=54161 366 62 304 45 53795 4287 670 244 426 403 250 153 208 182 62 3617 561 401 369 289 133 108 3056 160 3006 967 2039 1434 177
is_linear=0
shrinkage=0.1


Tree=52
num_leaves=31
num_cat=0
split_feature=0 1 1 9 3 1 1 1 7 1 10 12 12 3 12 11 10 9 13 13 10 7 13 9 10 2 10 6 11 1
split_gain=1.70529 1.91158 7.46188 8.79359 1.60016 5.02324 4.75151 6.07337 8.99705 4.71191 6.07074 8.18015 4.06685 6.22459 6.57561 5.19067 4.75348 4.50937 4.16721 3.85825 4.24887 8.53266 7.25935 7.74983 5.71655 4.7181 8.7472 3.69696 3.54242 8.63962
threshold=5.5000000000000009 42.585714285714296 43.309523809523817 7.1630048865501177 0.49494897427831785 46.75714285714286 44.464285714285722 44.414285714285718 1.0000000180025095e-35 48.309523809523817 2.6236545628678161 64.245000000000019 68.305000000000021 0.41650635094610972 66.635000000000005 86.675000000000026 2.9397587711446431 7.1198748430031626 4.5000000000000009 10.500000000000002 3.7235900556441273 1.0000000180025095e-35 2.5000000000000004 7.5539047149239789 4.0917063933416049 2.5000000000000004 2.1234487727242062 63.20000000000001 85.675000000000026 38.527777777777786
decision_type=2 2 2 2 2 2 2 2 2 2 2 2 2 2 2 2 2 2 2 2 2 2 2 2 2 2 2 2 2 2
left_child=1 -1 3 -3 5 6 7 27 -9 -6 11 -11 13 -7 16 -14 18 -16 -15 20 25 22 -22 -24 -23 26 -8 -2 -29 -30
right_child=4 2 -4 -5 9 12 19 8 -10 10 -12 -13 15 14 17 -17 -18 -19 -20 -21 21 24 23 -25 -26 -27 -28 28 29 -31
leaf_value=-0.10127490087308454 0.00042186859468729132 -0.10136238410927714 -0.069331033705403125 0.56985543921610937 -0.0018437519135255992 -0.020498033365504566 0.18497245841856752 0.19940008805905038 -0.025558703627723285 0.15280901720211479 -0.10704122320520926 -0.038535479526481294 -0.066240583155541891 0.18183679601463423 0.26162142975179076 0.071668815865371369 -0.070330986208106377 0.075306518059688771 0.013940355285675395 -0.10802604781921471 -0.061837148746265606 0.094791727039937476 0.04917194280427642 0.27774062065004423 -0.081304673246951786 -0.040133485846277024 -0.069275500768001361 0.04212769688937551 0.024943790603808372 -0.027844335330165056
leaf_weight=3.5341948256827882 2706.2124313861132 0.34872575383633408 3.1245541479438543 0.44329283945262432 1715.5741934683174 5.4896700084209487 2.7098524048924437 3.7839390672743312 3.3534167744219303 2.6672525294125142 9.7614793721586448 13.762286696583031 6.2905673086643201 2.9312922433018667 3.3902360349893579 4.8206848986446857 2.3747979700565338 2.1059800237417221 2.982343353331089 5.0211824234575024 2.0172338560223588 2.4595590308308601 3.1246116533875465 2.8241707943379879 7.3593308310955763 51.507932730019093 2.7028557471930981 38.461409630253911 96.092797890305519 45.772930361330509
leaf_count=336 29540 33 290 20 20295 76 41 34 33 40 178 182 64 21 25 47 26 21 27 80 23 37 37 32 111 574 54 507 883 494
internal_value=-0.000150004 -0.0479533 0.000162538 0.274318 -7.49508e-05 0.00132334 0.000909951 0.00157349 0.0937054 -0.0024864 -0.0445816 -0.00747167 0.0417763 0.0695534 0.105416 -0.00640774 0.0491733 0.190231 0.0971639 -0.0231731 -0.0174699 0.0251949 0.102095 0.157684 -0.0371938 -0.0308005 0.0580128 0.00134568 0.0152095 0.00791172
internal_weight=4753.01 7.45077 3.91657 0.792019 4745.55 3003.79 2973.4 2893.68 7.13736 1741.77 26.191 16.4295 30.3856 19.2743 13.7846 11.1113 8.28843 5.49622 5.91364 79.7267 74.7055 17.7849 7.96602 5.94878 9.81889 56.9206 5.41271 2886.54 180.327 141.866
internal_count=54161 679 343 53 53482 32787 32480 31491 67 20695 400 222 307 196 120 111 74 46 48 989 909 240 92 69 148 669 95 31424 1884 1377
is_linear=0
shrinkage=0.1


Tree=53
num_leaves=31
num_cat=0
split_feature=11 11 10 13 10 13 1 10 12 10 14 10 10 6 11 11 3 1 9 11 6 6 10 3 9 10 12 1 14 3
split_gain=1.78818 3.62112 3.83905 3.44948 3.26866 3.21509 4.13879 9.68904 4.12654 3.82765 6.14701 10.9582 4.39548 3.20409 3.09992 8.33015 6.07867 6.2802 8.11405 3.7601 5.07975 5.20333 4.20675 4.13444 6.61462 7.50197 5.20617 4.16521 4.12356 6.03411
threshold=70.175000000000026 69.565000000000012 3.0853214020896931 1.0000000180025095e-35 3.1381907911853948 4.5000000000000009 30.563492063492067 3.3216989137052688 44.390000000000008 3.9325647215811741 10.500000000000002 4.1236896495694628 3.1603348440518135 51.750000000000007 73.045000000000016 72.745000000000019 0.49494897427831785 42.055555555555564 5.3691633600448814 72.425000000000026 51.250000000000007 51.750000000000007 3.0853214020896931 0.78188130791298682 4.3902878314162148 1.3693883632339652 67.205000000000013 40.267857142857146 1.0000000180025095e-35 0.90441722268325109
decision_type=2 2 2 2 2 2 2 2 2 2 2 2 2 2 2 2 2 2 2 2 2 2 2 2 2 2 2 2 2 2
left_child=1 2 -1 13 -5 9 -7 -8 -9 12 -11 -12 -6 -4 15 19 -17 -18 -19 20 28 -22 23 24 -23 -26 -27 -25 29 -2
right_child=14 -3 3 4 5 6 7 8 -10 10 11 -13 -14 -15 -16 16 17 18 -20 -21 21 22 -24 27 25 26 -28 -29 -30 -31
leaf_value=0.002646552942487708 0.26806683815953419 -0.056425182960326614 0.1403412776936524 -0.10688355953332401 0.11383560420782309 -0.019476862750993099 0.292272277730865 0.13887255382534724 -0.051819539436921858 -0.043484593919828514 0.33738378798699276 -0.10404738984281002 -0.070543309036947874 -0.044913933317270331 -0.00017012972097696195 -0.0076070204534066065 0.21918681940336124 0.31819898252119849 0.038090725307103626 -0.038332608429157422 -0.11054242058056502 0.2079325461068694 -0.10811648296518844 0.12276153456152035 -0.11511734953584465 0.030127238820730963 0.20646486815085435 -0.021791779721077854 0.028387191675897545 0.022208722501686567
leaf_weight=179.80169624229893 1.8369500674307335 14.639686836861072 2.3645893093198533 5.0461360719054928 1.360387928783896 24.581320022698495 1.5076773352920998 1.6228901855647562 3.7732175160199404 4.8309055548161259 1.3582376390695574 0.95972081832587708 26.084598655812442 1.5427091177552936 4328.2321691252291 6.3922161245718625 3.8336754157207897 1.1645479956641782 9.2361464141868037 17.327768655028194 4.3859726325608781 2.1097953310236361 3.3045507320202878 2.1122490740381172 3.3683613878674832 18.774676289409403 1.8382063284516323 35.408644834067672 41.140026866458356 2.1864572307094932
leaf_count=2244 28 213 33 91 24 601 31 34 94 111 38 27 627 23 48031 64 36 17 103 214 67 24 58 24 40 243 16 449 529 27
internal_value=-0.000149029 -0.00806075 -0.00528231 -0.0242824 -0.0293079 -0.0233838 -0.000262543 0.0681511 0.00553149 -0.0444273 0.0207475 0.154615 -0.061404 0.0671974 0.000326582 0.0142489 0.0734021 0.109781 0.069454 0.0051294 0.0115957 -0.00502556 0.00189044 0.00760515 0.0381776 0.0232431 0.0458526 -0.0136541 0.0378367 0.134459
internal_weight=4752.13 269.474 254.834 75.0324 71.1251 66.079 31.4851 6.90379 5.39611 34.5939 7.14886 2.31796 27.445 3.9073 4482.65 154.42 20.6266 14.2344 10.4007 133.794 116.466 71.3025 66.9165 63.6119 26.091 23.9812 20.6129 37.5209 45.1634 4.02341
internal_count=54161 4191 3978 1734 1678 1587 760 159 128 827 176 65 651 56 49970 1939 220 156 120 1719 1505 921 854 796 323 299 259 473 584 55
is_linear=0
shrinkage=0.1


Tree=54
num_leaves=31
num_cat=0
split_feature=0 1 1 12 13 6 3 14 11 11 9 11 6 0 12 2 14 9 9 6 11 9 12 8 11 1 3 12 3 9
split_gain=1.55359 1.73317 4.7668 4.6271 1.52069 5.36673 5.23649 6.82109 6.26524 5.99821 8.3129 6.51667 7.42809 5.76914 5.30106 4.68387 6.86137 6.70474 5.67381 8.26905 11.565 4.94096 4.48272 5.21262 4.44441 10.2992 8.00245 4.43497 4.25217 4.24357
threshold=5.5000000000000009 42.585714285714296 43.309523809523817 67.595000000000013 7.5000000000000009 56.500000000000007 0.48065123467383369 3.5000000000000004 91.325000000000003 80.885000000000005 5.901518057883786 85.675000000000026 58.20000000000001 8.5000000000000018 78.375000000000014 4.5000000000000009 7.5000000000000009 7.5117442978886686 11.671039018718183 57.050000000000004 78.145000000000024 10.49100643290989 66.805000000000021 3.5000000000000004 55.365000000000002 27.74603174603175 0.38633899812498257 94.115000000000023 1.1954676251803249 12.938630632463918
decision_type=2 2 2 2 2 2 2 2 2 2 2 2 2 2 2 2 2 2 2 2 2 2 2 2 2 2 2 2 2 2
left_child=1 -1 3 -3 -2 -6 24 8 9 10 -8 12 -11 14 -10 18 17 -17 21 20 -20 -9 23 -12 25 -7 27 -26 -13 -28
right_child=4 2 -4 -5 5 6 7 15 13 11 22 28 -14 -15 -16 16 -18 -19 19 -21 -22 -23 -24 -25 26 -27 29 -29 -30 -31
leaf_value=-0.10116082979933604 0.0011068291490243802 -0.10196508585387275 -0.067269315236788446 0.3402653017173598 -0.0071091435703898769 -0.064311123527727929 0.13984775690357407 -0.030200057185964004 0.095016474939240467 0.31233575534950531 0.063182641282523419 0.027032690920855269 0.042267332060046507 0.059643704695261479 -0.10867049437249088 -0.10433257355869607 0.12996893973888207 0.095517051168803657 -0.013242156839445993 -0.019373878993587862 0.44980261576965497 -0.10679096648391147 -0.085142049004569911 -0.068124616759310461 -0.073463502603368966 0.22851843588431323 0.018176045384003279 0.0097431747580547477 0.14785606746755342 -0.10639191412318903
leaf_weight=3.216829669661819 3300.9159196913242 0.36771013587713264 2.9419240225106478 0.66355370124801993 960.32295959070325 2.047481106594204 3.4957766495645073 76.555135138332844 1.4877230618149031 2.1154667735099819 7.5206128694117087 19.454484842717651 1.9638712070882318 4.1196620166301718 9.0518320761620981 4.316071189939974 4.6359180882573128 2.7472211346030235 1.0797269046306603 4.5795583669096231 1.0778249483555553 9.4640799518674594 8.0576436780393106 5.0556491576135159 16.076748095452789 2.9054987505078316 278.38560618087649 10.648891951888798 3.4256889373064032 2.761884953826665
leaf_count=336 35741 27 290 26 11923 27 35 1041 27 22 106 229 24 23 131 31 33 24 25 94 22 187 110 84 246 33 3090 79 39 56
internal_value=-0.000147438 -0.0465962 -0.00241884 0.182582 -7.70437e-05 -0.00278453 0.00581332 -0.00830229 0.0169305 0.033466 -0.0027522 0.0658825 0.18232 -0.0406977 -0.0799188 -0.0241848 0.0354404 -0.0266024 -0.0317052 0.0566692 0.218076 -0.0386268 -0.0269114 0.0103972 0.0134934 0.107467 0.0119816 -0.0403096 0.0451227 0.0169523
internal_weight=4751.46 7.19002 3.97319 1.03126 4744.27 1443.35 483.03 170.204 65.7484 51.0892 24.1297 26.9595 4.07934 14.6592 10.5396 104.456 11.6992 7.06329 92.7563 6.73711 2.15755 86.0192 20.6339 12.5763 312.826 4.95298 307.873 26.7256 22.8802 281.147
internal_count=54161 679 343 53 53482 17741 5818 2287 830 649 335 314 46 181 158 1457 88 55 1369 141 47 1228 300 190 3531 60 3471 325 268 3146
is_linear=0
shrinkage=0.1


Tree=55
num_leaves=31
num_cat=0
split_feature=12 10 12 13 6 11 4 1 1 9 9 13 9 10 11 11 11 1 14 4 6 12 14 10 10 13 10 14 6 1
split_gain=1.57044 5.10852 3.78455 3.63943 4.0347 7.27626 3.54206 3.20179 3.13533 3.70788 8.77035 8.01362 4.47676 4.76543 3.12842 6.63388 11.1002 5.49634 4.75916 3.40737 3.22524 3.87602 2.971 2.77354 3.92571 7.62908 6.399 3.65408 4.65072 3.361
threshold=63.905000000000008 7.7492334478000986 62.545000000000009 10.500000000000002 54.550000000000004 77.195000000000007 1.0000000180025095e-35 48.845238095238102 39.133928571428577 9.0059189370281452 10.067121672827357 4.5000000000000009 5.6550498300903884 2.8701439910817039 103.72500000000001 89.305000000000021 90.175000000000026 34.309523809523817 3.5000000000000004 1.0000000180025095e-35 35.900000000000006 46.805000000000007 2.5000000000000004 2.2882162211530512 2.4868823197925845 8.5000000000000018 2.5019188554338698 11.500000000000002 37.95000000000001 45.928571428571438
decision_type=2 2 2 2 2 2 2 2 2 2 2 2 2 2 2 2 2 2 2 2 2 2 2 2 2 2 2 2 2 2
left_child=2 -2 14 4 7 -6 -7 8 -4 12 11 -11 13 -10 15 20 -17 -16 22 -20 21 -1 -18 -22 25 -25 -26 29 -29 -28
right_child=1 -3 3 -5 5 6 -8 -9 9 10 -12 -13 -14 -15 17 16 18 -19 19 -21 23 -23 -24 24 26 -27 27 28 -30 -31
leaf_value=-0.0034148275031991738 0.00049469540796688105 -0.10624088185389516 0.099178624235552265 -0.10552661730818898 -0.093547348049019652 0.21088592471807976 -0.027164066058752295 0.11692961416140718 0.11560816784823334 0.27574754412030184 -0.063495549271030502 -0.0061677851583002465 -0.088253339704018538 -0.10815791813144487 0.074870000098560152 0.25982545041963973 0.029566522063798568 -0.11179090002828931 0.031671808165029181 -0.10812134049197866 0.0084221925539855452 0.083374102533962297 0.18093442040091903 -0.079199926451074057 0.18429960679052393 0.12087491610414919 -0.0021141167932822438 0.14593989702064902 -0.058604793998152174 -0.076642419512116977
leaf_weight=12.035940082743766 4370.7520180894062 4.4887160928919903 2.4130877386778655 5.9651503432542077 12.853284342680125 1.261082804296165 1.2393347523175178 2.1865492123179129 2.6539433384314206 2.0717116086743754 4.5946712126024067 1.9643574645742772 10.033265044447033 1.4838546919636426 2.1294907405972463 2.430430479347705 2.8409343622624856 6.0856136046350002 4.165871899574995 2.9986886046826839 83.245032849721611 8.9890267029404622 2.385504737496376 16.841080443467948 1.7007103599607933 2.1490415409207335 149.48837666399777 1.1720362454652811 21.552787538617849 6.3062557433731845
leaf_count=163 48243 88 38 135 213 26 22 37 38 30 88 34 166 31 22 32 35 68 53 45 864 89 28 246 23 25 2617 18 533 111
internal_value=-0.000147278 0.000385192 -0.00635583 -0.0323546 -0.0221457 -0.0631842 0.0928962 0.0008492 -0.0092169 -0.0206883 0.0309837 0.138539 -0.0521586 0.0353635 -0.00247651 -0.000903984 0.0644218 -0.0634053 0.0260943 -0.0268379 -0.00409438 0.033691 0.0986554 -0.00690698 -0.0133127 -0.0565582 -0.0087558 -0.010595 -0.0480554 -0.00513087
internal_weight=4750.48 4375.24 375.237 48.7203 42.7551 15.3537 2.50042 27.4014 25.2149 22.8018 8.63074 4.03607 14.1711 4.1378 326.517 318.302 14.8214 8.2151 12.391 7.16456 303.48 21.025 5.22644 282.455 199.21 18.9901 180.22 178.519 22.7248 155.795
internal_count=54161 48331 5830 858 723 261 48 462 425 387 152 64 235 69 4972 4882 193 90 161 98 4689 252 63 4437 3573 271 3302 3279 551 2728
is_linear=0
shrinkage=0.1


Tree=56
num_leaves=31
num_cat=0
split_feature=10 10 12 12 10 11 11 13 9 1 9 1 9 13 12 12 1 14 6 14 10 9 1 9 9 12 11 8 9 12
split_gain=1.54949 5.63361 4.18442 5.9001 6.45649 6.33922 6.90588 6.74589 6.66307 6.5252 5.48526 8.16551 5.80677 7.43042 9.10253 12.055 9.84423 5.01241 5.38193 4.83524 5.1893 16.1016 6.4339 5.39755 7.44511 4.67053 4.71591 4.47943 4.14695 4.16579
threshold=4.3993921194182155 4.4202363959188444 91.895000000000024 81.715000000000018 5.6913782326595586 92.315000000000012 92.195000000000007 9.5000000000000018 5.1002298197406146 35.866071428571438 7.9362222130152498 31.154761904761909 9.6959963528099831 5.5000000000000009 80.675000000000026 79.015000000000015 33.732142857142868 10.500000000000002 37.95000000000001 1.5000000000000002 5.6167189844607472 7.916885934540919 38.154761904761912 8.0265996896511869 8.1320765293255839 91.675000000000026 96.195000000000007 2.5000000000000004 7.30808875943156 85.295000000000016
decision_type=2 2 2 2 2 2 2 2 2 2 2 2 2 2 2 2 2 2 2 2 2 2 2 2 2 2 2 2 2 2
left_child=-1 -2 3 5 19 6 7 -3 -9 10 11 -7 13 -12 15 -15 -17 18 -6 -5 22 -22 23 -21 -25 26 -26 -24 29 -29
right_child=1 2 -4 4 17 9 -8 8 -10 -11 12 -13 -14 14 -16 16 -18 -19 -20 20 21 -23 27 24 25 -27 -28 28 -30 -31
leaf_value=0.00072909990822311464 -0.064343683350394421 0.010188787553664432 -0.012576028089098246 0.15529110506768451 0.10390399039848704 0.15224931965232849 0.16981703375233276 0.19122420526127623 -0.036065543199755482 -0.03401893909337806 -0.071788091964836168 -0.049801251859555112 -0.038215960103872015 0.053613498193509183 -0.066558180324631261 0.096900408735791255 0.39226776173363742 0.13510494952512805 -0.041455502292466251 0.015447872283407757 -0.061705076124286787 0.34148982945863449 0.1052531769956993 0.261838292719555 0.18010106378683544 0.1968729432972198 0.034555404583336155 0.14019964790424266 -0.054389733060639517 -0.012534140024511517
leaf_weight=3848.2316805971786 15.149282727390526 236.5171905704774 294.81167179439217 2.9755510995164505 2.7858359515666953 2.275350600481036 2.5065801106393328 1.3245674967765797 49.106946079060435 105.6157944817096 2.6115669459104565 16.537354707717896 5.5374077670276156 5.4740248173475248 2.2852193601429454 1.9008828066289423 2.7766028270125389 1.974255722016095 29.726670813281089 49.201075540855527 1.9919779971241944 1.9699956774711607 2.7687756344676044 1.853968672454356 2.414665840566161 2.1949129179120055 28.52471559215337 2.4038198776543158 19.32664198987186 6.945625345222652
leaf_count=43299 213 3322 2715 34 33 26 34 17 852 1504 32 204 78 67 28 20 31 18 343 508 23 19 33 18 31 16 291 31 241 80
internal_value=-0.000145098 -0.00387683 -0.00284334 0.00200734 0.0186182 -0.00399738 0.00455236 0.00310872 -0.0300959 -0.0210631 0.0136679 -0.0253637 0.0493378 0.0815554 0.113756 0.154346 0.272233 -0.0196059 -0.0290004 0.0293729 0.02624 0.138774 0.0223843 0.0368001 0.066826 0.0559145 0.0459145 -0.0162122 -0.0279401 0.026735
internal_weight=4749.72 901.489 886.34 591.528 157.058 434.469 289.455 286.949 50.4315 145.014 39.3984 18.8127 20.5857 15.0483 12.4367 10.1515 4.67749 34.4868 32.5125 122.572 119.596 3.96197 115.634 84.1893 34.9883 33.1343 30.9394 31.4449 28.6761 9.34945
internal_count=54161 10862 10649 7934 1719 6215 4225 4191 869 1990 486 230 256 178 146 118 51 394 376 1325 1291 42 1249 864 356 338 322 385 352 111
is_linear=0
shrinkage=0.1


Tree=57
num_leaves=31
num_cat=0
split_feature=9 9 10 13 13 12 1 12 13 1 12 12 10 1 14 10 1 1 1 12 14 11 0 13 14 1 6 4 10 1
split_gain=1.56443 13.2721 6.44872 6.09323 7.77458 4.6531 6.74047 8.42253 5.25846 5.32439 4.84966 10.5044 4.63478 4.86668 5.50831 5.72634 7.87049 7.55537 8.80973 3.92077 7.19279 5.52787 7.15654 4.76242 5.76395 3.65511 3.4203 4.67241 7.33894 6.11811
threshold=5.0525826761853398 5.2895735286819852 1.3693883632339652 13.500000000000002 9.5000000000000018 66.915000000000006 34.055555555555564 71.295000000000016 6.5000000000000009 32.154761904761912 99.595000000000013 98.085000000000022 5.3803336407900693 45.071428571428577 3.5000000000000004 2.9635200387919993 42.845238095238102 38.236111111111121 41.56349206349207 92.855000000000004 8.5000000000000018 103.36500000000002 7.5000000000000009 4.5000000000000009 4.5000000000000009 36.94444444444445 55.45000000000001 1.5000000000000002 3.2576069356317929 22.928571428571434
decision_type=2 2 2 2 2 2 2 2 2 2 2 2 2 2 2 2 2 2 2 2 2 2 2 2 2 2 2 2 2 2
left_child=26 2 -2 4 5 -4 8 -8 9 -7 11 12 13 14 15 16 -9 -17 -19 20 23 -21 -23 -16 -25 -12 27 -1 29 -29
right_child=1 -3 3 -5 -6 6 7 10 -10 -11 25 -13 -14 -15 19 17 -18 18 -20 21 -22 22 -24 24 -26 -27 -28 28 -30 -31
leaf_value=-0.021833593141923971 0.16117571802888789 -0.00045241985041398415 -0.014209087003137786 0.1663998277166403 -0.069751468921892143 -0.034287917859346671 0.19902230258374054 -0.045702134535348188 0.21134178168959844 0.13196611203679107 0.0065390073956298009 0.23559710701474443 -0.11377395580204253 -0.067069698352353588 -0.099198095525188115 0.014270191438508452 0.13822858475554273 0.30632547291104784 0.057473045587344611 0.18579631266263649 0.1687397237728234 -0.053044965498931319 0.15563012189612546 -0.11230747239346428 0.092087257637286687 -0.12161477204030352 0.0067280558642318815 0.1348655983101443 -0.033681161975047523 0.013345405180424192
leaf_weight=183.97290519159287 3.9010657556354991 4185.7222389443778 16.525808178354055 3.1864838879555455 7.8320125713944426 3.1204111278057081 2.8744869041256598 5.6528355404734629 3.7562094926834098 5.0337779275141656 5.8739072456955892 2.5050241574645034 2.2719063973054281 4.4659964628517619 7.3480262262746709 3.0951744765043241 3.9535466656088829 3.5643960861489177 2.3674663156270981 2.6086741462349874 1.782610423862933 4.9318864718079567 2.4648373648524284 2.1228884756565094 3.9409568142145872 3.5831707343459129 148.53248998941854 4.3672137781977645 37.168629064690322 80.715619024820626
leaf_count=1983 31 47942 249 34 82 21 36 52 29 39 38 18 25 53 79 31 38 37 27 20 20 48 15 23 48 27 1583 28 602 903
internal_value=-0.0001469 0.000443709 0.0349309 0.0302344 0.025967 0.0339554 0.04425 0.0316505 0.113442 0.0683447 0.0239569 0.0357121 0.0258108 0.0323766 0.0425088 0.0837338 0.0299953 0.140921 0.207006 0.0120261 -0.0199821 0.0606346 0.0164926 -0.0450656 0.0205308 -0.0420169 -0.00572431 -0.0117643 0.00338881 0.0195829
internal_weight=4749.24 4294.49 108.764 104.862 101.676 93.844 77.3182 65.4078 11.9104 8.15419 62.5333 53.0762 50.5712 48.2993 43.8333 18.6334 9.60638 9.02704 5.93186 25.1999 15.1945 10.0054 7.39672 13.4119 6.06385 9.45708 454.757 306.224 122.251 85.0828
internal_count=54161 49062 1120 1089 1055 973 724 635 89 60 599 534 516 491 438 185 90 95 64 253 170 83 63 150 71 65 5099 3516 1533 931
is_linear=0
shrinkage=0.1


Tree=58
num_leaves=31
num_cat=0
split_feature=11 1 9 11 9 14 10 10 12 14 1 13 10 6 10 1 6 10 9 9 1 12 10 10 10 1 1 9 9 14
split_gain=1.5239 3.24724 7.19401 6.7602 4.54656 11.02 8.56132 8.20857 4.65363 8.00595 5.50926 5.77231 4.11101 4.11347 5.41484 5.39585 6.30464 5.19774 6.04584 5.1657 4.62283 5.07913 5.1842 6.74204 6.13269 3.86301 3.63139 12.285 5.22265 3.42148
threshold=70.175000000000026 29.309523809523814 6.0665292981541699 51.900000000000006 7.0696244421764485 9.5000000000000018 2.9863960258315898 3.8645737098524755 44.605000000000011 3.5000000000000004 29.071428571428573 7.5000000000000009 2.9186637668997393 57.150000000000013 1.9701548680352534 28.071428571428573 46.500000000000007 2.1403323200701281 2.9863459728144783 2.2337839424508461 27.74603174603175 47.955000000000005 2.8251449013716008 2.254939505613931 2.1403323200701281 26.585714285714293 28.585714285714293 5.6944096548922172 5.1513989058262597 16.500000000000004
decision_type=2 2 2 2 2 2 2 2 2 2 2 2 2 2 2 2 2 2 2 2 2 2 2 2 2 2 2 2 2 2
left_child=1 4 3 -3 12 8 -7 -8 9 -6 11 -10 13 14 19 20 -17 18 -15 -1 21 22 23 24 -16 -23 -14 28 -28 -5
right_child=-2 2 -4 29 5 6 7 -9 10 -11 -12 -13 26 17 15 16 -18 -19 -20 -21 -22 25 -24 -25 -26 -27 27 -29 -30 -31
leaf_value=0.12107396167843135 0.00029160324855881142 0.23205673598144194 -0.038433660105868364 -0.00034869589820608622 -0.051876391566686331 0.31583711684392296 -0.10483702565307247 0.31151966641772366 -0.07784394797405314 0.24189896572281674 0.12938898187348852 0.12130033556033511 -0.036667073073075936 -0.11296588762792821 0.046579420243707932 0.12580030586742505 -0.069867371028746933 -0.096610928803936957 0.059204704025202573 -0.028821966597241705 0.17267126848560665 -0.073539453644699701 0.19265113447365151 0.018192246784399877 0.2536133616580078 0.073205448933991737 0.096726216672712445 -0.076714758622936197 0.39235175326548771 0.13648985990030951
leaf_weight=2.5164054520428207 4480.9655387736857 1.444964781403544 72.02880539232865 24.37686657207087 1.7238362990319793 2.3397009074687949 1.3822975624352696 0.72024408355355252 9.585491525474934 2.0084501281380653 2.0827315403148523 1.7160836365073908 47.340013815555722 2.8180054724216479 3.0243905149400296 2.1076451539993268 7.5300392564386129 7.8465700820088378 7.3834186568856239 26.617682088166475 3.161736123263835 5.2463535368442527 2.9576828852295867 16.003387411125004 2.7153099207207561 2.7260242141783237 1.4856245592236512 3.4083897769451141 0.99974243342876423 1.9753128215670575
leaf_count=24 49970 15 1200 378 22 31 34 19 146 40 34 25 1044 29 29 25 101 114 66 261 38 63 39 202 28 35 35 72 18 24
internal_value=-0.000145923 -0.00748126 -0.0217569 0.0214563 0.00102938 0.0438941 0.184235 0.0377896 0.00747153 0.106213 -0.0200629 -0.047605 -0.00530501 0.007419 0.0177822 0.0393463 -0.0270772 -0.0354205 0.0116449 -0.015875 0.0572107 0.0460377 0.0684372 0.0515406 0.144522 -0.0233624 -0.0274514 0.0465706 0.215642 0.00990848
internal_weight=4748.24 267.273 99.8259 27.7971 167.447 21.5588 4.44224 2.10254 17.1166 3.73229 13.3843 11.3016 145.888 92.6547 74.6067 45.4726 9.63768 18.048 10.2014 29.1341 35.8349 32.6731 24.7008 21.7431 5.7397 7.97238 53.2338 5.89376 2.48537 26.3522
internal_count=54161 4191 1617 417 2574 351 84 53 267 62 205 171 2223 1054 845 560 126 209 95 285 434 396 298 259 57 98 1169 125 53 402
is_linear=0
shrinkage=0.1


Tree=59
num_leaves=31
num_cat=0
split_feature=3 9 6 11 0 9 13 6 1 1 13 6 14 5 9 1 14 11 10 10 6 8 9 1 1 1 9 9 9 10
split_gain=1.48321 2.45828 2.94239 3.55111 1.48452 2.51213 2.26258 8.18578 3.44922 3.05354 3.0097 8.06133 7.78492 5.22951 5.15232 3.34416 6.36502 7.96337 7.89117 5.15922 4.82074 4.97327 4.61769 4.28085 4.69051 4.01164 4.70303 4.48736 4.21147 5.05085
threshold=1.3566258340248767 9.8382179431494787 57.050000000000004 78.25500000000001 8.5000000000000018 10.662733075304805 15.500000000000002 51.750000000000007 36.055555555555564 36.436507936507944 11.500000000000002 56.500000000000007 6.5000000000000009 334.00000000000006 9.0059189370281452 37.472222222222229 3.5000000000000004 108.44500000000001 3.2671261061712928 5.2326479442587726 37.95000000000001 2.5000000000000004 7.6472876721250609 38.732142857142868 39.436507936507944 37.732142857142868 5.8320103359574711 4.6268951146083293 5.3691633600448814 2.5838319898857995
decision_type=2 2 2 2 2 2 2 2 2 2 2 2 2 2 2 2 2 2 2 2 2 2 2 2 2 2 2 2 2 2
left_child=4 -2 3 -3 -1 6 10 9 -9 -8 15 13 -13 -12 -15 -6 17 18 23 -19 22 -22 -18 -17 -25 26 -23 -27 -29 -30
right_child=1 2 -4 -5 5 -7 7 8 -10 -11 11 12 -14 14 -16 16 20 19 -20 -21 21 25 -24 24 -26 27 -28 28 29 -31
leaf_value=-0.00079073602093781474 -0.051280500852479954 0.22490799864188646 -0.10551959365940045 -0.01997826710333241 0.009553396318562668 -0.072867815033345482 0.058444073549621993 -0.10764580867500634 0.032549785255412446 0.18721331478528186 0.047881856539916626 -0.038254181651761511 0.13615066840412451 -0.088672607890140281 0.044883003916893573 -0.0068479721224148516 4.6616440935694108e-05 0.18742325310264618 -0.049879148303945992 0.018035533560360337 -0.13036288116676584 0.052164029397509151 0.16156606364487336 0.17941995121514462 0.032419724427264623 0.090533705443181747 -0.091177948437606682 -0.10550620504711723 0.053480445598069554 -0.019047733009840705
leaf_weight=4019.3623717320152 12.381328554823993 1.2087338315322993 0.92308842577040184 1.1608530632220206 489.78120647743344 4.2088173851370803 4.0497208386659604 3.3172214180231094 3.726119726896286 3.3772979527711868 4.498282358050349 4.9156595245003682 5.3394249677658081 20.354807451367382 3.3662436157464972 6.3358811587095287 4.7499878928065291 4.6213888078927985 13.35975158959627 2.9433512315154076 4.0930074751377097 2.7878896817564955 2.821330763399601 4.077346704900263 4.6416637450456619 4.1711388304829589 12.788881979882715 4.9235266074538222 10.865150503814219 82.575066953897476
leaf_count=49279 287 29 23 27 3035 35 23 22 24 19 28 28 29 133 22 36 32 26 87 24 24 18 20 22 24 27 90 32 63 593
internal_value=-0.000146631 -0.0308576 0.0459378 0.104939 -4.49066e-05 0.00416135 0.00461895 0.0437554 -0.0334785 0.116999 0.00380294 -0.0233797 0.0525517 -0.0509736 -0.0697198 0.00539833 -0.00687924 0.0303373 0.00606299 0.121516 -0.0171972 -0.0219946 0.0602343 0.0557062 0.101163 -0.0182392 -0.065523 -0.011056 -0.015364 -0.0106142
internal_weight=4747.73 15.674 3.29268 2.36959 4732.05 712.69 708.481 14.4704 7.04334 7.42702 694.011 38.4744 10.2551 28.2193 23.7211 655.537 165.755 35.9794 28.4146 7.56474 129.776 122.205 7.57132 15.0549 8.71901 118.112 15.5768 102.535 98.3637 93.4402
internal_count=54161 366 79 56 53795 4516 4481 88 46 42 4393 240 57 183 155 4153 1118 219 169 50 899 847 52 82 46 823 108 715 688 656
is_linear=0
shrinkage=0.1


Tree=60
num_leaves=31
num_cat=0
split_feature=0 9 1 1 1 1 1 4 9 14 10 10 1 9 10 9 12 6 10 13 9 10 13 14 9 12 11 9 9 11
split_gain=1.3528 1.67271 3.40613 3.59983 2.68254 1.36611 5.36404 5.18422 5.32942 8.44162 5.14507 6.41072 4.99546 4.43203 2.90901 5.03716 3.67056 3.26855 2.54228 2.47505 1.93485 1.80189 1.66319 4.50439 4.98392 5.89007 5.52971 4.12222 6.55515 10.3782
threshold=5.5000000000000009 8.9841040179620926 43.154761904761912 43.309523809523817 46.75714285714286 48.071428571428577 47.845238095238102 1.0000000180025095e-35 9.3645008603593443 1.5000000000000002 2.7283900462799173 2.2882162211530512 49.154761904761912 7.0924854193810889 2.6236545628678161 4.102184095841297 65.685000000000016 50.350000000000009 1.7876138460045059 3.5000000000000004 6.3413840300027635 2.4268876515937183 5.5000000000000009 8.5000000000000018 5.7295650209056772 97.015000000000015 109.575 7.5539047149239789 8.0007715305308533 103.01500000000001
decision_type=2 2 2 2 2 2 2 2 2 2 2 2 2 2 2 2 2 2 2 2 2 2 2 2 2 2 2 2 2 2
left_child=1 -1 -3 -4 -5 6 22 8 9 12 11 18 -7 -11 15 -9 17 -17 -8 -12 -19 -18 23 -2 25 -25 -27 -26 29 -29
right_child=5 2 3 4 -6 7 10 14 -10 13 19 -13 -14 -15 -16 16 21 20 -20 -21 -22 -23 -24 24 27 26 -28 28 -30 -31
leaf_value=-0.079345182855350527 0.0032816367162499119 -0.10160424285760671 0.39818807308491921 -0.10159997737023459 0.2919140356447622 0.23199701135716311 0.11416353322361822 0.12915164277950503 0.17120391698197213 -0.11260996494517864 -0.1118004279931597 0.23453802373239571 0.015580183846930822 0.051375812541968262 -0.087165134630785845 0.099918459040152327 -0.099526030787506187 0.025976680687129012 -0.031477172931599344 0.053970343897431744 -0.11021414717443467 0.018506053166117989 -0.0019268729108286448 -0.01098296718569523 -0.037584513215530947 0.14862333703293709 0.027286334807412261 -0.050446387758395883 -0.021035504780251679 0.10651699400657913
leaf_weight=4.5786391594447187 2075.800571795553 1.0908587649464609 0.37749732937663771 0.54505365202203393 0.25393830146640539 1.9963759705424289 2.5264480002224428 2.0282670669257703 2.2852049693465224 5.0842729918658733 1.8136639371514323 2.8415080495178699 2.2900711335241795 2.4386422075331211 9.7152507323771697 2.8132372219115522 7.6389976236969215 2.1694472711533308 2.2803715169429779 1.7891958728432653 2.0093437246978283 1.5570056792348621 2390.6926353387535 40.554991852492094 78.316301111131907 4.7447893545031574 18.021543797105551 6.7276022881269482 59.590873913839459 11.266899067908524
leaf_count=518 22028 95 3 45 18 19 21 25 17 64 21 26 28 32 181 35 94 26 20 22 29 22 28299 590 835 35 125 93 708 87
internal_value=-0.000140124 -0.0445609 0.0256819 0.143704 0.023468 -7.59536e-05 8.46484e-05 -0.0180253 0.0314175 0.00436776 0.0690492 0.115462 0.116374 -0.059452 -0.0429747 -0.0194068 -0.0380203 0.0165891 0.0450711 -0.0294779 -0.0395098 -0.0795416 -8.0947e-05 0.00184193 -0.0117905 0.0118683 0.0525745 -0.0213998 -0.0050627 0.0478331
internal_weight=4745.84 6.84599 2.26735 1.17649 0.798992 4738.99 4696.97 42.0261 14.0946 11.8094 11.2512 7.64833 4.28645 7.52292 27.9315 18.2163 16.188 6.99203 4.80682 3.60286 4.17879 9.196 4685.72 2295.02 219.223 63.3213 22.7663 155.902 77.5854 17.9945
internal_count=54161 679 161 66 63 53482 52910 572 160 143 110 67 47 96 412 231 206 90 41 43 55 116 52800 24501 2473 750 160 1723 888 180
is_linear=0
shrinkage=0.1


Tree=61
num_leaves=31
num_cat=0
split_feature=9 9 10 13 13 12 1 12 12 12 10 1 12 4 13 1 10 1 12 12 6 9 3 12 7 1 10 11 1 10
split_gain=1.39763 9.69438 4.49368 4.03077 6.18998 3.63192 4.85233 5.41123 4.36693 7.0382 4.17905 3.97915 4.8332 7.34648 3.68226 3.43615 3.47143 3.22276 5.33127 4.03455 3.38335 3.06479 5.15435 3.34499 5.38483 11.9184 8.54648 5.95126 4.59706 7.61448
threshold=5.0525826761853398 5.2895735286819852 1.3693883632339652 13.500000000000002 9.5000000000000018 66.915000000000006 34.56349206349207 71.295000000000016 99.595000000000013 98.085000000000022 4.809115150504895 45.071428571428577 77.705000000000013 1.0000000180025095e-35 6.5000000000000009 32.154761904761912 3.4968662326588285 46.154761904761912 47.340000000000011 45.925000000000004 57.400000000000013 4.6268951146083293 0.98989794855663571 79.595000000000013 1.0000000180025095e-35 40.732142857142868 4.1074695522240949 56.955000000000005 43.055555555555564 2.789036111602718
decision_type=2 2 2 2 2 2 2 2 2 2 2 2 2 2 2 2 2 2 2 2 2 2 2 2 2 2 2 2 2 2
left_child=21 2 -2 4 5 17 14 -8 9 10 11 12 13 -9 15 -7 -17 18 19 20 -4 22 -1 24 27 26 -26 -23 -27 -30
right_child=1 -3 3 -5 -6 6 7 8 -10 -11 -12 -13 -14 -15 -16 16 -18 -19 -20 -21 -22 23 -24 -25 25 28 -28 -29 29 -31
leaf_value=0.0028599958361516884 0.12930682912427677 -0.00035528065704033655 -0.054665663897220142 0.12908675235930117 -0.066033827398155873 -0.033955268160834051 0.14894702328982765 0.27797458027078842 -0.046383434270197713 0.1814280403537557 -0.069836582074955036 -0.063074147461475327 0.027026209163575655 0.028859918584173517 0.15767535852973746 0.019726533987357686 0.16297461793710888 0.093134478424869785 -0.11092983658751226 0.14045291743485519 0.12952541564955944 0.016208346970451131 -0.063803839730133205 -0.029471420404759724 0.059465218096664933 -0.079821090031560016 0.27502352343718156 -0.075882779639546899 -0.045422360377320364 0.1017387053870257
leaf_weight=295.18567097140476 4.3352497834712258 4180.2765534578357 5.5018805153667945 3.6269318126142016 7.4414215683937064 3.1080961897969228 3.371736296452581 2.0370130725204936 8.7977034300565702 2.8904661238193503 4.6045988257974377 4.1565052289515725 36.197046528104693 2.826312430202961 5.1069431453943244 3.3050098977982998 3.4657117770984769 2.3938428205437949 5.3533682851120821 2.0019105561077595 1.2180445101112125 14.1582128982991 12.07262152712792 88.91473995661363 5.2412739614956099 6.2539267763495472 2.8337802402675152 13.913327957037835 7.5450602923519892 6.5844329069368541
leaf_count=3362 31 47942 93 34 82 21 36 22 62 18 52 52 344 29 37 23 28 31 71 36 18 215 158 830 58 74 32 183 94 93
internal_value=-0.000135663 0.000421737 0.0294906 0.0254616 0.02184 0.0286278 0.0374448 0.0255989 0.0188374 0.0297228 0.0209214 0.0301636 0.039602 0.133202 0.0887324 0.0530917 0.0930506 -0.0141308 -0.032374 0.0158428 -0.0212794 -0.00542029 0.000240678 -0.0173793 0.00164003 0.0322931 0.135111 -0.0294355 -0.00843911 0.0231556
internal_weight=4744.72 4292.02 111.74 107.405 103.778 96.3362 79.8671 64.8814 61.5096 52.7119 49.8215 45.2169 41.0604 4.86333 14.9858 9.87882 6.77072 16.469 14.0752 8.72184 6.71993 452.703 307.258 145.445 56.53 28.4585 8.07505 28.0715 20.3834 14.1295
internal_count=54161 49062 1120 1089 1055 973 724 615 579 517 499 447 395 51 109 72 51 249 218 147 111 5099 3520 1579 749 351 90 398 261 187
is_linear=0
shrinkage=0.1


Tree=62
num_leaves=31
num_cat=0
split_feature=0 5 6 11 12 10 13 9 12 9 6 13 9 9 12 6 12 12 10 7 1 1 11 9 13 9 12 3 13 9
split_gain=1.36788 3.22577 4.10479 10.4275 10.2256 6.78255 2.98793 4.11323 3.84181 8.52579 2.66807 4.20567 3.99776 7.24033 3.23693 5.50016 2.98419 5.69626 2.84544 5.98786 4.01268 14.981 4.3194 9.12409 6.47094 11.4148 6.43685 3.62272 4.43797 3.74687
threshold=6.5000000000000009 334.00000000000006 46.500000000000007 83.575000000000003 79.015000000000015 3.1381907911853948 10.500000000000002 8.0007715305308533 65.685000000000016 8.5339273427083633 60.900000000000013 5.5000000000000009 9.0059189370281452 7.8465215615376245 80.925000000000026 63.20000000000001 94.345000000000013 94.015000000000015 1.9701548680352534 1.0000000180025095e-35 38.94444444444445 38.585714285714296 87.165000000000006 9.8667361196362346 6.5000000000000009 7.5349525681374834 78.305000000000021 0.38633899812498257 1.0000000180025095e-35 7.3573547299408011
decision_type=2 2 2 2 2 2 2 2 2 2 2 2 2 2 2 2 2 2 2 2 2 2 2 2 2 2 2 2 2 2
left_child=1 -1 3 -3 -5 -6 10 -8 -9 -10 16 12 13 14 15 -12 17 18 27 -20 21 22 -21 24 26 -26 -24 29 -29 -4
right_child=-2 2 6 4 5 -7 7 8 9 -11 11 -13 -14 -15 -16 -17 -18 -19 19 20 -22 -23 23 -25 25 -27 -28 28 -30 -31
leaf_value=-0.048175409832029094 0.00017898568915030659 -0.041807351048573686 0.092030612103016163 0.36643765805828427 -0.10664103441163078 0.21876813167768999 -0.038466436262630792 0.23043149672582161 0.25454728424161138 -0.10637134471988433 0.15569508429198742 -0.073109392761677092 -0.1068892208374041 0.24272271103221349 0.1950029419838214 -0.076917248354046647 -0.10604559491966881 0.15946764551659373 -0.072097608485420003 -0.10554484351864529 -0.025614535528458 0.31962918324193001 0.19516697615409789 0.28082064334205459 -0.10487740157670578 0.3944649215267802 -0.07721631007041807 0.15674846710010742 -0.052060638070766586 -0.021837023218350279
leaf_weight=18.815158691257238 4588.378985395655 4.6514029148966056 7.8724027676507848 1.6830913471058009 1.336881021037698 1.2296811668202279 2.9477613614872089 1.7282947907224295 1.0996012371033432 1.6169696208089588 1.4844133015722016 2.8745659235864869 1.1713665397837756 2.2538388185203075 0.99391532316803921 3.224814869929105 3.6621625577099612 1.8549727029167105 21.005449684802443 3.0372284273616961 43.382889786735177 1.6376415146514762 0.99198533920571019 1.273958297446369 0.8470534849911926 0.99619866674765944 6.9183245892636478 1.1414537914097298 9.3999056136235577 4.5658283452503383
leaf_count=452 50557 106 116 34 27 27 73 22 17 32 26 70 30 35 22 68 87 33 552 72 1058 32 19 19 21 19 143 28 287 77
internal_value=-0.000133811 -0.00935178 -0.00401534 0.0616482 0.174884 0.0492677 -0.00858216 0.0531293 0.113874 0.0397197 -0.0123653 0.032374 0.0655912 0.0909825 0.0310159 -0.00359465 -0.0173106 -0.0142136 -0.0173393 -0.0262393 -0.00993616 0.0333804 5.07604e-05 0.0291342 -0.00373977 0.164996 -0.0430583 0.0136797 -0.0294501 0.0502321
internal_weight=4744.08 155.699 136.884 8.90106 4.24965 2.56656 127.983 7.39263 4.44487 2.71657 120.59 12.0029 9.12835 7.95698 5.70314 4.70923 108.587 104.925 103.07 80.0907 59.0853 15.7024 14.0647 11.0275 9.75356 1.84325 7.91031 22.9796 10.5414 12.4382
internal_count=54161 3604 3152 194 88 54 2958 144 71 49 2814 251 181 151 116 94 2563 2476 2443 1935 1383 325 293 221 202 40 162 508 315 193
is_linear=0
shrinkage=0.1


Tree=63
num_leaves=31
num_cat=0
split_feature=10 10 11 9 4 13 11 9 1 1 6 13 13 9 1 6 9 11 6 13 1 14 1 6 9 10 10 12 9 12
split_gain=1.32861 4.87962 3.82356 4.80532 3.94187 3.73731 4.00199 4.8253 3.83188 3.6751 3.56833 4.2607 6.01613 9.32264 3.86248 4.55509 3.75864 3.47973 5.75699 4.78774 8.21284 7.86929 5.03104 4.42742 6.29093 4.30497 7.12641 3.70646 3.43636 5.45967
threshold=4.3993921194182155 4.4202363959188444 113.53000000000002 7.7805469535807026 1.0000000180025095e-35 11.500000000000002 117.59500000000001 5.9392447124153973 37.56349206349207 34.309523809523817 37.95000000000001 5.5000000000000009 6.5000000000000009 6.6953652329516009 35.732142857142868 50.850000000000009 5.4996277838886609 111.42500000000003 63.20000000000001 4.5000000000000009 36.118055555555564 7.5000000000000009 32.873015873015881 51.750000000000007 8.2718094058378977 5.6913782326595586 5.0341794800908302 94.595000000000013 7.3573547299408011 97.015000000000015
decision_type=2 2 2 2 2 2 2 2 2 2 2 2 2 2 2 2 2 2 2 2 2 2 2 2 2 2 2 2 2 2
left_child=-1 -2 17 4 10 6 8 -8 -6 -5 -4 14 13 -13 -12 -16 -14 -3 19 20 25 -22 -21 24 27 26 -19 -24 29 -29
right_child=1 2 3 9 5 -7 7 -9 -10 -11 11 12 16 -15 15 -17 -18 18 -20 22 21 -23 23 -25 -26 -27 -28 28 -30 -31
leaf_value=0.00067283844430874793 -0.061340284837211281 -0.0021181414020701758 -0.11408873168531082 0.028109282167015644 0.026311335221439566 -0.086153602822358566 0.014974491988897016 0.19915954513238754 -0.11357331412351344 -0.084053445325209808 -0.097165004988866405 0.2445892094253321 0.06912061431029283 -0.032238310782341947 0.081923979971277372 -0.057384221359717651 -0.036633388239137137 0.1973353409679805 -0.090282500555105213 -0.11532573369418136 -0.059912751874133356 0.14966803155572048 -0.077854749806802417 -0.016727392558736145 0.16381000543735821 0.2511809705574477 -0.031698723066227986 0.1949373526444064 -0.042346889857518048 0.0053305071567445921
leaf_weight=3845.317143119406 14.400889428798108 731.21890883985907 4.2884666919708243 3.5371450856328037 17.74436914920808 2.9905397072434416 2.8797030597925177 2.8106482103466988 2.2011882103979579 16.777767300605774 9.9963923282921332 2.4756467789411571 4.224161725491288 2.3918869495391846 3.5456006936728937 6.9441481530666351 16.442337792366743 3.1179080307483691 4.0503344237804404 2.8489778265357009 5.6042652167379838 2.6334111541509628 2.8214427381753948 14.226273350417612 4.2732506431639186 2.7222172915935516 2.4075538963079453 2.8844591304659826 2.5928032845258713 3.2072578370571136
leaf_count=43299 213 9250 42 36 148 24 20 21 23 171 85 21 34 21 33 65 154 23 39 27 60 24 29 138 39 24 23 25 21 29
internal_value=-0.000136036 -0.0035987 -0.00265791 -0.0211508 -0.00998808 0.0196366 0.0319775 0.105949 0.0108737 -0.0645242 -0.026845 -0.0187151 0.00853936 0.108557 -0.0526851 -0.0102972 -0.0150176 -0.000318636 0.024327 0.0337353 0.0777112 0.0070858 0.0116696 0.0237276 0.0602011 0.148251 0.0975406 0.0217214 0.0540718 0.0951103
internal_weight=4743.58 898.26 883.859 99.25 78.9351 28.6264 25.6359 5.69035 19.9456 20.3149 50.3086 46.0202 25.534 4.86753 20.4861 10.4897 20.6665 784.609 53.3902 49.3398 16.4854 8.23768 32.8545 30.0055 15.7792 8.24768 5.52546 11.506 8.68452 6.09172
internal_count=54161 10862 10649 898 691 236 212 41 171 207 455 413 230 42 183 98 188 9751 501 462 154 84 308 281 143 70 46 104 75 54
is_linear=0
shrinkage=0.1


Tree=64
num_leaves=31
num_cat=0
split_feature=11 11 9 9 11 11 3 1 9 1 9 10 9 14 12 10 10 1 1 3 12 12 3 9 1 11 1 8 2 9
split_gain=1.28226 2.73906 2.73261 9.04854 2.61164 5.97094 4.38569 4.11857 4.55354 3.69751 3.46293 6.18385 3.51929 2.97868 4.85577 2.679 4.53804 12.8199 3.8255 4.54311 2.98522 3.66249 3.28248 3.25534 9.59111 6.31394 11.6584 5.13244 4.42331 4.53426
threshold=70.175000000000026 69.565000000000012 6.3132112642338134 5.8017664158563393 73.045000000000016 72.745000000000019 0.49494897427831785 42.055555555555564 5.3691633600448814 37.56349206349207 7.9594272163385185 2.690474124936407 9.6959963528099831 5.5000000000000009 64.675000000000026 2.7283900462799173 2.5971432498630578 45.414285714285718 43.75714285714286 0.78188130791298682 64.245000000000019 67.305000000000021 0.49494897427831785 8.6973264073805208 46.928571428571438 70.605000000000004 45.071428571428577 2.5000000000000004 3.5000000000000004 10.940469673698074
decision_type=2 2 2 2 2 2 2 2 2 2 2 2 2 2 2 2 2 2 2 2 2 2 2 2 2 2 2 2 2 2
left_child=1 -1 3 -3 5 9 -7 -8 -9 -2 -10 12 -12 15 -15 16 20 -18 19 -17 -11 23 -23 25 28 26 -22 -27 29 -25
right_child=4 2 -4 -5 -6 6 7 8 10 13 11 -13 -14 14 -16 18 17 -19 -20 -21 21 22 -24 24 -26 27 -28 -29 -30 -31
leaf_value=-0.0045404297026578602 0.14152743078976882 -0.082447395214326841 -0.08576870332155935 0.20715068167794778 -0.00019043277372999534 -0.0081965346485214884 0.17253599557155541 0.22099332496054727 -0.051003615928718694 -0.037798933200104419 0.11110522020829623 0.21570557252737976 -0.074374588772183267 0.074968338037902704 -0.098598680866946786 0.14321884201321056 -0.038558271985194396 0.28275581960774665 -0.064236774266939328 -0.032298119986548621 -0.045227245105924602 0.025122751657018213 -0.069279427462372201 0.086354964775336343 0.20441113974705682 0.1028457909417661 0.22420734449691315 -0.014973572972758743 -0.053253305145552335 -0.048768544964922146
leaf_weight=251.77407307829708 1.9569836515001942 3.4801190267316988 8.4068574788980168 1.5636946680024264 4322.7547602471896 6.3721357383765307 4.3753566853702059 1.481218919623642 3.264131947886197 12.27712612133473 1.7963743275031445 2.1052639484405518 2.3760176836512983 2.1645495630800706 6.3124936548992991 2.350695499219003 2.7630967055447391 2.2552001895383 11.214076155796645 3.9575813147239387 2.9404909512959412 6.3202831726521245 8.8281365344300848 10.988573771901434 3.6331402556970707 4.0808250773698083 3.5384933310560882 39.34569635335356 5.0374858947470775 3.2084957971237591
leaf_count=3978 23 53 138 22 48031 64 36 17 38 162 22 20 23 39 70 31 39 34 201 66 36 64 110 136 34 57 48 470 55 44
internal_value=-0.000133371 -0.0068893 -0.0508563 0.00733446 0.000266799 0.013023 0.0615752 0.090448 0.0578649 0.00508597 0.0325417 0.0759819 0.00548156 0.00305106 -0.0542796 0.00701063 0.0130397 0.105839 -0.0291921 0.0331059 0.00839196 0.0148419 -0.0298926 0.0241538 0.0553985 0.00983691 0.101924 -0.00390199 0.0272521 0.0558175
internal_weight=4742.92 265.225 13.4507 5.04381 4477.7 154.944 21.7705 15.3984 11.023 133.173 9.54179 6.27766 4.17239 131.216 8.47704 122.739 105.217 5.0183 17.5224 6.30828 100.199 87.9216 15.1484 72.7732 22.8677 49.9055 6.47898 43.4265 19.2346 14.1971
internal_count=54161 4191 213 75 49970 1939 220 156 120 1719 103 65 45 1696 109 1587 1289 73 298 97 1216 1054 174 880 269 611 84 527 235 180
is_linear=0
shrinkage=0.1


Tree=65
num_leaves=31
num_cat=0
split_feature=0 5 6 11 12 10 14 13 1 14 14 12 9 1 12 3 3 11 1 5 12 6 9 9 10 1 1 10 10 6
split_gain=1.37361 2.63722 3.10346 6.91585 4.89632 4.78353 2.46496 2.4352 3.39042 4.63013 2.43617 6.33033 2.21755 2.16381 4.30977 8.90783 2.12658 4.96595 1.91907 1.86057 5.32529 4.98466 4.68591 3.36134 2.85398 2.39541 9.8874 3.30746 4.55411 6.99374
threshold=6.5000000000000009 334.00000000000006 46.500000000000007 83.575000000000003 79.015000000000015 3.1381907911853948 8.5000000000000018 10.500000000000002 38.309523809523817 3.5000000000000004 7.5000000000000009 78.305000000000021 9.3420890662060874 41.585714285714296 77.805000000000021 0.80824829046386315 0.80824829046386315 71.595000000000013 42.746031746031754 450.00000000000006 66.225000000000009 65.200000000000017 7.6673172925358033 4.7736520041898176 3.7744492773032747 38.94444444444445 38.585714285714296 3.8763653078623723 3.7235900556441273 57.050000000000004
decision_type=2 2 2 2 2 2 2 2 2 2 2 2 2 2 2 2 2 2 2 2 2 2 2 2 2 2 2 2 2 2
left_child=1 13 3 16 -5 -6 7 10 -9 12 19 -12 -10 14 15 -1 -3 -18 -11 25 21 -21 -23 -22 -25 26 -4 28 -27 -30
right_child=-2 2 6 4 5 -7 -8 8 9 18 11 -13 -14 -15 -16 -17 17 -19 -20 20 23 22 -24 24 -26 27 -28 -29 29 -31
leaf_value=-0.056486772370538209 0.0001814528706745197 -0.10658706321785272 -0.011456215928868108 0.24023266605553217 -0.1059856370386979 0.16146613387810796 -0.10511116957362288 0.19458634090618282 -0.10782295233998865 0.036747753629508731 -0.10451443149835034 0.26159968468021838 0.063556842913755254 -0.081963002230154958 -0.059176847366123955 0.2893289514750827 0.19679182067525719 -0.10545779793373818 0.20817196616424855 0.25725794851045442 0.16647929123322719 -0.10749518735007152 0.18576259396964756 -0.1067308067521948 0.082635926358450462 -0.020663166963791529 0.17504619085050893 -0.069352876827085921 -0.024558220005395648 0.34349232133736457
leaf_weight=1.825485888402911 4587.1267167013139 2.2967944429256004 28.087663962505761 2.2677414678037167 1.2173106819391253 1.4839734295383094 2.6008208147250107 1.3104902105405916 2.5072345994412903 1.3659288017079236 0.83944498654454847 1.0797324050217865 1.0803422564640639 8.5146098970435542 6.4304721713997424 1.2583194207400081 0.99138431949541006 1.2034659706987438 1.2512885835021732 1.583384583704172 0.7284184843301772 1.2095947978086772 0.99150410573929537 3.5850719083100557 1.0229662344790993 59.054060795344412 3.1626567221246651 14.008752780966459 1.2431003875099116 0.88303983910009254
leaf_count=38 50557 51 621 34 27 27 68 23 55 24 28 21 15 235 155 24 24 31 20 19 15 29 14 79 24 1405 56 390 36 16
internal_value=-0.000131483 -0.00938754 -0.00465796 0.0506045 0.131893 0.0409413 -0.00875544 -0.00675052 0.0484356 0.0175677 -0.0102808 0.101462 -0.0562146 -0.045342 -0.0125688 0.0846203 -0.0393235 0.0310643 0.118705 -0.0121366 0.0312095 0.121945 0.0246053 -0.0331376 -0.0646921 -0.015851 0.00741857 -0.0255224 -0.0154863 0.128302
internal_weight=4742.21 155.085 137.056 9.46067 4.96903 2.70128 127.595 124.995 7.51528 6.20479 117.479 1.91918 3.58758 18.0289 9.51428 3.08381 4.49164 2.19485 2.61722 115.56 9.12094 3.78448 2.2011 5.33646 4.60804 106.439 31.2503 75.189 61.1802 2.12614
internal_count=54161 3604 3152 194 88 54 2958 2890 137 114 2753 49 70 452 217 62 106 55 44 2704 180 62 43 118 103 2524 677 1847 1457 52
is_linear=0
shrinkage=0.1


Tree=66
num_leaves=31
num_cat=0
split_feature=2 1 10 6 1 12 12 1 12 10 10 14 10 8 11 6 12 14 9 13 9 4 14 11 11 10 9 10 7 1
split_gain=1.27176 5.70874 7.16239 5.55901 6.58455 6.5211 5.67739 5.50843 6.19141 6.48308 5.49288 9.381 7.84679 6.58196 6.16308 5.882 8.0841 5.34463 7.67531 4.84628 4.49812 4.35626 4.22022 3.99645 4.52939 4.6073 4.71791 5.64391 5.81752 5.98868
threshold=3.5000000000000004 45.585714285714296 1.3067091376020035 38.150000000000006 37.055555555555564 66.435000000000016 98.945000000000007 35.585714285714296 97.015000000000015 6.1910507808935611 2.929067902158756 7.5000000000000009 2.555872377694246 2.5000000000000004 112.13500000000001 35.900000000000006 78.915000000000006 7.5000000000000009 7.6880801164351364 3.5000000000000004 6.5362018150924408 1.5000000000000002 13.500000000000002 109.575 55.675000000000004 1.8158263674769748 7.5956484743743848 3.4197675657426596 1.0000000180025095e-35 33.690476190476197
decision_type=2 2 2 2 2 2 2 2 2 2 2 2 2 2 2 2 2 2 2 2 2 2 2 2 2 2 2 2 2 2
left_child=22 3 -3 4 6 -6 7 8 9 23 11 12 15 -14 17 -7 -17 18 -12 -20 -18 -8 -1 24 -2 -26 -27 -28 29 -29
right_child=1 2 -4 -5 5 10 21 -9 -10 -11 14 -13 13 -15 -16 16 20 -19 19 -21 -22 -23 -24 -25 25 26 27 28 -30 -31
leaf_value=-0.0015497289668521194 -0.027349471187331328 0.14304334678093872 -0.037855973041844404 0.001034821169311509 -0.060655253537247635 -0.022361706439947792 -0.095964276813616828 -0.031496429393149644 0.15361495819775142 0.14539636878807924 -0.01687082882602713 0.26095711312444925 0.27287287576191754 0.081206377470546431 0.14953340853623259 0.20325246244459244 0.1013583365259144 -0.07721007388394048 0.17785639802556774 0.048422687628539622 -0.04606298744041195 0.033229774460997903 0.070032199146798785 -0.092779660526287971 0.11307142946614457 0.046351028491117781 -0.11339929255617248 0.25352036027435454 -0.080585496107333884 -0.0076970491634302841
leaf_weight=3030.6336761396378 16.395958878099918 2.2865526638925067 51.137480868026614 1463.887280697003 5.9181507546454659 10.246694162487989 9.2535415366291982 22.439005602151155 3.5825579911470404 3.7893300354480735 17.970308527350426 2.616411078721284 2.7923971712589264 4.9995805509388438 3.6533319279551497 3.7200148776173583 4.038108289241789 5.5521552711725226 3.7244214452803162 12.954745378345249 4.2459566490724683 3.6352360844612113 8.2586668059229833 3.5244124457240096 6.3638519272208205 22.841121369972825 4.8956697285175306 1.6513361781835558 2.6900549083948135 1.8732843585312364
leaf_count=36800 207 21 654 14803 74 87 61 186 27 33 178 21 23 42 27 31 31 65 34 147 38 24 110 26 48 233 56 26 27 21
internal_value=-0.000129308 0.00205862 -0.0301135 0.00310076 0.0194159 0.040477 0.00254993 0.0114351 0.0256841 0.0185256 0.0482993 0.0793475 0.0635311 0.149894 0.0251774 0.033288 0.0807906 0.0138765 0.0284721 0.077325 0.0257983 -0.0595255 -0.00135519 0.0105444 0.0169656 0.0349883 0.0203524 -0.0330967 0.0301623 0.114687
internal_weight=4741.57 1702.68 53.424 1649.25 185.368 82.4323 102.935 90.0466 67.6076 64.025 76.5141 32.6592 30.0428 7.79198 43.855 22.2508 12.0041 40.2016 34.6495 16.6792 8.28406 12.8888 3038.89 60.2357 56.7113 40.3153 33.9515 11.1103 6.21468 3.52462
internal_count=54161 17251 675 16576 1773 798 975 890 704 677 724 273 252 65 451 187 100 424 359 181 69 85 36910 644 618 411 363 130 74 47
is_linear=0
shrinkage=0.1


Tree=67
num_leaves=31
num_cat=0
split_feature=13 11 11 10 14 10 7 1 1 11 7 9 11 10 1 6 4 9 6 9 4 6 6 9 3 11 2 9 1 1
split_gain=1.25851 2.84081 7.76973 5.38018 5.9171 7.0455 5.03286 6.09749 4.86984 6.04855 4.51768 9.97808 7.05134 9.34185 7.98549 7.11266 4.45538 8.25176 4.06943 3.72536 3.45369 3.80529 3.42916 3.28852 2.97878 2.7856 2.69253 2.45719 2.70181 2.19841
threshold=1.0000000180025095e-35 51.900000000000006 56.245000000000012 1.6971861428700896 3.5000000000000004 2.5292748550657973 1.0000000180025095e-35 42.690476190476197 37.788888888888899 104.84500000000001 1.0000000180025095e-35 4.469853087658632 86.245000000000019 4.3606704689502775 41.414285714285718 54.550000000000004 1.0000000180025095e-35 6.6953652329516009 60.900000000000013 5.3367601025878884 1.5000000000000002 51.750000000000007 48.800000000000004 2.2337839424508461 0.8228263892582881 75.075000000000003 3.5000000000000004 6.8659211323023071 22.928571428571434 22.928571428571434
decision_type=2 2 2 2 2 2 2 2 2 2 2 2 2 2 2 2 2 2 2 2 2 2 2 2 2 2 2 2 2 2
left_child=1 27 19 6 5 18 -4 -8 23 10 22 -12 24 14 -14 -16 17 -6 20 -3 -5 -22 -10 -7 -13 -26 -24 28 -1 -2
right_child=29 2 3 4 16 8 7 -9 9 -11 11 12 13 -15 15 -17 -18 -19 -20 -21 21 -23 26 -25 25 -27 -28 -29 -30 -31
leaf_value=-0.11117478918177025 0.059556998313391944 0.040104571759517961 0.18200192960890582 -0.10101720081313059 0.1791841552467357 0.046175945876675561 0.13150915175618044 -0.078981709592683955 -0.11217281040355989 0.20751367338227633 0.27858570760158324 -0.11049653468891835 -0.081718542997363849 0.27416273789431583 0.021100640166342024 0.23045846197067604 -0.092528842953198506 -0.065618036064685595 0.083096395793484837 0.18909673897070736 0.051406838050969676 -0.085719308754622414 -0.045703627361141114 -0.07958471563861097 0.12154367548901852 -0.040504382335466882 0.082381721983631806 -0.11207236140745452 0.018274156204762703 -0.00045397681573396153
leaf_weight=2.0430493969470245 6.1125258877873412 3.1266490519046775 3.2347672292962653 8.0339573547244125 2.0424965880811241 3.4716372578404826 2.7157076224684715 2.7901395871303976 2.6219862396828848 2.4138813912868491 2.0411465838551548 2.8625408438965705 3.1079064533114416 2.310763604938983 3.7082867040298879 2.885428074747324 10.427476665005086 4.2256630100309849 2.4813848240301004 3.6225510705262423 4.6083946465514583 3.6081765331327915 3.0592945385724306 5.1843221853487194 1.688765231054276 2.8527293927036226 3.5405987380072474 3.0391140552237621 7.6481439508497715 4629.141161742853
leaf_count=24 45 33 30 96 20 24 24 31 33 22 30 47 34 24 38 27 129 46 25 44 45 38 42 52 22 46 40 34 82 52934
internal_value=-0.00012915 0.010676 0.0167611 0.00864538 0.000223967 0.0147719 0.0830038 0.0248409 0.0376338 0.0551009 0.0431089 0.0682656 0.0461558 0.0934677 0.0504292 0.112716 -0.0524771 0.0141514 -0.0361822 0.120074 -0.0543955 -0.00880993 -0.0154259 -0.029146 -0.0306036 0.0197536 0.0230094 -0.0336184 -0.00901563 -0.00037484
internal_weight=4740.65 105.397 92.6667 85.9175 77.1768 60.4812 8.74061 5.50585 41.7493 33.0933 30.6794 21.4576 19.4164 12.0124 9.70162 6.59371 16.6956 6.26816 18.7319 6.7492 16.2505 8.21657 9.22188 8.65596 7.40404 4.54149 6.59989 12.7303 9.69119 4635.25
internal_count=54161 1182 1042 965 880 685 85 55 481 405 383 268 238 123 99 65 195 66 204 77 179 83 115 76 115 68 82 140 106 52979
is_linear=0
shrinkage=0.1


Tree=68
num_leaves=31
num_cat=0
split_feature=9 9 14 1 1 10 1 6 3 12 12 7 13 12 10 10 1 11 3 9 10 12 0 14 6 10 11 9 1 1
split_gain=1.22481 7.38581 3.09491 7.47998 6.63712 10.805 7.05779 5.37842 8.03392 5.2186 7.36698 4.85667 5.01823 5.1401 4.80039 4.41478 3.94878 3.56876 3.64975 3.44705 7.11256 5.3704 4.95588 4.03214 2.94911 4.33235 6.88967 5.12204 6.3735 8.86532
threshold=5.0525826761853398 5.2895735286819852 2.5000000000000004 38.236111111111121 41.690476190476197 3.4085567596376087 42.845238095238102 56.500000000000007 0.90441722268325109 80.925000000000026 82.085000000000022 1.0000000180025095e-35 3.5000000000000004 101.72500000000001 1.4231066824086402 2.3346563787719767 37.118055555555564 111.15500000000002 0.80824829046386315 5.2020646326090949 3.1069261006824638 93.605000000000004 8.5000000000000018 5.5000000000000009 55.45000000000001 2.7770789233501048 97.685000000000016 3.4406928503788539 33.56349206349207 34.309523809523817
decision_type=2 2 2 2 2 2 2 2 2 2 2 2 2 2 2 2 2 2 2 2 2 2 2 2 2 2 2 2 2 2
left_child=24 2 3 -2 5 -5 -6 8 -8 14 -11 16 17 19 -4 -9 -12 18 -13 21 -21 -14 -22 -23 -1 26 -26 -27 -29 -30
right_child=1 -3 9 4 6 -7 7 15 -10 10 11 12 13 -15 -16 -17 -18 -19 -20 20 22 23 -24 -25 25 27 -28 28 29 -31
leaf_value=-0.010749354162630575 -0.054386647036739212 -0.00029214496047010009 0.1652239959537497 0.019564079471030692 -0.11340787133489499 0.27604031436743964 -0.056016828400572663 0.058179670736271782 0.15249739666141132 0.18718899824178126 0.011615176598752346 -0.075717389000595908 -0.027648773893895397 -0.0097576793219038508 -0.026534385764114883 0.2527764154673699 -0.096197437606261149 0.093756738099992451 0.060745008170755767 0.24347680073374148 -0.036248961118453493 0.19249472740245982 0.15860635459279374 0.032565309869212931 0.0070779567382538433 -0.033012966161350604 -0.066245665892387423 -0.023113203408941935 0.21918365811497412 0.039344690798835291
leaf_weight=302.51660633319989 5.0344748599454787 4175.1873902194202 1.3686604145914341 2.9197935475967851 2.3949328470043829 3.7550867642275989 4.8539556469768268 2.2516163997352123 2.9836040488444269 2.9752213135361663 11.639741064980628 6.7928202375769597 4.4473924823105389 6.1629205718636504 28.276925396639854 2.4176368466578424 4.7974075376987448 2.7059854492545119 2.7547318562865257 3.8435473963618261 2.5301821990869939 3.2873515486717224 2.6961121782660484 3.0289930626749992 46.627113197464496 14.341090684290974 17.671524185687304 15.856079053133724 2.8969837427139273 50.945448828162625
leaf_count=3516 55 47942 11 28 27 31 51 20 31 30 88 57 40 37 387 24 46 18 25 30 27 21 15 21 504 175 144 225 22 513
internal_value=-0.000127868 0.000393305 0.0255154 0.0553707 0.0809803 0.16385 0.0438609 0.0739764 0.0233604 0.0164156 0.0339457 0.0256086 0.0451441 0.0700116 -0.0176814 0.158938 -0.0198514 -0.00761364 -0.0363442 0.0947984 0.140214 0.0565299 0.0642719 0.115801 -0.00508593 0.00646388 -0.013074 0.0214123 0.0326107 0.0490209
internal_weight=4739.96 4289.11 113.919 26.6111 21.5766 6.67488 14.9017 12.5068 7.83756 87.308 57.6624 54.6872 38.25 25.9965 29.6456 4.66925 16.4371 12.2535 9.54755 19.8336 9.06984 10.7637 5.22629 6.31634 450.855 148.338 64.2986 84.0396 69.6985 53.8424
internal_count=54161 49062 1120 267 212 59 153 126 82 853 455 425 291 191 398 44 134 100 82 154 72 82 42 42 5099 1583 648 935 760 535
is_linear=0
shrinkage=0.1


Tree=69
num_leaves=31
num_cat=0
split_feature=3 1 10 12 1 1 6 11 1 11 5 1 9 12 10 5 1 1 11 10 13 10 1 1 11 10 10 12 11 9
split_gain=1.20129 3.82243 5.37824 5.76974 3.93494 3.20292 3.02694 4.35458 7.60693 4.67644 5.27293 7.1979 5.44755 4.4731 3.66163 7.84391 6.86226 6.59072 5.55637 4.85726 5.94181 3.65305 4.54752 8.46133 3.58498 3.36207 5.96975 5.48338 3.53924 3.25574
threshold=0.49494897427831785 48.309523809523817 2.6236545628678161 64.245000000000019 48.154761904761912 28.74603174603175 63.20000000000001 85.675000000000026 38.527777777777786 75.335000000000022 450.00000000000006 41.873015873015881 7.2061038871837493 67.205000000000013 3.3653904767834129 450.00000000000006 39.154761904761912 42.25396825396826 87.355000000000004 5.190919606107566 7.5000000000000009 4.4844861831090101 33.436507936507944 35.585714285714296 108.88500000000001 3.8893777373224179 4.0441926108079214 81.965000000000018 115.62500000000001 8.2245660426943044
decision_type=2 2 2 2 2 2 2 2 2 2 2 2 2 2 2 2 2 2 2 2 2 2 2 2 2 2 2 2 2 2
left_child=6 4 3 -3 5 -2 -1 9 21 -8 -11 -12 -13 -14 15 17 -17 -10 -18 -16 -21 25 -23 24 -24 28 -27 -28 -9 -20
right_child=1 2 -4 -5 -6 -7 7 8 14 10 11 12 13 -15 19 16 18 -19 29 20 -22 22 23 -25 -26 26 27 -29 -30 -31
leaf_value=0.00025730707204394391 -0.071906835672704852 0.1155464787432483 -0.1061968866056883 -0.03635506563876878 0.12256761608851903 -0.0015724718988993497 0.00747361698216555 0.016098230479276884 -0.11521307384922769 0.13500201143848439 -0.03120062718078 -0.020775749987281926 0.30290953226597317 0.096996990444556147 -0.076047483304127528 0.19803623796307809 -0.11333477918334445 0.066507587543016874 0.11517873006358835 -0.04666477216801123 0.18739258609501505 -0.11385421748407039 0.013611001931057166 -0.042891111421378914 0.15689318959927909 0.20832662856781392 0.17118309061016845 -0.00034000008075930937 0.11681935687237353 -0.01072176833461019
leaf_weight=2811.0448433817364 6.4992666356265536 3.0782526298426154 8.4117047390900535 13.323398613836615 2.5461938178632399 1703.3242559880018 21.642572481185198 58.263302564620972 7.3460982330143452 8.4546500188298523 7.5947216749191284 2.1244266517460346 1.67690197750926 2.8445517867803574 19.975082859396938 2.5644629299640664 2.5382525548338881 2.7403453215956688 4.3603021316230279 3.0475236251950255 1.6839154027402399 3.7829734496772316 3.133343223482373 12.74689234048128 3.9445774555206299 2.7726185694336882 2.4827421791851503 7.4764761626720428 3.7109443098306647 3.8832090739160776
leaf_count=31027 65 43 196 205 37 20609 293 512 71 102 100 21 19 30 240 25 26 26 43 35 23 39 32 135 30 26 30 63 17 41
internal_value=-0.000126592 -0.0022195 -0.041187 -0.00784627 -0.00165484 -0.00183982 0.00108459 0.0132735 0.00496094 0.0407307 0.0724451 0.0353051 0.111306 0.173365 -0.0276087 0.000710576 0.0510079 -0.0658421 0.016037 -0.0544679 0.0366361 0.0209086 -0.0133816 0.00579057 0.0934632 0.0317446 0.0785489 0.0424191 0.0221293 0.0558717
internal_weight=4739.02 1737.18 24.8134 16.4017 1712.37 1709.82 3001.84 190.791 146.453 44.3378 22.6953 14.2406 6.64588 4.52145 48.1392 23.4327 13.3462 10.0864 10.7818 24.7065 4.73144 98.3139 23.6078 19.8248 7.07792 74.7061 12.7318 9.95922 61.9742 8.24351
internal_count=54161 21155 444 248 20711 20674 33006 1979 1414 565 272 170 70 49 530 232 135 97 110 298 58 884 236 197 62 648 119 93 529 84
is_linear=0
shrinkage=0.1


Tree=70
num_leaves=31
num_cat=0
split_feature=3 11 1 14 9 9 9 11 12 14 10 10 0 6 12 12 9 1 6 14 13 11 9 13 9 12 12 12 6 13
split_gain=1.15458 2.0512 6.14307 2.47602 3.13322 1.19795 5.51828 5.3513 6.13622 7.68166 1.59821 4.09137 1.1484 2.64079 4.50203 6.734 6.10608 6.53333 2.89368 5.29824 6.55332 4.78144 2.8448 2.18321 2.66268 2.66437 2.33102 2.36556 2.24015 3.48621
threshold=1.3566258340248767 71.595000000000013 45.585714285714296 8.5000000000000018 11.361409764919779 13.69865178291713 13.242633663476148 76.680000000000021 68.435000000000016 6.5000000000000009 3.0973184583636377 2.7770789233501048 6.5000000000000009 38.150000000000006 68.785000000000011 74.835000000000022 8.289869474904334 40.154761904761912 46.500000000000007 4.5000000000000009 2.5000000000000004 83.575000000000003 9.1618106436302806 10.500000000000002 8.5110896086401464 65.685000000000016 66.915000000000006 77.385000000000005 60.900000000000013 5.5000000000000009
decision_type=2 2 2 2 2 2 2 2 2 2 2 2 2 2 2 2 2 2 2 2 2 2 2 2 2 2 2 2 2 2
left_child=5 2 -2 4 -3 6 12 -7 -9 -10 11 -8 13 14 -1 -16 -17 -18 19 20 21 -15 -22 28 26 -26 -25 -28 -20 -30
right_child=1 3 -4 -5 -6 7 10 8 9 -11 -12 -13 -14 18 15 16 17 -19 23 -21 22 -23 -24 24 25 -27 27 -29 29 -31
leaf_value=-0.10560759181618018 0.29518927722412369 -0.076881435936462211 -0.049669506502027658 0.070043702238298464 0.11917475519730746 0.20168025953779412 -0.10942372900898772 -0.082142469000655444 0.19105819491465528 -0.10596531383731711 -0.10633002946445647 0.11526146149966197 0.00032602286104731036 -0.02043440290445479 0.17885084233897838 -0.10550816634715654 -0.055411848201843389 0.22186895821771097 -0.015962886675856072 0.22136111798705149 -0.10652608289539037 0.2426644457203686 0.083329759091603089 -0.10827361944547101 0.18679657585473322 0.013751085773552552 0.1560517671176492 -0.037662353993045711 0.058726055007579471 -0.070858926575554149
leaf_weight=7.2228305689059225 0.74635411286726538 10.10908362199552 1.6775262220762668 1.6573470607399929 0.88662864733487445 1.6081236999016244 2.0567767377942787 4.1892790570855123 2.6099776104092602 1.3066030889749525 6.1676021050661802 1.3374288231134412 4555.8694627173245 1.1772027513943597 1.7050175489857782 5.3250187356024963 1.9542960040271284 1.503505215514451 102.05212159315124 1.5235463199205694 3.3073973557911813 1.6715920963324604 1.0365886781364677 1.5409032492898393 1.9278214368969204 1.6524183982983229 1.1239417153410616 1.4355733431875703 9.2917742356657964 2.6734029296785584
leaf_count=195 20 255 42 29 20 28 29 85 32 26 122 20 50029 38 25 131 42 26 2436 36 78 25 22 38 18 32 19 27 166 70
internal_value=-0.000125871 -0.0277547 0.0565184 -0.0438985 -0.0610726 -3.76784e-05 -0.000109976 0.0350435 0.0019844 0.0919687 -0.0760011 -0.0208904 4.42879e-05 -0.00862102 -0.0448535 -0.00301293 -0.0383183 0.0651541 -0.00370054 0.0519587 0.0160766 0.133945 -0.0612215 -0.007687 0.0439181 0.106929 -0.0110996 0.047402 -0.0111633 0.0297726
internal_weight=4738.35 15.0769 2.42388 12.6531 10.9957 4723.27 4713.56 9.71398 8.10586 3.91658 9.56181 3.39421 4703.99 148.125 17.7107 10.4878 8.78282 3.4578 130.414 8.71633 7.19278 2.84879 4.34399 121.698 7.68066 3.58024 4.10042 2.55952 114.017 11.9652
internal_count=54161 366 62 304 275 53795 53624 171 143 58 171 49 53453 3424 419 224 199 68 3005 199 163 63 100 2806 134 50 84 46 2672 236
is_linear=0
shrinkage=0.1


Tree=71
num_leaves=31
num_cat=0
split_feature=13 7 9 11 10 9 4 1 9 3 12 11 9 12 10 14 12 12 10 9 9 6 4 9 10 6 14 9 11 14
split_gain=1.09819 3.97403 5.82302 4.35983 4.11751 3.68028 5.75186 4.31662 4.71379 5.13235 7.4215 5.08861 4.87063 4.87303 5.99481 8.13348 5.9367 4.85059 4.30279 8.23204 4.29478 5.08658 4.80619 4.19505 6.66144 7.26271 7.52421 6.64514 6.90966 6.21219
threshold=5.5000000000000009 1.0000000180025095e-35 2.9863459728144783 70.175000000000026 2.0376276689115937 2.9863459728144783 2.5000000000000004 23.74603174603175 4.8916186193652864 0.96130246934766739 77.385000000000005 112.81500000000001 5.7684163959386918 93.415000000000006 2.8941577321497935 6.5000000000000009 97.195000000000007 104.47500000000001 3.5089864224713394 7.6880801164351364 5.7295650209056772 38.150000000000006 1.5000000000000002 9.2585819779737957 3.0195178016030071 47.300000000000004 1.5000000000000002 10.525708164801435 88.925000000000026 7.5000000000000009
decision_type=2 2 2 2 2 2 2 2 2 2 2 2 2 2 2 2 2 2 2 2 2 2 2 2 2 2 2 2 2 2
left_child=1 4 -3 -4 -1 6 -6 -7 -9 11 -11 12 13 20 16 -16 -15 -13 19 -12 21 -10 -22 29 -25 26 -26 28 -28 -14
right_child=-2 2 3 -5 5 7 -8 8 9 10 18 17 23 14 15 -17 -18 -19 -20 -21 22 -23 -24 24 25 -27 27 -29 -30 -31
leaf_value=0.012266288926002426 -0.0016237197403028724 -0.072010054032156448 -0.054187860259186371 0.0053271519571663293 0.15370482107984121 0.11035597427458227 0.011250377330423706 -0.033725271082736534 0.066693619310517524 -0.071587311104478552 -0.065887625484196896 -0.086934177830950921 -0.0088810319756470087 0.21818740494440642 -0.049974056987336944 0.12308528098475707 0.041402825471802351 0.0074708959539617941 0.23857016098451156 0.22669269962670202 -0.0052001904176773722 -0.016604052166449581 0.22510742806031703 -0.031366586802861036 -0.066779203969845866 0.011358191121222931 0.28737805831972651 0.0024204315865836799 0.088517480611339433 -0.045628802133036224
leaf_weight=124.89746545953676 2403.5709986644797 9.9211405306123179 12.408786732237784 1527.8529313099571 3.311445272993299 3.0178602887317529 19.673652062192559 71.414462260669097 8.6829334939829987 2.6199120199307782 2.1428412310779099 15.157776836305858 310.08366116695106 3.8173754764720824 7.1451070383191091 4.3807872757315636 3.7810922861099243 8.4915614202618581 2.2748889699578285 1.7445655837655065 1.8322383593767875 47.08179111359641 1.7926640436053274 26.692699089180678 2.2313602417707434 47.899360150564462 3.5023645507171732 2.6585835851728916 3.4867427423596382 54.016272592358291
leaf_count=1228 28677 132 207 16087 36 33 230 967 94 40 24 129 3539 30 59 30 23 49 27 17 19 643 27 287 26 601 41 34 39 786
internal_value=-0.000123398 0.00142164 0.00435579 0.00484768 -0.00438125 -0.0075367 0.0317737 -0.0089575 -0.00952639 -0.00644874 0.0693973 -0.00765384 -0.00562528 0.0173594 0.0612617 0.0158027 0.130217 -0.053037 0.129337 0.0654147 0.00322214 -0.00363406 0.108696 -0.00963045 0.0101694 0.0287163 0.0987088 0.136984 0.18817 -0.0143328
internal_weight=4737.59 2334.01 1550.18 1540.26 783.831 658.934 22.9851 635.949 632.931 561.517 8.78221 552.734 529.085 78.514 19.1244 11.5259 7.59847 23.6493 6.1623 3.88741 59.3896 55.7647 3.6249 450.571 86.4711 59.7784 11.8791 9.64769 6.98911 364.1
internal_count=54161 25484 16426 16294 9058 7830 266 7564 7531 6564 108 6456 6278 925 142 89 53 178 68 41 783 737 46 5353 1028 741 140 114 80 4325
is_linear=0
shrinkage=0.1


Tree=72
num_leaves=31
num_cat=0
split_feature=8 1 1 1 1 6 13 11 11 11 11 9 9 6 12 1 6 3 10 12 11 10 10 13 9 9 14 10 9 13
split_gain=1.13643 4.46413 4.00105 8.2355 4.88427 4.70373 5.53991 7.94156 4.42923 13.0405 11.5118 15.1569 6.85747 7.33789 7.9626 5.53169 4.99617 6.33106 9.3994 7.02569 16.9331 5.42264 7.08394 4.60947 4.2585 7.14128 5.17502 4.20998 6.15936 4.00641
threshold=3.5000000000000004 32.055555555555564 34.585714285714296 35.472222222222229 34.436507936507944 57.050000000000004 3.5000000000000004 89.215000000000018 88.055000000000021 90.705000000000013 87.165000000000006 10.416823082017922 8.7920029564476874 47.300000000000004 76.385000000000005 43.690476190476197 50.850000000000009 0.98989794855663571 5.0341794800908302 93.510000000000005 97.340000000000018 4.5493443025674383 3.9031946041018375 2.5000000000000004 7.916885934540919 8.9841040179620926 8.5000000000000018 3.0086260329259997 8.6760952093232806 6.5000000000000009
decision_type=2 2 2 2 2 2 2 2 2 2 2 2 2 2 2 2 2 2 2 2 2 2 2 2 2 2 2 2 2 2
left_child=-1 -2 4 -4 -3 8 7 -7 10 -10 -5 12 13 -12 -15 -16 24 19 23 20 -18 22 -22 -19 26 27 29 -26 -29 -11
right_child=1 2 3 5 -6 6 -8 -9 9 16 11 -13 -14 14 15 -17 17 18 -20 -21 21 -23 -24 -25 25 -27 -28 28 -30 -31
leaf_value=0.00034918231678580854 -0.097600674382860603 0.019568410105496641 -0.093612723248675811 0.0046168959984985462 0.16160994616829114 0.057613351006654927 -0.039126282206100531 -0.070186165672616999 -0.06235591952607579 -0.097713078883073887 -0.04610087276722754 0.36005097854692902 -0.11063267181572792 0.28868633137272032 0.14360652799482496 -0.061555758001134608 -0.035218210025631073 0.18861414058493922 0.25440017976985796 -0.08507796284663903 0.1241727804656015 0.029159183530424765 0.37649349644280389 0.022283490095442643 0.20171873664635043 -0.039936424252969671 0.071511792284032011 -0.0044390040821523213 0.22384429789785792 0.0076601228578359343
leaf_weight=4332.48999142088 5.1612601522356263 16.974545190110806 10.500590819865463 149.48111089598387 2.8235433846712104 15.780554825905712 64.308714235667139 7.0277893356978884 36.119137300178409 12.613722097128635 2.9715871661901465 1.9012924134731282 2.0372718460857859 2.4427599105983955 3.8589039072394371 1.992920998483896 12.301427561789756 1.9847396574914444 2.7171659357845774 6.5440226234495631 2.898033805191516 2.1438054628670216 1.8061232529580591 10.378613147884606 2.2266300842165965 10.003532966598867 3.1526583768427363 5.566336065530777 1.500530309975147 5.0539513751864424
leaf_count=48590 60 189 130 2206 27 197 975 87 508 145 32 21 25 26 40 23 190 22 36 70 29 29 17 127 24 146 32 70 21 67
internal_value=-0.000123967 -0.00519458 -0.0039996 -0.00628705 0.0398259 -0.00380078 -0.0241083 0.0182353 0.0024795 -0.0123966 0.0130491 0.0959477 0.0582028 0.0887335 0.137039 0.0737356 0.00991095 0.0345624 0.0859963 0.00437372 0.0349425 0.160977 0.221049 0.0489852 -0.015144 0.0186984 -0.0465103 0.081813 0.0440331 -0.0675704
internal_weight=4736.76 404.273 399.112 379.314 19.7981 368.813 87.1171 22.8083 281.696 117.01 164.686 15.2047 13.3034 11.2662 8.29458 5.85182 80.8913 40.7739 15.0805 25.6934 19.1494 6.84796 4.70416 12.3634 40.1174 19.297 20.8203 9.2935 7.06687 17.6677
internal_count=54161 5571 5511 5295 216 5165 1259 284 3906 1533 2373 167 146 121 89 63 1025 520 185 335 265 75 46 149 505 261 244 115 91 212
is_linear=0
shrinkage=0.1


Tree=73
num_leaves=31
num_cat=0
split_feature=9 8 9 10 10 13 10 11 10 1 11 10 12 12 10 9 1 9 10 10 1 9 10 6 6 1 12 12 6 13
split_gain=1.09118 4.90902 3.57057 7.24215 8.68902 7.17396 8.62845 7.8924 5.88852 5.27882 8.60853 6.96954 4.66824 4.89393 4.891 7.83803 8.07994 9.98125 5.4133 5.12135 5.68573 9.88669 13.0477 4.63818 4.51663 8.71812 4.42877 8.42417 5.38967 4.28993
threshold=9.8984640613597694 2.5000000000000004 10.098494482630265 3.8255123705715062 2.5019188554338698 2.5000000000000004 2.7770789233501048 77.340000000000018 1.4231066824086402 36.788888888888899 91.685000000000016 3.3653904767834129 94.465000000000018 93.605000000000004 2.0795118135158615 10.26418381005284 43.154761904761912 10.163627154119562 1.556365459177776 3.0413571077563542 34.309523809523817 10.570999455649497 4.0022447775634022 47.300000000000004 53.100000000000009 39.56349206349207 67.305000000000021 65.685000000000016 57.400000000000013 1.0000000180025095e-35
decision_type=2 2 2 2 2 2 2 2 2 2 2 2 2 2 2 2 2 2 2 2 2 2 2 2 2 2 2 2 2 2
left_child=-1 -2 3 4 8 -6 24 -8 -3 10 -9 -11 13 14 15 16 17 -4 -17 -16 21 22 -21 -14 25 -7 27 -20 -28 -22
right_child=1 2 12 -5 5 6 7 9 -10 11 -12 -13 23 -15 19 18 -18 -19 26 20 29 -23 -24 -25 -26 -27 28 -29 -30 -31
leaf_value=0.00047957827535678586 -0.031134794852721262 0.11245911836000066 0.065323950032651013 -0.063697804882573567 -0.11404392089538039 0.069634476702300038 0.1117280297984308 -0.05260165225214114 -0.079809704538430865 -0.091508492439061048 0.27099668653145609 0.035299226696787957 0.15443205394980383 -0.095116196618909396 -0.018568821113699122 -0.038594875765228936 -0.028795979502574079 0.34546982892507633 -0.058685220970435138 0.45039446731740429 0.13626470931624868 -0.00037615743881316366 0.026726639747246896 0.026075427585692281 0.031164472962019914 0.33649183249805537 -0.010745283236770663 0.19482637456592358 0.11074243447288351 0.0017908763887023904
leaf_weight=4081.7086577429436 60.180489521706477 1.7796745393425251 2.7165933027863494 26.375984605867416 3.3253582888282827 2.706686593592166 6.2695296630263355 1.7425443567335634 15.177941422909496 10.213252842426302 1.5563058108091352 7.5296106953173867 3.6207738108932999 5.3284869487397364 131.39630283229053 13.00017544813454 2.3132450692355633 2.3912936002016068 1.9120040927082325 1.4313864484429353 2.3910516323521724 4.5940477680414915 1.4769885838031767 12.653589206747709 2.7888186052441597 2.235226783901453 15.528594780713322 4.1685721501708031 4.7744890972971907 302.90144354477525
leaf_count=44830 857 20 24 385 35 28 85 25 165 127 17 102 30 58 1666 130 23 23 28 21 31 73 22 128 32 26 161 47 43 4919
internal_value=-0.000128222 -0.00391881 -0.00116284 -0.020578 -2.0817e-05 0.0263259 0.0396465 0.013246 -0.0596314 -0.0160974 0.100063 -0.0376946 0.00193166 0.000203612 0.00123806 0.0319848 0.126257 0.196476 0.0142211 -0.00200176 0.00495759 0.090962 0.235239 0.0546326 0.132914 0.190334 0.0402454 0.115111 0.0178239 0.00284408
internal_weight=4736.19 654.48 594.3 81.7009 55.3249 38.3673 35.042 27.3112 16.9576 21.0417 3.29885 17.7429 512.599 496.325 490.996 46.805 7.42113 5.10789 39.3838 444.191 312.795 7.50242 2.90838 16.2744 7.73073 4.94191 26.3837 6.08058 20.3031 305.292
internal_count=54161 9331 8474 1047 662 477 442 356 185 271 42 229 7427 7269 7211 479 70 47 409 6732 5066 116 43 158 86 54 279 75 204 4950
is_linear=0
shrinkage=0.1


Tree=74
num_leaves=31
num_cat=0
split_feature=2 1 10 6 1 12 12 1 12 10 11 10 14 10 14 11 14 9 7 1 4 10 6 9 4 1 13 12 1 1
split_gain=1.10251 4.72836 5.30443 4.12108 5.17134 5.15854 4.64075 4.3347 4.86127 4.49377 4.1145 4.519 12.3354 6.86169 5.09435 4.90338 4.78613 5.96032 6.95876 5.68355 7.9779 5.46962 4.07334 3.91207 3.8551 3.7815 10.0963 5.24931 4.12099 3.57161
threshold=3.5000000000000004 45.585714285714296 1.3067091376020035 38.150000000000006 37.055555555555564 66.435000000000016 98.945000000000007 35.585714285714296 97.635000000000005 6.1910507808935611 76.680000000000021 2.7655569167765921 7.5000000000000009 2.555872377694246 1.5000000000000002 112.13500000000001 7.5000000000000009 7.6880801164351364 1.0000000180025095e-35 38.94444444444445 1.5000000000000002 3.2899556475247569 33.600000000000001 8.2021111944986753 1.5000000000000002 30.74603174603175 11.500000000000002 82.675000000000026 31.309523809523814 46.75714285714286
decision_type=2 2 2 2 2 2 2 2 2 2 2 2 2 2 2 2 2 2 2 2 2 2 2 2 2 2 2 2 2 2
left_child=25 3 -3 4 6 -6 7 8 9 -2 -7 12 13 14 -12 16 17 22 21 -20 -21 -19 -13 -9 -8 26 -1 -28 -27 -30
right_child=1 2 -4 -5 5 10 24 23 -10 -11 11 15 -14 -15 -16 -17 -18 18 19 20 -22 -23 -24 -25 -26 28 27 -29 29 -31
leaf_value=-0.0061188775804400467 0.010688118156742374 0.11361024301484356 -0.035048558239182813 0.0010485950893358677 -0.05743828185518135 0.13228583415547307 -0.091648986304066302 -0.056351855215616913 0.17661064514365829 0.11774929857695632 0.14484636940216042 0.058043356680472627 0.28433012496296889 0.15669525754484853 0.00063538248516404358 0.12374210419410335 -0.077848815862971835 -0.11620725147488886 0.011239523633437526 0.29953206067923488 0.071062763582618468 0.050097871438428802 -0.046263382975876163 0.036250184319294797 0.030272605183254128 -0.058567198127095467 0.039811245593802502 0.24892871717178081 -0.0018511001698140899 0.020004913300788144
leaf_weight=11.083308902569117 62.685728476382792 2.5229379422962657 49.360031835269183 1462.0855615814216 5.6220599859952918 4.7149575240910044 8.7523703873157483 15.489820644259455 1.9740318804979313 4.1821144074201575 2.8669638186693289 5.0984543934464481 2.4160843193531027 4.649372160434722 16.826098820194602 3.9757022038102141 5.6825414691120377 2.8140626475214958 3.0488185994327068 2.8799248933792114 3.2567531876266003 6.6534906923770905 14.092013556510208 6.4667089171707621 3.6854733154177657 12.615480399690567 2.0037682242691508 2.993973009288311 2928.5327754588798 76.72798831271939
leaf_count=119 657 21 654 14803 74 38 61 128 14 33 21 50 15 35 143 27 68 26 29 26 36 71 139 58 24 135 26 26 35571 1033
internal_value=-0.000132061 0.0019052 -0.0278197 0.00283992 0.0167835 0.0351131 0.00176325 0.00961039 0.0219498 0.017384 0.0417016 0.0359502 0.0688177 0.0474273 0.02163 0.0174354 0.00772526 0.020575 0.0608288 0.122838 0.178283 0.000666617 -0.0185515 -0.0290784 -0.0555222 -0.0012748 0.047089 0.165086 -0.00153251 -0.00129309
internal_weight=4735.76 1701.8 51.883 1649.92 187.834 84.5973 103.236 90.7984 68.8419 66.8678 78.9752 74.2603 26.7585 24.3424 19.6931 47.5018 43.5261 37.8435 18.6531 9.1855 6.13668 9.46755 19.1905 21.9565 12.4378 3033.96 16.0811 4.99774 3017.88 3005.26
internal_count=54161 17251 675 16576 1773 798 975 890 704 690 724 686 214 199 164 472 445 377 188 91 62 97 189 186 85 36910 171 52 36739 36604
is_linear=0
shrinkage=0.1


Tree=75
num_leaves=31
num_cat=0
split_feature=3 9 11 11 14 12 9 3 9 1 1 1 13 11 11 10 11 1 4 1 13 14 14 7 11 9 10 11 10 10
split_gain=1.11807 2.0021 2.05152 4.68013 2.5758 1.09478 7.16584 13.111 5.54944 5.11552 8.59099 5.09218 4.52656 5.24221 3.8685 3.69333 4.23173 3.6258 3.25186 8.41996 5.236 5.32621 6.68812 6.45548 6.00129 4.9979 4.71267 6.02777 4.28095 3.84436
threshold=1.3566258340248767 11.671039018718183 71.595000000000013 70.605000000000004 8.5000000000000018 99.265000000000015 9.1094447361590465 0.72771912927066806 10.067121672827357 38.118055555555564 37.94444444444445 39.414285714285718 8.5000000000000018 112.13500000000001 113.53000000000002 1.6971861428700896 113.87000000000002 37.56349206349207 1.5000000000000002 37.354166666666679 5.5000000000000009 7.5000000000000009 6.5000000000000009 1.0000000180025095e-35 113.2 5.9716407762046879 1.5981724135300086 106.355 5.486676625372426 3.0853214020896931
decision_type=2 2 2 2 2 2 2 2 2 2 2 2 2 2 2 2 2 2 2 2 2 2 2 2 2 2 2 2 2 2
left_child=5 2 3 -2 -4 14 9 8 12 10 18 -11 13 -8 -1 -13 -17 -16 26 20 -20 22 23 -22 -25 -23 27 -7 -28 -27
right_child=1 -3 4 -5 -6 6 7 -9 -10 11 -12 15 -14 -15 17 16 -18 -19 19 -21 21 25 -24 24 -26 29 28 -29 -30 -31
leaf_value=-0.00012386555585878505 -0.10665479102490333 0.11904041390401293 -0.075084154979380868 0.16266739945505873 0.056128879048732754 0.070081183424447954 0.18559891646944868 -0.11893209927310189 -0.0094107354188722354 -0.054690496115837095 0.12298480572879317 0.11684574028983066 0.2572131233828881 -0.0020344248142991567 -0.013332433788860738 -0.049093005084304475 0.064822137008516481 -0.073353951286251731 -0.026055420837100919 0.18318121059984832 -0.064580995991631293 0.017953956762973972 -0.089005066124246135 0.2121094395685621 0.00922704026499932 0.075997200881456284 0.0017292526662443968 -0.08515821936827557 0.10639931836595543 0.20856900037173123
leaf_weight=4258.2305299155414 1.1584937856532609 0.8783402321860202 9.6870901398360711 1.4563507852144537 1.7693502083420742 3.140496499836444 3.5843192785978299 2.8393601924180976 2.5652179531753054 28.701629932969809 6.2305385619401923 2.9174539968371418 3.0205390527844429 2.5471240878105164 56.045778073370457 8.794827997684477 5.1827318593859664 12.267369095236061 17.776894226670265 3.256258748471736 3.1223500221967715 6.8427826613187781 5.4507322609424582 3.0016331747174263 2.8350920528173447 5.2378211468458158 255.96789529919624 12.287532500922678 3.9680361226201049 3.7558428198099136
leaf_count=50321 32 17 259 30 28 25 30 26 21 234 37 24 21 21 526 84 38 127 122 23 22 37 38 24 18 30 1788 106 32 20
internal_value=-0.000130051 -0.0274345 -0.0365776 0.0433456 -0.0548194 -4.35616e-05 0.00500969 0.0738605 0.120579 0.00236158 0.00666442 -0.0290509 0.157014 0.107652 -0.000502603 0.0145062 -0.00685447 -0.0241108 0.00444567 0.0275669 0.0170153 0.0423297 -0.00166227 0.0514774 0.113563 0.0823586 0.000139941 -0.053558 0.00332709 0.13136
internal_weight=4734.52 14.9496 14.0713 2.61484 11.4564 4719.57 393.027 14.5566 11.7172 378.471 332.874 45.5966 9.15198 6.13144 4326.54 16.895 13.9776 68.3131 326.643 51.2794 48.0231 30.2463 14.4098 8.95908 5.83673 15.8364 275.364 15.428 259.936 8.99366
internal_count=54161 366 349 62 287 53795 2821 119 93 2702 2322 380 72 51 50974 146 122 653 2285 334 311 189 102 64 42 87 1951 131 1820 50
is_linear=0
shrinkage=0.1


Tree=76
num_leaves=31
num_cat=0
split_feature=0 1 14 9 14 9 1 1 10 10 14 4 12 6 6 6 10 9 10 6 10 14 1 9 12 1 12 10 12 1
split_gain=1.09795 1.56453 3.38214 3.07119 3.07329 2.26731 1.15094 3.80788 3.97485 6.23794 5.03264 3.40029 3.64496 4.80266 4.30373 3.05505 2.37121 4.16324 3.27858 7.12907 3.06288 1.16409 5.42864 7.37118 6.09421 5.94922 6.75517 6.64546 4.8546 6.83477
threshold=5.5000000000000009 42.585714285714296 1.5000000000000002 7.1630048865501177 2.5000000000000004 10.525708164801435 48.071428571428577 47.75714285714286 2.7532470618432483 2.2882162211530512 1.5000000000000002 1.0000000180025095e-35 63.510000000000012 51.750000000000007 55.45000000000001 53.100000000000009 2.6236545628678161 4.102184095841297 2.217553809432502 51.250000000000007 1.3067091376020035 3.5000000000000004 36.866071428571438 3.6083758362274305 78.305000000000021 35.94444444444445 100.73500000000001 6.4964865330612405 76.195000000000007 39.436507936507944
decision_type=2 2 2 2 2 2 2 2 2 2 2 2 2 2 2 2 2 2 2 2 2 2 2 2 2 2 2 2 2 2
left_child=1 -1 -3 -4 -5 -6 7 21 9 10 -9 12 -8 -14 -15 -10 17 -13 20 -20 -19 22 25 -24 28 -2 27 -27 -25 -30
right_child=6 2 3 4 5 -7 11 8 15 -11 -12 16 13 14 -16 -17 -18 18 19 -21 -22 -23 23 24 -26 26 -28 -29 29 -31
leaf_value=-0.10102324249326924 -0.0007789217675039763 -0.10146636133942376 -0.10092454986747641 0.4092386043683286 -0.10166901178151536 0.20312285184973439 0.18191419220032415 0.11113827247876565 -0.11079439252280086 0.18519156851472984 -0.079306299417966908 0.11347367631908825 -0.074557975189279341 0.12890100565501245 -0.013755154687358979 0.071863324922465888 -0.082772601129820059 0.061682824744283785 0.17096761540734898 -0.073387374352422999 -0.089112517605985431 -0.0012012265352399506 -0.05813089594331157 0.0041363029280935089 0.013209347403806521 -0.038991374110794438 0.12456172624494916 0.14896414003262146 0.024687518091408654 -0.027664839845085439
leaf_weight=2.6139283201191565 237.861990083009 1.7551346679683777 0.59713663556613017 0.38793935393914569 0.41393010644242145 0.59473541146144271 1.2955200038850296 2.9068206027150136 2.1620441116392608 3.8994723595678806 2.6549146994948387 2.1228621508926215 4.7371089626103631 3.8732835389673692 4.657986581325531 1.5884059704840181 8.2667159121483547 1.5808338001370419 2.102851251140236 2.7624101340770721 9.1045743934810144 3101.0377417448908 18.12036794051528 463.64840995892882 608.6019128523767 89.816371964290738 2.7303461357951155 1.9213532544672478 31.630327805876732 117.85279030166566
leaf_count=336 2493 191 76 23 41 12 18 22 28 33 28 25 57 36 49 19 181 13 26 41 126 34924 204 5945 6455 983 19 23 373 1361
internal_value=-0.000126825 -0.0416389 -0.00023277 0.0888854 0.170041 0.0780442 -7.09472e-05 7.41183e-05 0.0536846 0.0882189 0.0202289 -0.0168554 0.021813 0.00618083 0.0510122 -0.0334344 -0.0385654 -0.0178877 -0.0358202 0.0322271 -0.0668034 -7.74438e-05 0.00213915 0.00518139 0.00612042 -0.00921081 -0.0304415 -0.0350548 -0.000916139 -0.0165872
internal_weight=4733.3 6.3628 3.74888 1.99374 1.3966 1.00867 4726.94 4686.43 13.2117 9.46121 5.56174 40.5041 14.5639 13.2684 8.53127 3.75045 25.9402 17.6735 15.5507 4.86526 10.6854 4673.22 1572.18 1239.85 1221.73 332.33 94.4681 91.7377 613.132 149.483
internal_count=54161 679 343 152 76 53 53482 52910 130 83 50 572 160 142 85 47 412 231 206 67 139 52780 17856 14338 14134 3518 1025 1006 7679 1734
is_linear=0
shrinkage=0.1


Tree=77
num_leaves=31
num_cat=0
split_feature=3 1 10 12 13 1 1 9 14 1 1 1 3 14 11 5 10 11 12 14 13 13 12 12 13 3 10 10 13 10
split_gain=1.09058 2.83649 4.87999 4.23391 4.50513 2.79703 2.76499 2.58372 6.3574 2.54808 4.76278 4.24427 4.01463 5.62899 3.75521 3.60271 3.46664 7.61026 3.85405 3.46531 3.28653 3.06931 3.03182 3.01022 2.8976 2.86811 8.08804 4.96837 6.23438 7.90654
threshold=0.49494897427831785 48.309523809523817 2.6236545628678161 65.685000000000016 6.5000000000000009 28.74603174603175 48.154761904761912 5.3691633600448814 2.5000000000000004 46.414285714285718 44.464285714285722 44.242857142857154 0.46157923612182866 5.5000000000000009 87.955000000000013 334.00000000000006 3.0413571077563542 86.52500000000002 65.305000000000021 3.5000000000000004 21.500000000000004 10.500000000000002 81.50500000000001 65.185000000000016 5.5000000000000009 0.41650635094610972 2.1234487727242062 3.20190440581966 6.5000000000000009 3.7359896101233203
decision_type=2 2 2 2 2 2 2 2 2 2 2 2 2 2 2 2 2 2 2 2 2 2 2 2 2 2 2 2 2 2
left_child=9 5 3 7 -5 -2 -7 -3 -9 10 11 20 -11 16 15 -13 17 18 -14 -17 -1 22 23 -12 -18 26 -25 -27 -29 -30
right_child=1 2 -4 4 -6 6 -8 8 -10 12 21 14 13 -15 -16 19 24 -19 -20 -21 -22 -23 -24 25 -26 27 -28 28 29 -31
leaf_value=0.0008993160945595897 -0.06871696226945162 0.15247483125967154 -0.10534995906395961 -0.09404608139496036 0.071255569559567286 -0.0015688928704734083 0.098145383421821081 -0.058883062174449198 0.17366187218181028 -0.022324455954772421 -0.071977896046549583 0.1321806531666932 0.11867457033467464 0.1642044198992656 0.11950855632729845 -0.051078013835682612 -0.072412441052578408 0.22233082836719517 -0.0024724253112274274 0.069510931158121458 0.095203722188464304 -0.10750448550838979 -0.11181691034552328 0.17544892082793631 0.065570700586379302 -0.041979837127798063 -0.036848549402654411 -0.0085183808873879555 0.29251207294683867 0.024380989904346215
leaf_weight=2868.5297111903783 6.1958404183387747 1.8479475216008783 7.1808964065276077 6.6056016688235086 2.1971423681825399 1700.4395616713446 2.7854106354061505 3.6754677938297391 1.7284781280905006 11.765632013324646 8.0205022701993567 2.3203222434967765 3.4831477231346168 3.59285960253328 5.4049384556710711 6.3618884063325822 4.8241017311811438 2.3312572091817847 10.670854633674024 3.8102564509026706 3.7002738043665877 4.2323792707175008 3.3895077481865874 3.0759369097650042 2.2233053608797491 28.42520750593394 4.3077323343604803 14.623182631563397 1.7468680501915503 2.9686921425163746
leaf_count=31449 65 23 196 115 34 20609 37 54 22 151 124 16 29 39 49 71 54 18 97 43 35 74 39 39 28 320 90 175 28 38
internal_value=-0.000124065 -0.00212152 -0.0368258 -0.00617634 -0.0527872 -0.00164979 -0.00140582 0.0504025 0.0154976 0.00102964 0.000695621 0.00132331 0.0264597 0.0476197 0.0498698 0.0197402 0.0298201 0.054915 0.0273405 -0.00590811 0.00102081 -0.0249309 -0.0196801 -0.0147361 -0.0288817 -0.00641108 0.0515917 -0.0153775 0.0237241 0.12371
internal_weight=4732.46 1732.66 23.2355 16.0546 8.80274 1709.42 1703.22 7.25189 5.40395 2999.81 2960.92 2890.13 38.8912 27.1255 17.8974 12.4925 23.5327 16.4853 14.154 10.1721 2872.23 70.79 66.5576 63.1681 7.04741 55.1476 7.38367 47.764 19.3387 4.71556
internal_count=54161 21155 444 248 149 20711 20646 99 76 33006 32590 31663 416 265 179 130 226 144 126 114 31484 927 853 814 82 690 129 561 241 66
is_linear=0
shrinkage=0.1


Tree=78
num_leaves=31
num_cat=0
split_feature=6 13 1 0 1 11 10 1 10 1 2 13 13 10 12 9 14 14 10 6 1 11 9 6 6 6 12 9 8 1
split_gain=1.06561 3.34853 4.68048 4.3235 7.53137 7.95326 4.75851 6.71167 4.12196 3.28635 3.98232 3.87803 4.19139 4.61431 10.0817 4.6679 3.49717 4.81258 8.35212 3.76417 3.24896 7.01157 6.49453 5.97896 5.46344 8.15344 5.49128 5.18353 5.02696 6.24303
threshold=53.100000000000009 7.5000000000000009 43.055555555555564 6.5000000000000009 41.585714285714296 76.045000000000016 3.4968662326588285 38.81666666666667 4.2836243785640091 44.242857142857154 3.5000000000000004 17.500000000000004 8.5000000000000018 3.7359896101233203 67.695000000000007 9.8984640613597694 6.5000000000000009 4.5000000000000009 3.4197675657426596 33.600000000000001 36.354166666666679 80.885000000000005 10.842199406528374 57.400000000000013 57.150000000000013 63.20000000000001 86.675000000000026 7.4436658566932836 2.5000000000000004 40.56349206349207
decision_type=2 2 2 2 2 2 2 2 2 2 2 2 2 2 2 2 2 2 2 2 2 2 2 2 2 2 2 2 2 2
left_child=1 -1 3 4 6 -6 -3 8 -8 11 16 12 13 15 -15 -4 17 19 -19 -11 21 -2 24 -24 -23 26 -26 -28 -22 -30
right_child=20 2 9 -5 5 -7 7 -9 -10 10 -12 -13 -14 14 -16 -17 -18 18 -20 -21 28 22 23 -25 25 -27 27 -29 29 -31
leaf_value=0.00091438549517983353 -0.015380307883123848 -0.063947388646268283 -0.11060751679490773 -0.0051372400906355411 0.35767915054538124 0.029447606227603413 0.28556106453097019 -0.10967678719181073 0.043011218185107884 0.14828856123139872 -0.080520854579477691 0.1103200591953285 -0.085249367161719256 0.33173094917470447 -0.050797090180707632 0.097546447712005449 -0.084376816091758858 0.22035695421788587 -0.053410448017425276 -0.013152401689799687 0.018504817763880532 0.023022559020636414 0.18359139053132492 0.017631837696927791 0.022607682084757955 0.027380164291469829 -0.0075784685375420661 -0.052192695592109997 -0.010176286110402643 0.0049846114278637634
leaf_weight=2078.0858553722501 103.11402601306327 4.3435486285015923 4.082056155893957 803.28709314763546 1.483969402033835 1.4689763998612759 1.4930840581655505 1.2128379479981957 1.3201519586145876 1.5425415905192554 6.9576576873660079 1.359787918627261 22.011748138349503 1.1387771405279639 1.744354144670069 1.4636174496263263 4.0397248696535817 2.7295078299939624 1.883260356262326 22.664779158774763 118.24600414559245 220.16348614171147 4.266498100012539 4.4194132732227445 33.634268288966268 76.264220929238945 73.522465551272035 40.326150672044605 590.27246897434816 503.11478124256246
leaf_count=23014 1643 85 53 9803 28 36 22 24 22 21 100 20 366 20 27 25 70 40 37 359 1312 1987 43 47 394 653 565 354 6676 6315
internal_value=-0.000121718 -0.00128047 -0.00642712 -0.00427231 0.0570906 0.194397 0.00864666 0.0869651 0.171741 -0.0309367 -0.0117931 -0.0549067 -0.0622874 -0.0023225 0.100294 -0.0556714 0.00275918 0.0149731 0.108586 -0.00286504 0.00182182 0.00815284 0.0135143 0.0991508 0.0118387 0.000833984 -0.0128932 -0.0233812 -0.00108187 -0.0032001
internal_weight=4731.66 2964.31 886.227 814.61 11.3226 2.95295 8.36962 4.02607 2.81324 71.6178 39.8175 31.8003 30.4406 8.4288 2.88313 5.54567 32.8598 28.8201 4.61277 24.2073 1767.34 555.711 452.597 8.68591 443.911 223.747 147.483 113.849 1211.63 1093.39
internal_count=54161 34172 11158 10020 217 64 153 68 44 1138 627 511 491 125 47 78 527 457 77 380 19989 5686 4043 90 3953 1966 1313 919 14303 12991
is_linear=0
shrinkage=0.1


Tree=79
num_leaves=31
num_cat=0
split_feature=0 9 1 11 13 12 10 6 12 10 9 10 9 10 2 9 11 11 9 6 14 9 13 1 1 9 5 13 6 12
split_gain=1.24103 2.16741 4.32233 4.32097 4.04448 4.41791 4.05874 3.89617 3.87231 3.50878 5.54142 5.1832 5.51843 4.05915 3.76054 3.86514 3.35035 5.00693 6.89616 7.94957 5.54398 5.05115 4.05118 4.56569 2.94492 3.84399 4.28307 3.58127 6.46677 4.69435
threshold=6.5000000000000009 6.3668603578243887 43.436507936507944 88.335000000000022 1.0000000180025095e-35 79.835000000000022 3.3887539096720771 63.20000000000001 77.385000000000005 2.3346563787719767 6.6174105650655202 2.0586328928626396 7.8465215615376245 2.180241513653113 2.5000000000000004 7.3294843035784281 71.865000000000023 76.045000000000016 8.3103234860141928 50.350000000000009 1.0000000180025095e-35 11.498397791513129 4.5000000000000009 41.585714285714296 44.585714285714296 5.9392447124153973 367.50000000000006 2.5000000000000004 50.350000000000009 66.115000000000023
decision_type=2 2 2 2 2 2 2 2 2 2 2 2 2 2 2 2 2 2 2 2 2 2 2 2 2 2 2 2 2 2
left_child=1 24 4 9 5 6 -3 16 -9 11 -11 14 -13 -14 15 -4 -6 18 19 -18 -19 -22 -20 -24 -1 26 -26 28 -28 -30
right_child=-2 2 3 -5 7 -7 -8 8 -10 10 -12 12 13 -15 -16 -17 17 20 22 -21 21 -23 23 -25 25 -27 27 -29 29 -31
leaf_value=-0.043554980995458306 0.0001730874207339358 0.33749900041034964 0.20116671024304111 0.12262310302442431 -0.071128223582502217 -0.029931848129532521 0.066815398004099177 0.23711118320952856 0.025951930127959599 0.13691337077894103 -0.083132485994473107 -0.10468863974459548 0.28235398334612494 0.042507352408623904 -0.10507091176200492 -0.024961530381675517 0.4150500705647977 0.17218289073042656 -0.10577724234114294 0.049838128048779552 -0.016632932163624416 0.12986647329081019 -0.022494750903011999 0.18881480038548892 -0.10555066181169569 -0.10554185790874256 0.2857740976241801 -0.0033386603662073203 -0.10582889825605722 0.11732549322831437
leaf_weight=32.769794867839664 4578.0566633474082 1.1171607598662374 0.96678349142894315 1.7327082538977254 5.7339975782670072 1.2823819811455903 1.0987750608474014 1.4197462406009429 2.236570616485551 1.228202396538111 16.781820886768401 0.99571736645884756 1.4932352001778784 1.3377665034495292 4.5477745570242405 3.4650548780336976 1.1419487446546539 1.7466664735693473 1.7272505508735774 1.2466852623037992 46.082630043383688 2.4801927385851732 2.1766884333919734 1.9283803263679145 1.994377130642534 2.4853560351766637 1.5171948575880376 5.6876664066221565 1.386758330510929 2.943792664911598
leaf_count=784 50557 22 18 34 166 28 21 25 44 33 462 30 24 29 135 69 21 35 49 25 1019 42 37 32 55 71 33 160 45 56
internal_value=-0.000122767 -0.00898963 -0.000830035 -0.0310328 0.0129348 0.117791 0.20328 0.00753407 0.107945 -0.0396724 -0.0681264 0.000343446 0.097798 0.169016 -0.0411874 0.0243672 0.00182121 0.00896778 0.0813211 0.224437 -0.00285531 -0.00915094 0.0227078 0.0767692 -0.026379 0.00876618 0.029764 0.0531588 0.10811 0.0458655
internal_weight=4730.81 152.753 103.968 32.5491 71.4191 3.49832 2.21594 67.9208 3.65632 30.8164 18.01 12.8063 3.82672 2.831 8.97961 4.43184 64.2644 58.5304 8.22095 2.38863 50.3095 48.5628 5.83232 4.10507 48.7849 16.0151 13.5298 11.5354 5.84775 4.33055
internal_count=54161 3604 2400 834 1566 71 43 1495 69 800 495 305 83 53 222 87 1426 1260 164 46 1096 1061 118 69 1204 420 349 294 134 101
is_linear=0
shrinkage=0.1


Tree=80
num_leaves=31
num_cat=0
split_feature=0 12 12 3 9 10 9 6 11 10 9 10 9 12 14 1 12 1 10 1 1 12 6 13 6 1 9 3 6 1
split_gain=1.10472 2.01781 4.32365 4.31924 3.61996 4.67868 6.26871 4.62182 2.8809 4.6682 4.14938 3.82048 4.31498 4.17928 4.06539 7.22503 5.35535 4.44843 3.7572 3.11031 4.3393 5.3764 4.77741 6.0128 4.69699 4.15273 4.98564 4.03773 4.93585 5.60461
threshold=6.5000000000000009 92.455000000000013 92.335000000000022 0.38633899812498257 6.641981010785643 2.1005834945321031 8.6508226951278093 56.500000000000007 87.165000000000006 2.8592742046008053 5.7295650209056772 3.9325647215811741 5.8017664158563393 69.935000000000016 2.5000000000000004 42.746031746031754 90.855000000000004 34.788888888888899 3.7855102363627395 42.585714285714296 41.309523809523817 78.52500000000002 47.300000000000004 6.5000000000000009 57.050000000000004 45.309523809523817 9.8382179431494787 0.98989794855663571 58.95000000000001 24.773809523809529
decision_type=2 2 2 2 2 2 2 2 2 2 2 2 2 2 2 2 2 2 2 2 2 2 2 2 2 2 2 2 2 2
left_child=1 2 8 4 -3 -6 7 -7 18 10 -10 12 -11 -13 16 17 -14 -16 19 20 27 22 -22 24 -24 26 -21 28 29 -1
right_child=-2 3 -4 -5 5 6 -8 -9 9 11 -12 13 14 -15 15 -17 -18 -19 -20 25 21 -23 23 -25 -26 -27 -28 -29 -30 -31
leaf_value=0.1229673426503784 0.00015575719752214661 -0.080473707589158741 0.20958677840764306 -0.10477203961189561 -0.1069572898844252 0.066538522072547165 -0.053498804688755175 0.31042424877801966 0.16257421764319863 -0.059964703031014789 -0.088292530338005729 0.11100234427520494 0.098719430725448212 -0.028318165084802855 0.16321372878733631 0.26596594559252901 0.33401575395839211 -0.033450262749512398 -0.060099956737783247 -0.081792716477197824 -0.10598717068528613 0.19577981982463405 -0.10492476812380305 0.20617758534260855 0.1199021062398096 0.0036086641915488121 0.034799602832065547 0.15368160566550548 0.095904210224220271 -0.052625900844119201
leaf_weight=2.0187078621238568 4578.6546335294843 3.6588387023657578 0.93721498409286041 6.5320367454551151 1.5720602273941038 1.7096862792968752 1.8822488728910682 1.424416199326515 0.74664589390158553 2.1683811238035586 5.6373474828433245 2.6545614008791736 3.3670489052310577 11.398729194188489 1.463264977093784 1.2981689348816869 1.3571882150135932 5.3751037437468767 15.41401048726402 16.539142089895908 1.9630699213594178 2.5690492033027112 2.045035123592243 2.1773085906170309 1.703080059494823 26.088930400088429 4.7126248360145828 1.4802999943494786 3.3487172559835008 18.258289711084217
leaf_count=18 50557 68 19 216 28 30 37 22 19 51 133 43 65 263 23 19 27 107 472 429 44 40 60 38 35 663 101 23 54 457
internal_value=-0.000122232 -0.00852359 -0.00445073 -0.0412248 -0.000717105 0.0435753 0.0907503 0.177382 -0.00595015 0.0184824 -0.0589522 0.0354804 0.0705285 -0.00200156 0.0925302 0.0496888 0.166316 0.00863163 -0.0147637 -0.00633457 0.0160129 0.0701358 0.0292172 0.0740099 -0.00276724 -0.0231226 -0.0559381 -0.00653122 -0.0165696 -0.0351444
internal_weight=4730.16 151.501 134.722 16.7793 10.2473 6.58841 5.01635 3.1341 133.785 35.4664 6.38399 29.0824 15.0292 14.0533 12.8608 8.13654 4.72424 6.83837 98.3183 82.9043 35.5636 10.4575 7.88849 5.92542 3.74812 47.3407 21.2518 25.106 23.6257 20.277
internal_count=54161 3604 3203 401 185 117 89 52 3184 750 152 598 292 306 241 149 92 130 2434 1962 769 217 177 133 95 1193 530 552 529 475
is_linear=0
shrinkage=0.1


Tree=81
num_leaves=31
num_cat=0
split_feature=0 1 14 13 9 9 8 9 10 1 13 1 12 6 10 4 1 14 3 11 4 12 13 11 13 3 9 5 12 9
split_gain=1.04922 1.33673 2.40471 1.91555 2.30513 1.04657 4.17133 3.36185 6.15271 6.54197 6.68329 7.32795 5.71509 9.19643 5.27298 5.02769 5.72314 8.24304 9.80603 8.68301 5.37607 6.19023 4.54174 4.45314 4.3024 4.27816 3.80143 3.69345 5.0508 3.38489
threshold=5.5000000000000009 42.585714285714296 1.5000000000000002 5.5000000000000009 7.1630048865501177 9.8984640613597694 2.5000000000000004 9.6959963528099831 4.5943230275639353 35.354166666666679 5.5000000000000009 45.414285714285718 68.155000000000015 37.95000000000001 4.225145088681348 1.5000000000000002 36.585714285714296 3.5000000000000004 0.8228263892582881 89.215000000000018 1.0000000180025095e-35 80.925000000000026 11.500000000000002 88.335000000000022 8.5000000000000018 0.78188130791298682 9.7233267706545288 334.00000000000006 65.565000000000012 9.6647898140928685
decision_type=2 2 2 2 2 2 2 2 2 2 2 2 2 2 2 2 2 2 2 2 2 2 2 2 2 2 2 2 2 2
left_child=1 -1 -3 4 -4 7 -7 29 9 -9 14 12 -12 -14 27 16 24 18 19 -18 22 23 -19 -22 -15 26 -10 -11 -29 -2
right_child=5 2 3 -5 -6 6 -8 8 25 10 11 -13 13 15 -16 -17 17 20 -20 -21 21 -23 -24 -25 -26 -27 -28 28 -30 -31
leaf_value=-0.10099559093165514 0.00022535204938157005 -0.10138664135565123 -0.10089175539449023 -0.102645548587681 0.17911730229160383 -0.029205342701849397 -0.0012696795121008341 -0.054620457511699694 0.11563369115851224 0.084169057204745726 -0.0087833957532378829 0.27246761700631178 -0.11036374115656809 0.23367464226671927 0.12006059632856679 0.20393388824894831 0.09198063098629955 -0.057347323134771123 -0.030028045632458034 0.34126301307577001 0.11454171280753145 0.19806891079749298 0.085952189480223748 -0.10808505714978001 0.066024368156773747 -0.10922987890419658 -0.029839807603976289 0.10576451481248612 -0.038782071352096242 -0.046711393514414952
leaf_weight=2.3365860041230908 3945.0806585773826 1.5157055065501484 0.38116611819714341 0.53335822909139086 1.285668450174853 58.758588815107942 591.74472021684051 8.7700381688773614 2.1997915394604233 3.549422029405835 11.872221522033213 1.552767515182494 2.620909444987773 3.4233659505844107 3.3729727640748015 3.1691744066774836 2.9624870754778403 9.3350709043443221 2.4568549059331417 2.6446909382939339 1.7706369608640664 2.8939118124544621 2.8984545655548564 1.8241034001111982 2.768799003213644 5.5674045681953421 9.7932610213756544 2.6853323569521335 24.225897900760174 15.424578381702302
leaf_count=336 42711 191 53 49 50 832 8403 105 27 37 169 19 33 32 35 36 37 113 29 31 20 33 34 27 29 81 123 33 266 187
internal_value=-0.000121739 -0.0417308 -0.00446465 0.0623046 0.115086 -6.84213e-05 -0.00379305 0.000526463 0.0175839 0.0276556 0.0360432 0.0584843 0.0519231 0.0705134 0.00142447 0.0836281 0.0720669 0.0520375 0.136563 0.209558 0.0156304 0.0892092 -0.0233958 0.00157271 0.158711 -0.0367864 -0.00315675 -0.0117124 -0.0243585 4.25523e-05
internal_weight=4729.42 6.05248 3.7159 2.20019 1.66683 4723.37 650.503 4072.86 112.358 94.7971 86.0271 52.1934 50.6407 38.7685 33.8336 36.1475 32.9784 26.7862 8.06403 5.60718 18.7222 6.48865 12.2335 3.59474 6.19216 17.5605 11.9931 30.4607 26.9112 3960.51
internal_count=54161 679 343 152 103 53482 9235 44247 1349 1118 1013 642 623 454 371 421 385 324 97 68 227 80 147 47 61 231 150 336 299 42898
is_linear=0
shrinkage=0.1


Tree=82
num_leaves=31
num_cat=0
split_feature=8 1 14 12 13 12 12 12 14 1 6 13 9 9 13 9 12 9 9 9 11 10 13 1 14 1 1 14 12 12
split_gain=0.951232 4.01821 3.41367 4.76597 4.94813 5.2282 4.75147 3.95723 3.94357 7.78481 12.1485 12.5639 9.51873 7.41003 7.11767 6.57275 4.26602 6.72507 5.21363 8.55335 7.78435 8.37147 7.08735 6.71562 6.25756 5.02054 9.53663 4.21307 8.01674 10.5185
threshold=3.5000000000000004 32.055555555555564 2.5000000000000004 80.335000000000022 9.5000000000000018 93.305000000000021 79.095000000000013 92.335000000000022 5.5000000000000009 43.928571428571438 53.100000000000009 6.5000000000000009 8.8391554301324273 7.1630048865501177 11.500000000000002 9.7779339130088694 68.155000000000015 12.097393618964695 10.842199406528374 10.098494482630265 79.405000000000015 2.555872377694246 10.500000000000002 40.690476190476197 3.5000000000000004 42.866071428571438 43.690476190476197 6.5000000000000009 81.50500000000001 99.595000000000013
decision_type=2 2 2 2 2 2 2 2 2 2 2 2 2 2 2 2 2 2 2 2 2 2 2 2 2 2 2 2 2 2
left_child=-1 -2 3 6 5 7 -3 -5 16 13 11 12 -11 14 27 -13 18 -18 19 22 21 -21 25 -24 -25 -4 -27 28 -10 -30
right_child=1 2 8 4 -6 -7 -8 -9 9 10 -12 15 -14 -15 -16 -17 17 -19 -20 20 -22 -23 23 24 -26 26 -28 -29 29 -31
leaf_value=0.00031000815501114462 -0.095318113386507336 0.0077024786961708688 -0.080867585348698007 0.038156472472056446 0.16830104070480162 -0.069093610696945348 -0.060526935019229712 0.18172543674875793 0.26513667474403557 0.1319436204930568 -0.055040062541022783 0.18988843375486342 0.4671962088061376 -0.023049005669579528 0.19610894328858153 -0.10529700629766509 -0.035220534018521509 0.15544185914350384 -0.064652956847610313 0.20093664540058165 0.32369135685131423 -0.019045270854875444 0.22284485517148389 -0.1082312681935594 0.13849425065279974 0.19704928654877996 -0.021041681570882362 -0.0031754692811297026 -0.06504803756732179 0.2118896495167169
leaf_weight=4327.4065279071219 4.842667330056428 96.354494628962129 10.51059865858406 14.763977296650419 3.0675141625106326 4.0925239063799372 11.415950374677776 2.2068348769098511 1.8581600189209035 1.6532359179109319 3.7629129234701395 1.3442937247455122 1.7364275157451627 65.025282688904554 2.5733224228024474 1.7187819872051475 103.70936535811052 1.8835781179368485 9.468340899795292 2.7973356731235963 1.381263527087867 4.5335772931575775 2.397654376924037 2.1043733917176723 2.0096521731466055 2.2819824703037765 16.520331044215709 19.287755919620395 4.0779337659478188 2.0664722360670567
leaf_count=48590 60 1273 157 143 27 40 131 16 25 24 71 23 27 1056 32 40 1441 30 188 25 21 83 39 37 31 33 227 207 49 15
internal_value=-0.000121974 -0.00477853 -0.00367302 0.00946976 0.0496409 0.0323601 0.000475046 0.0568258 -0.0102221 0.00481866 0.0877632 0.171039 0.303684 -0.00411107 0.0371245 0.0242512 -0.0201272 -0.0318195 0.00273387 0.01706 0.105926 0.0648956 -0.00455129 0.0898188 0.0122912 -0.025515 0.00542739 0.0221332 0.0831319 0.028091
internal_weight=4728.85 401.447 396.604 131.901 24.1309 21.0633 107.77 16.9708 264.703 105.105 10.2157 6.45274 3.38966 94.8889 29.8636 3.06308 159.598 105.593 54.0051 44.5368 8.71218 7.33091 35.8246 6.51168 4.11403 29.3129 18.8023 27.2903 8.00257 6.14441
internal_count=54161 5571 5511 1630 226 199 1404 159 3881 1569 185 114 51 1384 328 63 2312 1471 841 653 129 108 524 107 68 417 260 296 89 64
is_linear=0
shrinkage=0.1


Tree=83
num_leaves=31
num_cat=0
split_feature=3 9 11 1 14 1 1 9 13 11 10 12 6 12 11 11 1 14 14 11 12 4 12 1 1 9 1 9 14 1
split_gain=0.977088 2.02817 1.55524 4.15117 2.17395 1.03415 3.5012 1.0859 0.958062 3.48052 9.93878 4.85457 3.845 4.76972 3.10725 3.42789 4.61362 3.26172 2.59857 2.54266 6.35675 3.71954 6.62242 5.38807 5.142 4.77789 4.02822 4.00045 4.63007 3.96225
threshold=1.3566258340248767 11.746471431119501 71.595000000000013 44.585714285714296 8.5000000000000018 43.267857142857146 43.75714285714286 5.2895735286819852 4.5000000000000009 116.72500000000001 5.962091760543708 106.43500000000002 51.250000000000007 104.47500000000001 53.550000000000004 54.015000000000008 26.585714285714293 4.5000000000000009 17.500000000000004 74.265000000000015 68.785000000000011 2.5000000000000004 84.715000000000018 36.236111111111121 34.585714285714296 7.8465215615376245 47.309523809523817 7.2281329376855821 7.5000000000000009 47.845238095238102
decision_type=2 2 2 2 2 2 2 2 2 2 2 2 2 2 2 2 2 2 2 2 2 2 2 2 2 2 2 2 2 2
left_child=8 2 3 -2 5 -4 -7 -8 9 11 12 18 -11 -14 17 16 -16 -10 -1 20 -17 26 -23 24 27 -25 -21 28 -24 -28
right_child=1 -3 4 -5 -6 6 7 -9 14 10 -12 -13 13 -15 15 19 -18 -19 -20 21 -22 22 23 25 -26 -27 29 -29 -30 -31
leaf_value=0.0019686907954890214 0.20461573976084912 0.12362721537520061 -0.10651116457222538 -0.055779252321044338 0.045834502089698789 0.15692971325279811 0.030548670703417876 -0.10447567072522773 -0.096686816334728601 -0.0037244947853745606 -0.092383546799294725 -0.053507045284661353 0.023840974190769419 0.1586561478073214 0.20569391950568372 0.0069186934720217724 0.0010267680068125591 0.020747431518853002 -0.11014753359398606 -0.0027538128350348625 0.13707148874858374 -0.0060505559120702093 -0.051584790771197403 0.16612586361626697 -0.0741932983426693 0.02108950903423017 0.12229255521302032 0.16286523623944615 0.094996924870351107 0.0052549564728727677
leaf_weight=1724.9563176804222 0.92365899588912492 0.8524499377235778 4.5018942146562022 1.8156764572486279 1.872887797653674 0.76036570500582445 0.73977123992517624 3.0565132637275383 6.7748915720731002 3.9794751927256611 4.2145621180534354 15.997610934078692 4.0864639058709127 7.3345084488391876 1.8815975189208973 221.06759192538448 2.6562484875321388 3.6336711663752794 2.0697542503476134 2639.7487715918105 3.817363857291638 34.183530236128718 4.1520247608423251 6.7862491682171804 3.9689640179276457 3.4139974527060986 5.0941591244190914 2.7564675584435454 4.4800572320818901 6.6932607889175415
leaf_count=18859 13 15 118 49 28 19 24 100 88 25 39 128 29 38 23 3081 39 43 42 30547 31 428 32 48 31 29 60 20 25 110
internal_value=-0.000126697 -0.0260248 -0.0353564 0.0320217 -0.0522409 -0.0725183 -0.0389339 -0.0781639 -4.69046e-05 0.00179779 0.0436866 0.0013264 0.0809242 0.110419 -0.0011487 -0.000955656 0.0858911 -0.05569 0.00183433 -0.00108988 0.009128 -0.00193739 0.0227383 0.0612434 0.0238237 0.117583 -0.00249336 0.0579831 0.0244912 0.055835
internal_weight=4728.27 14.5232 13.6708 2.73934 10.9314 9.05854 4.55665 3.79628 4713.75 1762.64 19.615 1743.02 15.4004 11.421 2951.11 2940.7 4.53785 10.4086 1727.03 2936.16 224.885 2711.28 59.7413 25.5578 15.3575 10.2002 2651.54 11.3885 8.63208 11.7874
internal_count=54161 366 351 62 289 261 143 124 53795 19160 131 19029 92 67 34635 34504 62 131 18901 34442 3112 31330 613 185 108 77 30717 77 57 170
is_linear=0
shrinkage=0.1


Tree=84
num_leaves=31
num_cat=0
split_feature=0 5 12 12 12 11 7 1 11 10 9 14 10 1 10 10 9 1 1 10 10 3 9 10 10 12 1 9 1 12
split_gain=1.00125 1.79424 2.38656 3.32581 2.95812 2.7918 6.24114 4.41613 5.33849 5.52735 5.60724 5.37326 3.48544 3.47593 2.71253 4.70694 4.75712 7.15704 4.5055 4.35506 5.89085 3.95403 3.87205 3.37919 3.7382 3.64764 4.58344 2.7661 2.7118 4.14135
threshold=6.5000000000000009 334.00000000000006 94.345000000000013 94.015000000000015 92.945000000000007 98.015000000000015 1.0000000180025095e-35 37.154761904761912 99.415000000000006 3.8114473119634407 7.4233803533438012 1.5000000000000002 3.7855102363627395 35.788888888888899 2.9975854227911118 3.0648339502412871 7.0924854193810889 37.154761904761912 47.309523809523817 2.8135023039965854 2.740591326031947 0.38633899812498257 8.6760952093232806 2.3346563787719767 2.5292748550657973 64.245000000000019 46.154761904761912 10.49100643290989 41.873015873015881 77.305000000000021
decision_type=2 2 2 2 2 2 2 2 2 2 2 2 2 2 2 2 2 2 2 2 2 2 2 2 2 2 2 2 2 2
left_child=1 -1 3 4 5 12 -7 13 -9 11 -11 -10 14 -8 19 -16 18 -18 -17 20 23 22 -19 -3 -25 26 -26 -23 29 -27
right_child=-2 2 -4 -5 -6 6 7 8 9 10 -12 -13 -14 -15 15 16 17 21 -20 -21 -22 27 -24 24 25 28 -28 -29 -30 -31
leaf_value=-0.039634316998368939 0.00014172298251175232 0.0071888598914873064 -0.080938280633018639 0.12193287529125088 -0.083374007634342551 -0.064467008608051976 0.063221821861301292 0.26058309565088322 0.16329320737349495 -0.023981064859935272 0.23747854767027488 -0.10767477735576168 -0.046871407588385483 -0.10619014545646409 0.22507142440577987 -0.10533122748733875 0.27518764830378689 0.19339573772231144 0.16407335897913988 -0.089474404308233682 0.14646781483285951 -0.054824789013164468 0.019966037782090246 -0.10502029122926666 -0.027090603569082685 0.13177415869844664 0.25672872754633591 0.088380845835068167 -0.1058735800937891 -0.10514081681739058
leaf_weight=16.160913793835789 4576.9601517040282 42.277258364483714 3.9497222348581991 2.1287184758111826 4.5396817773580542 4.7687723839189866 2.8965743160806605 1.8615554221905748 1.0691034961491825 1.206253946060315 2.5631457511335611 2.3196379030123353 18.54692593542859 2.0813637021929026 1.2025063629262174 4.0973572996445027 1.288597180508076 2.2417212314903718 0.73161726910620917 6.0788563266396514 2.60370069136843 5.5244790110737085 3.0238167885690928 6.5174449509941033 1.2368325872812405 1.6435153936035933 1.0537715042009947 1.7844830672256646 3.3297895020805299 1.3389183545950798
leaf_count=452 50557 935 100 34 122 111 62 29 17 30 36 50 538 47 30 129 21 31 22 154 46 143 48 181 36 30 17 32 87 34
internal_value=-0.000121808 -0.00815935 -0.00436068 -0.00203328 -0.0040977 -0.0011786 0.0343349 0.0679952 0.109723 0.0704898 0.153808 -0.0221879 -0.00755491 -0.00761231 0.000926662 0.0332987 0.0209615 0.0507358 -0.0645149 -0.00881952 -0.000648192 0.0277346 0.093801 -0.00732175 -0.0478944 -0.00461615 0.103478 -0.0198611 -0.0438417 0.0254148
internal_weight=4727.03 150.067 133.906 129.956 127.828 123.288 18.7664 13.9976 9.0197 7.15814 3.7694 3.38874 104.522 4.97794 85.9747 19.8946 18.6921 13.8631 4.82897 66.0801 60.0012 12.5745 5.26554 57.3975 15.1203 8.60283 2.2906 7.30896 6.31222 2.98243
internal_count=54161 3604 3152 3052 3018 2896 382 271 162 133 66 67 2514 109 1976 456 426 275 151 1520 1366 254 79 1320 385 204 53 175 151 64
is_linear=0
shrinkage=0.1


Tree=85
num_leaves=31
num_cat=0
split_feature=12 10 13 1 9 10 9 10 1 9 11 11 1 9 1 1 13 14 6 11 11 10 12 12 10 6 10 13 10 11
split_gain=0.962933 4.40034 3.09902 3.44582 3.46633 4.65238 3.28121 3.22013 4.99147 4.17351 2.47491 6.5315 4.81459 2.84858 15.7367 8.40635 5.11897 3.30366 2.54544 5.37844 2.29553 2.24357 2.15856 6.19606 9.15967 11.2177 6.0495 7.2221 3.71956 3.10119
threshold=63.905000000000008 7.7492334478000986 9.5000000000000018 42.535714285714292 5.2491225871763909 1.6302134570671527 12.361064585459202 3.8255123705715062 32.154761904761912 7.4436658566932836 102.27500000000002 86.805000000000021 34.309523809523817 7.8896074532029798 37.732142857142868 37.118055555555564 6.5000000000000009 2.5000000000000004 50.850000000000009 89.395000000000024 86.105000000000004 31.00347230072823 65.015000000000015 64.865000000000023 3.3109151580171869 51.250000000000007 4.7521928343248705 6.5000000000000009 2.2353281272875347 78.50500000000001
decision_type=2 2 2 2 2 2 2 2 2 2 2 2 2 2 2 2 2 2 2 2 2 2 2 2 2 2 2 2 2 2
left_child=2 22 10 4 -4 -6 7 8 -7 -10 11 20 -12 15 -15 -13 -17 -16 -19 -20 -1 -9 23 29 28 -26 27 -27 -25 -2
right_child=1 -3 3 -5 5 6 -8 21 9 -11 12 13 -14 14 17 16 -18 18 19 -21 -22 -23 -24 24 25 26 -28 -29 -30 -31
leaf_value=-0.003422852745691009 0.011344729696387315 -0.1054530676483289 -0.08116674118138735 -0.1058854791358278 0.15150663765108538 -0.029486398797635573 0.15542732352261043 -0.092002090217285087 0.24074994997677895 0.022649881101718866 0.07867011175466633 0.19728382881925083 -0.096021336269628499 -0.11114611434771132 0.060910145475182587 -0.090120437061731562 0.10403668677739625 0.30697300054900051 0.041591404147542504 0.27483923119518017 -0.10954412718834583 0.056611685192127503 9.6217833791172245e-05 0.083323564402979944 -0.051699749579120408 0.52650754023883051 0.079186892703451445 0.21282365338515566 -0.062636487152749706 -0.061754959661598156
leaf_weight=299.55652687407564 54.219849856570363 3.9314551651477805 7.1581351868808261 5.4328157308045766 1.8243264406919504 9.9985060370527261 1.085363408550619 7.2652362473309022 1.4235266800969832 2.2869116999208927 2.06915684789419 1.9420472718775288 6.6419613026082516 2.8579203486442548 2.2734487950801849 5.0718301280867308 1.8544295281171796 1.6769689731299875 1.9481466971337797 2.0071387477219105 2.0523080080747595 1.1809533350169656 4280.1315249573672 3.0299139700364304 1.7894763760268686 1.1049568783491852 1.5624581538140772 2.1860870309174061 4.1199209368787706 6.4992658474948248
leaf_count=4777 769 88 121 130 14 162 17 162 21 40 20 22 82 36 26 68 24 21 25 20 27 15 47151 39 33 21 22 40 54 114
internal_value=-0.000120031 0.000294506 -0.00503502 -0.0322138 -0.0197927 -0.00226517 -0.0143359 -0.0226525 0.00727206 0.106325 -0.00193324 -0.00050706 -0.0545268 0.0553826 0.0899586 0.0134172 -0.038137 0.162658 0.203729 0.159955 -0.00414496 -0.0712228 0.000389976 0.0172641 0.0777677 0.162311 0.241217 0.318142 -0.000782416 0.00352027
internal_weight=4726.18 4358.57 367.608 37.6558 32.223 25.0648 23.2405 22.1551 13.7089 3.71044 329.952 321.241 8.71112 19.6319 10.7636 8.86831 6.92626 7.9057 5.63225 3.95529 301.609 8.44619 4354.64 74.5119 13.7928 6.64298 4.8535 3.29104 7.14983 60.7191
internal_count=54161 48331 5830 682 552 431 417 400 223 61 5148 5046 102 242 128 114 92 92 66 45 4804 177 48243 1092 209 116 83 61 93 883
is_linear=0
shrinkage=0.1


Tree=86
num_leaves=31
num_cat=0
split_feature=1 4 6 1 9 13 9 6 10 9 6 10 12 10 13 9 14 11 2 10 12 12 13 10 14 9 1 1 1 13
split_gain=0.983089 3.06353 3.09285 2.63468 3.22577 3.20377 3.02334 2.58013 1.94956 2.12862 2.41944 4.57371 1.92256 1.84655 1.66823 1.58843 6.5519 2.02473 1.29916 4.53224 4.93171 6.74808 6.42075 5.77725 6.01913 4.88589 5.75709 10.9805 6.71463 4.62128
threshold=48.071428571428577 1.0000000180025095e-35 51.750000000000007 47.75714285714286 6.4245332782613902 6.5000000000000009 4.469853087658632 51.750000000000007 2.8476084014180665 4.102184095841297 51.250000000000007 2.217553809432502 64.865000000000023 1.3067091376020035 5.5000000000000009 7.0924854193810889 1.5000000000000002 71.865000000000023 2.5000000000000004 2.3184653609954236 65.305000000000021 66.225000000000009 2.5000000000000004 2.159766143119731 2.5000000000000004 7.8278111892979156 39.873015873015881 41.56349206349207 45.464285714285722 6.5000000000000009
decision_type=2 2 2 2 2 2 2 2 2 2 2 2 2 2 2 2 2 2 2 2 2 2 2 2 2 2 2 2 2 2
left_child=3 2 12 18 6 7 -5 -6 9 -3 11 14 -2 -12 -11 16 -4 -17 19 20 -1 29 23 24 -23 -24 -27 -28 -29 -22
right_child=1 8 15 4 5 -7 -8 -9 -10 10 13 -13 -14 -15 -16 17 -18 -19 -20 -21 21 22 25 -25 -26 26 27 28 -30 -31
leaf_value=-0.1101810538606257 0.043352922775371103 0.060081093458732485 0.11472898232136686 0.087031719544544806 0.1195153121586644 0.17928712041237177 -0.054081097024198693 -0.033059459353160826 -0.088300715473592195 -0.11256917158250589 0.054340882503430138 0.094999398030283372 -0.086216293447364659 -0.085145412882499327 0.021359155980505279 0.17268320509673987 -0.11196296077270103 0.040645298973559126 0.00027056143561410989 -0.014478499165329293 0.182617498606128 0.11227311493624188 -0.054719562733387406 0.23199723338227651 -0.057569358327679912 -0.057934418244574307 0.20823735656094211 -0.048477052207424036 0.17396955209213949 -0.006401488301637389
leaf_weight=2.7852102408651254 1.7165864931885142 2.7195377217140111 2.8595167491584998 2.3088850472122413 2.1123838182538748 2.5956930033862591 4.4340721373446286 2.3318530402611941 5.7396999771008259 2.5591999292373684 1.0723445368930686 3.2972411615774035 3.4403426118660718 8.2558589719701541 1.461029080674052 1.9341787807643411 2.3007988017052412 2.9066663044504821 4433.1849657604471 187.68935387220699 4.2397613783832631 5.1829811250790936 13.882018420845272 2.0113806305453172 3.4927527136169374 5.6592275456059751 3.6693681278266004 6.3004380187485349 1.7294579185545442 1.861292455345392
leaf_count=55 23 42 29 25 22 22 49 30 163 38 11 40 48 142 19 17 34 30 49488 3206 52 62 196 22 44 79 40 85 22 26
internal_value=-0.000121136 -0.0156803 0.0198187 1.25658e-05 0.0436696 0.0910161 -0.00576205 0.0394606 -0.0371142 -0.0219429 -0.0353438 0.00770147 -0.0430866 -0.0691105 -0.063897 0.0522547 0.0136552 0.0934016 -0.000116236 -0.00730584 0.0191876 0.0266897 0.0123912 0.0792982 0.0438964 -0.0104971 0.0248686 0.0649225 -0.000567086 0.124952
internal_weight=4725.73 40.263 15.1581 4685.47 13.7829 7.03993 6.74296 4.44424 25.1049 19.3652 16.6457 7.31747 5.15693 9.3282 4.02023 10.0012 5.16032 4.84085 4671.69 238.503 50.8139 48.0287 41.9276 10.6871 8.67573 31.2405 17.3585 11.6993 8.0299 6.10105
internal_count=54161 636 181 53525 148 74 74 52 455 292 250 97 71 153 57 110 63 47 53377 3889 683 628 550 128 106 422 226 147 107 78
is_linear=0
shrinkage=0.1


Tree=87
num_leaves=31
num_cat=0
split_feature=0 1 1 1 13 12 4 1 10 6 12 14 12 12 11 11 1 12 9 9 11 11 1 9 1 9 9 9 11 9
split_gain=0.992955 1.62625 5.86156 4.68925 3.94383 3.19287 4.38094 2.54801 2.75444 4.81554 4.76415 2.12021 2.67661 3.32866 2.7042 8.66638 3.63978 3.60652 3.69525 3.64778 3.98383 7.68186 3.08833 3.07521 4.05742 4.27896 3.45767 3.88898 2.92378 2.35269
threshold=6.5000000000000009 38.94444444444445 39.585714285714296 38.585714285714296 13.500000000000002 92.015000000000015 1.0000000180025095e-35 40.154761904761912 3.149508870037335 48.800000000000004 75.965000000000018 5.5000000000000009 92.675000000000026 91.265000000000015 90.065000000000012 88.925000000000026 43.154761904761912 63.905000000000008 11.498397791513129 4.3902878314162148 84.635000000000005 84.155000000000015 44.309523809523817 6.9697475399069297 41.309523809523817 8.289869474904334 9.4932844147635151 10.197038336465779 87.955000000000013 5.9392447124153973
decision_type=2 2 2 2 2 2 2 2 2 2 2 2 2 2 2 2 2 2 2 2 2 2 2 2 2 2 2 2 2 2
left_child=1 3 -3 4 -1 6 -5 8 9 -4 -10 12 13 14 15 16 17 -9 19 -19 21 23 28 -21 -25 -26 -27 -28 -18 -24
right_child=-2 2 7 5 -6 -7 -8 11 10 -11 -12 -13 -14 -15 -16 -17 22 18 -20 20 -22 -23 29 24 25 26 27 -29 -30 -31
leaf_value=-0.0080639431234958304 0.0001435772945445017 -0.10618255651336095 0.15463567911025244 0.25443508842897117 0.19982442343555751 -0.032045770805338374 0.025254802621393527 -0.10457830865828693 -0.030334582352366371 -0.1054997042597712 0.22972042401025214 -0.06520783546333106 -0.10595750629723527 0.11694932201356362 -0.10709964793068782 0.20707881103891698 -0.095125890905437036 0.17349728213070015 0.15338605602111197 -0.071725479310792567 -0.046828019006372214 0.27987184396635351 0.018983044052061176 -0.064855611106830899 0.20218237698097982 -0.10567301029441645 0.20050519493321223 -0.038662795003169152 0.10478623002054904 -0.032752949255806012
leaf_weight=39.406692632008344 4575.6964349653572 6.6066429957281789 1.1134323931764805 1.8942256243899458 0.9341863258741786 1.2771071954630313 1.4903322467580435 2.168787763919684 1.187849542591721 1.9718923219479618 1.7310798093676565 7.1665233032545066 2.7291674397420129 2.1687027777079484 2.6937733432278028 1.8767690313979972 8.6515076034702325 1.4094615208450765 2.2073023330885908 2.9169510083738741 8.2485873468685877 1.2304120678454626 13.618275044951586 2.3493480416946095 2.1835071425884962 1.3026711577549575 1.5010362383909526 1.242777746170759 0.79916572570800859 24.790842381538823
leaf_count=904 50557 156 25 27 15 21 29 75 33 48 30 184 79 40 62 34 253 37 34 85 195 16 348 58 36 36 25 27 9 683
internal_value=-0.000117914 -0.00815522 -0.015035 0.00772333 -0.00324981 0.102682 0.153519 -0.00884351 0.0542572 -0.011622 0.123892 -0.0129953 -0.00854545 -0.00527782 -0.0086251 -0.00515742 -0.0104953 0.0190401 0.0299421 0.0177696 0.00730528 0.0423908 -0.0270101 0.016974 0.0471315 0.0893622 0.0284838 0.0921769 -0.078221 -0.0144095
internal_weight=4724.57 148.869 103.866 45.0025 40.3409 4.66167 3.38456 97.2598 6.00425 3.08532 2.91893 91.2556 84.089 81.3599 79.1912 76.4974 74.6206 26.7608 24.5921 22.3848 20.9753 12.7267 47.8598 11.4963 8.57934 6.22999 4.04649 2.74381 9.45067 38.4091
internal_count=54161 3604 2608 996 919 77 56 2452 136 73 63 2316 2132 2053 2013 1951 1917 624 549 515 478 283 1293 267 182 124 88 52 262 1031
is_linear=0
shrinkage=0.1


Tree=88
num_leaves=31
num_cat=0
split_feature=9 13 1 1 11 11 9 6 12 9 11 1 6 4 11 1 12 10 10 9 1 1 1 3 10 9 10 10 1 9
split_gain=0.891603 3.27903 3.8313 6.73918 7.02093 15.4494 3.17108 4.71181 4.55231 7.36094 8.12715 6.95717 6.4778 5.44983 9.74803 6.40232 5.09993 4.28346 4.59593 4.25798 4.15617 3.99419 3.60941 3.46116 4.45609 6.24564 3.99093 8.57381 5.06364 3.6857
threshold=9.8667361196362346 21.500000000000004 32.309523809523817 33.309523809523817 94.675000000000026 78.415000000000006 9.577125886838699 58.20000000000001 65.815000000000012 9.7233267706545288 78.015000000000015 41.873015873015881 57.400000000000013 1.5000000000000002 93.905000000000015 40.690476190476197 97.885000000000005 2.9754900127725308 3.4293871053481699 9.7779339130088694 42.690476190476197 41.25396825396826 39.133928571428577 0.49494897427831785 4.264370183311418 9.8382179431494787 1.9192743992903678 2.3666931348066287 37.055555555555564 9.6647898140928685
decision_type=2 2 2 2 2 2 2 2 2 2 2 2 2 2 2 2 2 2 2 2 2 2 2 2 2 2 2 2 2 2
left_child=6 2 -2 4 5 -4 -1 8 9 10 21 12 13 16 15 -15 23 -9 22 -11 -21 -8 -19 26 25 -25 -10 -28 29 -29
right_child=1 -3 3 -5 -6 -7 7 17 11 19 -12 -13 -14 14 -16 -17 -18 18 -20 20 -22 -23 -24 24 -26 -27 27 28 -30 -31
leaf_value=-0.0001331038255418555 -0.071694807081027587 0.12128562139174366 0.29752902688461308 -0.0041814974021769534 0.21959822721191233 -0.082956844351768408 0.35248273301647393 -0.099969059815151806 -0.06041930780047771 -0.10917239356985878 -0.0446375637391766 -0.033052803406317659 0.16580345298252017 -0.046856590498696518 0.22642091317831348 0.1608625848466447 0.14315445527627643 0.18687687943713105 -0.033266776641348549 -0.053508623665596902 0.15132894143359232 0.15625241088895603 -0.0063211547894139845 -0.02034272343948482 -0.10854821833506077 0.18350726699320799 0.15712918577636248 0.02956796023970025 0.041549160244928544 -0.053111943423821667
leaf_weight=3893.8491779812612 8.2330904903355968 2.0988959185779086 1.471806900575755 647.23793399170972 2.6931743547320366 3.8816598709672689 1.5054704119684155 6.1725247278809574 5.5173688456416121 2.2545814388431609 1.5686044003814457 24.435039195232093 3.2204487435519686 4.5575170074589533 3.4981548544019461 2.2001527342945337 2.962437391281127 1.9877340756356709 11.370510049629955 1.7501596994698045 2.2822273904457688 3.3353958544321358 1.883131507784128 15.450273503782231 4.9139942154288283 1.6649546176195151 4.7702583200298241 9.0795448683202284 34.556559908203781 13.27406984195113
leaf_count=42667 135 23 22 9256 30 58 22 62 52 37 27 317 33 51 34 27 26 20 146 26 31 41 21 201 75 18 48 100 406 149
internal_value=-0.00011546 -0.00350775 -0.00390251 -0.00305075 0.0879014 0.0216486 0.000440955 0.0140533 0.0206129 0.0777681 0.153179 0.0150352 0.0261555 0.0217656 0.0909169 0.0207723 0.0140727 -0.0296893 -0.00122707 0.000887608 0.0624242 0.217278 0.0928883 0.009787 -0.0246116 -0.000512372 0.0210638 0.0283525 0.0175583 -0.0195292
internal_weight=4723.68 665.617 663.518 655.285 8.04664 5.35347 4058.06 164.211 142.797 12.6964 6.40947 130.101 105.666 102.445 10.2558 6.75767 92.1895 21.4139 15.2414 6.28697 4.03239 4.84087 3.87087 89.227 22.0292 17.1152 67.1978 61.6804 56.9102 22.3536
internal_count=54161 9524 9501 9366 110 80 44637 1970 1721 184 90 1537 1220 1187 112 78 1075 249 187 94 57 63 41 1049 294 219 755 703 655 249
is_linear=0
shrinkage=0.1


Tree=89
num_leaves=31
num_cat=0
split_feature=0 5 6 13 9 2 14 1 1 12 1 12 12 11 2 12 12 12 1 11 10 11 11 11 1 1 11 1 14 6
split_gain=0.873369 1.39908 2.25681 3.5688 4.48402 4.4266 4.66067 3.64942 13.9272 5.81189 7.05649 6.73752 7.70316 7.04516 5.82536 5.25841 3.52787 3.67486 3.49855 2.7729 3.23755 2.75566 2.7392 4.53472 4.29622 2.64216 3.09861 3.98442 2.57856 3.80141
threshold=6.5000000000000009 334.00000000000006 54.550000000000004 2.5000000000000004 5.2491225871763909 3.5000000000000004 5.5000000000000009 38.154761904761912 38.354166666666679 66.225000000000009 46.75714285714286 78.52500000000002 92.455000000000013 87.355000000000004 2.5000000000000004 77.805000000000021 92.455000000000013 92.015000000000015 48.928571428571438 70.605000000000004 2.5838319898857995 51.900000000000006 70.965000000000018 71.595000000000013 44.464285714285722 45.464285714285722 101.42500000000003 34.154761904761912 1.5000000000000002 48.800000000000004
decision_type=2 2 2 2 2 2 2 2 2 2 2 2 2 2 2 2 2 2 2 2 2 2 2 2 2 2 2 2 2 2
left_child=1 -1 3 5 -5 6 7 15 -9 18 11 13 14 -11 -13 -3 17 22 -10 20 -7 -4 -6 24 -24 26 27 -25 29 -29
right_child=-2 2 21 4 16 19 -8 8 9 10 -12 12 -14 -15 -16 -17 -18 -19 -20 -21 -22 -23 23 25 -26 -27 -28 28 -30 -31
leaf_value=-0.036233129436030756 0.0001263681376451768 0.16955010542864762 0.098620195051651038 -0.089113632009071297 -0.077444986969464752 -0.036304159718685301 -0.10603506285631606 0.49623490466369563 -0.10463657553215655 -0.10575226785487601 0.29325740878093354 0.099860622431925838 -0.04706256004634421 0.20847353763727555 0.33608520517665674 -0.10602685286397628 -0.10502007260959806 0.20257213159761528 0.14112484776875642 -0.1055449724655065 0.17079573341373 -0.024276247445240234 -0.021974833268100919 0.23220898444858384 0.23362162065951053 -0.07988391016684275 -0.1066006368982734 0.18733102430366405 -0.00050440347878813582 0.012134915716957758
leaf_weight=15.384084640536456 4575.7975447326899 0.99301520828158674 1.8902615206316102 6.147764603374525 3.6826637787744394 2.5965151707641776 1.5735171479172994 0.8135507176630189 2.4775594240054484 2.9534783153794693 1.6906858049333084 2.2093758438713849 1.5898873496334998 0.94080913718789805 1.979021838866174 2.2873871019110084 2.8822553206700823 0.96181940333917637 0.75599120068363834 3.019925401546061 1.064230768708512 52.453608899377286 1.0657209774944925 0.86436044704169646 1.7173350956290958 3.4567893284838638 2.0461752014234653 1.9647108474746371 22.636961210169829 3.3506756110582501
leaf_count=452 50557 13 27 200 136 52 39 9 93 85 32 30 36 18 33 58 84 19 18 72 25 1235 25 13 31 99 47 33 505 85
internal_value=-0.000117732 -0.00769285 -0.00436825 0.00656262 -0.00904702 0.0359787 0.0592511 0.073166 0.0935531 0.0711097 0.10477 0.0718239 0.14034 -0.0298394 0.211477 -0.0226066 0.00198226 0.00936977 -0.0471785 -0.0346127 0.0239027 -0.0200015 0.00481358 0.0129782 0.135746 0.00302276 0.0123087 0.020752 0.0142132 0.0768921
internal_weight=4723.25 147.45 132.066 77.7222 50.7772 26.945 20.2643 18.6908 15.4104 14.5968 11.3633 9.67257 5.77829 3.89429 4.1884 3.2804 44.6295 41.7472 3.23355 6.68067 3.66075 54.3439 40.7854 37.1027 2.78306 34.3197 30.8629 28.8167 27.9523 5.31539
internal_count=54161 3604 3152 1890 1277 613 464 425 354 345 234 202 99 103 63 71 1077 993 111 149 77 1262 974 838 56 782 683 636 623 118
is_linear=0
shrinkage=0.1


Tree=90
num_leaves=31
num_cat=0
split_feature=6 6 11 12 1 14 1 11 12 12 14 10 11 14 3 1 10 9 8 1 1 14 6 12 12 9 9 9 1 11
split_gain=0.874014 3.03081 5.87759 10.4563 6.06806 8.85058 5.03117 5.84924 8.20934 5.49319 5.75742 7.73874 5.25325 7.84451 5.92914 5.09276 9.41926 7.25699 5.01061 4.69691 4.95863 8.32702 7.03955 4.71745 4.69307 4.69129 4.65392 11.4641 7.53154 5.74787
threshold=53.100000000000009 51.250000000000007 113.2 103.04500000000002 36.236111111111121 7.5000000000000009 35.154761904761912 71.595000000000013 69.935000000000016 69.575000000000003 1.5000000000000002 2.690474124936407 110.25500000000001 3.5000000000000004 0.41650635094610972 37.236111111111121 4.1744663596355345 8.4424302226932557 4.5000000000000009 45.464285714285722 43.436507936507944 4.5000000000000009 51.750000000000007 75.395000000000024 67.115000000000023 7.7597133700838734 10.163627154119562 8.9111257399985444 43.690476190476197 81.455000000000013
decision_type=2 2 2 2 2 2 2 2 2 2 2 2 2 2 2 2 2 2 2 2 2 2 2 2 2 2 2 2 2 2
left_child=1 18 3 6 5 -5 -3 -8 9 10 11 24 19 -14 -15 16 -12 -18 -1 20 -10 23 -23 -22 -9 -24 27 -17 29 -29
right_child=-2 2 -4 4 -6 -7 7 8 12 -11 15 -13 13 14 -16 26 17 -19 -20 -21 21 22 25 -25 -26 -27 -28 28 -30 -31
leaf_value=0.0014436043778215332 0.0016433699495181056 -0.018911811623500641 -0.035716497592279857 0.037940608740131276 0.003551099649362044 0.22062522113572003 -0.060708756878397357 -0.11152839357779794 -0.0061188750499025909 0.16735616857885002 -0.0019657095673363983 0.10981504921160928 0.21442354189021984 0.11705848697372662 -0.0099111138134751649 -0.011679836493886321 0.35497681525946539 0.078906216836662629 -0.107893009166192 0.044487838445095733 0.040320844815707788 0.17015651598911777 0.073396003331860554 -0.086588394653674017 0.090217490046601442 -0.10975141926828558 -0.022306350419535173 0.056741413300509913 0.1553866611082193 -0.10777388154228884
leaf_weight=1905.0118157069664 1765.9347764565609 206.27604276943021 60.613400150090456 5.9344227612018603 7.7730126827955237 4.7945467978715897 16.223673734115437 3.09810627344996 525.1396794503089 2.5302036702632895 5.5137922698631865 13.555165279889478 2.3765503279864815 4.9130926579237011 14.62816536799073 45.38473124243319 1.7159809470176699 2.1391707714647055 4.200643600896 17.1900092237629 3.3330850768834379 2.8521717153489572 2.6627526041120291 24.160379379987717 1.836587121710181 2.9459110479801893 40.075073921820149 19.806616569403566 7.4368181191384783 2.3787628151476374
leaf_count=21851 19989 2430 453 41 58 30 257 43 5932 35 86 208 21 34 129 632 21 34 90 205 45 37 33 293 20 40 698 281 96 39
internal_value=-0.000116894 -0.00116831 -0.0054913 -0.00363451 0.0708333 0.119578 -0.0050576 -0.00130671 -1.42948e-05 0.0212985 0.0187131 0.0707808 -0.00517988 0.042875 0.0220118 0.0109774 0.0818757 0.201789 0.00120304 -0.00700123 -0.00857868 -0.044506 0.0422456 -0.0712029 -0.0364429 -0.0228009 0.00520546 0.0199046 0.0682957 0.0391017
internal_weight=4722.44 2956.5 1047.29 986.675 18.502 10.729 968.173 761.896 745.673 145.471 142.941 18.4899 600.202 21.9178 19.5413 124.451 9.36894 3.85515 1909.21 578.284 561.094 35.9543 8.46084 27.4935 4.93469 5.60866 115.082 75.0069 29.6222 22.1854
internal_count=54161 34172 12231 11778 129 71 11649 9219 8962 2193 2158 271 6769 184 163 1887 141 55 21941 6585 6380 448 110 338 63 73 1746 1048 416 320
is_linear=0
shrinkage=0.1


Tree=91
num_leaves=31
num_cat=0
split_feature=9 9 13 6 10 10 7 10 14 3 13 12 12 3 9 13 10 10 12 12 3 10 10 13 11 12 1 10 13 9
split_gain=0.912383 5.42521 9.30211 7.86825 6.77658 6.67576 7.2906 9.97005 6.48371 5.61 5.42943 5.37652 4.8049 3.97107 3.95436 5.16791 3.54624 5.22294 7.11165 4.49279 5.37273 3.2948 3.03534 6.63649 7.20247 5.39287 2.64999 2.4129 6.52715 7.81906
threshold=5.7684163959386918 5.6172313412498589 4.5000000000000009 51.250000000000007 4.3606704689502775 3.9593898549202966 1.0000000180025095e-35 3.1275968735503583 1.5000000000000002 0.46157923612182866 3.5000000000000004 46.805000000000007 90.52500000000002 1.1954676251803249 5.6944096548922172 5.5000000000000009 6.1910507808935611 6.7286617574829704 85.605000000000004 71.295000000000016 0.80824829046386315 1.4735268925212714 3.2899556475247569 6.5000000000000009 108.88500000000001 79.335000000000022 36.354166666666679 2.8476084014180665 5.5000000000000009 4.7043244117470886
decision_type=2 2 2 2 2 2 2 2 2 2 2 2 2 2 2 2 2 2 2 2 2 2 2 2 2 2 2 2 2 2
left_child=1 13 3 4 8 6 11 10 -3 14 -8 -5 -7 16 -4 -16 -1 18 -18 20 -19 -15 -11 -24 25 -25 -13 -23 29 -29
right_child=-2 2 9 5 -6 12 7 -9 -10 22 -12 26 -14 21 15 -17 17 19 -20 -21 -22 27 23 24 -26 -27 -28 28 -30 -31
leaf_value=7.3082429510885777e-05 -0.00076246045239211613 0.15393679899167018 0.084737624315061932 0.19911094351448802 0.14305972790073374 -0.08129660692248955 0.16411000847191742 0.29812630978713522 -0.046924754098229521 -0.059489989987821193 -0.028914571406940023 -0.078819159004183251 0.10049321909293384 0.085490253271010549 0.10187877940210364 -0.077142490706194833 0.24892064505204506 0.0063620059337705474 0.027311390701026908 -0.085305620997587484 0.14726341557824887 -0.084538704309357213 -0.079372861277013221 -0.012663110478518673 -0.079965181408661809 0.18617839429055139 0.056967977049633169 -0.078999085502509128 -0.10932591482949139 0.13277232438078604
leaf_weight=691.09220729651861 3891.0482454389567 1.8474888727068925 9.4869799334555882 1.9341423250734839 3.0703301471658042 3.1475731022655955 4.5377002023160458 4.242230037227273 12.348383932141585 16.15893574804068 2.1465840768069029 2.2393941432237625 2.7020995207130909 1.9442907394841338 2.4895855821669093 4.5772277526557446 2.4881712812930372 12.863581868354236 3.4642224125564098 3.7570386198349288 3.4272517312783739 10.736072988715025 5.7915678296703836 2.0673272106796485 2.6146903969347477 4.0090385675430298 4.0123037754092366 3.0607346072792989 4.7956080501899123 4.0511620992328972
leaf_count=7412 45252 19 81 27 30 36 42 34 123 165 19 20 21 20 18 46 29 140 33 47 42 138 63 28 24 45 39 43 74 51
internal_value=-0.00012005 0.00288758 0.0261558 0.0602525 0.00835113 0.0961527 0.124763 0.178221 -0.0207841 -0.00435241 0.102122 0.0534062 0.00267633 8.21567e-05 0.0425547 -0.0140746 0.00143709 0.0376927 0.119947 0.0132708 0.0360047 -0.0394338 -0.0296935 0.00355185 0.0588114 0.118528 0.00832824 -0.0501604 -0.0191642 0.0416326
internal_weight=4722.15 831.104 89.4236 42.2282 17.2662 24.962 19.1124 10.9265 14.1959 47.1954 6.68428 8.18584 5.84967 741.68 16.5538 7.06681 717.092 26.0003 5.95239 20.0479 16.2908 24.5879 30.6416 14.4826 8.69106 6.07637 6.2517 22.6436 11.9075 7.1119
internal_count=54161 8909 880 410 172 238 181 95 142 470 61 86 57 8029 145 64 7703 291 62 229 182 326 325 160 97 73 59 306 168 94
is_linear=0
shrinkage=0.1


Tree=92
num_leaves=31
num_cat=0
split_feature=1 4 6 1 10 10 13 11 10 11 1 13 10 12 12 10 13 9 14 11 0 10 10 1 2 6 13 12 10 11
split_gain=0.848236 2.4711 2.50425 2.09746 2.68932 3.81897 3.80777 3.75938 1.88127 2.27097 2.6653 2.53072 2.13531 1.66445 1.38163 1.3962 1.73019 1.36156 5.01403 1.37524 1.16243 1.23298 1.9601 1.72661 1.06507 3.49176 3.65818 3.87516 4.6656 4.96659
threshold=48.071428571428577 1.0000000180025095e-35 51.750000000000007 47.75714285714286 2.7532470618432483 2.2882162211530512 5.5000000000000009 76.680000000000021 3.2899556475247569 75.575000000000003 50.366666666666674 2.5000000000000004 1.8667761751225818 64.865000000000023 65.685000000000016 2.6107094976690859 4.5000000000000009 7.0924854193810889 1.5000000000000002 71.865000000000023 5.5000000000000009 3.0973184583636377 3.6846202695228198 42.585714285714296 3.5000000000000004 38.150000000000006 1.0000000180025095e-35 46.805000000000007 6.1910507808935611 103.18500000000002
decision_type=2 2 2 2 2 2 2 2 2 2 2 2 2 2 2 2 2 2 2 2 2 2 2 2 2 2 2 2 2 2
left_child=3 2 13 20 5 6 -5 -6 9 10 14 -11 -12 -2 15 16 -3 18 -4 -19 21 -1 23 -23 -22 26 -26 -28 29 -29
right_child=1 8 17 4 7 -7 -8 -9 -10 11 12 -13 -14 -15 -16 -17 -18 19 -20 -21 24 22 -24 -25 25 -27 27 28 -30 -31
leaf_value=-0.10135395426928123 0.037009922370035898 0.045678203930762044 0.089905659181740594 -0.080338819360375929 0.096982883075412099 0.13342470340045154 0.083009572398790143 -0.11050099372223941 -0.10487865057589499 -0.049877782171006496 0.12464212597513975 0.11638050725108234 -0.027596637677942543 -0.083489047019141879 -0.095330478880473107 -0.1054901470690522 -0.068982237113255462 0.14408235685318574 -0.11072454422703329 0.038100758538491215 -0.0012004546652773134 -0.10136141948682734 -0.10105156092978634 0.14816790328115612 0.081109797785012705 0.00030149256237915479 -0.030057400550429565 0.027469856182041119 0.12122014273157762 -0.0086915603978874791
leaf_weight=2.3359144274145356 1.7700095737818617 2.998390357941398 3.0967354380991292 2.5528381699696165 1.3833699284587049 4.5480148601345718 3.2360176288057119 2.3682613158598542 3.2934358117636284 1.5746551176998758 1.5587668102234595 2.1872591390274465 2.2529191223438829 3.2532051228918135 6.0744409589096904 1.8476769125554708 2.3454938931390643 2.0973081160336733 2.0838734162971377 2.9417561148293316 2977.5534337284043 0.3838954493403437 1.0770323534961788 0.99868926056660712 7.9204741045832625 1491.1016809633002 19.840103274211287 102.08664431329817 4.1635877266526213 60.484047319740057
leaf_count=342 23 43 29 31 21 35 28 33 104 25 21 34 39 48 106 53 30 17 34 30 35793 56 164 35 60 15158 288 1008 38 435
internal_value=-0.000120607 -0.0147365 0.0167847 2.31206e-06 0.0385289 0.06485 0.0109743 -0.0339938 -0.0346458 -0.0235464 -0.03904 0.0467884 0.0346605 -0.0410293 -0.0602161 -0.0305564 -0.00464762 0.0452017 0.00920319 0.0822113 -0.000113966 -0.0493227 9.17645e-05 0.0788823 -6.33607e-05 0.00194528 0.0145474 0.0117217 0.0166931 0.0140161
internal_weight=4721.41 39.3759 15.2429 4682.03 14.0885 10.3369 5.78886 3.75163 24.133 20.8396 17.0777 3.76191 3.81169 5.02321 13.266 7.19156 5.34388 10.2197 5.18061 5.03906 4667.95 4.79553 2.45962 1.38258 4663.15 1685.6 194.495 186.574 166.734 162.571
internal_count=54161 636 181 53525 148 94 59 54 455 351 292 59 60 71 232 126 73 110 63 47 53377 597 255 91 52780 16987 1829 1769 1481 1443
is_linear=0
shrinkage=0.1


Tree=93
num_leaves=31
num_cat=0
split_feature=1 11 1 13 11 3 12 10 12 11 1 11 6 8 10 10 10 1 1 3 14 6 11 12 1 6 1 6 6 1
split_gain=0.869531 2.3637 2.90327 1.98849 1.27762 1.77005 0.896385 3.93296 3.69043 2.34343 4.18006 3.16911 2.61813 6.47404 3.07686 4.29524 3.57609 3.18175 3.60809 3.20189 3.57973 5.63904 3.15306 2.98439 4.07031 2.90338 2.75965 3.54664 3.37952 5.2731
threshold=49.464285714285722 71.865000000000023 51.183333333333344 6.5000000000000009 70.175000000000026 0.80824829046386315 63.905000000000008 7.7492334478000986 63.185000000000009 103.72500000000001 34.309523809523817 86.805000000000021 35.900000000000006 3.5000000000000004 3.0853214020896931 3.1381907911853948 3.0648339502412871 24.414285714285715 26.309523809523814 0.80824829046386315 11.500000000000002 37.95000000000001 73.045000000000016 62.885000000000012 41.055555555555564 60.900000000000013 26.585714285714293 51.750000000000007 65.200000000000017 29.757142857142863
decision_type=2 2 2 2 2 2 2 2 2 2 2 2 2 2 2 2 2 2 2 2 2 2 2 2 2 2 2 2 2 2
left_child=6 2 4 -3 -2 -6 8 -8 9 11 -11 12 13 -1 16 -16 -14 -17 -19 20 23 -22 -21 26 -25 -24 27 -20 -28 -30
right_child=1 3 -4 -5 5 -7 7 -9 -10 10 -12 -13 14 -15 15 17 -18 18 19 22 21 -23 25 24 -26 -27 28 -29 29 -31
leaf_value=0.012975949524744413 -0.10898244649944849 -0.10908275599883069 0.11518620654310463 0.02682795404022166 -0.071746942680673928 0.063280176361183035 0.00044171194231349271 -0.10488457752525499 -0.044842067021506581 0.050798236692931167 -0.10962051454992168 0.033175464127471348 0.00019962755374288267 0.20831343287677073 -0.1073926753160292 0.043084383948837943 0.1174868548564479 -0.076022517236417772 0.23037965277596692 0.029377147412384952 0.16777026838481821 -0.075247561384548523 -0.080983479744714995 0.26204975107667683 -0.013184581206527591 0.052349347615911618 -0.0071786442587642371 -0.016727033099645926 0.28606607750015828 -0.024814686257701724
leaf_weight=20.14908436709084 1.3950752925593386 4.2219662058632821 1.975346613442525 1.4449310658965258 1.7669053864665332 2.1547922259196639 4341.1375893283403 3.5481374904047689 21.663475212175399 2.3988973349332801 5.0306123681366444 25.039102866314352 170.90459714853205 1.8527083154767741 5.2684063324704757 8.6938751935958845 2.639752182411029 10.303465070202945 1.1890730597078794 4.2833415050990906 1.0497144646942604 10.564098108559845 15.165575453080239 1.065804522018879 1.0835689418017862 1.8302601089235384 48.910691422875971 1.1354748327285049 1.0195853561162942 1.1736601688899098
leaf_count=251 28 105 24 27 24 26 48066 88 415 22 68 305 2213 20 103 102 44 287 26 77 13 336 292 17 29 29 1055 28 21 20
internal_value=-0.000114081 -0.0259819 0.0116673 -0.0744286 -0.0267932 0.00244424 -4.28645e-05 0.000355696 -0.00482087 -0.0022765 -0.0578233 -0.0010384 -0.00381729 0.0294248 -0.00637207 -0.0192347 0.00198366 -0.014913 -0.0200177 -0.0134953 -0.00278944 -0.0532824 -0.0473005 0.00776181 0.123295 -0.066625 0.00311402 0.109675 -0.00173309 0.119706
internal_weight=4720.06 12.959 7.29212 5.6669 5.31677 3.9217 4707.1 4344.69 362.415 340.751 7.42951 333.322 308.283 22.0018 286.281 112.737 173.544 107.468 98.7743 88.4708 67.1917 11.6138 21.2792 55.5779 2.14937 16.9958 53.4285 2.32455 51.1039 2.19325
internal_count=54161 234 102 132 78 50 53927 48154 5773 5358 90 5268 4963 271 4692 2435 2257 2332 2230 1943 1545 349 398 1196 46 321 1150 54 1096 41
is_linear=0
shrinkage=0.1


Tree=94
num_leaves=31
num_cat=0
split_feature=10 9 11 14 11 12 12 9 9 1 1 10 12 1 1 9 1 11 11 6 1 9 13 3 9 9 11 13 6 9
split_gain=0.851525 5.21034 4.69607 5.97033 3.66852 7.08246 4.56055 4.23259 4.23194 4.69544 7.04895 3.56893 4.08833 4.1545 8.82497 15.9558 5.481 5.52876 5.72151 7.67401 8.09708 3.76298 3.36766 2.97422 6.42032 6.9923 6.6541 6.29864 4.85605 4.84018
threshold=5.8667303036588256 6.1845336747856345 100.31500000000001 11.500000000000002 91.195000000000007 68.785000000000011 66.805000000000021 4.102184095841297 4.2024389689518644 35.118055555555564 34.154761904761912 5.962091760543708 80.115000000000023 35.354166666666679 36.472222222222229 7.8465215615376245 37.690476190476197 87.045000000000016 88.155000000000015 51.750000000000007 43.055555555555564 8.7920029564476874 6.5000000000000009 0.49494897427831785 9.4680244347541578 8.7651535020575846 90.375000000000014 5.5000000000000009 56.500000000000007 7.3794843602888021
decision_type=2 2 2 2 2 2 2 2 2 2 2 2 2 2 2 2 2 2 2 2 2 2 2 2 2 2 2 2 2 2
left_child=-1 4 11 -4 5 6 7 -2 -6 10 -10 -3 13 -13 15 -15 -16 -18 19 20 -19 -17 -9 27 25 -25 -27 28 -20 -29
right_child=1 2 3 -5 8 -7 -8 22 9 -11 -12 12 -14 14 16 21 17 18 23 -21 -22 -23 -24 24 -26 26 -28 29 -30 -31
leaf_value=0.00017013097351546307 -0.0045342576337375684 -0.075817304161869742 -0.044426168320039705 0.10810662322270184 -0.1118720916368849 0.21234817822363256 -0.11051099834638228 0.06169276114860698 0.0082914768208914216 -0.020879007080773233 0.18602790292391358 -0.076673207960569298 0.17254419874476637 0.39962363374456666 -0.08237958564944331 0.15279497557820776 -0.03616987613898049 0.32726836182252073 0.056242071720370115 -0.0075993076981930932 0.026062956540721952 -0.042487274736876648 0.2062039699155537 -0.02284450421248041 -0.1078698951394971 -0.025566748765789654 0.27574854078647715 0.13964804809871895 0.22762105476611524 -0.052448744340615708
leaf_weight=4520.8614567774348 7.8462018128484585 5.9711888781748703 57.461467149201781 2.6860436089336863 3.1138579510152367 2.457976591307669 2.0101083582267156 6.720682319486512 7.0649907253682631 17.198951461119577 3.2614470794796944 6.2908827224746338 1.4190387725830067 1.5599200837314118 7.577549096196889 1.5256454530172048 19.208007104462013 2.2657731510698791 5.7343896226957458 2.9263165886513889 1.4725130940787492 2.7935308441519737 2.1216783728450537 8.2297817822545785 5.3590029850602141 1.2266076616942876 1.8209019340574739 1.6085082590579967 2.3231975175440311 7.1074217595160007
leaf_count=51606 79 90 678 27 36 30 28 92 64 188 28 100 19 18 113 22 303 25 66 39 21 40 19 131 95 21 27 22 24 110
internal_value=-0.000111243 -0.00652397 -0.0161585 -0.0376144 0.020739 0.0527658 0.0317884 0.0489281 -0.00137573 0.0111244 0.0644268 -0.00122541 0.00431104 0.0012903 0.00803302 0.125496 -0.00229566 0.00794076 0.0290834 0.113684 0.208623 0.0264915 0.0963675 0.0122073 -0.0177521 0.0250721 0.154471 0.0419216 0.105655 -0.0169976
internal_weight=4719.23 198.364 146.568 60.1475 51.7959 21.1566 18.6987 16.6886 30.6392 27.5254 10.3264 86.4202 80.449 79.0299 72.7391 5.8791 66.86 59.2824 40.0744 6.6646 3.73829 4.31918 8.84236 33.4098 16.6363 11.2773 3.04751 16.7735 8.05759 8.71593
internal_count=54161 2555 1991 705 564 248 218 190 316 280 92 1286 1196 1177 1077 80 997 884 581 85 46 62 111 496 274 179 48 222 90 132
is_linear=0
shrinkage=0.1


Tree=95
num_leaves=31
num_cat=0
split_feature=0 14 10 10 1 10 1 11 12 13 12 12 1 9 9 9 12 13 10 1 12 1 13 7 9 1 1 11 14 13
split_gain=0.868176 2.14791 2.27716 4.55405 7.09418 5.03858 2.48895 3.58976 2.01202 3.18786 6.43158 3.98318 9.26077 6.04 5.18318 5.53249 4.99087 5.95286 5.91361 4.43841 5.49408 4.21017 8.03951 6.58172 5.05759 5.13494 4.59534 3.43797 2.87412 2.71802
threshold=8.5000000000000018 14.500000000000002 1.4231066824086402 1.7876138460045059 36.436507936507944 1.9701548680352534 31.309523809523814 109.13500000000001 99.265000000000015 15.500000000000002 94.705000000000013 92.015000000000015 33.055555555555564 8.0007715305308533 5.0525826761853398 5.2895735286819852 89.565000000000012 7.5000000000000009 4.8998852378290509 35.309523809523817 91.405000000000015 35.585714285714296 6.5000000000000009 1.0000000180025095e-35 9.6347244895726334 37.055555555555564 37.472222222222229 103.72500000000001 3.5000000000000004 13.500000000000002
decision_type=2 2 2 2 2 2 2 2 2 2 2 2 2 2 2 2 2 2 2 2 2 2 2 2 2 2 2 2 2 2
left_child=-1 2 -2 4 -4 -5 7 -7 9 11 -11 12 -8 16 -13 -16 -14 18 27 -20 -21 22 -15 -23 25 -25 -27 -18 -10 -17
right_child=1 -3 3 5 -6 6 8 -9 28 10 -12 14 13 21 15 29 17 -19 19 20 -22 23 -24 24 -26 26 -28 -29 -30 -31
leaf_value=-0.00068640362872605172 -0.057052993385373722 -0.055120335812494196 -0.004966114468541831 -0.06214563698485398 0.13625735918131479 0.11272025347276145 0.16449545299495827 0.00024395068246416422 0.076706568026391128 -0.022137522474867978 0.16656613097596196 -0.059527483632262512 -0.068319985234677763 0.024359281623756626 0.078287767844706063 -0.0040841798352425221 0.030867998927356297 -0.085603482986742641 -0.022100654293391017 0.18051641330726656 0.012386625429865307 -0.095160069871095321 0.21179252462757259 -0.013143631120204525 -0.065772479795810898 0.21214501285104181 0.067178308846395737 -0.060574210694239475 0.0093681995571079941 -0.073003415958476564
leaf_weight=4005.9249871528009 6.1324400976300231 6.2806332707405081 7.7368223220109922 11.675665959715841 6.5841149985790253 5.1093136519193632 4.1150517091155043 6.38179612159729 6.5458757132291785 3.896788425743579 3.3665706440806389 17.215567924082279 12.04100578278303 5.7549084126949293 8.1142626702785474 334.19989485666156 8.6749955266714149 5.788377456367015 3.0506102889776221 5.2952817529439908 3.0706530213356018 4.0894995406270054 3.7991435378789902 5.4484728425741258 3.4821596518158904 2.9576494023203841 8.3883810862898809 7.8160631209611884 199.98069809377193 5.821999378502368
leaf_count=49633 37 40 40 61 33 22 27 34 32 28 22 120 104 35 43 2258 51 44 23 39 26 32 26 37 27 19 60 51 1115 42
internal_value=-0.00011423 0.00310131 0.00361886 0.00415008 0.059962 0.00298509 0.00411267 0.0502545 0.00331283 -0.00039319 0.0653267 -0.00145603 0.0182109 0.010654 -0.00596551 -0.00331684 -0.0130599 0.00668692 0.0258291 0.0811541 0.118806 0.042629 0.0988916 0.0205682 0.0439088 0.0666501 0.104968 -0.0124717 0.0115025 -0.00526424
internal_weight=4718.74 712.815 706.534 700.402 14.3209 686.081 674.405 11.4911 662.914 456.387 7.26336 449.124 83.7723 79.6572 365.352 348.136 45.737 33.696 27.9076 11.4165 8.36593 33.9202 9.55405 24.3662 20.2767 16.7945 11.346 16.4911 206.527 340.022
internal_count=54161 4528 4488 4451 73 4378 4317 56 4261 3114 50 3064 601 574 2463 2343 338 234 190 88 65 236 61 175 143 116 79 102 1147 2300
is_linear=0
shrinkage=0.1


Tree=96
num_leaves=31
num_cat=0
split_feature=10 10 12 12 11 11 14 13 1 10 9 1 9 10 10 10 9 10 9 9 12 12 10 4 13 1 7 6 1 1
split_gain=0.827182 4.21193 3.25042 4.27833 5.22689 5.28805 8.28199 5.25202 5.12975 4.96995 4.45473 6.41198 4.26268 5.35702 5.63443 19.0221 3.81161 11.9577 7.95865 5.73715 4.0004 7.86819 6.06675 4.03829 4.95753 4.87252 4.19157 6.16673 7.544 6.74774
threshold=4.3993921194182155 4.4202363959188444 91.895000000000024 81.715000000000018 92.315000000000012 92.085000000000022 4.5000000000000009 9.5000000000000018 35.866071428571438 5.6913782326595586 7.9362222130152498 31.154761904761909 9.6959963528099831 4.5709051034573394 5.1519932738562719 5.3803336407900693 8.0688645970013848 5.6167189844607472 8.1320765293255839 7.8278111892979156 82.385000000000005 81.965000000000018 4.6439714378907828 1.5000000000000002 2.5000000000000004 36.94444444444445 1.0000000180025095e-35 51.750000000000007 32.732142857142868 35.236111111111121
decision_type=2 2 2 2 2 2 2 2 2 2 2 2 2 2 2 2 2 2 2 2 2 2 2 2 2 2 2 2 2 2
left_child=-1 -2 3 4 5 7 -7 -3 10 16 11 -6 13 -12 -15 -16 19 18 -18 20 21 -5 -22 24 -24 -25 -26 -28 -29 -30
right_child=1 2 -4 9 8 6 -8 -9 -10 -11 12 -13 -14 14 15 -17 17 -19 -20 -21 22 -23 23 25 26 -27 27 28 29 -31
leaf_value=0.00052684752036217251 -0.058055044384717383 0.00897205075801185 -0.010689687237229326 -0.043663075688057058 0.12388705911768015 0.21008893686284 -0.031886551478543773 -0.027814076597235168 -0.030709635108353402 -0.017842736065461919 0.23559759921183035 -0.047631228890142215 -0.035135069404858492 -0.034703979767052161 0.3590426144770853 0.016441561211500776 0.23055847114766548 0.26893859077935461 0.027698478313322956 -0.073748939804207367 -0.046001615279615049 0.26219989633699337 0.10017712762859587 0.20329029524498049 -0.047544513264444033 0.01886390089527638 -0.029587926382515447 0.24375619877004306 -0.1141877088405245 0.077581604171127083
leaf_weight=3829.0724754899275 13.613970279111525 234.47918564779684 288.49706659885123 1.5214950107038014 2.5245673581957844 3.1126618795096865 2.5925994794815779 46.509647914441302 100.85487512871623 33.573710665572435 1.7157386317849184 15.949519407004116 5.2596311122179022 5.1764644905924788 2.1107848249375802 6.9789035208523273 2.0126608088612548 2.2947525009512892 49.45631883572787 7.2882100362330666 13.188837423454968 1.8806025236845014 6.4813947011716655 2.8134767748415461 10.598802512511609 2.9186263207811862 10.603175958618523 2.1536985570564857 2.2815344575792542 9.3718311095144582
leaf_count=43299 213 3293 2715 20 26 38 37 857 1504 394 18 204 78 59 21 80 19 17 535 77 146 24 67 28 113 29 111 17 24 98
internal_value=-0.00011081 -0.00286097 -0.00200143 0.0022781 -0.00292643 0.00481839 0.10013 0.00288316 -0.018722 0.0163132 0.0117197 -0.0241925 0.0429531 0.0686518 0.0485738 0.0959995 0.025497 0.0455893 0.0356312 0.0103042 0.019904 0.125411 0.0139623 0.0307097 0.0198403 0.109386 0.00496714 0.0277674 0.0718137 0.0400364
internal_weight=4716.89 887.815 874.201 585.704 427.265 286.694 5.70526 280.989 140.57 158.439 39.7156 18.4741 21.2415 15.9819 14.2662 9.08969 124.865 53.7637 51.469 71.1017 63.8135 3.4021 60.4114 47.2225 41.4904 5.7321 35.009 24.4102 13.8071 11.6534
internal_count=54161 10862 10649 7934 6215 4225 75 4150 1990 1719 486 230 256 178 160 101 1325 571 554 754 677 44 633 487 430 57 363 250 139 122
is_linear=0
shrinkage=0.1


Tree=97
num_leaves=31
num_cat=0
split_feature=9 1 12 14 14 9 12 6 3 1 9 5 4 12 11 1 1 14 6 12 4 10 1 10 11 14 10 12 10 8
split_gain=0.817852 3.01892 4.52348 9.96926 8.15889 4.45959 3.68478 4.39663 4.05884 14.8456 3.98977 3.9084 3.44186 3.25834 3.14719 4.01871 7.48672 3.80033 2.94721 2.80569 3.85584 2.8139 2.70575 5.16338 4.28547 8.47797 5.65164 13.8478 6.58686 4.45495
threshold=7.9825647628283614 32.873015873015881 45.255000000000003 4.5000000000000009 5.5000000000000009 8.7920029564476874 85.295000000000016 60.900000000000013 0.48065123467383369 31.74603174603175 8.7651535020575846 367.50000000000006 3.5000000000000004 79.835000000000022 96.195000000000007 32.585714285714296 32.055555555555564 6.5000000000000009 54.550000000000004 69.575000000000003 1.0000000180025095e-35 1.8927129648993137 38.732142857142868 5.8667303036588256 89.585000000000022 3.5000000000000004 2.217553809432502 85.945000000000007 1.8431771653712372 2.5000000000000004
decision_type=2 2 2 2 2 2 2 2 2 2 2 2 2 2 2 2 2 2 2 2 2 2 2 2 2 2 2 2 2 2
left_child=-1 2 3 5 -5 -2 7 19 11 -10 -9 -8 22 -14 -13 16 -16 -18 -6 20 -4 -21 23 -3 -24 26 27 -26 -29 -27
right_child=1 12 6 4 18 -7 8 10 9 -11 -12 14 13 -15 15 -17 17 -19 -20 21 -22 -23 24 -25 25 29 -28 28 -30 -31
leaf_value=0.0010586924882183023 -0.10850195220746615 0.0049930795316954525 0.147522365884314 0.36638116639545482 0.011245911186189339 0.067729215204833326 0.094813595523455266 0.15788480482746026 0.26592637688560666 -0.058389507064988438 -0.053573019233452618 -0.11257685475723736 -0.080155055956127486 0.034425709146190961 -0.089457585898602199 -0.11633685317663134 0.01871576877594255 0.20435056020832412 0.22106014419093323 -0.0013967047890470826 -0.041602372504151615 -0.098714819343741975 0.00031945602396439072 -0.03361259921145851 0.37001044894183999 0.022934831354700792 0.0027604434701773333 -0.061305856958128672 0.12667385843796169 -0.028497602361213889
leaf_weight=2630.1919337556465 3.9609762821346504 880.2134471416939 1.1731064952909918 1.2591821551322935 2.4655427988618617 2.2524771210737526 2.3801992367953106 1.848061699420213 2.3587782196700564 3.5143393566831946 1.7252732045017181 4.5482591241598138 9.9660404268652183 3.3048398420214644 3.3181883879005891 2.7704389914870262 2.2587138488888741 2.1549825817346573 0.91903652437031258 3.5434718728065517 13.297965799458325 18.394729755818844 745.47311125462875 36.063752241898328 1.4381005465984324 18.322595434263349 101.4273883367423 3.7919179503805935 3.6663812561891973 208.2750749932602
leaf_count=28302 61 9877 19 20 48 32 24 23 22 36 24 47 144 32 34 27 23 18 23 36 227 255 10072 501 13 206 1250 42 38 2685
internal_value=-0.00011407 -0.00159272 -0.0214094 0.0382248 0.149067 -0.0446153 -0.03164 -0.0500617 -3.38342e-05 0.0718632 0.055789 -0.0242588 -0.000862441 -0.0516211 -0.0430897 -0.0129967 0.0240314 0.109352 0.0682181 -0.0604502 -0.0262709 -0.0829959 -0.000525411 0.0034736 -0.00391068 -0.0132703 0.00946364 0.0858864 0.031102 -0.0243388
internal_weight=4716.28 2086.09 74.1437 10.8572 4.64376 6.21345 63.2865 39.9826 23.3039 5.87312 3.57333 17.4308 2011.94 13.2709 15.0506 10.5023 7.73188 4.4137 3.38458 36.4093 14.4711 21.9382 1998.67 916.277 1082.39 336.921 110.324 8.8964 7.4583 226.598
internal_count=54161 25859 999 184 91 93 815 584 231 58 47 173 24860 176 149 102 75 41 71 537 246 291 24684 10378 14306 4234 1343 93 80 2891
is_linear=0
shrinkage=0.1


Tree=98
num_leaves=31
num_cat=0
split_feature=0 13 7 13 1 1 6 9 11 1 7 10 9 4 12 1 1 1 1 13 12 14 4 10 10 10 14 6 14 6
split_gain=0.825463 1.39171 2.93708 4.50357 2.42458 2.69894 2.11911 3.46448 3.4755 5.15582 2.09298 6.17024 4.31801 7.31395 3.65655 4.63079 4.59123 3.13371 4.84619 3.93165 3.01962 4.13517 2.63215 3.83885 3.76024 4.46196 2.96154 4.6685 3.008 2.7137
threshold=6.5000000000000009 9.5000000000000018 1.0000000180025095e-35 11.500000000000002 45.75714285714286 37.94444444444445 38.150000000000006 8.289869474904334 86.395000000000024 40.154761904761912 1.0000000180025095e-35 1.6971861428700896 5.9716407762046879 1.5000000000000002 94.115000000000023 38.94444444444445 38.585714285714296 39.585714285714296 40.154761904761912 1.5000000000000002 90.015000000000015 2.5000000000000004 1.0000000180025095e-35 3.0746242918406641 3.3327501573173106 3.0973184583636377 4.5000000000000009 51.250000000000007 2.5000000000000004 50.850000000000009
decision_type=2 2 2 2 2 2 2 2 2 2 2 2 2 2 2 2 2 2 2 2 2 2 2 2 2 2 2 2 2 2
left_child=1 6 3 -3 5 -4 7 -1 -9 -10 11 12 13 -8 15 16 22 -17 20 -20 21 -19 23 -12 25 29 28 -28 -25 -24
right_child=-2 2 4 -5 -6 -7 10 8 9 -11 14 -13 -14 -15 -16 17 -18 18 19 -21 -22 -23 24 26 -26 -27 27 -29 -30 -31
leaf_value=-0.084619363316932886 0.00012088108647904934 0.20773909161594709 0.070453506688938225 -0.036340270784168946 0.10360305437038014 -0.061731952436127717 0.31098761710779566 -0.068862116865730086 -0.039476333026465207 0.2261918603545465 -0.016063793907743002 -0.051378699804843109 -0.038548173536503909 0.027484726208061108 -0.10538623654120666 -0.10548325841331921 0.15586171215489508 0.047263337409333986 0.039617595013884233 -0.023370944342469342 -0.024415461557029783 0.31174295918321326 0.11821900819833119 0.14648702321798135 -0.10636721478636049 0.25009423659911845 0.34827402811036329 0.060417151934014417 -0.02613507023435396 -0.10516635697688077
leaf_weight=9.0446918985107896 4569.527087200433 1.8531920323148345 2.1011359787080437 1.2767727579921482 1.7407747919205574 5.8319132528267801 1.353490666020664 2.5648976368829599 1.4915601380635055 1.4316562255844472 4.3111593245994353 24.909694557543844 2.9166554168332368 2.7771511701866984 3.0627916159573934 3.0948083957191548 3.286886148620396 1.2132860303390769 12.763016224838792 44.322487860452384 1.0997779211029408 1.1529130956623701 0.87471023108810175 1.9092268059030173 2.9702039258554578 0.82610485679469992 1.0802524560131135 1.1775829491671173 2.1419476862065494 1.4375633776653556
leaf_count=276 50557 31 34 26 40 126 26 72 37 20 93 729 81 38 85 78 41 26 293 1152 19 17 18 31 72 15 19 25 41 43
internal_value=-0.00011563 -0.00751705 0.0239733 0.108174 -0.00327 -0.0267215 -0.0105437 -0.0465865 0.0160936 0.0906357 -0.0061302 -0.0280067 0.0546048 0.12038 0.00193104 0.00585983 0.0478131 -0.00733372 -0.00231726 -0.00928814 0.112495 0.176129 0.0265835 0.056667 -0.0257186 0.0506083 0.106366 0.198141 0.0552178 -0.0206619
internal_weight=4715.55 146.018 12.8038 3.12996 9.67382 7.93305 133.215 14.5328 5.48811 2.92322 118.682 31.957 7.0473 4.13064 86.7247 83.6619 20.0156 63.6463 60.5515 57.0855 3.46598 2.3662 16.7288 10.6202 6.10858 3.13838 6.30901 2.25784 4.05117 2.31227
internal_count=54161 3604 257 57 200 160 3347 405 129 57 2942 874 145 64 2068 1983 398 1585 1507 1445 62 43 357 209 148 76 116 44 72 61
is_linear=0
shrinkage=0.1


Tree=99
num_leaves=31
num_cat=0
split_feature=1 11 1 13 3 9 12 10 12 12 12 10 6 1 12 14 9 3 10 3 9 1 6 9 12 6 14 13 11 14
split_gain=0.791941 1.99302 2.20258 1.85251 1.06474 0.989962 0.750346 3.34464 3.07687 2.1143 4.41265 5.20845 6.27534 4.4505 3.92263 4.72715 3.79871 6.58924 3.59919 3.31428 4.60743 7.13755 8.26652 5.77851 5.21642 4.60764 3.81596 4.435 9.04412 2.881
threshold=49.464285714285722 71.865000000000023 51.183333333333344 6.5000000000000009 0.80824829046386315 6.1845336747856345 63.905000000000008 7.7492334478000986 63.185000000000009 65.015000000000015 64.865000000000023 3.3109151580171869 51.250000000000007 47.154761904761912 64.245000000000019 2.5000000000000004 10.662733075304805 0.48065123467383369 2.2353281272875347 0.78188130791298682 8.3986255375568728 46.154761904761912 53.100000000000009 12.361064585459202 64.475000000000009 57.150000000000013 5.5000000000000009 8.5000000000000018 76.835000000000022 1.5000000000000002
decision_type=2 2 2 2 2 2 2 2 2 2 2 2 2 2 2 2 2 2 2 2 2 2 2 2 2 2 2 2 2 2
left_child=6 2 4 -3 -2 -6 8 9 -1 10 13 18 -13 19 -15 -16 17 -14 -12 26 21 22 24 29 -21 -24 -8 28 -28 -22
right_child=1 3 -4 -5 5 -7 7 -9 -10 -11 11 12 16 14 15 -17 -18 -19 -20 20 23 -23 25 -25 -26 -27 27 -29 -30 -31
leaf_value=-0.0021443103259245993 -0.079983982654494287 -0.10827392677687338 0.09462258539876893 0.023475146262086324 -0.046271295316456053 0.067740571989541531 -0.058382941059744765 -0.10420779710125015 -0.041778875749050627 0.00010123732909272504 0.086322907265841825 -0.04768125376431448 0.069839524861164723 0.20315492057836956 -0.038555859470233267 0.14237176455161779 0.052736057920114689 0.32773389743833331 -0.059846954735720187 -0.073396993190817966 -0.11006140980140862 -0.11091164910159546 0.33583853446892664 0.18389673021727448 0.11907345405110155 0.10910945605552275 -0.048333403284263873 -0.067730955164143625 0.29401529040221364 -0.0090151856316536081
leaf_weight=339.47997552878223 2.1596202247310412 3.8430720007745549 2.1210212116129696 1.4775877974461762 1.4952523633837702 1.5521512557752428 16.731933882692832 3.059108634479343 20.78597704845015 4264.7188116069883 2.9639005404897016 1.6803939435631035 1.6516099423170088 1.8389785452745844 3.5005653474945575 2.4581118829082698 1.8701352477073667 2.4758874792605639 3.9027438824996352 2.6748397650662827 3.5684595946222606 1.870365757960825 1.7862868923693898 1.3618199434131373 2.9734993251040578 1.7990482021123169 1.6027766186743968 2.2639448344707489 1.4881375804543493 13.482698530424384
leaf_count=5358 35 105 24 27 22 21 242 88 415 47006 36 33 20 21 43 27 32 29 53 40 50 26 24 24 37 22 23 47 24 207
internal_value=-0.000112891 -0.0251014 0.00872236 -0.0716862 -0.0262681 0.011799 -4.56705e-05 0.00031822 -0.00443107 0.000391919 0.0171565 0.0665237 0.123115 0.00506876 0.0754837 0.0360816 0.170968 0.224538 0.00324542 -0.00557137 0.0163508 0.067227 0.103311 -0.0143304 0.0279267 0.22207 -0.0348684 0.0386058 0.116492 -0.0301621
internal_weight=4714.64 12.6487 7.32805 5.32066 5.20702 3.0474 4701.99 4341.72 360.266 4338.66 73.9461 14.5447 7.67803 59.4015 7.79766 5.95868 5.99763 4.1275 6.86664 51.6038 29.517 11.104 9.23367 18.413 5.64834 3.58534 22.0868 5.35486 3.09091 17.0512
internal_count=54161 234 102 132 78 43 53927 48154 5773 48066 1060 203 114 857 91 70 81 49 89 766 430 149 123 281 77 46 336 94 47 257
is_linear=0
shrinkage=0.1


end of trees

feature_importances:
avg_age=468
score_std=450
age_std=416
score_min=348
score_max=334
straight_length=236
escape_max=214
sprint_max=179
line_size_std=99
num_racers=95
num_solo=46
num_lines=33
has_cross_area_line=31
max_line_size=31
venue_length=20

parameters:
[boosting: gbdt]
[objective: binary]
[metric: binary_logloss]
[tree_learner: serial]
[device_type: cpu]
[data_sample_strategy: bagging]
[data: ]
[valid: ]
[num_iterations: 100]
[learning_rate: 0.1]
[num_leaves: 31]
[num_threads: 0]
[seed: 42]
[deterministic: 0]
[force_col_wise: 0]
[force_row_wise: 0]
[histogram_pool_size: -1]
[max_depth: -1]
[min_data_in_leaf: 20]
[min_sum_hessian_in_leaf: 0.001]
[bagging_fraction: 1]
[pos_bagging_fraction: 1]
[neg_bagging_fraction: 1]
[bagging_freq: 0]
[bagging_seed: 400]
[bagging_by_query: 0]
[feature_fraction: 1]
[feature_fraction_bynode: 1]
[feature_fraction_seed: 30056]
[extra_trees: 0]
[extra_seed: 12879]
[early_stopping_round: 0]
[early_stopping_min_delta: 0]
[first_metric_only: 0]
[max_delta_step: 0]
[lambda_l1: 0]
[lambda_l2: 0]
[linear_lambda: 0]
[min_gain_to_split: 0]
[drop_rate: 0.1]
[max_drop: 50]
[skip_drop: 0.5]
[xgboost_dart_mode: 0]
[uniform_drop: 0]
[drop_seed: 17869]
[top_rate: 0.2]
[other_rate: 0.1]
[min_data_per_group: 100]
[max_cat_threshold: 32]
[cat_l2: 10]
[cat_smooth: 10]
[max_cat_to_onehot: 4]
[top_k: 20]
[monotone_constraints: ]
[monotone_constraints_method: basic]
[monotone_penalty: 0]
[feature_contri: ]
[forcedsplits_filename: ]
[refit_decay_rate: 0.9]
[cegb_tradeoff: 1]
[cegb_penalty_split: 0]
[cegb_penalty_feature_lazy: ]
[cegb_penalty_feature_coupled: ]
[path_smooth: 0]
[interaction_constraints: ]
[verbosity: -1]
[saved_feature_importance_type: 0]
[use_quantized_grad: 0]
[num_grad_quant_bins: 4]
[quant_train_renew_leaf: 0]
[stochastic_rounding: 1]
[linear_tree: 0]
[max_bin: 255]
[max_bin_by_feature: ]
[min_data_in_bin: 3]
[bin_construct_sample_cnt: 200000]
[data_random_seed: 175]
[is_enable_sparse: 1]
[enable_bundle: 1]
[use_missing: 1]
[zero_as_missing: 0]
[feature_pre_filter: 1]
[pre_partition: 0]
[two_round: 0]
[header: 0]
[label_column: ]
[weight_column: ]
[group_column: ]
[ignore_column: ]
[categorical_feature: ]
[forcedbins_filename: ]
[precise_float_parser: 0]
[parser_config_file: ]
[objective_seed: 16083]
[num_class: 1]
[is_unbalance: 0]
[scale_pos_weight: 1]
[sigmoid: 1]
[boost_from_average: 1]
[reg_sqrt: 0]
[alpha: 0.9]
[fair_c: 1]
[poisson_max_delta_step: 0.7]
[tweedie_variance_power: 1.5]
[lambdarank_truncation_level: 30]
[lambdarank_norm: 1]
[label_gain: ]
[lambdarank_position_bias_regularization: 0]
[eval_at: ]
[multi_error_top_k: 1]
[auc_mu_weights: ]
[num_machines: 1]
[local_listen_port: 12400]
[time_out: 120]
[machine_list_filename: ]
[machines: ]
[gpu_platform_id: -1]
[gpu_device_id: -1]
[gpu_use_dp: 0]
[num_gpu: 1]

end of parameters

pandas_categorical:[]
