date,venue_name,venue_id
20111001,岐阜,43
20111002,玉野,61
20111002,岐阜,43
20111003,玉野,61
20111003,岐阜,43
20111004,玉野,61
20111004,武雄,84
20111005,函館,11
20111005,武雄,84
20111006,函館,11
20111006,武雄,84
20111007,松阪,47
20111007,函館,11
20111008,松阪,47
20111009,松阪,47
20111010,松阪,47
20111011,広島,62
20111011,別府,86
20111011,玉野,61
20111012,別府,86
20111012,広島,62
20111012,玉野,61
20111013,武雄,84
20111013,別府,86
20111013,広島,62
20111013,玉野,61
20111014,武雄,84
20111015,武雄,84
20111015,防府,63
20111016,防府,63
20111016,函館,11
20111017,函館,11
20111017,防府,63
20111017,久留米,83
20111018,久留米,83
20111018,函館,11
20111019,久留米,83
20111019,広島,62
20111019,岐阜,43
20111019,福井,51
20111020,広島,62
20111020,岐阜,43
20111020,福井,51
20111020,別府,86
20111021,広島,62
20111021,福井,51
20111021,岐阜,43
20111021,観音寺,
20111021,別府,86
20111022,観音寺,
20111022,別府,86
20111023,函館,11
20111023,観音寺,
20111024,函館,11
20111025,函館,11
20111026,大垣,44
20111026,久留米,83
20111026,防府,63
20111026,別府,86
20111027,久留米,83
20111027,防府,63
20111027,別府,86
20111027,大垣,44
20111028,大垣,44
20111028,久留米,83
20111028,防府,63
20111028,別府,86
20111029,観音寺,
20111030,観音寺,
20111031,観音寺,
20111101,観音寺,
20111102,広島,62
20111102,福井,51
20111103,福井,51
20111103,大垣,44
20111103,広島,62
20111104,福井,51
20111104,広島,62
20111104,大垣,44
20111105,玉野,61
20111105,大垣,44
20111106,玉野,61
20111106,大垣,44
20111106,久留米,83
20111107,松阪,47
20111107,玉野,61
20111107,久留米,83
20111108,小松島,73
20111108,久留米,83
20111108,松阪,47
20111109,小松島,73
20111109,松阪,47
20111109,武雄,84
20111110,武雄,84
20111110,小松島,73
20111111,武雄,84
20111111,観音寺,
20111112,観音寺,
20111113,観音寺,
20111114,玉野,61
20111114,別府,86
20111115,玉野,61
20111115,別府,86
20111116,別府,86
20111116,玉野,61
20111117,防府,63
20111118,久留米,83
20111118,防府,63
20111119,久留米,83
20111119,防府,63
20111119,岐阜,43
20111120,久留米,83
20111120,岐阜,43
20111120,防府,63
20111121,玉野,61
20111121,岐阜,43
20111121,松山,75
20111122,玉野,61
20111122,松山,75
20111122,広島,62
20111122,別府,86
20111123,玉野,61
20111123,広島,62
20111123,松阪,47
20111123,別府,86
20111123,松山,75
20111124,広島,62
20111124,久留米,83
20111124,別府,86
20111124,松阪,47
20111125,久留米,83
20111125,松阪,47
20111126,久留米,83
20111127,防府,63
20111128,防府,63
20111129,防府,63
20111129,小松島,73
20111130,松山,75
20111130,小松島,73
20111201,小松島,73
20111201,小倉,81
20111201,松山,75
20111202,小倉,81
20111202,広島,62
20111202,松山,75
20111203,広島,62
20111203,小倉,81
20111204,小倉,81
20111204,広島,62
20111205,松阪,47
20111205,武雄,84
20111205,大垣,44
20111206,大垣,44
20111206,武雄,84
20111206,松阪,47
20111207,松山,75
20111207,松阪,47
20111207,防府,63
20111207,大垣,44
20111207,武雄,84
20111208,松山,75
20111208,岐阜,43
20111208,防府,63
20111209,松山,75
20111209,岐阜,43
20111209,防府,63
20111210,岐阜,43
20111210,松山,75
20111210,久留米,83
20111210,伊東,37
20111211,久留米,83
20111211,伊東,37
20111212,久留米,83
20111212,伊東,37
20111212,松阪,47
20111213,伊東,37
20111213,松阪,47
20111214,松阪,47
20111215,広島,62
20111216,広島,62
20111217,広島,62
20111218,広島,62
20111219,別府,86
20111219,玉野,61
20111220,別府,86
20111220,玉野,61
20111221,別府,86
20111221,観音寺,
20111221,玉野,61
20111222,佐世保,85
20111222,大垣,44
20111222,観音寺,
20111223,大垣,44
20111223,観音寺,
20111223,佐世保,85
20111224,大垣,44
20111224,佐世保,85
20111225,佐世保,85
20111226,小松島,73
20111226,防府,63
20111226,久留米,83
20111227,防府,63
20111227,小松島,73
20111227,久留米,83
20111228,小松島,73
20111228,久留米,83
20111228,防府,63
20111228,平塚,35
20111229,平塚,35
20111230,平塚,35
20111231,広島,62
20120101,武雄,84
20120101,小松島,73
20120101,広島,62
20120101,大垣,44
20120102,大垣,44
20120102,小松島,73
20120102,広島,62
20120102,武雄,84
20120102,いわき平,13
20120103,武雄,84
20120103,小松島,73
20120103,大垣,44
20120103,いわき平,13
20120104,いわき平,13
20120108,武雄,84
20120108,和歌山,55
20120108,観音寺,
20120109,武雄,84
20120109,和歌山,55
20120109,観音寺,
20120110,武雄,84
20120110,和歌山,55
20120110,観音寺,
20120111,和歌山,55
20120111,松阪,47
20120112,岐阜,43
20120112,松阪,47
20120113,岐阜,43
20120113,松阪,47
20120114,岐阜,43
20120115,松山,75
20120116,松山,75
20120117,松山,75
20120118,別府,86
20120118,久留米,83
20120118,防府,63
20120118,玉野,61
20120119,玉野,61
20120119,久留米,83
20120119,防府,63
20120119,別府,86
20120119,松阪,47
20120120,久留米,83
20120120,小松島,73
20120120,別府,86
20120120,防府,63
20120120,松阪,47
20120120,玉野,61
20120121,松阪,47
20120121,小松島,73
20120121,いわき平,13
20120122,小松島,73
20120122,松山,75
20120122,いわき平,13
20120123,いわき平,13
20120123,松山,75
20120124,いわき平,13
20120124,松山,75
20120127,玉野,61
20120127,小倉,81
20120128,玉野,61
20120128,岐阜,43
20120128,小倉,81
20120129,玉野,61
20120129,久留米,83
20120129,岐阜,43
20120130,別府,86
20120130,岐阜,43
20120130,久留米,83
20120130,防府,63
20120131,松阪,47
20120131,防府,63
20120131,別府,86
20120131,久留米,83
20120201,防府,63
20120201,別府,86
20120201,松阪,47
20120201,松山,75
20120202,松阪,47
20120202,前橋,22
20120202,松山,75
20120203,高知,74
20120203,松山,75
20120203,前橋,22
20120204,高知,74
20120205,高知,74
20120206,武雄,84
20120206,大垣,44
20120207,武雄,84
20120207,大垣,44
20120207,小松島,73
20120208,小松島,73
20120208,大垣,44
20120208,松山,75
20120208,松阪,47
20120208,武雄,84
20120209,松山,75
20120209,松阪,47
20120209,岐阜,43
20120209,小松島,73
20120210,松山,75
20120210,岐阜,43
20120210,松阪,47
20120210,小倉,81
20120211,高松,71
20120211,久留米,83
20120211,小倉,81
20120211,岐阜,43
20120212,久留米,83
20120212,高松,71
20120213,高松,71
20120213,久留米,83
20120214,高松,71
20120215,広島,62
20120215,いわき平,13
20120215,高知,74
20120215,岐阜,43
20120216,いわき平,13
20120216,広島,62
20120216,岐阜,43
20120216,前橋,22
20120216,高知,74
20120217,高知,74
20120217,いわき平,13
20120217,玉野,61
20120217,前橋,22
20120217,広島,62
20120217,岐阜,43
20120218,久留米,83
20120218,玉野,61
20120218,大垣,44
20120219,久留米,83
20120219,玉野,61
20120219,大垣,44
20120219,松山,75
20120220,松山,75
20120220,久留米,83
20120220,大垣,44
20120221,久留米,83
20120221,松山,75
20120222,別府,86
20120222,高知,74
20120223,別府,86
20120223,いわき平,13
20120223,高知,74
20120224,別府,86
20120224,高知,74
20120224,小倉,81
20120224,いわき平,13
20120225,玉野,61
20120225,いわき平,13
20120225,小倉,81
20120226,玉野,61
20120227,玉野,61
20120228,熊本,87
20120229,熊本,87
20120301,熊本,87
20120301,前橋,22
20120302,熊本,87
20120302,広島,62
20120302,前橋,22
20120303,熊本,87
20120303,広島,62
20120304,広島,62
20120304,熊本,87
20120305,観音寺,
20120305,大垣,44
20120306,観音寺,
20120306,大垣,44
20120307,観音寺,
20120307,高知,74
20120307,大垣,44
20120307,武雄,84
20120308,松阪,47
20120308,高知,74
20120308,岐阜,43
20120308,武雄,84
20120309,武雄,84
20120309,高知,74
20120309,岐阜,43
20120309,松阪,47
20120310,松阪,47
20120310,岐阜,43
20120310,いわき平,13
20120310,松山,75
20120311,いわき平,13
20120311,松山,75
20120312,いわき平,13
20120312,松山,75
20120313,松山,75
20120314,防府,63
20120314,小松島,73
20120314,川崎,34
20120314,松阪,47
20120315,防府,63
20120315,前橋,22
20120315,小松島,73
20120315,松阪,47
20120315,武雄,84
20120315,川崎,34
20120316,川崎,34
20120316,小松島,73
20120316,防府,63
20120316,前橋,22
20120316,武雄,84
20120316,松阪,47
20120317,玉野,61
20120317,武雄,84
20120317,大垣,44
20120318,大垣,44
20120318,玉野,61
20120319,玉野,61
20120319,大垣,44
20120320,玉野,61
20120321,広島,62
20120321,小松島,73
20120321,熊本,87
20120321,岐阜,43
20120321,いわき平,13
20120322,小松島,73
20120322,松山,75
20120322,広島,62
20120322,別府,86
20120322,岐阜,43
20120322,いわき平,13
20120322,熊本,87
20120323,熊本,87
20120323,小松島,73
20120323,いわき平,13
20120323,松山,75
20120323,別府,86
20120323,岐阜,43
20120323,広島,62
20120324,別府,86
20120324,名古屋,42
20120324,松山,75
20120325,名古屋,42
20120326,名古屋,42
20120327,名古屋,42
20120328,伊東,37
20120328,防府,63
20120328,川崎,34
20120328,高知,74
20120328,久留米,83
20120328,岐阜,43
20120329,別府,86
20120329,伊東,37
20120329,久留米,83
20120329,高知,74
20120329,川崎,34
20120329,防府,63
20120329,岐阜,43
20120329,福井,51
20120330,久留米,83
20120330,川崎,34
20120330,伊東,37
20120330,岐阜,43
20120330,別府,86
20120330,福井,51
20120330,防府,63
20120330,高知,74
20120331,福井,51
20120331,別府,86
20120403,防府,63
20120403,四日市,48
20120403,福井,51
20120403,奈良,53
20120403,武雄,84
20120403,大垣,44
20120404,福井,51
20120404,武雄,84
20120404,大垣,44
20120404,防府,63
20120404,奈良,53
20120404,四日市,48
20120405,大垣,44
20120405,四日市,48
20120405,前橋,22
20120405,武雄,84
20120405,川崎,34
20120405,福井,51
20120405,奈良,53
20120405,防府,63
20120406,川崎,34
20120406,前橋,22
20120406,四日市,48
20120407,川崎,34
20120407,小倉,81
20120407,前橋,22
20120408,広島,62
20120408,川崎,34
20120408,松阪,47
20120408,小倉,81
20120409,松阪,47
20120409,玉野,61
20120409,小倉,81
20120409,平塚,35
20120409,岸和田,56
20120409,広島,62
20120409,熊本,87
20120410,玉野,61
20120410,松阪,47
20120410,岸和田,56
20120410,広島,62
20120410,熊本,87
20120410,平塚,35
20120410,一宮,
20120411,熊本,87
20120411,玉野,61
20120411,岸和田,56
20120411,平塚,35
20120411,一宮,
20120412,いわき平,13
20120412,高知,74
20120412,一宮,
20120413,静岡,38
20120413,高知,74
20120413,いわき平,13
20120413,小倉,81
20120414,小倉,81
20120414,いわき平,13
20120414,高知,74
20120414,静岡,38
20120415,静岡,38
20120415,高知,74
20120415,岸和田,56
20120416,松山,75
20120416,岸和田,56
20120416,松阪,47
20120416,久留米,83
20120416,防府,63
20120416,一宮,
20120417,松阪,47
20120417,久留米,83
20120417,岸和田,56
20120417,松山,75
20120417,防府,63
20120417,一宮,
20120418,防府,63
20120418,松山,75
20120418,久留米,83
20120418,一宮,
20120418,松阪,47
20120419,平塚,35
20120419,武雄,84
20120419,前橋,22
20120420,平塚,35
20120420,武雄,84
20120420,前橋,22
20120420,函館,11
20120421,武雄,84
20120421,平塚,35
20120421,函館,11
20120422,武雄,84
20120422,函館,11
20120423,岐阜,43
20120423,久留米,83
20120423,松山,75
20120424,広島,62
20120424,松山,75
20120424,別府,86
20120424,和歌山,55
20120424,高知,74
20120424,岐阜,43
20120424,四日市,48
20120424,久留米,83
20120425,久留米,83
20120425,別府,86
20120425,広島,62
20120425,四日市,48
20120425,松山,75
20120425,和歌山,55
20120425,岐阜,43
20120425,高知,74
20120426,広島,62
20120426,和歌山,55
20120426,別府,86
20120426,四日市,48
20120426,高知,74
20120427,名古屋,42
20120427,函館,11
20120428,函館,11
20120428,名古屋,42
20120429,函館,11
20120429,名古屋,42
20120430,名古屋,42
20120501,岐阜,43
20120501,熊本,87
20120501,広島,62
20120501,玉野,61
20120501,福井,51
20120501,静岡,38
20120501,松阪,47
20120502,岐阜,43
20120502,静岡,38
20120502,玉野,61
20120502,熊本,87
20120502,武雄,84
20120502,松阪,47
20120502,広島,62
20120502,福井,51
20120503,静岡,38
20120503,福井,51
20120503,高知,74
20120503,玉野,61
20120503,松阪,47
20120503,熊本,87
20120503,武雄,84
20120503,広島,62
20120503,岐阜,43
20120504,武雄,84
20120504,函館,11
20120504,平塚,35
20120504,岸和田,56
20120504,高知,74
20120505,高知,74
20120505,平塚,35
20120505,函館,11
20120505,岸和田,56
20120506,岸和田,56
20120506,平塚,35
20120506,名古屋,42
20120506,函館,11
20120507,平塚,35
20120507,名古屋,42
20120508,名古屋,42
20120508,福井,51
20120508,小倉,81
20120509,福井,51
20120509,大垣,44
20120509,防府,63
20120509,小倉,81
20120509,熊本,87
20120510,大垣,44
20120510,福井,51
20120510,熊本,87
20120510,小倉,81
20120510,防府,63
20120511,川崎,34
20120511,熊本,87
20120511,防府,63
20120511,大垣,44
20120512,川崎,34
20120512,前橋,22
20120513,前橋,22
20120513,川崎,34
20120514,岸和田,56
20120514,玉野,61
20120514,武雄,84
20120514,福井,51
20120514,一宮,
20120515,小倉,81
20120515,奈良,53
20120515,福井,51
20120515,武雄,84
20120515,玉野,61
20120515,岸和田,56
20120515,一宮,
20120516,函館,11
20120516,岸和田,56
20120516,玉野,61
20120516,武雄,84
20120516,一宮,
20120516,奈良,53
20120516,福井,51
20120516,小倉,81
20120517,小倉,81
20120517,奈良,53
20120517,前橋,22
20120517,函館,11
20120517,名古屋,42
20120518,松山,75
20120518,前橋,22
20120518,函館,11
20120518,いわき平,13
20120518,別府,86
20120518,名古屋,42
20120519,名古屋,42
20120519,いわき平,13
20120519,松山,75
20120519,川崎,34
20120519,別府,86
20120520,いわき平,13
20120520,松山,75
20120520,川崎,34
20120520,別府,86
20120520,静岡,38
20120521,川崎,34
20120521,別府,86
20120521,静岡,38
20120522,前橋,22
20120522,静岡,38
20120523,岐阜,43
20120523,福井,51
20120523,高知,74
20120523,前橋,22
20120524,福井,51
20120524,久留米,83
20120524,岐阜,43
20120524,前橋,22
20120524,四日市,48
20120524,高知,74
20120525,岐阜,43
20120525,前橋,22
20120525,小倉,81
20120525,高知,74
20120525,四日市,48
20120525,福井,51
20120525,久留米,83
20120526,小倉,81
20120526,久留米,83
20120526,防府,63
20120526,宇都宮,24
20120526,四日市,48
20120527,宇都宮,24
20120527,防府,63
20120527,函館,11
20120528,函館,11
20120528,宇都宮,24
20120528,防府,63
20120529,宇都宮,24
20120529,函館,11
20120530,広島,62
20120531,広島,62
20120531,福井,51
20120531,前橋,22
20120531,熊本,87
20120601,岐阜,43
20120601,前橋,22
20120601,広島,62
20120601,福井,51
20120601,熊本,87
20120602,四日市,48
20120602,岐阜,43
20120602,いわき平,13
20120602,静岡,38
20120602,熊本,87
20120602,福井,51
20120603,四日市,48
20120603,いわき平,13
20120603,岐阜,43
20120603,静岡,38
20120604,いわき平,13
20120604,大垣,44
20120604,静岡,38
20120604,四日市,48
20120605,小倉,81
20120605,大垣,44
20120605,岸和田,56
20120606,大垣,44
20120606,岸和田,56
20120606,小倉,81
20120607,川崎,34
20120607,岸和田,56
20120607,小倉,81
20120607,防府,63
20120608,川崎,34
20120608,いわき平,13
20120608,防府,63
20120609,いわき平,13
20120609,川崎,34
20120609,防府,63
20120610,いわき平,13
20120610,和歌山,55
20120610,前橋,22
20120610,川崎,34
20120611,前橋,22
20120611,宇都宮,24
20120611,熊本,87
20120611,大垣,44
20120611,武雄,84
20120611,和歌山,55
20120611,小松島,73
20120611,福井,51
20120611,玉野,61
20120612,和歌山,55
20120612,大垣,44
20120612,玉野,61
20120612,小松島,73
20120612,武雄,84
20120612,福井,51
20120612,前橋,22
20120612,熊本,87
20120612,宇都宮,24
20120613,福井,51
20120613,武雄,84
20120613,宇都宮,24
20120613,熊本,87
20120613,小松島,73
20120613,大垣,44
20120613,玉野,61
20120614,松山,75
20120614,函館,11
20120615,函館,11
20120615,松山,75
20120616,函館,11
20120616,松山,75
20120617,函館,11
20120618,福井,51
20120618,静岡,38
20120618,奈良,53
20120618,松阪,47
20120618,川崎,34
20120618,久留米,83
20120618,大垣,44
20120619,川崎,34
20120619,静岡,38
20120619,別府,86
20120619,久留米,83
20120619,大垣,44
20120619,松阪,47
20120619,福井,51
20120619,奈良,53
20120620,奈良,53
20120620,大垣,44
20120620,静岡,38
20120620,福井,51
20120620,松阪,47
20120620,川崎,34
20120620,久留米,83
20120620,別府,86
20120621,高知,74
20120621,平塚,35
20120621,奈良,53
20120621,別府,86
20120621,和歌山,55
20120622,小倉,81
20120622,平塚,35
20120622,豊橋,45
20120622,高知,74
20120622,和歌山,55
20120623,和歌山,55
20120623,小倉,81
20120623,平塚,35
20120623,豊橋,45
20120623,高知,74
20120624,豊橋,45
20120625,豊橋,45
20120626,名古屋,42
20120626,玉野,61
20120626,青森,12
20120626,高知,74
20120626,別府,86
20120626,宇都宮,24
20120626,松阪,47
20120627,松阪,47
20120627,名古屋,42
20120627,青森,12
20120627,別府,86
20120627,玉野,61
20120627,宇都宮,24
20120627,高知,74
20120628,別府,86
20120628,宇都宮,24
20120628,久留米,83
20120628,名古屋,42
20120628,高知,74
20120628,玉野,61
20120628,函館,11
20120628,青森,12
20120628,松阪,47
20120629,松山,75
20120629,函館,11
20120629,岐阜,43
20120629,久留米,83
20120630,久留米,83
20120630,函館,11
20120630,松山,75
20120630,岐阜,43
20120701,平塚,35
20120701,松山,75
20120701,静岡,38
20120701,岐阜,43
20120702,静岡,38
20120702,平塚,35
20120702,岐阜,43
20120702,広島,62
20120703,広島,62
20120703,静岡,38
20120703,名古屋,42
20120703,平塚,35
20120704,名古屋,42
20120704,広島,62
20120704,函館,11
20120705,小松島,73
20120705,函館,11
20120705,名古屋,42
20120706,小松島,73
20120706,函館,11
20120707,小松島,73
20120707,奈良,53
20120708,奈良,53
20120708,小倉,81
20120708,青森,12
20120708,小松島,73
20120708,宇都宮,24
20120709,豊橋,45
20120709,玉野,61
20120709,岸和田,56
20120709,奈良,53
20120709,防府,63
20120709,宇都宮,24
20120709,小倉,81
20120709,松山,75
20120709,熊本,87
20120709,青森,12
20120710,宇都宮,24
20120710,一宮,
20120710,玉野,61
20120710,小倉,81
20120710,防府,63
20120710,岸和田,56
20120710,青森,12
20120710,川崎,34
20120710,熊本,87
20120710,豊橋,45
20120710,松山,75
20120711,岸和田,56
20120711,玉野,61
20120711,豊橋,45
20120711,熊本,87
20120711,松山,75
20120711,一宮,
20120711,防府,63
20120711,川崎,34
20120712,一宮,
20120712,川崎,34
20120713,いわき平,13
20120713,松戸,31
20120713,弥彦,21
20120714,松戸,31
20120714,いわき平,13
20120714,弥彦,21
20120715,松戸,31
20120715,弥彦,21
20120715,いわき平,13
20120716,弥彦,21
20120716,函館,11
20120717,函館,11
20120717,和歌山,55
20120717,松阪,47
20120717,前橋,22
20120717,岐阜,43
20120717,武雄,84
20120717,川崎,34
20120717,高知,74
20120718,高知,74
20120718,別府,86
20120718,和歌山,55
20120718,武雄,84
20120718,松阪,47
20120718,川崎,34
20120718,函館,11
20120718,岐阜,43
20120718,前橋,22
20120719,和歌山,55
20120719,川崎,34
20120719,武雄,84
20120719,奈良,53
20120719,高知,74
20120719,別府,86
20120719,松阪,47
20120719,前橋,22
20120719,岐阜,43
20120720,青森,12
20120720,大垣,44
20120720,平塚,35
20120720,奈良,53
20120720,別府,86
20120720,広島,62
20120721,広島,62
20120721,久留米,83
20120721,奈良,53
20120721,大垣,44
20120721,平塚,35
20120721,青森,12
20120722,青森,12
20120722,平塚,35
20120722,久留米,83
20120722,大垣,44
20120722,広島,62
20120723,久留米,83
20120724,松戸,31
20120724,久留米,83
20120725,松戸,31
20120725,小松島,73
20120725,前橋,22
20120725,青森,12
20120725,岸和田,56
20120725,奈良,53
20120725,豊橋,45
20120725,佐世保,85
20120725,一宮,
20120726,青森,12
20120726,小松島,73
20120726,前橋,22
20120726,佐世保,85
20120726,豊橋,45
20120726,松戸,31
20120726,四日市,48
20120726,一宮,
20120726,奈良,53
20120726,岸和田,56
20120727,小松島,73
20120727,別府,86
20120727,四日市,48
20120727,佐世保,85
20120727,前橋,22
20120727,奈良,53
20120727,豊橋,45
20120727,一宮,
20120727,青森,12
20120727,玉野,61
20120727,岸和田,56
20120728,別府,86
20120728,玉野,61
20120728,福井,51
20120728,四日市,48
20120729,函館,11
20120729,別府,86
20120729,一宮,
20120729,玉野,61
20120729,福井,51
20120730,小倉,81
20120730,函館,11
20120730,一宮,
20120730,福井,51
20120731,福井,51
20120731,一宮,
20120731,小倉,81
20120731,函館,11
20120801,宇都宮,24
20120801,和歌山,55
20120801,小倉,81
20120801,名古屋,42
20120801,佐世保,85
20120801,防府,63
20120802,宇都宮,24
20120802,四日市,48
20120802,熊本,87
20120802,名古屋,42
20120802,防府,63
20120802,和歌山,55
20120802,佐世保,85
20120803,和歌山,55
20120803,名古屋,42
20120803,宇都宮,24
20120803,青森,12
20120803,奈良,53
20120803,佐世保,85
20120803,四日市,48
20120803,防府,63
20120803,熊本,87
20120804,小松島,73
20120804,小田原,36
20120804,熊本,87
20120804,四日市,48
20120804,青森,12
20120804,奈良,53
20120805,小松島,73
20120805,小田原,36
20120805,奈良,53
20120805,青森,12
20120806,小倉,81
20120806,小田原,36
20120806,一宮,
20120806,小松島,73
20120807,函館,11
20120807,小倉,81
20120807,小田原,36
20120807,一宮,
20120808,一宮,
20120808,函館,11
20120808,小倉,81
20120809,函館,11
20120809,松戸,31
20120809,松山,75
20120810,松戸,31
20120810,いわき平,13
20120810,松山,75
20120810,名古屋,42
20120811,名古屋,42
20120811,松山,75
20120811,いわき平,13
20120811,松戸,31
20120812,松戸,31
20120812,武雄,84
20120812,いわき平,13
20120812,名古屋,42
20120813,小松島,73
20120813,岸和田,56
20120813,松阪,47
20120813,平塚,35
20120813,熊本,87
20120813,武雄,84
20120813,一宮,
20120814,武雄,84
20120814,小松島,73
20120814,青森,12
20120814,一宮,
20120814,岸和田,56
20120814,熊本,87
20120814,松阪,47
20120814,平塚,35
20120815,熊本,87
20120815,小松島,73
20120815,青森,12
20120815,一宮,
20120815,岸和田,56
20120815,松阪,47
20120815,平塚,35
20120816,青森,12
20120816,岐阜,43
20120817,広島,62
20120817,静岡,38
20120817,和歌山,55
20120817,前橋,22
20120817,岐阜,43
20120817,四日市,48
20120818,和歌山,55
20120818,前橋,22
20120818,岐阜,43
20120818,静岡,38
20120818,広島,62
20120818,四日市,48
20120819,和歌山,55
20120819,岐阜,43
20120819,前橋,22
20120819,久留米,83
20120819,静岡,38
20120819,広島,62
20120820,高知,74
20120820,岐阜,43
20120820,久留米,83
20120820,松阪,47
20120820,青森,12
20120821,久留米,83
20120821,高知,74
20120821,松阪,47
20120821,岐阜,43
20120821,青森,12
20120822,青森,12
20120822,和歌山,55
20120822,函館,11
20120822,高知,74
20120822,豊橋,45
20120822,武雄,84
20120822,松阪,47
20120823,別府,86
20120823,防府,63
20120823,武雄,84
20120823,函館,11
20120823,和歌山,55
20120823,福井,51
20120823,豊橋,45
20120824,豊橋,45
20120824,武雄,84
20120824,和歌山,55
20120824,防府,63
20120824,函館,11
20120824,静岡,38
20120824,福井,51
20120824,小倉,81
20120824,別府,86
20120825,別府,86
20120825,静岡,38
20120825,小倉,81
20120825,富山,46
20120825,川崎,34
20120825,福井,51
20120825,防府,63
20120826,川崎,34
20120826,富山,46
20120826,静岡,38
20120827,川崎,34
20120827,函館,11
20120827,富山,46
20120828,函館,11
20120828,富山,46
20120829,函館,11
20120829,別府,86
20120829,平塚,35
20120829,前橋,22
20120829,広島,62
20120829,大垣,44
20120830,別府,86
20120830,前橋,22
20120830,広島,62
20120830,平塚,35
20120830,大垣,44
20120830,四日市,48
20120830,福井,51
20120831,熊本,87
20120831,平塚,35
20120831,別府,86
20120831,大垣,44
20120831,四日市,48
20120831,福井,51
20120831,広島,62
20120831,前橋,22
20120901,青森,12
20120901,福井,51
20120901,四日市,48
20120901,熊本,87
20120902,熊本,87
20120902,青森,12
20120903,防府,63
20120903,和歌山,55
20120903,一宮,
20120903,青森,12
20120904,和歌山,55
20120904,青森,12
20120904,防府,63
20120904,小倉,81
20120904,一宮,
20120905,宇都宮,24
20120905,和歌山,55
20120905,一宮,
20120905,松戸,31
20120905,防府,63
20120905,佐世保,85
20120905,小倉,81
20120906,小倉,81
20120906,佐世保,85
20120906,松戸,31
20120906,大垣,44
20120906,宇都宮,24
20120907,宇都宮,24
20120907,松山,75
20120907,大垣,44
20120907,松戸,31
20120907,いわき平,13
20120907,佐世保,85
20120908,松山,75
20120908,平塚,35
20120908,大垣,44
20120908,いわき平,13
20120909,豊橋,45
20120909,平塚,35
20120909,いわき平,13
20120909,松山,75
20120910,福井,51
20120910,平塚,35
20120910,豊橋,45
20120910,奈良,53
20120910,武雄,84
20120910,函館,11
20120910,名古屋,42
20120910,小松島,73
20120910,熊本,87
20120911,福井,51
20120911,豊橋,45
20120911,奈良,53
20120911,小松島,73
20120911,熊本,87
20120911,武雄,84
20120911,函館,11
20120911,名古屋,42
20120912,福井,51
20120912,熊本,87
20120912,名古屋,42
20120912,武雄,84
20120912,小松島,73
20120912,奈良,53
20120912,函館,11
20120913,川崎,34
20120913,前橋,22
20120914,前橋,22
20120914,川崎,34
20120915,広島,62
20120915,前橋,22
20120915,川崎,34
20120915,四日市,48
20120916,四日市,48
20120916,前橋,22
20120916,広島,62
20120917,広島,62
20120917,四日市,48
20120917,函館,11
20120917,前橋,22
20120918,函館,11
20120918,奈良,53
20120918,松戸,31
20120918,玉野,61
20120918,松阪,47
20120919,別府,86
20120919,福井,51
20120919,函館,11
20120919,松戸,31
20120919,奈良,53
20120919,高知,74
20120919,松阪,47
20120919,岐阜,43
20120919,玉野,61
20120920,福井,51
20120920,高知,74
20120920,玉野,61
20120920,岐阜,43
20120920,久留米,83
20120920,松阪,47
20120920,別府,86
20120920,奈良,53
20120920,松戸,31
20120921,小倉,81
20120921,青森,12
20120921,高知,74
20120921,久留米,83
20120921,福井,51
20120921,別府,86
20120921,岐阜,43
20120921,宇都宮,24
20120921,平塚,35
20120922,防府,63
20120922,平塚,35
20120922,久留米,83
20120922,小倉,81
20120922,青森,12
20120922,宇都宮,24
20120923,平塚,35
20120923,岐阜,43
20120923,青森,12
20120923,宇都宮,24
20120923,防府,63
20120924,函館,11
20120924,岐阜,43
20120924,防府,63
20120924,岸和田,56
20120925,函館,11
20120925,岐阜,43
20120925,防府,63
20120925,岸和田,56
20120926,函館,11
20120926,高知,74
20120926,佐世保,85
20120926,岸和田,56
20120926,名古屋,42
20120927,松山,75
20120927,高知,74
20120927,名古屋,42
20120927,久留米,83
20120927,佐世保,85
20120928,佐世保,85
20120928,久留米,83
20120928,小倉,81
20120928,松山,75
20120928,高知,74
20120928,豊橋,45
20120928,名古屋,42
20120929,小倉,81
20120929,松山,75
20120929,豊橋,45
20120929,静岡,38
20120929,久留米,83
20120930,豊橋,45
20120930,静岡,38
20121001,静岡,38
20121001,松阪,47
20121001,函館,11
20121001,岸和田,56
20121002,奈良,53
20121002,函館,11
20121002,松阪,47
20121002,宇都宮,24
20121002,岸和田,56
20121003,松阪,47
20121003,名古屋,42
20121003,久留米,83
20121003,宇都宮,24
20121003,奈良,53
20121003,前橋,22
20121003,岸和田,56
20121003,函館,11
20121003,青森,12
20121004,久留米,83
20121004,奈良,53
20121004,宇都宮,24
20121004,名古屋,42
20121004,前橋,22
20121004,佐世保,85
20121004,広島,62
20121004,青森,12
20121005,佐世保,85
20121005,青森,12
20121005,広島,62
20121005,前橋,22
20121005,名古屋,42
20121005,小倉,81
20121005,久留米,83
20121006,小倉,81
20121006,平塚,35
20121006,広島,62
20121006,一宮,
20121006,岸和田,56
20121006,佐世保,85
20121007,岸和田,56
20121007,平塚,35
20121007,一宮,
20121008,静岡,38
20121008,平塚,35
20121008,岸和田,56
20121008,一宮,
20121009,岸和田,56
20121009,静岡,38
20121009,函館,11
20121010,玉野,61
20121010,佐世保,85
20121010,函館,11
20121010,岐阜,43
20121010,川崎,34
20121010,別府,86
20121010,福井,51
20121010,静岡,38
20121010,高知,74
20121011,高知,74
20121011,玉野,61
20121011,岐阜,43
20121011,福井,51
20121011,函館,11
20121011,川崎,34
20121011,別府,86
20121011,佐世保,85
20121012,高知,74
20121012,別府,86
20121012,佐世保,85
20121012,玉野,61
20121012,川崎,34
20121012,福井,51
20121012,岐阜,43
20121012,四日市,48
20121012,青森,12
20121013,熊本,87
20121013,四日市,48
20121013,松戸,31
20121013,青森,12
20121013,防府,63
20121014,四日市,48
20121014,防府,63
20121014,松戸,31
20121014,青森,12
20121014,熊本,87
20121015,松戸,31
20121015,静岡,38
20121015,熊本,87
20121015,防府,63
20121016,熊本,87
20121016,静岡,38
20121017,静岡,38
20121017,大垣,44
20121018,千葉,32
20121018,大垣,44
20121018,小倉,81
20121018,前橋,22
20121019,小倉,81
20121019,前橋,22
20121019,函館,11
20121019,大垣,44
20121019,千葉,32
20121020,前橋,22
20121020,千葉,32
20121020,小倉,81
20121020,函館,11
20121021,玉野,61
20121021,松阪,47
20121021,函館,11
20121021,千葉,32
20121022,福井,51
20121022,別府,86
20121022,川崎,34
20121022,松阪,47
20121022,玉野,61
20121022,広島,62
20121022,大垣,44
20121023,福井,51
20121023,広島,62
20121023,川崎,34
20121023,佐世保,85
20121023,玉野,61
20121023,松阪,47
20121023,別府,86
20121023,大垣,44
20121024,別府,86
20121024,福井,51
20121024,広島,62
20121024,佐世保,85
20121024,大垣,44
20121024,川崎,34
20121025,いわき平,13
20121025,小松島,73
20121025,佐世保,85
20121025,一宮,
20121025,青森,12
20121026,いわき平,13
20121026,一宮,
20121026,青森,12
20121026,小松島,73
20121027,一宮,
20121027,いわき平,13
20121027,小松島,73
20121028,一宮,
20121028,小倉,81
20121029,青森,12
20121029,四日市,48
20121029,岐阜,43
20121029,小倉,81
20121029,防府,63
20121029,熊本,87
20121029,松戸,31
20121029,西武園,26
20121030,防府,63
20121030,西武園,26
20121030,岐阜,43
20121030,熊本,87
20121030,青森,12
20121030,松戸,31
20121030,四日市,48
20121030,小倉,81
20121031,熊本,87
20121031,西武園,26
20121031,松戸,31
20121031,防府,63
20121031,岐阜,43
20121031,四日市,48
20121031,青森,12
20121101,大垣,44
20121101,高知,74
20121102,大垣,44
20121102,高知,74
20121102,小倉,81
20121103,大垣,44
20121103,高知,74
20121103,別府,86
20121103,いわき平,13
20121103,小倉,81
20121104,別府,86
20121104,和歌山,55
20121104,大垣,44
20121104,いわき平,13
20121105,防府,63
20121105,別府,86
20121105,名古屋,42
20121105,千葉,32
20121105,和歌山,55
20121105,前橋,22
20121105,いわき平,13
20121106,高松,71
20121106,久留米,83
20121106,和歌山,55
20121106,前橋,22
20121106,防府,63
20121106,千葉,32
20121106,名古屋,42
20121107,千葉,32
20121107,久留米,83
20121107,名古屋,42
20121107,高松,71
20121107,前橋,22
20121107,松阪,47
20121107,防府,63
20121108,松阪,47
20121108,高松,71
20121108,前橋,22
20121108,佐世保,85
20121108,久留米,83
20121109,いわき平,13
20121109,広島,62
20121109,大垣,44
20121109,佐世保,85
20121109,松阪,47
20121109,平塚,35
20121109,小倉,81
20121110,奈良,53
20121110,平塚,35
20121110,佐世保,85
20121110,川崎,34
20121110,大垣,44
20121110,いわき平,13
20121110,広島,62
20121110,小倉,81
20121111,いわき平,13
20121111,奈良,53
20121111,広島,62
20121111,大垣,44
20121111,平塚,35
20121111,川崎,34
20121112,川崎,34
20121112,奈良,53
20121113,別府,86
20121113,岐阜,43
20121113,防府,63
20121113,高知,74
20121113,四日市,48
20121114,高知,74
20121114,奈良,53
20121114,大宮,25
20121114,岐阜,43
20121114,四日市,48
20121114,小倉,81
20121114,防府,63
20121114,別府,86
20121115,和歌山,55
20121115,別府,86
20121115,熊本,87
20121115,小倉,81
20121115,防府,63
20121115,高知,74
20121115,奈良,53
20121115,大宮,25
20121115,四日市,48
20121115,岐阜,43
20121116,静岡,38
20121116,小倉,81
20121116,和歌山,55
20121116,奈良,53
20121116,玉野,61
20121116,熊本,87
20121116,大宮,25
20121117,松阪,47
20121117,熊本,87
20121117,静岡,38
20121117,和歌山,55
20121117,玉野,61
20121118,松阪,47
20121118,静岡,38
20121118,玉野,61
20121119,松阪,47
20121119,宇都宮,24
20121120,宇都宮,24
20121120,松戸,31
20121120,松阪,47
20121121,広島,62
20121121,宇都宮,24
20121121,玉野,61
20121121,熊本,87
20121121,松戸,31
20121121,一宮,
20121121,西武園,26
20121121,岸和田,56
20121122,一宮,
20121122,西武園,26
20121122,玉野,61
20121122,松戸,31
20121122,広島,62
20121122,岸和田,56
20121122,武雄,84
20121122,熊本,87
20121123,熊本,87
20121123,川崎,34
20121123,平塚,35
20121123,西武園,26
20121123,武雄,84
20121123,福井,51
20121123,一宮,
20121123,玉野,61
20121123,岸和田,56
20121123,広島,62
20121124,小松島,73
20121124,武雄,84
20121124,川崎,34
20121124,和歌山,55
20121124,平塚,35
20121124,福井,51
20121125,和歌山,55
20121125,川崎,34
20121125,平塚,35
20121125,福井,51
20121125,一宮,
20121125,小松島,73
20121126,豊橋,45
20121126,武雄,84
20121126,和歌山,55
20121126,大宮,25
20121126,小松島,73
20121126,宇都宮,24
20121126,一宮,
20121126,松山,75
20121126,千葉,32
20121127,松山,75
20121127,千葉,32
20121127,宇都宮,24
20121127,武雄,84
20121127,一宮,
20121127,大宮,25
20121127,豊橋,45
20121128,大宮,25
20121128,宇都宮,24
20121128,豊橋,45
20121128,松山,75
20121128,武雄,84
20121128,千葉,32
20121129,いわき平,13
20121129,豊橋,45
20121129,小倉,81
20121130,いわき平,13
20121130,小倉,81
20121201,いわき平,13
20121201,小倉,81
20121202,小倉,81
20121202,松山,75
20121203,豊橋,45
20121203,大垣,44
20121203,高松,71
20121203,防府,63
20121203,和歌山,55
20121203,松山,75
20121203,千葉,32
20121203,前橋,22
20121204,和歌山,55
20121204,千葉,32
20121204,松山,75
20121204,前橋,22
20121204,豊橋,45
20121204,防府,63
20121204,高松,71
20121204,大垣,44
20121204,大宮,25
20121205,高松,71
20121205,千葉,32
20121205,和歌山,55
20121205,大垣,44
20121205,福井,51
20121205,川崎,34
20121205,豊橋,45
20121205,防府,63
20121205,大宮,25
20121205,久留米,83
20121205,別府,86
20121205,前橋,22
20121206,福井,51
20121206,一宮,
20121206,小松島,73
20121206,大宮,25
20121206,久留米,83
20121206,別府,86
20121206,川崎,34
20121207,一宮,
20121207,小田原,36
20121207,川崎,34
20121207,福井,51
20121207,静岡,38
20121207,別府,86
20121207,小松島,73
20121207,宇都宮,24
20121207,久留米,83
20121208,小松島,73
20121208,小田原,36
20121208,いわき平,13
20121208,一宮,
20121208,宇都宮,24
20121208,静岡,38
20121208,佐世保,85
20121209,小田原,36
20121209,静岡,38
20121209,佐世保,85
20121209,いわき平,13
20121209,宇都宮,24
20121210,奈良,53
20121210,佐世保,85
20121210,いわき平,13
20121211,玉野,61
20121211,奈良,53
20121211,佐世保,85
20121211,四日市,48
20121211,西武園,26
20121212,四日市,48
20121212,玉野,61
20121212,武雄,84
20121212,奈良,53
20121212,西武園,26
20121213,玉野,61
20121213,岐阜,43
20121213,四日市,48
20121213,武雄,84
20121213,西武園,26
20121213,岸和田,56
20121213,小倉,81
20121214,岐阜,43
20121214,武雄,84
20121214,小倉,81
20121214,伊東,37
20121214,岸和田,56
20121215,岐阜,43
20121215,伊東,37
20121215,岸和田,56
20121215,小倉,81
20121216,伊東,37
20121216,松山,75
20121217,松山,75
20121217,伊東,37
20121218,松阪,47
20121218,松戸,31
20121218,高知,74
20121218,松山,75
20121218,一宮,
20121218,平塚,35
20121218,玉野,61
20121218,奈良,53
20121218,武雄,84
20121218,宇都宮,24
20121219,高知,74
20121219,一宮,
20121219,松戸,31
20121219,奈良,53
20121219,玉野,61
20121219,宇都宮,24
20121219,熊本,87
20121219,松阪,47
20121219,武雄,84
20121219,平塚,35
20121220,玉野,61
20121220,松阪,47
20121220,小倉,81
20121220,平塚,35
20121220,宇都宮,24
20121220,熊本,87
20121220,奈良,53
20121220,一宮,
20121220,立川,28
20121220,武雄,84
20121220,高知,74
20121220,前橋,22
20121220,松戸,31
20121221,前橋,22
20121221,熊本,87
20121221,広島,62
20121221,名古屋,42
20121221,立川,28
20121221,大宮,25
20121221,小倉,81
20121222,大宮,25
20121222,広島,62
20121222,小倉,81
20121222,静岡,38
20121222,いわき平,13
20121222,立川,28
20121222,名古屋,42
20121223,千葉,32
20121223,広島,62
20121223,いわき平,13
20121223,名古屋,42
20121223,大宮,25
20121223,静岡,38
20121224,千葉,32
20121224,いわき平,13
20121224,広島,62
20121224,静岡,38
20121225,熊本,87
20121225,前橋,22
20121225,西武園,26
20121225,高松,71
20121225,千葉,32
20121225,名古屋,42
20121225,和歌山,55
20121225,小田原,36
20121225,四日市,48
20121226,高松,71
20121226,四日市,48
20121226,熊本,87
20121226,名古屋,42
20121226,西武園,26
20121226,佐世保,85
20121226,小田原,36
20121226,前橋,22
20121226,和歌山,55
20121227,前橋,22
20121227,高松,71
20121227,名古屋,42
20121227,熊本,87
20121227,四日市,48
20121227,小田原,36
20121227,佐世保,85
20121227,和歌山,55
20121227,西武園,26
20121228,豊橋,45
20121228,佐世保,85
20121228,川崎,34
20121228,京王閣,27
20121228,松山,75
20121229,京王閣,27
20121229,松山,75
20121229,岐阜,43
20121229,川崎,34
20121229,松戸,31
20121229,豊橋,45
20121230,京王閣,27
20121230,豊橋,45
20121230,川崎,34
20121230,岸和田,56
20121230,松山,75
20121230,松戸,31
20121230,岐阜,43
20121231,松戸,31
20121231,伊東,37
20121231,岐阜,43
20121231,広島,62
20121231,岸和田,56
20121231,久留米,83
20130101,伊東,37
20130101,高知,74
20130101,名古屋,42
20130101,玉野,61
20130101,松阪,47
20130101,久留米,83
20130101,岸和田,56
20130101,広島,62
20130102,佐世保,85
20130102,平塚,35
20130102,久留米,83
20130102,いわき平,13
20130102,伊東,37
20130102,玉野,61
20130102,名古屋,42
20130102,岸和田,56
20130102,前橋,22
20130102,松阪,47
20130102,広島,62
20130102,高知,74
20130103,名古屋,42
20130103,高知,74
20130103,平塚,35
20130103,松阪,47
20130103,佐世保,85
20130103,岸和田,56
20130103,玉野,61
20130103,いわき平,13
20130103,前橋,22
20130104,千葉,32
20130104,前橋,22
20130104,小倉,81
20130104,防府,63
20130104,大垣,44
20130104,奈良,53
20130104,いわき平,13
20130104,岸和田,56
20130104,佐世保,85
20130104,平塚,35
20130105,別府,86
20130105,大宮,25
20130105,大垣,44
20130105,小倉,81
20130105,奈良,53
20130105,四日市,48
20130105,千葉,32
20130105,防府,63
20130106,大宮,25
20130106,四日市,48
20130106,防府,63
20130106,千葉,32
20130106,別府,86
20130106,大垣,44
20130106,奈良,53
20130107,四日市,48
20130107,大宮,25
20130107,別府,86
20130108,川崎,34
20130108,大宮,25
20130109,松阪,47
20130109,伊東,37
20130109,豊橋,45
20130109,防府,63
20130109,岐阜,43
20130109,立川,28
20130109,久留米,83
20130109,川崎,34
20130110,松阪,47
20130110,豊橋,45
20130110,立川,28
20130110,防府,63
20130110,岐阜,43
20130110,川崎,34
20130110,高松,71
20130110,佐世保,85
20130110,久留米,83
20130110,伊東,37
20130111,防府,63
20130111,宇都宮,24
20130111,豊橋,45
20130111,松阪,47
20130111,佐世保,85
20130111,立川,28
20130111,岐阜,43
20130111,久留米,83
20130111,高松,71
20130111,伊東,37
20130112,高松,71
20130112,佐世保,85
20130112,いわき平,13
20130112,松戸,31
20130112,宇都宮,24
20130112,和歌山,55
20130112,四日市,48
20130113,松戸,31
20130113,四日市,48
20130113,和歌山,55
20130113,宇都宮,24
20130113,いわき平,13
20130114,和歌山,55
20130114,四日市,48
20130114,いわき平,13
20130114,松戸,31
20130114,名古屋,42
20130115,和歌山,55
20130115,名古屋,42
20130115,小倉,81
20130115,松戸,31
20130116,小倉,81
20130116,平塚,35
20130116,広島,62
20130116,立川,28
20130116,前橋,22
20130116,松阪,47
20130116,名古屋,42
20130116,武雄,84
20130116,千葉,32
20130117,立川,28
20130117,武雄,84
20130117,広島,62
20130117,岸和田,56
20130117,熊本,87
20130117,岐阜,43
20130117,前橋,22
20130117,小倉,81
20130117,松阪,47
20130117,平塚,35
20130117,千葉,32
20130118,平塚,35
20130118,松山,75
20130118,前橋,22
20130118,広島,62
20130118,松阪,47
20130118,立川,28
20130118,千葉,32
20130118,岸和田,56
20130118,熊本,87
20130118,武雄,84
20130118,岐阜,43
20130119,松山,75
20130119,熊本,87
20130119,岸和田,56
20130119,静岡,38
20130119,いわき平,13
20130119,岐阜,43
20130120,松山,75
20130120,いわき平,13
20130120,静岡,38
20130121,いわき平,13
20130121,静岡,38
20130122,静岡,38
20130123,西武園,26
20130123,別府,86
20130123,川崎,34
20130123,宇都宮,24
20130123,高松,71
20130123,小倉,81
20130123,和歌山,55
20130123,高知,74
20130123,奈良,53
20130123,一宮,
20130124,別府,86
20130124,川崎,34
20130124,西武園,26
20130124,武雄,84
20130124,高知,74
20130124,高松,71
20130124,一宮,
20130124,豊橋,45
20130124,奈良,53
20130124,和歌山,55
20130124,宇都宮,24
20130124,小倉,81
20130125,宇都宮,24
20130125,武雄,84
20130125,小倉,81
20130125,和歌山,55
20130125,別府,86
20130125,川崎,34
20130125,高知,74
20130125,高松,71
20130125,一宮,
20130125,豊橋,45
20130125,奈良,53
20130125,西武園,26
20130125,小田原,36
20130126,武雄,84
20130126,豊橋,45
20130126,松山,75
20130126,京王閣,27
20130126,小田原,36
20130127,松山,75
20130127,京王閣,27
20130127,小田原,36
20130128,松山,75
20130128,京王閣,27
20130128,大垣,44
20130129,京王閣,27
20130129,大垣,44
20130130,立川,28
20130130,大垣,44
20130131,立川,28
20130131,久留米,83
20130131,四日市,48
20130201,四日市,48
20130201,広島,62
20130201,立川,28
20130201,小倉,81
20130201,久留米,83
20130202,小倉,81
20130202,小田原,36
20130202,四日市,48
20130202,岸和田,56
20130202,広島,62
20130202,静岡,38
20130202,久留米,83
20130203,四日市,48
20130203,小田原,36
20130203,岸和田,56
20130203,静岡,38
20130203,広島,62
20130204,名古屋,42
20130204,豊橋,45
20130204,別府,86
20130204,千葉,32
20130204,前橋,22
20130204,岸和田,56
20130204,静岡,38
20130204,小田原,36
20130204,高知,74
20130204,西武園,26
20130204,高松,71
20130205,豊橋,45
20130205,前橋,22
20130205,高松,71
20130205,高知,74
20130205,伊東,37
20130205,名古屋,42
20130205,和歌山,55
20130205,別府,86
20130205,西武園,26
20130205,千葉,32
20130205,奈良,53
20130206,前橋,22
20130206,別府,86
20130206,伊東,37
20130206,名古屋,42
20130206,千葉,32
20130206,奈良,53
20130206,西武園,26
20130206,和歌山,55
20130206,高知,74
20130206,豊橋,45
20130206,高松,71
20130207,久留米,83
20130207,伊東,37
20130207,和歌山,55
20130207,奈良,53
20130208,松山,75
20130208,久留米,83
20130209,久留米,83
20130209,松山,75
20130210,松山,75
20130211,前橋,22
20130211,松山,75
20130212,松戸,31
20130212,小松島,73
20130212,和歌山,55
20130212,川崎,34
20130212,前橋,22
20130212,熊本,87
20130212,大垣,44
20130213,宇都宮,24
20130213,玉野,61
20130213,大垣,44
20130213,久留米,83
20130213,熊本,87
20130213,防府,63
20130213,川崎,34
20130213,松戸,31
20130213,小松島,73
20130213,和歌山,55
20130213,豊橋,45
20130214,宇都宮,24
20130214,和歌山,55
20130214,豊橋,45
20130214,松戸,31
20130214,大垣,44
20130214,玉野,61
20130214,佐世保,85
20130214,熊本,87
20130214,防府,63
20130214,小松島,73
20130214,静岡,38
20130214,川崎,34
20130214,久留米,83
20130215,佐世保,85
20130215,宇都宮,24
20130215,玉野,61
20130215,防府,63
20130215,久留米,83
20130215,静岡,38
20130215,岐阜,43
20130215,豊橋,45
20130215,平塚,35
20130216,奈良,53
20130216,静岡,38
20130216,いわき平,13
20130216,岐阜,43
20130216,佐世保,85
20130216,松山,75
20130216,平塚,35
20130217,いわき平,13
20130217,奈良,53
20130217,平塚,35
20130217,松山,75
20130217,岐阜,43
20130218,いわき平,13
20130218,奈良,53
20130218,松山,75
20130219,奈良,53
20130219,一宮,
20130219,京王閣,27
20130219,小倉,81
20130220,岸和田,56
20130220,一宮,
20130220,前橋,22
20130220,松戸,31
20130220,小倉,81
20130220,広島,62
20130220,京王閣,27
20130220,高知,74
20130220,別府,86
20130220,松阪,47
20130220,西武園,26
20130221,小倉,81
20130221,西武園,26
20130221,高知,74
20130221,松戸,31
20130221,一宮,
20130221,別府,86
20130221,広島,62
20130221,京王閣,27
20130221,松阪,47
20130221,岸和田,56
20130221,前橋,22
20130221,武雄,84
20130222,別府,86
20130222,大垣,44
20130222,松阪,47
20130222,松戸,31
20130222,前橋,22
20130222,高知,74
20130222,広島,62
20130222,西武園,26
20130222,武雄,84
20130222,岸和田,56
20130223,四日市,48
20130223,立川,28
20130223,大垣,44
20130223,武雄,84
20130223,小田原,36
20130223,高松,71
20130224,小田原,36
20130224,高松,71
20130224,大垣,44
20130224,四日市,48
20130224,立川,28
20130225,小田原,36
20130225,高松,71
20130225,立川,28
20130225,四日市,48
20130226,小倉,81
20130226,名古屋,42
20130226,高松,71
20130227,小倉,81
20130227,名古屋,42
20130227,千葉,32
20130227,西武園,26
20130228,玉野,61
20130228,千葉,32
20130228,西武園,26
20130228,名古屋,42
20130228,平塚,35
20130228,小倉,81
20130301,京王閣,27
20130301,平塚,35
20130301,西武園,26
20130301,大垣,44
20130301,玉野,61
20130301,千葉,32
20130302,平塚,35
20130302,玉野,61
20130302,京王閣,27
20130302,大垣,44
20130303,玉野,61
20130303,京王閣,27
20130303,別府,86
20130303,和歌山,55
20130303,大垣,44
20130304,久留米,83
20130304,小田原,36
20130304,名古屋,42
20130304,千葉,32
20130304,広島,62
20130304,奈良,53
20130304,前橋,22
20130304,大宮,25
20130304,別府,86
20130304,和歌山,55
20130304,豊橋,45
20130305,豊橋,45
20130305,久留米,83
20130305,千葉,32
20130305,奈良,53
20130305,前橋,22
20130305,和歌山,55
20130305,小田原,36
20130305,名古屋,42
20130305,広島,62
20130305,佐世保,85
20130305,大宮,25
20130305,別府,86
20130305,四日市,48
20130306,小田原,36
20130306,豊橋,45
20130306,名古屋,42
20130306,広島,62
20130306,千葉,32
20130306,四日市,48
20130306,奈良,53
20130306,久留米,83
20130306,前橋,22
20130306,大宮,25
20130306,佐世保,85
20130307,四日市,48
20130307,佐世保,85
20130307,小松島,73
20130307,いわき平,13
20130308,小松島,73
20130308,小倉,81
20130308,いわき平,13
20130308,一宮,
20130308,京王閣,27
20130309,静岡,38
20130309,小松島,73
20130309,一宮,
20130309,京王閣,27
20130309,小倉,81
20130309,いわき平,13
20130310,一宮,
20130310,久留米,83
20130310,いわき平,13
20130310,京王閣,27
20130310,静岡,38
20130311,別府,86
20130311,松阪,47
20130311,西武園,26
20130311,久留米,83
20130311,玉野,61
20130311,和歌山,55
20130311,小田原,36
20130311,静岡,38
20130312,別府,86
20130312,高知,74
20130312,和歌山,55
20130312,一宮,
20130312,松阪,47
20130312,小田原,36
20130312,西武園,26
20130312,久留米,83
20130312,玉野,61
20130313,松阪,47
20130313,和歌山,55
20130313,別府,86
20130313,西武園,26
20130313,高知,74
20130313,小田原,36
20130313,一宮,
20130313,玉野,61
20130314,一宮,
20130314,高知,74
20130315,川崎,34
20130315,大垣,44
20130315,大宮,25
20130315,千葉,32
20130315,福井,51
20130316,静岡,38
20130316,川崎,34
20130316,宇都宮,24
20130316,松山,75
20130316,豊橋,45
20130316,千葉,32
20130316,武雄,84
20130316,大垣,44
20130316,大宮,25
20130316,福井,51
20130317,武雄,84
20130317,松山,75
20130317,福井,51
20130317,川崎,34
20130317,宇都宮,24
20130317,豊橋,45
20130317,千葉,32
20130317,大垣,44
20130317,大宮,25
20130317,静岡,38
20130318,武雄,84
20130318,松山,75
20130318,玉野,61
20130318,豊橋,45
20130318,宇都宮,24
20130318,静岡,38
20130319,玉野,61
20130319,松戸,31
20130319,立川,28
20130320,玉野,61
20130320,立川,28
20130320,松戸,31
20130321,立川,28
20130321,松戸,31
20130322,四日市,48
20130322,立川,28
20130323,立川,28
20130323,四日市,48
20130324,立川,28
20130324,四日市,48
20130325,高松,71
20130325,伊東,37
20130325,大宮,25
20130325,防府,63
20130325,小松島,73
20130325,岐阜,43
20130325,熊本,87
20130325,小倉,81
20130325,武雄,84
20130326,防府,63
20130326,小倉,81
20130326,高松,71
20130326,岐阜,43
20130326,熊本,87
20130326,小松島,73
20130326,武雄,84
20130326,大宮,25
20130326,伊東,37
20130327,防府,63
20130327,小松島,73
20130327,武雄,84
20130327,高松,71
20130327,岐阜,43
20130327,大宮,25
20130327,熊本,87
20130327,伊東,37
20130327,小倉,81
20130328,宇都宮,24
20130328,名古屋,42
20130328,いわき平,13
20130329,武雄,84
20130329,松山,75
20130329,宇都宮,24
20130329,伊東,37
20130329,名古屋,42
20130329,いわき平,13
20130329,豊橋,45
20130329,岸和田,56
20130329,福井,51
20130329,平塚,35
20130330,武雄,84
20130330,いわき平,13
20130330,福井,51
20130330,宇都宮,24
20130330,岸和田,56
20130330,松山,75
20130330,平塚,35
20130330,伊東,37
20130330,名古屋,42
20130330,豊橋,45
20130331,松山,75
20130331,福井,51
20130331,岸和田,56
20130331,豊橋,45
20130331,武雄,84
20130331,伊東,37
20130331,平塚,35
20130401,西武園,26
20130401,伊東,37
20130401,豊橋,45
20130401,岸和田,56
20130401,玉野,61
20130401,京王閣,27
20130401,防府,63
20130402,玉野,61
20130402,西武園,26
20130402,伊東,37
20130402,名古屋,42
20130402,豊橋,45
20130402,京王閣,27
20130402,岸和田,56
20130402,佐世保,85
20130402,防府,63
20130403,防府,63
20130403,京王閣,27
20130403,佐世保,85
20130403,西武園,26
20130403,伊東,37
20130403,豊橋,45
20130403,名古屋,42
20130403,玉野,61
20130403,岸和田,56
20130404,名古屋,42
20130404,久留米,83
20130404,佐世保,85
20130404,川崎,34
20130404,小松島,73
20130405,川崎,34
20130405,久留米,83
20130405,小松島,73
20130406,小松島,73
20130406,小倉,81
20130406,岐阜,43
20130406,川崎,34
20130406,大宮,25
20130406,久留米,83
20130407,福井,51
20130407,いわき平,13
20130407,川崎,34
20130407,大宮,25
20130407,小倉,81
20130407,岐阜,43
20130407,四日市,48
20130408,福井,51
20130408,別府,86
20130408,高松,71
20130408,岐阜,43
20130408,松山,75
20130408,四日市,48
20130408,小田原,36
20130408,立川,28
20130408,千葉,32
20130408,大宮,25
20130408,いわき平,13
20130409,小田原,36
20130409,立川,28
20130409,別府,86
20130409,高松,71
20130409,松山,75
20130409,福井,51
20130409,四日市,48
20130409,千葉,32
20130409,いわき平,13
20130410,名古屋,42
20130410,高松,71
20130410,松山,75
20130410,小田原,36
20130410,久留米,83
20130410,奈良,53
20130410,千葉,32
20130410,立川,28
20130410,別府,86
20130411,名古屋,42
20130411,久留米,83
20130411,宇都宮,24
20130411,取手,23
20130411,奈良,53
20130412,平塚,35
20130412,奈良,53
20130412,取手,23
20130412,久留米,83
20130412,名古屋,42
20130412,青森,12
20130412,宇都宮,24
20130413,京王閣,27
20130413,松山,75
20130413,青森,12
20130413,和歌山,55
20130413,取手,23
20130413,宇都宮,24
20130413,武雄,84
20130413,平塚,35
20130414,大垣,44
20130414,和歌山,55
20130414,京王閣,27
20130414,松山,75
20130414,青森,12
20130414,平塚,35
20130414,武雄,84
20130415,和歌山,55
20130415,弥彦,21
20130415,松阪,47
20130415,大垣,44
20130415,京王閣,27
20130415,武雄,84
20130415,静岡,38
20130415,松戸,31
20130415,松山,75
20130416,松阪,47
20130416,函館,11
20130416,武雄,84
20130416,岸和田,56
20130416,松戸,31
20130416,大垣,44
20130416,静岡,38
20130416,弥彦,21
20130417,松戸,31
20130417,静岡,38
20130417,一宮,
20130417,高松,71
20130417,松阪,47
20130417,岸和田,56
20130417,弥彦,21
20130417,函館,11
20130417,熊本,87
20130418,佐世保,85
20130418,一宮,
20130418,高松,71
20130418,岸和田,56
20130418,西武園,26
20130418,函館,11
20130418,熊本,87
20130419,広島,62
20130419,熊本,87
20130419,高松,71
20130419,佐世保,85
20130419,平塚,35
20130419,西武園,26
20130419,一宮,
20130420,青森,12
20130420,平塚,35
20130420,広島,62
20130420,西武園,26
20130420,豊橋,45
20130420,四日市,48
20130420,佐世保,85
20130421,豊橋,45
20130421,青森,12
20130421,広島,62
20130421,四日市,48
20130421,平塚,35
20130421,西武園,26
20130422,四日市,48
20130422,武雄,84
20130422,豊橋,45
20130422,取手,23
20130422,和歌山,55
20130422,青森,12
20130423,取手,23
20130423,岐阜,43
20130423,高知,74
20130423,大宮,25
20130423,小倉,81
20130423,和歌山,55
20130423,弥彦,21
20130423,武雄,84
20130423,小田原,36
20130424,小倉,81
20130424,取手,23
20130424,高知,74
20130424,小田原,36
20130424,大宮,25
20130424,防府,63
20130424,和歌山,55
20130424,弥彦,21
20130424,武雄,84
20130424,岐阜,43
20130425,函館,11
20130425,小倉,81
20130425,大宮,25
20130425,弥彦,21
20130425,高知,74
20130425,岐阜,43
20130425,防府,63
20130425,小田原,36
20130426,青森,12
20130426,伊東,37
20130426,福井,51
20130426,函館,11
20130426,前橋,22
20130426,防府,63
20130427,福井,51
20130427,前橋,22
20130427,函館,11
20130427,青森,12
20130427,伊東,37
20130428,伊東,37
20130428,松戸,31
20130428,前橋,22
20130428,福井,51
20130429,福井,51
20130429,松戸,31
20130430,佐世保,85
20130430,京王閣,27
20130430,豊橋,45
20130430,一宮,
20130430,静岡,38
20130430,松戸,31
20130430,弥彦,21
20130430,青森,12
20130430,玉野,61
20130501,一宮,
20130501,静岡,38
20130501,玉野,61
20130501,京王閣,27
20130501,佐世保,85
20130501,弥彦,21
20130501,青森,12
20130501,豊橋,45
20130502,京王閣,27
20130502,豊橋,45
20130502,青森,12
20130502,玉野,61
20130502,前橋,22
20130502,静岡,38
20130502,佐世保,85
20130502,弥彦,21
20130502,一宮,
20130503,小松島,73
20130503,久留米,83
20130503,平塚,35
20130503,岸和田,56
20130503,前橋,22
20130503,立川,28
20130503,四日市,48
20130503,岐阜,43
20130504,岸和田,56
20130504,小松島,73
20130504,四日市,48
20130504,函館,11
20130504,岐阜,43
20130504,立川,28
20130504,小倉,81
20130504,平塚,35
20130504,久留米,83
20130505,立川,28
20130505,小松島,73
20130505,岸和田,56
20130505,小倉,81
20130505,四日市,48
20130505,岐阜,43
20130505,平塚,35
20130505,函館,11
20130505,久留米,83
20130506,平塚,35
20130506,函館,11
20130506,青森,12
20130506,広島,62
20130507,福井,51
20130507,いわき平,13
20130507,大垣,44
20130507,西武園,26
20130507,川崎,34
20130507,広島,62
20130507,青森,12
20130508,福井,51
20130508,川崎,34
20130508,大垣,44
20130508,広島,62
20130508,いわき平,13
20130508,西武園,26
20130509,別府,86
20130509,大垣,44
20130509,西武園,26
20130509,いわき平,13
20130509,弥彦,21
20130509,福井,51
20130509,川崎,34
20130510,京王閣,27
20130510,別府,86
20130510,弥彦,21
20130511,別府,86
20130511,青森,12
20130511,弥彦,21
20130511,小田原,36
20130511,京王閣,27
20130511,松戸,31
20130511,玉野,61
20130512,青森,12
20130512,松戸,31
20130512,別府,86
20130512,玉野,61
20130512,小田原,36
20130512,京王閣,27
20130513,福井,51
20130513,青森,12
20130513,松戸,31
20130513,玉野,61
20130513,前橋,22
20130513,松山,75
20130513,小田原,36
20130513,久留米,83
20130514,函館,11
20130514,福井,51
20130514,前橋,22
20130514,松山,75
20130514,久留米,83
20130515,函館,11
20130515,大垣,44
20130515,高知,74
20130515,松山,75
20130515,松阪,47
20130515,佐世保,85
20130515,久留米,83
20130515,千葉,32
20130515,前橋,22
20130515,福井,51
20130515,和歌山,55
20130516,佐世保,85
20130516,松阪,47
20130516,千葉,32
20130516,和歌山,55
20130516,大垣,44
20130516,函館,11
20130516,高知,74
20130517,松阪,47
20130517,高知,74
20130517,佐世保,85
20130517,和歌山,55
20130517,千葉,32
20130517,大垣,44
20130517,川崎,34
20130518,青森,12
20130518,岸和田,56
20130518,大宮,25
20130518,静岡,38
20130518,川崎,34
20130518,防府,63
20130519,名古屋,42
20130519,青森,12
20130519,防府,63
20130519,静岡,38
20130519,大宮,25
20130519,小田原,36
20130519,岸和田,56
20130519,川崎,34
20130520,名古屋,42
20130520,取手,23
20130520,小倉,81
20130520,大宮,25
20130520,防府,63
20130520,静岡,38
20130520,武雄,84
20130520,青森,12
20130520,小田原,36
20130521,取手,23
20130521,高松,71
20130521,武雄,84
20130521,名古屋,42
20130521,小倉,81
20130521,小田原,36
20130521,奈良,53
20130522,高松,71
20130522,立川,28
20130522,広島,62
20130522,武雄,84
20130522,小倉,81
20130522,前橋,22
20130522,取手,23
20130522,奈良,53
20130522,函館,11
20130522,伊東,37
20130523,伊東,37
20130523,熊本,87
20130523,高松,71
20130523,奈良,53
20130523,函館,11
20130523,前橋,22
20130523,広島,62
20130523,立川,28
20130523,福井,51
20130524,熊本,87
20130524,前橋,22
20130524,名古屋,42
20130524,伊東,37
20130524,立川,28
20130524,福井,51
20130524,函館,11
20130524,広島,62
20130525,福井,51
20130525,松山,75
20130525,宇都宮,24
20130525,名古屋,42
20130525,熊本,87
20130525,千葉,32
20130526,松山,75
20130526,宇都宮,24
20130526,名古屋,42
20130526,千葉,32
20130527,宇都宮,24
20130527,松山,75
20130527,千葉,32
20130528,富山,46
20130528,小倉,81
20130528,宇都宮,24
20130529,小倉,81
20130529,西武園,26
20130529,富山,46
20130529,奈良,53
20130530,小倉,81
20130530,富山,46
20130530,奈良,53
20130530,西武園,26
20130531,平塚,35
20130531,函館,11
20130531,和歌山,55
20130531,奈良,53
20130531,西武園,26
20130531,一宮,
20130531,弥彦,21
20130531,防府,63
20130601,和歌山,55
20130601,平塚,35
20130601,函館,11
20130601,弥彦,21
20130601,防府,63
20130601,一宮,
20130602,防府,63
20130602,和歌山,55
20130602,平塚,35
20130602,一宮,
20130602,弥彦,21
20130602,別府,86
20130602,函館,11
20130603,静岡,38
20130603,佐世保,85
20130603,取手,23
20130603,豊橋,45
20130603,函館,11
20130603,別府,86
20130603,松山,75
20130604,取手,23
20130604,久留米,83
20130604,大垣,44
20130604,静岡,38
20130604,松山,75
20130604,高松,71
20130604,別府,86
20130604,豊橋,45
20130604,佐世保,85
20130605,取手,23
20130605,豊橋,45
20130605,大垣,44
20130605,佐世保,85
20130605,高松,71
20130605,静岡,38
20130605,久留米,83
20130605,松山,75
20130606,奈良,53
20130606,いわき平,13
20130606,小田原,36
20130606,大垣,44
20130606,高松,71
20130606,久留米,83
20130607,奈良,53
20130607,防府,63
20130607,小田原,36
20130607,前橋,22
20130607,四日市,48
20130607,いわき平,13
20130608,小田原,36
20130608,四日市,48
20130608,奈良,53
20130608,前橋,22
20130608,いわき平,13
20130608,防府,63
20130609,前橋,22
20130609,四日市,48
20130609,防府,63
20130609,小田原,36
20130610,一宮,
20130610,豊橋,45
20130610,伊東,37
20130610,函館,11
20130610,大宮,25
20130610,別府,86
20130610,久留米,83
20130610,弥彦,21
20130610,取手,23
20130611,弥彦,21
20130611,函館,11
20130611,別府,86
20130611,久留米,83
20130611,豊橋,45
20130611,伊東,37
20130611,一宮,
20130611,取手,23
20130611,大宮,25
20130612,一宮,
20130612,久留米,83
20130612,取手,23
20130612,別府,86
20130612,函館,11
20130612,大宮,25
20130612,伊東,37
20130612,弥彦,21
20130612,豊橋,45
20130613,岸和田,56
20130613,松戸,31
20130614,松戸,31
20130614,岸和田,56
20130615,岸和田,56
20130615,松戸,31
20130616,岸和田,56
20130616,小倉,81
20130617,宇都宮,24
20130617,大垣,44
20130617,松阪,47
20130617,青森,12
20130617,川崎,34
20130617,千葉,32
20130617,小倉,81
20130618,松阪,47
20130618,大垣,44
20130618,川崎,34
20130618,青森,12
20130618,高松,71
20130618,宇都宮,24
20130618,千葉,32
20130619,青森,12
20130619,高知,74
20130619,武雄,84
20130619,和歌山,55
20130619,松阪,47
20130619,大垣,44
20130619,西武園,26
20130619,宇都宮,24
20130619,高松,71
20130619,川崎,34
20130619,千葉,32
20130620,武雄,84
20130620,高知,74
20130620,取手,23
20130620,高松,71
20130620,名古屋,42
20130620,和歌山,55
20130620,前橋,22
20130620,西武園,26
20130621,武雄,84
20130621,和歌山,55
20130621,高知,74
20130621,取手,23
20130621,小田原,36
20130621,前橋,22
20130621,青森,12
20130621,松山,75
20130621,名古屋,42
20130621,西武園,26
20130622,名古屋,42
20130622,弥彦,21
20130622,久留米,83
20130622,小田原,36
20130622,松山,75
20130622,取手,23
20130622,青森,12
20130623,久留米,83
20130623,小田原,36
20130623,弥彦,21
20130623,松山,75
20130623,青森,12
20130624,弥彦,21
20130624,久留米,83
20130624,いわき平,13
20130625,奈良,53
20130625,玉野,61
20130625,宇都宮,24
20130625,千葉,32
20130625,立川,28
20130625,いわき平,13
20130625,久留米,83
20130626,千葉,32
20130626,立川,28
20130626,奈良,53
20130626,平塚,35
20130626,いわき平,13
20130626,宇都宮,24
20130626,玉野,61
20130626,熊本,87
20130626,名古屋,42
20130627,熊本,87
20130627,平塚,35
20130627,立川,28
20130627,千葉,32
20130627,玉野,61
20130627,福井,51
20130627,奈良,53
20130627,宇都宮,24
20130627,名古屋,42
20130628,熊本,87
20130628,青森,12
20130628,前橋,22
20130628,平塚,35
20130628,静岡,38
20130628,高知,74
20130628,福井,51
20130628,松阪,47
20130628,名古屋,42
20130629,小倉,81
20130629,高知,74
20130629,前橋,22
20130629,青森,12
20130629,静岡,38
20130629,福井,51
20130629,松阪,47
20130630,静岡,38
20130630,松阪,47
20130630,前橋,22
20130630,高知,74
20130630,小倉,81
20130701,前橋,22
20130701,四日市,48
20130701,防府,63
20130701,小倉,81
20130702,奈良,53
20130702,大垣,44
20130702,函館,11
20130702,四日市,48
20130702,防府,63
20130702,大宮,25
20130702,別府,86
20130703,別府,86
20130703,大垣,44
20130703,四日市,48
20130703,奈良,53
20130703,大宮,25
20130703,函館,11
20130703,防府,63
20130704,佐世保,85
20130704,小松島,73
20130704,奈良,53
20130704,別府,86
20130704,大宮,25
20130704,函館,11
20130704,大垣,44
20130705,松戸,31
20130705,立川,28
20130705,小倉,81
20130705,佐世保,85
20130705,小松島,73
20130706,岐阜,43
20130706,小田原,36
20130706,松戸,31
20130706,立川,28
20130706,小松島,73
20130706,小倉,81
20130706,佐世保,85
20130707,和歌山,55
20130707,岐阜,43
20130707,小田原,36
20130707,松戸,31
20130707,小松島,73
20130707,立川,28
20130708,小田原,36
20130708,岐阜,43
20130708,西武園,26
20130708,別府,86
20130708,和歌山,55
20130708,取手,23
20130709,佐世保,85
20130709,青森,12
20130709,川崎,34
20130709,名古屋,42
20130709,別府,86
20130709,取手,23
20130709,静岡,38
20130709,西武園,26
20130709,宇都宮,24
20130709,福井,51
20130709,和歌山,55
20130709,防府,63
20130710,福井,51
20130710,取手,23
20130710,佐世保,85
20130710,川崎,34
20130710,青森,12
20130710,別府,86
20130710,名古屋,42
20130710,西武園,26
20130710,宇都宮,24
20130710,防府,63
20130710,静岡,38
20130711,青森,12
20130711,防府,63
20130711,川崎,34
20130711,福井,51
20130711,佐世保,85
20130711,静岡,38
20130711,宇都宮,24
20130711,名古屋,42
20130711,前橋,22
20130712,前橋,22
20130712,いわき平,13
20130712,弥彦,21
20130713,いわき平,13
20130713,広島,62
20130713,弥彦,21
20130714,広島,62
20130714,弥彦,21
20130714,いわき平,13
20130715,広島,62
20130715,弥彦,21
20130715,函館,11
20130716,小田原,36
20130716,高松,71
20130716,福井,51
20130716,取手,23
20130716,千葉,32
20130716,熊本,87
20130716,松阪,47
20130716,静岡,38
20130716,函館,11
20130717,福井,51
20130717,松山,75
20130717,松阪,47
20130717,前橋,22
20130717,静岡,38
20130717,小田原,36
20130717,函館,11
20130717,千葉,32
20130717,一宮,
20130717,高松,71
20130717,取手,23
20130717,熊本,87
20130718,千葉,32
20130718,取手,23
20130718,前橋,22
20130718,熊本,87
20130718,松阪,47
20130718,小田原,36
20130718,高松,71
20130718,岸和田,56
20130718,武雄,84
20130718,静岡,38
20130718,一宮,
20130718,松山,75
20130718,福井,51
20130719,立川,28
20130719,前橋,22
20130719,松山,75
20130719,青森,12
20130719,武雄,84
20130719,岸和田,56
20130719,川崎,34
20130719,一宮,
20130720,岸和田,56
20130720,青森,12
20130720,川崎,34
20130720,広島,62
20130720,武雄,84
20130720,豊橋,45
20130720,立川,28
20130721,立川,28
20130721,川崎,34
20130721,青森,12
20130721,豊橋,45
20130721,広島,62
20130722,広島,62
20130722,豊橋,45
20130722,小倉,81
20130723,岸和田,56
20130723,豊橋,45
20130723,小倉,81
20130724,宇都宮,24
20130724,小倉,81
20130724,一宮,
20130724,函館,11
20130724,岸和田,56
20130725,高知,74
20130725,函館,11
20130725,宇都宮,24
20130725,京王閣,27
20130725,岸和田,56
20130725,平塚,35
20130725,一宮,
20130726,松阪,47
20130726,一宮,
20130726,宇都宮,24
20130726,京王閣,27
20130726,函館,11
20130726,平塚,35
20130726,高知,74
20130727,伊東,37
20130727,高知,74
20130727,平塚,35
20130727,青森,12
20130727,京王閣,27
20130727,松阪,47
20130728,松阪,47
20130728,高知,74
20130728,京王閣,27
20130728,伊東,37
20130728,青森,12
20130728,小倉,81
20130729,武雄,84
20130729,西武園,26
20130729,伊東,37
20130729,青森,12
20130729,岐阜,43
20130729,玉野,61
20130729,豊橋,45
20130729,小倉,81
20130729,岸和田,56
20130730,小倉,81
20130730,岐阜,43
20130730,玉野,61
20130730,武雄,84
20130730,西武園,26
20130730,豊橋,45
20130730,松戸,31
20130730,岸和田,56
20130730,弥彦,21
20130731,西武園,26
20130731,岸和田,56
20130731,松戸,31
20130731,豊橋,45
20130731,玉野,61
20130731,武雄,84
20130731,弥彦,21
20130731,岐阜,43
20130801,前橋,22
20130801,松戸,31
20130801,弥彦,21
20130802,小松島,73
20130802,広島,62
20130802,和歌山,55
20130802,いわき平,13
20130802,前橋,22
20130802,熊本,87
20130803,熊本,87
20130803,小松島,73
20130803,広島,62
20130803,いわき平,13
20130803,和歌山,55
20130803,大垣,44
20130803,前橋,22
20130804,弥彦,21
20130804,小松島,73
20130804,熊本,87
20130804,和歌山,55
20130804,広島,62
20130804,大垣,44
20130804,松阪,47
20130804,小倉,81
20130805,大垣,44
20130805,弥彦,21
20130805,松阪,47
20130805,伊東,37
20130805,別府,86
20130805,小倉,81
20130805,高松,71
20130806,松阪,47
20130806,伊東,37
20130806,平塚,35
20130806,高松,71
20130806,別府,86
20130806,弥彦,21
20130807,高松,71
20130807,千葉,32
20130807,大宮,25
20130807,別府,86
20130807,平塚,35
20130807,宇都宮,24
20130807,福井,51
20130807,伊東,37
20130807,函館,11
20130807,豊橋,45
20130807,岐阜,43
20130807,青森,12
20130808,福井,51
20130808,青森,12
20130808,函館,11
20130808,豊橋,45
20130808,千葉,32
20130808,岐阜,43
20130808,平塚,35
20130808,佐世保,85
20130808,大宮,25
20130808,宇都宮,24
20130809,佐世保,85
20130809,立川,28
20130809,川崎,34
20130809,福井,51
20130809,玉野,61
20130809,函館,11
20130809,豊橋,45
20130809,大宮,25
20130809,宇都宮,24
20130809,千葉,32
20130809,青森,12
20130809,岐阜,43
20130810,川崎,34
20130810,佐世保,85
20130810,富山,46
20130810,玉野,61
20130810,立川,28
20130811,富山,46
20130811,立川,28
20130811,川崎,34
20130811,玉野,61
20130812,富山,46
20130812,函館,11
20130812,静岡,38
20130813,函館,11
20130813,富山,46
20130813,静岡,38
20130814,静岡,38
20130814,防府,63
20130814,大垣,44
20130814,函館,11
20130815,大垣,44
20130815,四日市,48
20130815,武雄,84
20130815,防府,63
20130815,松戸,31
20130815,京王閣,27
20130815,小松島,73
20130816,小松島,73
20130816,四日市,48
20130816,大垣,44
20130816,防府,63
20130816,松戸,31
20130816,京王閣,27
20130816,武雄,84
20130817,武雄,84
20130817,四日市,48
20130817,京王閣,27
20130817,小松島,73
20130817,松戸,31
20130818,いわき平,13
20130818,松戸,31
20130819,高松,71
20130819,いわき平,13
20130819,弥彦,21
20130819,岐阜,43
20130819,宇都宮,24
20130819,西武園,26
20130820,西武園,26
20130820,岐阜,43
20130820,弥彦,21
20130820,平塚,35
20130820,いわき平,13
20130820,高松,71
20130820,宇都宮,24
20130821,福井,51
20130821,平塚,35
20130821,広島,62
20130821,西武園,26
20130821,千葉,32
20130821,岐阜,43
20130821,松阪,47
20130821,高松,71
20130821,青森,12
20130821,弥彦,21
20130821,宇都宮,24
20130822,広島,62
20130822,平塚,35
20130822,松阪,47
20130822,福井,51
20130822,立川,28
20130822,青森,12
20130822,千葉,32
20130822,和歌山,55
20130822,熊本,87
20130823,小倉,81
20130823,熊本,87
20130823,立川,28
20130823,和歌山,55
20130823,広島,62
20130823,青森,12
20130823,名古屋,42
20130823,福井,51
20130823,千葉,32
20130823,松阪,47
20130824,立川,28
20130824,名古屋,42
20130824,小倉,81
20130824,高知,74
20130824,熊本,87
20130824,小田原,36
20130824,和歌山,55
20130825,高知,74
20130825,小倉,81
20130825,小田原,36
20130825,名古屋,42
20130826,函館,11
20130826,高知,74
20130826,小田原,36
20130827,小田原,36
20130827,函館,11
20130828,大宮,25
20130828,防府,63
20130828,伊東,37
20130828,四日市,48
20130828,一宮,
20130828,熊本,87
20130828,奈良,53
20130828,前橋,22
20130828,別府,86
20130828,弥彦,21
20130828,函館,11
20130828,青森,12
20130829,奈良,53
20130829,弥彦,21
20130829,四日市,48
20130829,一宮,
20130829,熊本,87
20130829,青森,12
20130829,別府,86
20130829,伊東,37
20130829,大宮,25
20130829,防府,63
20130829,福井,51
20130829,前橋,22
20130830,別府,86
20130830,熊本,87
20130830,防府,63
20130830,奈良,53
20130830,福井,51
20130830,四日市,48
20130830,一宮,
20130830,伊東,37
20130830,弥彦,21
20130830,大宮,25
20130830,前橋,22
20130830,青森,12
20130831,高松,71
20130831,福井,51
20130831,岐阜,43
20130831,松戸,31
20130831,京王閣,27
20130831,武雄,84
20130901,松戸,31
20130901,高松,71
20130901,岐阜,43
20130901,武雄,84
20130901,京王閣,27
20130902,武雄,84
20130902,松戸,31
20130902,高松,71
20130902,函館,11
20130902,岐阜,43
20130902,京王閣,27
20130903,岐阜,43
20130903,函館,11
20130904,函館,11
20130904,佐世保,85
20130904,高知,74
20130904,立川,28
20130904,岸和田,56
20130905,四日市,48
20130905,大垣,44
20130905,岸和田,56
20130905,佐世保,85
20130905,立川,28
20130905,高知,74
20130905,静岡,38
20130906,大垣,44
20130906,高知,74
20130906,川崎,34
20130906,青森,12
20130906,岸和田,56
20130906,立川,28
20130906,静岡,38
20130906,弥彦,21
20130906,四日市,48
20130906,佐世保,85
20130907,四日市,48
20130907,弥彦,21
20130907,川崎,34
20130907,豊橋,45
20130907,久留米,83
20130907,福井,51
20130907,大垣,44
20130907,大宮,25
20130907,静岡,38
20130907,青森,12
20130908,青森,12
20130908,玉野,61
20130908,豊橋,45
20130908,名古屋,42
20130908,福井,51
20130908,伊東,37
20130908,川崎,34
20130908,久留米,83
20130908,弥彦,21
20130908,大宮,25
20130908,別府,86
20130909,大宮,25
20130909,松阪,47
20130909,久留米,83
20130909,奈良,53
20130909,伊東,37
20130909,名古屋,42
20130909,福井,51
20130909,函館,11
20130909,豊橋,45
20130909,前橋,22
20130909,別府,86
20130909,玉野,61
20130910,函館,11
20130910,奈良,53
20130910,別府,86
20130910,前橋,22
20130910,伊東,37
20130910,名古屋,42
20130910,松阪,47
20130910,玉野,61
20130911,函館,11
20130911,松阪,47
20130911,名古屋,42
20130911,奈良,53
20130911,前橋,22
20130912,松戸,31
20130912,松山,75
20130912,京王閣,27
20130913,松戸,31
20130913,京王閣,27
20130913,松山,75
20130914,京王閣,27
20130914,松山,75
20130914,松戸,31
20130915,函館,11
20130915,京王閣,27
20130916,函館,11
20130916,京王閣,27
20130917,熊本,87
20130917,福井,51
20130917,京王閣,27
20130917,小田原,36
20130917,西武園,26
20130917,函館,11
20130917,和歌山,55
20130918,弥彦,21
20130918,小田原,36
20130918,和歌山,55
20130918,福井,51
20130918,西武園,26
20130918,高松,71
20130918,岐阜,43
20130918,小松島,73
20130918,熊本,87
20130919,和歌山,55
20130919,防府,63
20130919,小松島,73
20130919,高松,71
20130919,福井,51
20130919,弥彦,21
20130919,西武園,26
20130919,岐阜,43
20130919,川崎,34
20130919,熊本,87
20130919,小田原,36
20130920,青森,12
20130920,弥彦,21
20130920,岐阜,43
20130920,小松島,73
20130920,高松,71
20130920,防府,63
20130920,川崎,34
20130920,静岡,38
20130921,大宮,25
20130921,立川,28
20130921,川崎,34
20130921,防府,63
20130921,静岡,38
20130921,青森,12
20130922,青森,12
20130922,立川,28
20130922,静岡,38
20130922,いわき平,13
20130922,大宮,25
20130923,立川,28
20130923,いわき平,13
20130923,大宮,25
20130924,いわき平,13
20130925,高知,74
20130925,熊本,87
20130925,豊橋,45
20130925,小倉,81
20130925,広島,62
20130925,伊東,37
20130925,一宮,
20130925,岸和田,56
20130925,取手,23
20130926,取手,23
20130926,小倉,81
20130926,伊東,37
20130926,高知,74
20130926,岸和田,56
20130926,豊橋,45
20130926,宇都宮,24
20130926,千葉,32
20130926,熊本,87
20130926,武雄,84
20130926,一宮,
20130926,広島,62
20130927,熊本,87
20130927,取手,23
20130927,宇都宮,24
20130927,小倉,81
20130927,武雄,84
20130927,伊東,37
20130927,高知,74
20130927,千葉,32
20130927,豊橋,45
20130927,一宮,
20130927,広島,62
20130927,玉野,61
20130927,平塚,35
20130927,岸和田,56
20130928,青森,12
20130928,宇都宮,24
20130928,千葉,32
20130928,武雄,84
20130928,玉野,61
20130928,平塚,35
20130928,四日市,48
20130928,別府,86
20130929,玉野,61
20130929,四日市,48
20130929,平塚,35
20130929,青森,12
20130929,別府,86
20130930,別府,86
20130930,四日市,48
20130930,青森,12
20131001,松戸,31
20131001,青森,12
20131002,大宮,25
20131002,松戸,31
20131002,岐阜,43
20131002,前橋,22
20131002,豊橋,45
20131002,和歌山,55
20131002,高松,71
20131002,弥彦,21
20131002,武雄,84
20131003,高松,71
20131003,大宮,25
20131003,武雄,84
20131003,松戸,31
20131003,静岡,38
20131003,前橋,22
20131003,豊橋,45
20131003,弥彦,21
20131003,岐阜,43
20131003,小倉,81
20131003,和歌山,55
20131004,武雄,84
20131004,弥彦,21
20131004,大宮,25
20131004,豊橋,45
20131004,小倉,81
20131004,岐阜,43
20131004,高松,71
20131004,前橋,22
20131004,和歌山,55
20131004,静岡,38
20131005,静岡,38
20131005,青森,12
20131005,小田原,36
20131005,京王閣,27
20131005,小倉,81
20131005,奈良,53
20131005,防府,63
20131006,小田原,36
20131006,奈良,53
20131006,防府,63
20131006,函館,11
20131006,青森,12
20131006,京王閣,27
20131007,小田原,36
20131007,奈良,53
20131007,京王閣,27
20131007,防府,63
20131007,函館,11
20131007,青森,12
20131008,函館,11
20131008,防府,63
20131009,名古屋,42
20131009,伊東,37
20131009,小倉,81
20131009,弥彦,21
20131009,岸和田,56
20131009,取手,23
20131009,玉野,61
20131010,弥彦,21
20131010,玉野,61
20131010,名古屋,42
20131010,高知,74
20131010,取手,23
20131010,伊東,37
20131010,平塚,35
20131010,岸和田,56
20131010,小倉,81
20131011,岸和田,56
20131011,弥彦,21
20131011,取手,23
20131011,高知,74
20131011,伊東,37
20131011,玉野,61
20131011,名古屋,42
20131011,平塚,35
20131011,小倉,81
20131012,平塚,35
20131012,いわき平,13
20131012,高知,74
20131012,熊本,87
20131013,熊本,87
20131013,いわき平,13
20131014,いわき平,13
20131014,熊本,87
20131014,西武園,26
20131014,川崎,34
20131015,西武園,26
20131015,青森,12
20131015,熊本,87
20131015,川崎,34
20131016,西武園,26
20131016,別府,86
20131016,川崎,34
20131016,名古屋,42
20131016,青森,12
20131017,広島,62
20131017,久留米,83
20131017,別府,86
20131017,千葉,32
20131017,名古屋,42
20131018,名古屋,42
20131018,広島,62
20131018,久留米,83
20131018,千葉,32
20131018,別府,86
20131019,久留米,83
20131019,千葉,32
20131019,函館,11
20131019,広島,62
20131020,岐阜,43
20131020,千葉,32
20131020,函館,11
20131020,立川,28
20131021,武雄,84
20131021,立川,28
20131021,函館,11
20131021,岐阜,43
20131021,奈良,53
20131022,奈良,53
20131022,武雄,84
20131022,防府,63
20131022,松戸,31
20131022,立川,28
20131022,岐阜,43
20131023,防府,63
20131023,武雄,84
20131023,宇都宮,24
20131023,松戸,31
20131023,大垣,44
20131023,奈良,53
20131024,高松,71
20131024,宇都宮,24
20131024,大垣,44
20131024,松戸,31
20131024,岸和田,56
20131024,防府,63
20131025,高松,71
20131025,弥彦,21
20131025,宇都宮,24
20131025,岸和田,56
20131025,青森,12
20131025,大垣,44
20131025,取手,23
20131025,川崎,34
20131025,伊東,37
20131026,青森,12
20131026,伊東,37
20131026,一宮,
20131026,高松,71
20131026,川崎,34
20131026,弥彦,21
20131026,岸和田,56
20131026,取手,23
20131027,取手,23
20131027,久留米,83
20131027,川崎,34
20131027,伊東,37
20131027,一宮,
20131027,弥彦,21
20131027,青森,12
20131028,一宮,
20131028,久留米,83
20131028,小田原,36
20131029,小田原,36
20131029,一宮,
20131029,久留米,83
20131030,別府,86
20131030,西武園,26
20131030,小田原,36
20131030,小松島,73
20131030,松阪,47
20131030,広島,62
20131030,いわき平,13
20131031,西武園,26
20131031,いわき平,13
20131031,松阪,47
20131031,広島,62
20131031,高松,71
20131031,小松島,73
20131031,別府,86
20131101,別府,86
20131101,小松島,73
20131101,西武園,26
20131101,高松,71
20131101,広島,62
20131101,和歌山,55
20131101,熊本,87
20131101,静岡,38
20131101,いわき平,13
20131101,松阪,47
20131101,青森,12
20131102,高松,71
20131102,熊本,87
20131102,青森,12
20131102,静岡,38
20131102,立川,28
20131102,和歌山,55
20131102,前橋,22
20131102,大垣,44
20131102,小田原,36
20131102,小倉,81
20131103,小倉,81
20131103,小田原,36
20131103,熊本,87
20131103,前橋,22
20131103,静岡,38
20131103,立川,28
20131103,大垣,44
20131103,和歌山,55
20131104,前橋,22
20131104,立川,28
20131104,大垣,44
20131104,小倉,81
20131104,松戸,31
20131104,小田原,36
20131105,大垣,44
20131105,松戸,31
20131106,和歌山,55
20131106,防府,63
20131106,玉野,61
20131106,一宮,
20131106,松戸,31
20131106,高知,74
20131106,四日市,48
20131106,武雄,84
20131106,青森,12
20131106,大宮,25
20131106,弥彦,21
20131107,和歌山,55
20131107,川崎,34
20131107,武雄,84
20131107,防府,63
20131107,弥彦,21
20131107,玉野,61
20131107,大宮,25
20131107,青森,12
20131107,高知,74
20131107,四日市,48
20131107,一宮,
20131108,一宮,
20131108,青森,12
20131108,弥彦,21
20131108,武雄,84
20131108,四日市,48
20131108,和歌山,55
20131108,玉野,61
20131108,高知,74
20131108,大宮,25
20131108,川崎,34
20131108,防府,63
20131109,川崎,34
20131109,取手,23
20131110,取手,23
20131110,広島,62
20131110,小倉,81
20131111,取手,23
20131111,広島,62
20131111,小倉,81
20131112,奈良,53
20131112,一宮,
20131112,取手,23
20131112,広島,62
20131112,小倉,81
20131113,弥彦,21
20131113,松山,75
20131113,一宮,
20131113,奈良,53
20131113,西武園,26
20131113,高知,74
20131114,高知,74
20131114,一宮,
20131114,奈良,53
20131114,弥彦,21
20131114,平塚,35
20131114,熊本,87
20131114,西武園,26
20131114,松山,75
20131114,福井,51
20131115,松山,75
20131115,熊本,87
20131115,福井,51
20131115,防府,63
20131115,高知,74
20131115,京王閣,27
20131115,松阪,47
20131115,弥彦,21
20131115,西武園,26
20131115,平塚,35
20131116,松阪,47
20131116,熊本,87
20131116,いわき平,13
20131116,福井,51
20131116,平塚,35
20131116,京王閣,27
20131116,防府,63
20131117,いわき平,13
20131117,松阪,47
20131117,京王閣,27
20131117,防府,63
20131118,松阪,47
20131118,京王閣,27
20131118,いわき平,13
20131119,立川,28
20131119,岐阜,43
20131119,小倉,81
20131119,別府,86
20131119,福井,51
20131119,玉野,61
20131119,川崎,34
20131120,立川,28
20131120,岐阜,43
20131120,別府,86
20131120,福井,51
20131120,小倉,81
20131120,玉野,61
20131120,川崎,34
20131121,立川,28
20131121,玉野,61
20131121,岐阜,43
20131121,川崎,34
20131121,福井,51
20131121,別府,86
20131122,京王閣,27
20131122,伊東,37
20131122,松戸,31
20131122,高知,74
20131123,京王閣,27
20131123,伊東,37
20131123,高知,74
20131123,松戸,31
20131124,松戸,31
20131124,高知,74
20131124,伊東,37
20131124,京王閣,27
20131125,大垣,44
20131125,宇都宮,24
20131125,武雄,84
20131125,別府,86
20131125,平塚,35
20131125,岸和田,56
20131125,広島,62
20131125,大宮,25
20131126,宇都宮,24
20131126,別府,86
20131126,武雄,84
20131126,大宮,25
20131126,広島,62
20131126,平塚,35
20131126,千葉,32
20131126,岸和田,56
20131126,四日市,48
20131126,大垣,44
20131127,平塚,35
20131127,岸和田,56
20131127,武雄,84
20131127,千葉,32
20131127,別府,86
20131127,四日市,48
20131127,大垣,44
20131127,広島,62
20131127,宇都宮,24
20131127,大宮,25
20131128,千葉,32
20131128,四日市,48
20131128,小倉,81
20131128,前橋,22
20131128,いわき平,13
20131129,いわき平,13
20131129,前橋,22
20131129,小倉,81
20131130,いわき平,13
20131130,小倉,81
20131130,前橋,22
20131201,松山,75
20131201,小倉,81
20131202,松山,75
20131202,松戸,31
20131203,岐阜,43
20131203,熊本,87
20131203,松戸,31
20131203,宇都宮,24
20131203,西武園,26
20131203,松山,75
20131203,四日市,48
20131204,松戸,31
20131204,四日市,48
20131204,熊本,87
20131204,西武園,26
20131204,岐阜,43
20131204,宇都宮,24
20131205,西武園,26
20131205,川崎,34
20131205,佐世保,85
20131205,宇都宮,24
20131205,熊本,87
20131205,岐阜,43
20131205,四日市,48
20131205,福井,51
20131206,千葉,32
20131206,一宮,
20131206,福井,51
20131206,広島,62
20131206,川崎,34
20131206,京王閣,27
20131206,佐世保,85
20131206,いわき平,13
20131207,一宮,
20131207,川崎,34
20131207,京王閣,27
20131207,福井,51
20131207,広島,62
20131207,千葉,32
20131207,いわき平,13
20131207,佐世保,85
20131208,いわき平,13
20131208,一宮,
20131208,千葉,32
20131208,広島,62
20131208,京王閣,27
20131209,広島,62
20131210,武雄,84
20131210,一宮,
20131210,平塚,35
20131210,松阪,47
20131210,西武園,26
20131210,玉野,61
20131210,小倉,81
20131210,小松島,73
20131210,前橋,22
20131210,奈良,53
20131211,松阪,47
20131211,西武園,26
20131211,玉野,61
20131211,一宮,
20131211,小松島,73
20131211,奈良,53
20131211,前橋,22
20131211,武雄,84
20131211,小倉,81
20131211,平塚,35
20131212,小松島,73
20131212,玉野,61
20131212,岸和田,56
20131212,奈良,53
20131212,武雄,84
20131212,小倉,81
20131212,松阪,47
20131212,前橋,22
20131212,一宮,
20131212,平塚,35
20131212,西武園,26
20131212,静岡,38
20131213,静岡,38
20131213,取手,23
20131213,岸和田,56
20131213,佐世保,85
20131213,立川,28
20131213,川崎,34
20131213,大垣,44
20131214,取手,23
20131214,松山,75
20131214,立川,28
20131214,大垣,44
20131214,川崎,34
20131214,佐世保,85
20131214,岸和田,56
20131214,静岡,38
20131215,佐世保,85
20131215,取手,23
20131215,松山,75
20131215,立川,28
20131215,大垣,44
20131215,川崎,34
20131216,佐世保,85
20131216,松山,75
20131217,大宮,25
20131217,高知,74
20131217,いわき平,13
20131217,広島,62
20131217,小田原,36
20131217,別府,86
20131217,大垣,44
20131217,久留米,83
20131217,岸和田,56
20131217,豊橋,45
20131218,別府,86
20131218,岸和田,56
20131218,久留米,83
20131218,大宮,25
20131218,豊橋,45
20131218,広島,62
20131218,いわき平,13
20131218,大垣,44
20131218,高知,74
20131218,小田原,36
20131219,豊橋,45
20131219,高知,74
20131219,大宮,25
20131219,いわき平,13
20131219,別府,86
20131219,小田原,36
20131219,大垣,44
20131219,岸和田,56
20131219,久留米,83
20131219,広島,62
20131220,伊東,37
20131220,四日市,48
20131221,伊東,37
20131221,四日市,48
20131222,伊東,37
20131222,四日市,48
20131223,高松,71
20131223,久留米,83
20131223,大宮,25
20131223,伊東,37
20131224,高松,71
20131224,久留米,83
20131224,宇都宮,24
20131224,松阪,47
20131224,別府,86
20131224,高知,74
20131224,大宮,25
20131224,千葉,32
20131225,前橋,22
20131225,久留米,83
20131225,宇都宮,24
20131225,大宮,25
20131225,千葉,32
20131225,別府,86
20131225,静岡,38
20131225,高知,74
20131225,岐阜,43
20131225,松阪,47
20131225,和歌山,55
20131225,高松,71
20131226,千葉,32
20131226,松山,75
20131226,静岡,38
20131226,高知,74
20131226,宇都宮,24
20131226,岐阜,43
20131226,松阪,47
20131226,前橋,22
20131226,和歌山,55
20131226,別府,86
20131227,岐阜,43
20131227,前橋,22
20131227,静岡,38
20131227,小倉,81
20131227,和歌山,55
20131227,松山,75
20131228,小倉,81
20131228,立川,28
20131228,名古屋,42
20131228,松山,75
20131229,立川,28
20131229,久留米,83
20131229,和歌山,55
20131229,名古屋,42
20131229,小倉,81
20131230,和歌山,55
20131230,久留米,83
20131230,名古屋,42
20131230,立川,28
20131231,高松,71
20131231,広島,62
20131231,久留米,83
20131231,和歌山,55
20131231,千葉,32
20140101,静岡,38
20140101,一宮,
20140101,千葉,32
20140101,豊橋,45
20140101,岸和田,56
20140101,京王閣,27
20140101,広島,62
20140101,高松,71
20140101,小松島,73
20140101,宇都宮,24
20140101,小田原,36
20140101,熊本,87
20140102,岸和田,56
20140102,京王閣,27
20140102,広島,62
20140102,高松,71
20140102,小松島,73
20140102,豊橋,45
20140102,熊本,87
20140102,千葉,32
20140102,宇都宮,24
20140102,一宮,
20140102,いわき平,13
20140102,静岡,38
20140102,小倉,81
20140102,小田原,36
20140103,いわき平,13
20140103,豊橋,45
20140103,静岡,38
20140103,熊本,87
20140103,京王閣,27
20140103,小田原,36
20140103,一宮,
20140103,岸和田,56
20140103,宇都宮,24
20140103,小松島,73
20140103,小倉,81
20140104,岸和田,56
20140104,岐阜,43
20140104,武雄,84
20140104,いわき平,13
20140104,立川,28
20140104,松山,75
20140105,立川,28
20140105,松山,75
20140105,武雄,84
20140105,岸和田,56
20140105,岐阜,43
20140106,立川,28
20140106,松山,75
20140106,武雄,84
20140106,岐阜,43
20140106,岸和田,56
20140107,小倉,81
20140107,立川,28
20140108,取手,23
20140108,伊東,37
20140108,平塚,35
20140108,高知,74
20140108,名古屋,42
20140108,奈良,53
20140108,前橋,22
20140108,玉野,61
20140108,小倉,81
20140109,名古屋,42
20140109,奈良,53
20140109,小倉,81
20140109,伊東,37
20140109,玉野,61
20140109,高知,74
20140109,前橋,22
20140109,取手,23
20140109,平塚,35
20140110,前橋,22
20140110,取手,23
20140110,高知,74
20140110,久留米,83
20140110,奈良,53
20140110,名古屋,42
20140110,伊東,37
20140110,玉野,61
20140110,平塚,35
20140111,和歌山,55
20140111,松阪,47
20140111,久留米,83
20140111,西武園,26
20140111,防府,63
20140112,和歌山,55
20140112,防府,63
20140112,松阪,47
20140112,久留米,83
20140112,西武園,26
20140112,川崎,34
20140113,松阪,47
20140113,防府,63
20140113,和歌山,55
20140113,川崎,34
20140113,小倉,81
20140113,西武園,26
20140114,小倉,81
20140114,和歌山,55
20140114,川崎,34
20140115,松阪,47
20140115,小倉,81
20140115,高松,71
20140115,奈良,53
20140115,松戸,31
20140115,広島,62
20140115,宇都宮,24
20140115,大垣,44
20140116,高松,71
20140116,広島,62
20140116,奈良,53
20140116,別府,86
20140116,宇都宮,24
20140116,松阪,47
20140116,大垣,44
20140116,久留米,83
20140116,松戸,31
20140117,高松,71
20140117,広島,62
20140117,平塚,35
20140117,大垣,44
20140117,松阪,47
20140117,別府,86
20140117,奈良,53
20140117,久留米,83
20140117,松戸,31
20140117,宇都宮,24
20140118,一宮,
20140118,久留米,83
20140118,別府,86
20140118,大宮,25
20140118,小倉,81
20140118,平塚,35
20140119,大宮,25
20140119,小倉,81
20140119,松山,75
20140119,平塚,35
20140119,一宮,
20140120,一宮,
20140120,大宮,25
20140120,松山,75
20140121,川崎,34
20140121,大宮,25
20140121,松山,75
20140122,静岡,38
20140122,前橋,22
20140122,川崎,34
20140122,取手,23
20140122,大垣,44
20140123,静岡,38
20140123,取手,23
20140123,前橋,22
20140123,川崎,34
20140123,四日市,48
20140123,大垣,44
20140123,玉野,61
20140124,静岡,38
20140124,四日市,48
20140124,小倉,81
20140124,大垣,44
20140124,取手,23
20140124,玉野,61
20140124,いわき平,13
20140124,京王閣,27
20140125,小倉,81
20140125,玉野,61
20140125,京王閣,27
20140125,いわき平,13
20140125,四日市,48
20140126,京王閣,27
20140126,いわき平,13
20140126,久留米,83
20140127,久留米,83
20140127,いわき平,13
20140128,千葉,32
20140128,岸和田,56
20140128,別府,86
20140128,防府,63
20140128,西武園,26
20140128,前橋,22
20140128,久留米,83
20140128,伊東,37
20140128,名古屋,42
20140129,別府,86
20140129,伊東,37
20140129,岸和田,56
20140129,防府,63
20140129,名古屋,42
20140129,前橋,22
20140129,千葉,32
20140129,西武園,26
20140130,名古屋,42
20140130,前橋,22
20140130,千葉,32
20140130,岸和田,56
20140130,伊東,37
20140130,西武園,26
20140130,防府,63
20140130,別府,86
20140131,奈良,53
20140131,熊本,87
20140131,立川,28
20140131,四日市,48
20140131,平塚,35
20140201,平塚,35
20140201,立川,28
20140201,四日市,48
20140201,奈良,53
20140201,熊本,87
20140202,川崎,34
20140202,一宮,
20140202,平塚,35
20140202,熊本,87
20140202,奈良,53
20140202,四日市,48
20140202,立川,28
20140203,一宮,
20140203,川崎,34
20140203,松山,75
20140203,奈良,53
20140204,千葉,32
20140204,川崎,34
20140204,松山,75
20140204,小田原,36
20140204,武雄,84
20140204,取手,23
20140204,広島,62
20140204,一宮,
20140204,宇都宮,24
20140205,小田原,36
20140205,広島,62
20140205,千葉,32
20140205,小松島,73
20140205,岐阜,43
20140205,豊橋,45
20140205,松山,75
20140205,松阪,47
20140205,取手,23
20140205,熊本,87
20140205,武雄,84
20140205,宇都宮,24
20140205,大宮,25
20140206,豊橋,45
20140206,松阪,47
20140206,岐阜,43
20140206,熊本,87
20140206,武雄,84
20140206,広島,62
20140206,小田原,36
20140206,宇都宮,24
20140206,千葉,32
20140206,取手,23
20140206,大宮,25
20140206,小松島,73
20140207,伊東,37
20140207,熊本,87
20140207,小松島,73
20140207,豊橋,45
20140207,岐阜,43
20140207,大宮,25
20140207,小倉,81
20140207,松阪,47
20140208,高松,71
20140208,小倉,81
20140208,伊東,37
20140209,高松,71
20140209,小倉,81
20140209,伊東,37
20140210,高松,71
20140210,伊東,37
20140211,高松,71
20140211,前橋,22
20140212,高知,74
20140212,いわき平,13
20140212,大垣,44
20140212,西武園,26
20140212,豊橋,45
20140212,奈良,53
20140212,前橋,22
20140212,和歌山,55
20140212,防府,63
20140212,小倉,81
20140212,宇都宮,24
20140212,高松,71
20140213,西武園,26
20140213,奈良,53
20140213,豊橋,45
20140213,和歌山,55
20140213,小倉,81
20140213,高知,74
20140213,いわき平,13
20140213,宇都宮,24
20140213,佐世保,85
20140213,防府,63
20140213,大垣,44
20140214,佐世保,85
20140214,高知,74
20140214,和歌山,55
20140214,奈良,53
20140214,防府,63
20140214,小倉,81
20140214,宇都宮,24
20140214,西武園,26
20140214,豊橋,45
20140214,大垣,44
20140214,いわき平,13
20140215,佐世保,85
20140215,松山,75
20140215,前橋,22
20140215,和歌山,55
20140215,小田原,36
20140215,奈良,53
20140215,四日市,48
20140215,西武園,26
20140216,四日市,48
20140216,前橋,22
20140216,松山,75
20140216,大宮,25
20140216,小田原,36
20140217,前橋,22
20140217,小田原,36
20140217,大宮,25
20140217,四日市,48
20140217,松山,75
20140218,大宮,25
20140218,四日市,48
20140218,前橋,22
20140219,千葉,32
20140219,高知,74
20140219,玉野,61
20140219,いわき平,13
20140219,平塚,35
20140219,久留米,83
20140219,京王閣,27
20140219,広島,62
20140219,豊橋,45
20140219,和歌山,55
20140219,別府,86
20140220,千葉,32
20140220,京王閣,27
20140220,平塚,35
20140220,高知,74
20140220,久留米,83
20140220,玉野,61
20140220,和歌山,55
20140220,佐世保,85
20140220,別府,86
20140220,いわき平,13
20140220,豊橋,45
20140220,広島,62
20140221,久留米,83
20140221,佐世保,85
20140221,別府,86
20140221,いわき平,13
20140221,高知,74
20140221,豊橋,45
20140221,平塚,35
20140221,玉野,61
20140221,広島,62
20140221,千葉,32
20140221,和歌山,55
20140221,京王閣,27
20140222,名古屋,42
20140222,静岡,38
20140222,佐世保,85
20140222,取手,23
20140223,取手,23
20140223,静岡,38
20140223,松山,75
20140223,名古屋,42
20140224,取手,23
20140224,静岡,38
20140224,松山,75
20140224,名古屋,42
20140225,松山,75
20140225,静岡,38
20140225,西武園,26
20140226,四日市,48
20140226,名古屋,42
20140226,西武園,26
20140226,松戸,31
20140227,名古屋,42
20140227,伊東,37
20140227,小倉,81
20140227,西武園,26
20140227,四日市,48
20140227,松戸,31
20140228,名古屋,42
20140228,伊東,37
20140228,四日市,48
20140228,玉野,61
20140228,佐世保,85
20140228,小倉,81
20140228,松戸,31
20140301,伊東,37
20140301,佐世保,85
20140301,松阪,47
20140301,久留米,83
20140301,玉野,61
20140302,松阪,47
20140302,佐世保,85
20140302,久留米,83
20140302,静岡,38
20140302,玉野,61
20140303,奈良,53
20140303,松阪,47
20140303,久留米,83
20140303,静岡,38
20140303,玉野,61
20140303,いわき平,13
20140304,四日市,48
20140304,静岡,38
20140304,熊本,87
20140304,奈良,53
20140304,和歌山,55
20140304,立川,28
20140304,いわき平,13
20140304,千葉,32
20140304,武雄,84
20140305,いわき平,13
20140305,四日市,48
20140305,奈良,53
20140305,熊本,87
20140305,千葉,32
20140305,立川,28
20140305,和歌山,55
20140305,武雄,84
20140306,小田原,36
20140306,熊本,87
20140306,千葉,32
20140306,和歌山,55
20140306,四日市,48
20140306,前橋,22
20140306,松山,75
20140306,立川,28
20140306,武雄,84
20140307,小田原,36
20140307,前橋,22
20140307,松山,75
20140308,一宮,
20140308,前橋,22
20140308,小倉,81
20140308,奈良,53
20140308,松山,75
20140308,小田原,36
20140309,大宮,25
20140309,松山,75
20140309,小倉,81
20140309,一宮,
20140309,奈良,53
20140309,伊東,37
20140310,一宮,
20140310,伊東,37
20140310,奈良,53
20140310,高知,74
20140310,大宮,25
20140310,小倉,81
20140311,大宮,25
20140311,伊東,37
20140311,高松,71
20140311,高知,74
20140311,京王閣,27
20140311,平塚,35
20140311,岐阜,43
20140312,岐阜,43
20140312,高松,71
20140312,高知,74
20140312,武雄,84
20140312,前橋,22
20140312,平塚,35
20140312,京王閣,27
20140313,平塚,35
20140313,高松,71
20140313,京王閣,27
20140313,前橋,22
20140313,武雄,84
20140313,岐阜,43
20140314,千葉,32
20140314,一宮,
20140314,取手,23
20140314,武雄,84
20140314,宇都宮,24
20140314,松阪,47
20140315,福井,51
20140315,和歌山,55
20140315,松阪,47
20140315,千葉,32
20140315,一宮,
20140315,取手,23
20140315,玉野,61
20140315,小松島,73
20140315,久留米,83
20140315,宇都宮,24
20140315,佐世保,85
20140316,和歌山,55
20140316,小松島,73
20140316,久留米,83
20140316,宇都宮,24
20140316,取手,23
20140316,千葉,32
20140316,玉野,61
20140316,佐世保,85
20140316,福井,51
20140316,松阪,47
20140316,一宮,
20140317,小松島,73
20140317,佐世保,85
20140317,玉野,61
20140317,福井,51
20140317,久留米,83
20140317,小倉,81
20140317,和歌山,55
20140318,名古屋,42
20140318,松戸,31
20140318,小倉,81
20140319,名古屋,42
20140319,松戸,31
20140320,松戸,31
20140320,名古屋,42
20140321,名古屋,42
20140321,京王閣,27
20140322,京王閣,27
20140322,名古屋,42
20140323,京王閣,27
20140323,名古屋,42
20140324,西武園,26
20140324,小松島,73
20140324,大垣,44
20140324,豊橋,45
20140324,いわき平,13
20140324,熊本,87
20140324,防府,63
20140324,松戸,31
20140325,豊橋,45
20140325,松戸,31
20140325,岸和田,56
20140325,玉野,61
20140325,西武園,26
20140325,小松島,73
20140325,いわき平,13
20140325,熊本,87
20140325,大垣,44
20140325,防府,63
20140326,松戸,31
20140326,岸和田,56
20140326,西武園,26
20140326,大垣,44
20140326,防府,63
20140326,玉野,61
20140326,いわき平,13
20140326,豊橋,45
20140326,熊本,87
20140326,小松島,73
20140327,玉野,61
20140327,岸和田,56
20140327,松山,75
20140328,佐世保,85
20140328,岐阜,43
20140328,福井,51
20140328,松山,75
20140329,佐世保,85
20140329,豊橋,45
20140329,立川,28
20140329,岐阜,43
20140329,松山,75
20140329,前橋,22
20140329,福井,51
20140329,平塚,35
20140329,岸和田,56
20140330,佐世保,85
20140330,平塚,35
20140330,岸和田,56
20140330,福井,51
20140330,立川,28
20140330,豊橋,45
20140330,岐阜,43
20140330,前橋,22
20140331,立川,28
20140331,岸和田,56
20140331,前橋,22
20140331,豊橋,45
20140331,平塚,35
20140401,岸和田,56
20140401,立川,28
20140402,防府,63
20140402,大垣,44
20140402,岸和田,56
20140402,玉野,61
20140402,久留米,83
20140402,豊橋,45
20140402,立川,28
20140403,防府,63
20140403,立川,28
20140403,豊橋,45
20140403,大垣,44
20140403,玉野,61
20140403,武雄,84
20140403,岸和田,56
20140403,久留米,83
20140404,大垣,44
20140404,豊橋,45
20140404,福井,51
20140404,防府,63
20140404,静岡,38
20140404,武雄,84
20140404,玉野,61
20140404,久留米,83
20140405,福井,51
20140405,松山,75
20140405,西武園,26
20140405,四日市,48
20140405,武雄,84
20140405,静岡,38
20140406,松山,75
20140406,西武園,26
20140406,福井,51
20140406,四日市,48
20140406,いわき平,13
20140406,静岡,38
20140407,西武園,26
20140407,千葉,32
20140407,松山,75
20140407,四日市,48
20140407,いわき平,13
20140408,いわき平,13
20140408,千葉,32
20140408,西武園,26
20140409,千葉,32
20140409,小田原,36
20140409,高松,71
20140409,防府,63
20140409,宇都宮,24
20140409,豊橋,45
20140409,名古屋,42
20140409,取手,23
20140409,別府,86
20140409,熊本,87
20140409,福井,51
20140410,福井,51
20140410,防府,63
20140410,名古屋,42
20140410,高松,71
20140410,豊橋,45
20140410,小倉,81
20140410,小田原,36
20140410,別府,86
20140410,函館,11
20140410,取手,23
20140410,宇都宮,24
20140410,熊本,87
20140411,小倉,81
20140411,別府,86
20140411,豊橋,45
20140411,取手,23
20140411,宇都宮,24
20140411,名古屋,42
20140411,熊本,87
20140411,防府,63
20140411,高松,71
20140411,福井,51
20140411,函館,11
20140411,小田原,36
20140412,函館,11
20140412,高知,74
20140412,千葉,32
20140412,前橋,22
20140412,小倉,81
20140413,いわき平,13
20140413,久留米,83
20140413,千葉,32
20140413,高知,74
20140413,前橋,22
20140414,弥彦,21
20140414,高知,74
20140414,伊東,37
20140414,千葉,32
20140414,前橋,22
20140414,いわき平,13
20140414,久留米,83
20140415,久留米,83
20140415,高知,74
20140415,いわき平,13
20140415,伊東,37
20140415,弥彦,21
20140416,前橋,22
20140416,弥彦,21
20140416,奈良,53
20140416,伊東,37
20140416,岐阜,43
20140416,平塚,35
20140416,玉野,61
20140417,奈良,53
20140417,平塚,35
20140417,岐阜,43
20140417,玉野,61
20140417,前橋,22
20140417,立川,28
20140417,武雄,84
20140418,奈良,53
20140418,玉野,61
20140418,前橋,22
20140418,岐阜,43
20140418,平塚,35
20140418,武雄,84
20140418,立川,28
20140419,武雄,84
20140419,立川,28
20140419,函館,11
20140420,青森,12
20140420,函館,11
20140420,武雄,84
20140420,川崎,34
20140420,広島,62
20140421,豊橋,45
20140421,大宮,25
20140421,川崎,34
20140421,函館,11
20140421,青森,12
20140421,広島,62
20140422,川崎,34
20140422,青森,12
20140422,大宮,25
20140422,豊橋,45
20140422,広島,62
20140423,弥彦,21
20140423,大宮,25
20140423,名古屋,42
20140423,豊橋,45
20140423,佐世保,85
20140423,宇都宮,24
20140423,和歌山,55
20140423,松戸,31
20140423,高知,74
20140424,弥彦,21
20140424,前橋,22
20140424,高知,74
20140424,福井,51
20140424,宇都宮,24
20140424,名古屋,42
20140424,佐世保,85
20140424,和歌山,55
20140424,松戸,31
20140425,佐世保,85
20140425,福井,51
20140425,前橋,22
20140425,松戸,31
20140425,和歌山,55
20140425,高知,74
20140425,宇都宮,24
20140425,弥彦,21
20140425,名古屋,42
20140426,小倉,81
20140426,京王閣,27
20140426,伊東,37
20140426,前橋,22
20140426,福井,51
20140427,伊東,37
20140427,京王閣,27
20140427,小倉,81
20140428,伊東,37
20140428,京王閣,27
20140428,小倉,81
20140429,函館,11
20140429,伊東,37
20140430,函館,11
20140430,熊本,87
20140430,大垣,44
20140430,松阪,47
20140430,広島,62
20140430,西武園,26
20140501,西武園,26
20140501,函館,11
20140501,松阪,47
20140501,松山,75
20140501,大垣,44
20140501,熊本,87
20140501,広島,62
20140502,西武園,26
20140502,松山,75
20140502,佐世保,85
20140502,熊本,87
20140502,広島,62
20140502,青森,12
20140502,大垣,44
20140502,松阪,47
20140503,高知,74
20140503,佐世保,85
20140503,青森,12
20140503,松山,75
20140503,京王閣,27
20140503,平塚,35
20140504,平塚,35
20140504,高知,74
20140504,京王閣,27
20140504,大宮,25
20140504,小倉,81
20140504,佐世保,85
20140504,青森,12
20140505,高知,74
20140505,平塚,35
20140505,前橋,22
20140505,京王閣,27
20140505,岐阜,43
20140505,小倉,81
20140505,大宮,25
20140506,平塚,35
20140506,岐阜,43
20140506,小倉,81
20140506,大宮,25
20140506,前橋,22
20140507,前橋,22
20140507,函館,11
20140507,立川,28
20140507,岐阜,43
20140508,取手,23
20140508,函館,11
20140508,立川,28
20140508,松阪,47
20140508,武雄,84
20140509,立川,28
20140509,静岡,38
20140509,松阪,47
20140509,武雄,84
20140509,函館,11
20140509,奈良,53
20140509,取手,23
20140510,取手,23
20140510,武雄,84
20140510,いわき平,13
20140510,玉野,61
20140510,静岡,38
20140510,松阪,47
20140510,奈良,53
20140511,玉野,61
20140511,静岡,38
20140511,奈良,53
20140511,いわき平,13
20140511,松阪,47
20140512,名古屋,42
20140512,玉野,61
20140512,千葉,32
20140512,和歌山,55
20140512,いわき平,13
20140512,小田原,36
20140513,千葉,32
20140513,和歌山,55
20140513,四日市,48
20140513,小田原,36
20140513,名古屋,42
20140514,名古屋,42
20140514,和歌山,55
20140514,小田原,36
20140514,千葉,32
20140514,四日市,48
20140514,宇都宮,24
20140514,西武園,26
20140514,高知,74
20140514,武雄,84
20140515,四日市,48
20140515,宇都宮,24
20140515,西武園,26
20140515,高知,74
20140515,武雄,84
20140516,小倉,81
20140516,福井,51
20140516,宇都宮,24
20140516,青森,12
20140516,西武園,26
20140516,高知,74
20140516,川崎,34
20140516,岸和田,56
20140516,武雄,84
20140517,小倉,81
20140517,岸和田,56
20140517,取手,23
20140517,青森,12
20140517,福井,51
20140517,川崎,34
20140518,福井,51
20140518,取手,23
20140518,青森,12
20140518,小倉,81
20140518,川崎,34
20140518,岸和田,56
20140519,熊本,87
20140519,奈良,53
20140519,豊橋,45
20140519,大垣,44
20140519,松戸,31
20140519,立川,28
20140520,豊橋,45
20140520,大垣,44
20140520,松戸,31
20140520,奈良,53
20140520,熊本,87
20140520,立川,28
20140521,松戸,31
20140521,立川,28
20140521,大宮,25
20140521,高松,71
20140521,青森,12
20140521,奈良,53
20140521,熊本,87
20140521,豊橋,45
20140521,大垣,44
20140521,和歌山,55
20140522,大宮,25
20140522,高松,71
20140522,前橋,22
20140522,いわき平,13
20140522,和歌山,55
20140522,青森,12
20140523,京王閣,27
20140523,前橋,22
20140523,和歌山,55
20140523,大宮,25
20140523,伊東,37
20140523,青森,12
20140523,高松,71
20140523,いわき平,13
20140524,小松島,73
20140524,いわき平,13
20140524,伊東,37
20140524,京王閣,27
20140524,別府,86
20140524,前橋,22
20140525,京王閣,27
20140525,別府,86
20140525,伊東,37
20140525,小松島,73
20140526,弥彦,21
20140526,別府,86
20140526,松戸,31
20140526,小松島,73
20140527,弥彦,21
20140527,別府,86
20140527,松戸,31
20140528,松戸,31
20140528,弥彦,21
20140529,青森,12
20140529,佐世保,85
20140529,名古屋,42
20140529,川崎,34
20140529,松山,75
20140530,名古屋,42
20140530,川崎,34
20140530,青森,12
20140530,佐世保,85
20140530,松山,75
20140531,佐世保,85
20140531,岸和田,56
20140531,川崎,34
20140531,名古屋,42
20140531,松山,75
20140531,青森,12
20140601,岸和田,56
20140601,弥彦,21
20140601,川崎,34
20140602,小松島,73
20140602,平塚,35
20140602,弥彦,21
20140602,千葉,32
20140602,松阪,47
20140602,取手,23
20140602,武雄,84
20140602,福井,51
20140602,岐阜,43
20140602,岸和田,56
20140602,熊本,87
20140602,玉野,61
20140603,松阪,47
20140603,玉野,61
20140603,千葉,32
20140603,弥彦,21
20140603,岐阜,43
20140603,小松島,73
20140603,いわき平,13
20140603,熊本,87
20140603,取手,23
20140603,武雄,84
20140603,平塚,35
20140603,福井,51
20140604,小松島,73
20140604,取手,23
20140604,福井,51
20140604,玉野,61
20140604,いわき平,13
20140604,千葉,32
20140604,平塚,35
20140604,岐阜,43
20140604,武雄,84
20140604,熊本,87
20140604,松阪,47
20140605,いわき平,13
20140605,川崎,34
20140605,青森,12
20140606,松山,75
20140606,青森,12
20140606,川崎,34
20140607,川崎,34
20140607,福井,51
20140607,青森,12
20140607,松山,75
20140608,福井,51
20140608,弥彦,21
20140608,松山,75
20140608,川崎,34
20140609,前橋,22
20140609,小倉,81
20140609,高松,71
20140609,広島,62
20140609,弥彦,21
20140609,奈良,53
20140609,久留米,83
20140609,西武園,26
20140609,大垣,44
20140609,伊東,37
20140609,福井,51
20140610,久留米,83
20140610,小倉,81
20140610,大垣,44
20140610,伊東,37
20140610,広島,62
20140610,弥彦,21
20140610,奈良,53
20140610,高松,71
20140610,前橋,22
20140610,西武園,26
20140611,前橋,22
20140611,広島,62
20140611,奈良,53
20140611,大垣,44
20140611,久留米,83
20140611,小倉,81
20140611,高松,71
20140611,松戸,31
20140611,西武園,26
20140611,伊東,37
20140612,青森,12
20140612,函館,11
20140612,宇都宮,24
20140612,松戸,31
20140613,函館,11
20140613,宇都宮,24
20140613,松戸,31
20140613,青森,12
20140614,四日市,48
20140614,青森,12
20140614,宇都宮,24
20140614,函館,11
20140615,四日市,48
20140615,宇都宮,24
20140616,四日市,48
20140616,大宮,25
20140616,武雄,84
20140616,高知,74
20140616,奈良,53
20140617,大宮,25
20140617,武雄,84
20140617,京王閣,27
20140617,小田原,36
20140617,奈良,53
20140617,高知,74
20140618,名古屋,42
20140618,高知,74
20140618,京王閣,27
20140618,富山,46
20140618,奈良,53
20140618,青森,12
20140618,武雄,84
20140618,大宮,25
20140618,小田原,36
20140618,松山,75
20140619,福井,51
20140619,高松,71
20140619,京王閣,27
20140619,前橋,22
20140619,静岡,38
20140619,松山,75
20140619,名古屋,42
20140619,富山,46
20140619,小田原,36
20140619,青森,12
20140620,静岡,38
20140620,名古屋,42
20140620,高松,71
20140620,松戸,31
20140620,松山,75
20140620,前橋,22
20140620,富山,46
20140620,福井,51
20140620,立川,28
20140620,青森,12
20140621,久留米,83
20140621,前橋,22
20140621,高松,71
20140621,松戸,31
20140621,立川,28
20140621,静岡,38
20140621,福井,51
20140622,久留米,83
20140622,松戸,31
20140622,立川,28
20140623,久留米,83
20140623,大宮,25
20140623,函館,11
20140624,久留米,83
20140624,函館,11
20140624,大宮,25
20140625,大宮,25
20140625,静岡,38
20140625,函館,11
20140625,佐世保,85
20140625,青森,12
20140626,防府,63
20140626,岐阜,43
20140626,佐世保,85
20140626,青森,12
20140626,静岡,38
20140626,取手,23
20140626,平塚,35
20140627,平塚,35
20140627,静岡,38
20140627,青森,12
20140627,岐阜,43
20140627,佐世保,85
20140627,防府,63
20140627,取手,23
20140628,平塚,35
20140628,岐阜,43
20140628,防府,63
20140628,取手,23
20140629,取手,23
20140629,小倉,81
20140630,別府,86
20140630,広島,62
20140630,名古屋,42
20140630,小倉,81
20140630,青森,12
20140630,四日市,48
20140630,伊東,37
20140630,岸和田,56
20140630,宇都宮,24
20140701,伊東,37
20140701,名古屋,42
20140701,四日市,48
20140701,青森,12
20140701,広島,62
20140701,岸和田,56
20140701,宇都宮,24
20140701,小倉,81
20140701,別府,86
20140702,別府,86
20140702,宇都宮,24
20140702,伊東,37
20140702,函館,11
20140702,名古屋,42
20140702,広島,62
20140702,四日市,48
20140702,青森,12
20140702,岸和田,56
20140703,小松島,73
20140703,弥彦,21
20140703,京王閣,27
20140703,函館,11
20140704,和歌山,55
20140704,小松島,73
20140704,京王閣,27
20140704,豊橋,45
20140704,小田原,36
20140704,弥彦,21
20140704,函館,11
20140705,小倉,81
20140705,小田原,36
20140705,京王閣,27
20140705,弥彦,21
20140705,小松島,73
20140705,和歌山,55
20140705,豊橋,45
20140706,小田原,36
20140706,豊橋,45
20140706,和歌山,55
20140706,小松島,73
20140706,小倉,81
20140707,千葉,32
20140707,玉野,61
20140707,小倉,81
20140707,名古屋,42
20140707,取手,23
20140708,千葉,32
20140708,名古屋,42
20140708,玉野,61
20140708,取手,23
20140708,函館,11
20140709,玉野,61
20140709,名古屋,42
20140709,函館,11
20140709,千葉,32
20140709,取手,23
20140710,函館,11
20140710,青森,12
20140710,松山,75
20140710,立川,28
20140710,福井,51
20140711,福井,51
20140711,立川,28
20140711,熊本,87
20140711,川崎,34
20140711,松山,75
20140711,青森,12
20140712,静岡,38
20140712,松山,75
20140712,青森,12
20140712,川崎,34
20140712,立川,28
20140712,熊本,87
20140712,福井,51
20140713,松阪,47
20140713,福井,51
20140713,熊本,87
20140713,川崎,34
20140713,静岡,38
20140714,前橋,22
20140714,松阪,47
20140714,岐阜,43
20140714,大宮,25
20140714,静岡,38
20140714,高松,71
20140714,武雄,84
20140714,小松島,73
20140715,高松,71
20140715,小松島,73
20140715,いわき平,13
20140715,松阪,47
20140715,大宮,25
20140715,熊本,87
20140715,前橋,22
20140715,岐阜,43
20140715,小田原,36
20140715,武雄,84
20140716,高松,71
20140716,前橋,22
20140716,大宮,25
20140716,熊本,87
20140716,小田原,36
20140716,いわき平,13
20140716,小松島,73
20140716,武雄,84
20140716,岐阜,43
20140717,いわき平,13
20140717,小田原,36
20140717,熊本,87
20140717,前橋,22
20140718,川崎,34
20140718,弥彦,21
20140718,青森,12
20140719,青森,12
20140719,川崎,34
20140719,弥彦,21
20140720,青森,12
20140720,川崎,34
20140720,弥彦,21
20140721,松戸,31
20140721,弥彦,21
20140722,防府,63
20140722,玉野,61
20140722,宇都宮,24
20140722,伊東,37
20140722,立川,28
20140722,松戸,31
20140723,伊東,37
20140723,防府,63
20140723,宇都宮,24
20140723,松戸,31
20140723,玉野,61
20140723,立川,28
20140723,佐世保,85
20140723,岸和田,56
20140723,富山,46
20140724,立川,28
20140724,宇都宮,24
20140724,佐世保,85
20140724,別府,86
20140724,大垣,44
20140724,伊東,37
20140724,岸和田,56
20140724,防府,63
20140724,玉野,61
20140724,富山,46
20140725,富山,46
20140725,佐世保,85
20140725,大垣,44
20140725,別府,86
20140725,岸和田,56
20140725,西武園,26
20140725,奈良,53
20140725,平塚,35
20140726,西武園,26
20140726,奈良,53
20140726,別府,86
20140726,高知,74
20140726,函館,11
20140726,大垣,44
20140726,平塚,35
20140727,奈良,53
20140727,平塚,35
20140727,高知,74
20140727,西武園,26
20140727,函館,11
20140728,高知,74
20140728,松阪,47
20140728,京王閣,27
20140728,函館,11
20140729,函館,11
20140729,京王閣,27
20140729,松阪,47
20140730,京王閣,27
20140730,松阪,47
20140731,熊本,87
20140731,前橋,22
20140801,前橋,22
20140801,小松島,73
20140801,熊本,87
20140801,弥彦,21
20140801,川崎,34
20140802,川崎,34
20140802,前橋,22
20140802,小松島,73
20140802,弥彦,21
20140802,熊本,87
20140803,川崎,34
20140803,小松島,73
20140803,弥彦,21
20140804,平塚,35
20140804,大垣,44
20140804,宇都宮,24
20140804,和歌山,55
20140804,西武園,26
20140804,千葉,32
20140804,武雄,84
20140805,西武園,26
20140805,千葉,32
20140805,函館,11
20140805,宇都宮,24
20140805,平塚,35
20140805,武雄,84
20140805,大垣,44
20140805,和歌山,55
20140806,武雄,84
20140806,宇都宮,24
20140806,西武園,26
20140806,平塚,35
20140806,函館,11
20140806,千葉,32
20140806,和歌山,55
20140806,大垣,44
20140807,函館,11
20140807,玉野,61
20140808,弥彦,21
20140808,玉野,61
20140808,松戸,31
20140808,静岡,38
20140809,玉野,61
20140809,松戸,31
20140809,弥彦,21
20140809,小倉,81
20140809,静岡,38
20140810,弥彦,21
20140810,岸和田,56
20140810,小倉,81
20140810,静岡,38
20140810,松阪,47
20140810,豊橋,45
20140811,岸和田,56
20140811,高松,71
20140811,熊本,87
20140811,名古屋,42
20140811,小倉,81
20140811,千葉,32
20140811,豊橋,45
20140811,松阪,47
20140811,取手,23
20140811,いわき平,13
20140811,青森,12
20140811,前橋,22
20140812,高松,71
20140812,熊本,87
20140812,取手,23
20140812,豊橋,45
20140812,松阪,47
20140812,名古屋,42
20140812,青森,12
20140812,岸和田,56
20140812,千葉,32
20140812,いわき平,13
20140812,前橋,22
20140813,名古屋,42
20140813,松阪,47
20140813,青森,12
20140813,岸和田,56
20140813,いわき平,13
20140813,取手,23
20140813,前橋,22
20140813,高松,71
20140813,千葉,32
20140813,熊本,87
20140814,小田原,36
20140814,防府,63
20140814,京王閣,27
20140815,小倉,81
20140815,防府,63
20140815,小田原,36
20140815,大宮,25
20140815,京王閣,27
20140816,小倉,81
20140816,奈良,53
20140816,小田原,36
20140816,京王閣,27
20140816,防府,63
20140816,大宮,25
20140817,小田原,36
20140817,函館,11
20140817,奈良,53
20140817,別府,86
20140817,小倉,81
20140817,大宮,25
20140817,松阪,47
20140818,立川,28
20140818,岸和田,56
20140818,奈良,53
20140818,小松島,73
20140818,別府,86
20140818,松阪,47
20140818,大垣,44
20140818,函館,11
20140818,佐世保,85
20140819,立川,28
20140819,大垣,44
20140819,小松島,73
20140819,岸和田,56
20140819,佐世保,85
20140819,平塚,35
20140819,松阪,47
20140819,別府,86
20140819,函館,11
20140820,平塚,35
20140820,佐世保,85
20140820,大垣,44
20140820,立川,28
20140820,小松島,73
20140820,岸和田,56
20140821,広島,62
20140821,前橋,22
20140821,平塚,35
20140821,豊橋,45
20140821,小倉,81
20140822,豊橋,45
20140822,広島,62
20140822,小倉,81
20140822,前橋,22
20140823,前橋,22
20140823,松戸,31
20140823,小倉,81
20140823,広島,62
20140823,岸和田,56
20140823,豊橋,45
20140824,松戸,31
20140824,豊橋,45
20140824,弥彦,21
20140824,岸和田,56
20140825,岐阜,43
20140825,松戸,31
20140825,伊東,37
20140825,佐世保,85
20140825,青森,12
20140825,岸和田,56
20140825,高知,74
20140825,福井,51
20140825,弥彦,21
20140826,佐世保,85
20140826,福井,51
20140826,弥彦,21
20140826,伊東,37
20140826,高知,74
20140826,青森,12
20140826,岐阜,43
20140827,福井,51
20140827,松山,75
20140827,高知,74
20140827,佐世保,85
20140827,青森,12
20140827,岐阜,43
20140827,伊東,37
20140828,松山,75
20140828,別府,86
20140828,富山,46
20140829,別府,86
20140829,高松,71
20140829,富山,46
20140829,松山,75
20140830,函館,11
20140830,高松,71
20140830,静岡,38
20140830,西武園,26
20140830,富山,46
20140830,別府,86
20140831,高松,71
20140831,函館,11
20140831,富山,46
20140831,静岡,38
20140831,西武園,26
20140901,静岡,38
20140901,名古屋,42
20140901,豊橋,45
20140901,岸和田,56
20140901,広島,62
20140901,西武園,26
20140901,武雄,84
20140901,函館,11
20140902,豊橋,45
20140902,名古屋,42
20140902,平塚,35
20140902,武雄,84
20140902,岸和田,56
20140902,立川,28
20140902,広島,62
20140902,高知,74
20140903,岸和田,56
20140903,青森,12
20140903,武雄,84
20140903,平塚,35
20140903,豊橋,45
20140903,広島,62
20140903,高知,74
20140903,立川,28
20140903,名古屋,42
20140904,立川,28
20140904,平塚,35
20140904,高知,74
20140904,青森,12
20140905,弥彦,21
20140905,別府,86
20140905,伊東,37
20140905,松阪,47
20140905,福井,51
20140905,青森,12
20140905,取手,23
20140905,函館,11
20140906,伊東,37
20140906,松阪,47
20140906,福井,51
20140906,宇都宮,24
20140906,弥彦,21
20140906,別府,86
20140906,取手,23
20140906,函館,11
20140907,弥彦,21
20140907,松阪,47
20140907,福井,51
20140907,別府,86
20140907,函館,11
20140907,伊東,37
20140907,宇都宮,24
20140907,取手,23
20140908,佐世保,85
20140908,宇都宮,24
20140908,小松島,73
20140908,防府,63
20140908,大垣,44
20140908,松戸,31
20140909,大垣,44
20140909,松戸,31
20140909,佐世保,85
20140909,防府,63
20140909,小松島,73
20140910,松戸,31
20140910,大垣,44
20140910,佐世保,85
20140910,小松島,73
20140910,いわき平,13
20140910,青森,12
20140910,防府,63
20140911,いわき平,13
20140911,前橋,22
20140911,青森,12
20140912,青森,12
20140912,いわき平,13
20140912,前橋,22
20140912,四日市,48
20140913,小倉,81
20140913,四日市,48
20140913,前橋,22
20140914,小倉,81
20140914,前橋,22
20140914,四日市,48
20140915,小倉,81
20140915,前橋,22
20140915,函館,11
20140916,奈良,53
20140916,富山,46
20140916,別府,86
20140916,福井,51
20140916,弥彦,21
20140916,取手,23
20140916,西武園,26
20140916,函館,11
20140917,富山,46
20140917,別府,86
20140917,西武園,26
20140917,福井,51
20140917,取手,23
20140917,奈良,53
20140917,広島,62
20140917,弥彦,21
20140917,千葉,32
20140917,函館,11
20140917,小田原,36
20140918,千葉,32
20140918,福井,51
20140918,広島,62
20140918,奈良,53
20140918,取手,23
20140918,西武園,26
20140918,富山,46
20140918,弥彦,21
20140918,小田原,36
20140918,別府,86
20140919,広島,62
20140919,和歌山,55
20140919,小田原,36
20140919,玉野,61
20140919,千葉,32
20140919,静岡,38
20140920,京王閣,27
20140920,静岡,38
20140920,和歌山,55
20140920,岐阜,43
20140920,玉野,61
20140920,函館,11
20140921,静岡,38
20140921,岐阜,43
20140921,函館,11
20140921,京王閣,27
20140921,玉野,61
20140921,和歌山,55
20140922,京王閣,27
20140922,岐阜,43
20140922,函館,11
20140923,小倉,81
20140923,岐阜,43
20140924,千葉,32
20140924,小倉,81
20140924,富山,46
20140924,弥彦,21
20140924,高松,71
20140924,和歌山,55
20140924,高知,74
20140924,別府,86
20140925,別府,86
20140925,弥彦,21
20140925,四日市,48
20140925,小倉,81
20140925,富山,46
20140925,千葉,32
20140925,高知,74
20140925,佐世保,85
20140925,和歌山,55
20140925,高松,71
20140925,大宮,25
20140926,佐世保,85
20140926,大宮,25
20140926,弥彦,21
20140926,高松,71
20140926,小田原,36
20140926,富山,46
20140926,千葉,32
20140926,高知,74
20140926,四日市,48
20140926,別府,86
20140926,和歌山,55
20140927,四日市,48
20140927,青森,12
20140927,大宮,25
20140927,防府,63
20140927,小田原,36
20140927,佐世保,85
20140928,小田原,36
20140928,青森,12
20140928,川崎,34
20140928,防府,63
20140928,小倉,81
20140929,防府,63
20140929,小倉,81
20140929,川崎,34
20140929,青森,12
20140930,川崎,34
20140930,青森,12
20140930,小倉,81
20141001,立川,28
20141001,静岡,38
20141002,川崎,34
20141002,静岡,38
20141002,防府,63
20141002,大垣,44
20141002,佐世保,85
20141002,立川,28
20141003,佐世保,85
20141003,静岡,38
20141003,立川,28
20141003,大垣,44
20141003,川崎,34
20141003,防府,63
20141004,防府,63
20141004,大垣,44
20141004,川崎,34
20141004,佐世保,85
20141004,和歌山,55
20141005,大宮,25
20141005,松戸,31
20141005,大垣,44
20141005,和歌山,55
20141006,高松,71
20141006,大宮,25
20141006,名古屋,42
20141006,松戸,31
20141006,和歌山,55
20141006,武雄,84
20141006,豊橋,45
20141006,奈良,53
20141006,青森,12
20141007,武雄,84
20141007,青森,12
20141007,松戸,31
20141007,奈良,53
20141007,名古屋,42
20141007,高松,71
20141007,豊橋,45
20141007,大宮,25
20141008,高松,71
20141008,青森,12
20141008,静岡,38
20141008,豊橋,45
20141008,高知,74
20141008,函館,11
20141008,奈良,53
20141008,名古屋,42
20141008,弥彦,21
20141008,武雄,84
20141008,大宮,25
20141009,高知,74
20141009,豊橋,45
20141009,静岡,38
20141009,名古屋,42
20141009,函館,11
20141009,弥彦,21
20141010,小倉,81
20141010,松阪,47
20141010,函館,11
20141010,弥彦,21
20141010,高知,74
20141010,静岡,38
20141011,高松,71
20141011,青森,12
20141011,熊本,87
20141011,立川,28
20141011,小倉,81
20141011,平塚,35
20141011,松阪,47
20141012,高松,71
20141012,熊本,87
20141012,松阪,47
20141012,平塚,35
20141012,青森,12
20141012,立川,28
20141012,小倉,81
20141013,熊本,87
20141013,高松,71
20141013,青森,12
20141013,立川,28
20141013,平塚,35
20141014,熊本,87
20141014,高松,71
20141015,広島,62
20141015,熊本,87
20141015,宇都宮,24
20141015,小倉,81
20141015,豊橋,45
20141015,青森,12
20141015,小田原,36
20141015,玉野,61
20141015,福井,51
20141016,福井,51
20141016,青森,12
20141016,宇都宮,24
20141016,玉野,61
20141016,小倉,81
20141016,名古屋,42
20141016,小田原,36
20141016,広島,62
20141016,豊橋,45
20141017,福井,51
20141017,玉野,61
20141017,広島,62
20141017,豊橋,45
20141017,名古屋,42
20141017,青森,12
20141017,小田原,36
20141017,小倉,81
20141017,宇都宮,24
20141018,小松島,73
20141018,名古屋,42
20141018,武雄,84
20141018,千葉,32
20141018,前橋,22
20141018,函館,11
20141019,函館,11
20141019,小松島,73
20141019,武雄,84
20141019,千葉,32
20141019,前橋,22
20141020,武雄,84
20141020,小松島,73
20141020,千葉,32
20141020,函館,11
20141020,前橋,22
20141021,京王閣,27
20141021,千葉,32
20141022,佐世保,85
20141022,岸和田,56
20141022,玉野,61
20141022,伊東,37
20141022,京王閣,27
20141022,富山,46
20141022,青森,12
20141022,岐阜,43
20141023,伊東,37
20141023,岐阜,43
20141023,熊本,87
20141023,富山,46
20141023,玉野,61
20141023,取手,23
20141023,平塚,35
20141023,岸和田,56
20141023,京王閣,27
20141023,佐世保,85
20141023,青森,12
20141024,平塚,35
20141024,青森,12
20141024,佐世保,85
20141024,伊東,37
20141024,取手,23
20141024,岐阜,43
20141024,玉野,61
20141024,熊本,87
20141024,富山,46
20141024,岸和田,56
20141025,取手,23
20141025,防府,63
20141025,熊本,87
20141025,平塚,35
20141025,いわき平,13
20141026,四日市,48
20141026,防府,63
20141026,いわき平,13
20141027,いわき平,13
20141027,四日市,48
20141027,防府,63
20141028,松戸,31
20141028,弥彦,21
20141028,防府,63
20141028,奈良,53
20141028,四日市,48
20141029,小倉,81
20141029,弥彦,21
20141029,青森,12
20141029,松戸,31
20141029,小田原,36
20141029,奈良,53
20141029,西武園,26
20141030,奈良,53
20141030,青森,12
20141030,前橋,22
20141030,弥彦,21
20141030,小倉,81
20141030,福井,51
20141030,西武園,26
20141030,小田原,36
20141030,松戸,31
20141031,福井,51
20141031,岐阜,43
20141031,小田原,36
20141031,別府,86
20141031,西武園,26
20141031,青森,12
20141031,小倉,81
20141031,前橋,22
20141031,松山,75
20141101,久留米,83
20141101,伊東,37
20141101,福井,51
20141101,京王閣,27
20141101,松山,75
20141101,別府,86
20141101,岐阜,43
20141101,前橋,22
20141102,別府,86
20141102,久留米,83
20141102,岐阜,43
20141102,松山,75
20141102,伊東,37
20141102,京王閣,27
20141103,伊東,37
20141103,京王閣,27
20141103,松山,75
20141103,久留米,83
20141104,岐阜,43
20141104,和歌山,55
20141104,青森,12
20141104,平塚,35
20141105,岐阜,43
20141105,青森,12
20141105,和歌山,55
20141105,平塚,35
20141106,平塚,35
20141106,岐阜,43
20141106,青森,12
20141106,和歌山,55
20141106,弥彦,21
20141107,岸和田,56
20141107,別府,86
20141107,弥彦,21
20141107,広島,62
20141107,久留米,83
20141108,久留米,83
20141108,別府,86
20141108,弥彦,21
20141108,前橋,22
20141108,立川,28
20141108,広島,62
20141108,岸和田,56
20141108,川崎,34
20141109,岸和田,56
20141109,広島,62
20141109,前橋,22
20141109,久留米,83
20141109,別府,86
20141109,川崎,34
20141109,立川,28
20141110,名古屋,42
20141110,川崎,34
20141110,前橋,22
20141110,大宮,25
20141110,千葉,32
20141110,松山,75
20141110,立川,28
20141111,千葉,32
20141111,名古屋,42
20141111,大宮,25
20141111,平塚,35
20141111,小倉,81
20141111,松山,75
20141112,千葉,32
20141112,名古屋,42
20141112,松山,75
20141112,大宮,25
20141112,平塚,35
20141112,小倉,81
20141113,高松,71
20141113,平塚,35
20141113,久留米,83
20141113,京王閣,27
20141113,小倉,81
20141114,久留米,83
20141114,京王閣,27
20141114,高松,71
20141115,京王閣,27
20141115,松戸,31
20141115,高松,71
20141115,久留米,83
20141115,松阪,47
20141116,京王閣,27
20141116,松戸,31
20141116,高松,71
20141116,松阪,47
20141117,小松島,73
20141117,武雄,84
20141117,福井,51
20141117,松阪,47
20141117,和歌山,55
20141117,松戸,31
20141117,伊東,37
20141117,いわき平,13
20141117,宇都宮,24
20141118,伊東,37
20141118,広島,62
20141118,小松島,73
20141118,前橋,22
20141118,いわき平,13
20141118,和歌山,55
20141118,取手,23
20141118,福井,51
20141118,大垣,44
20141118,武雄,84
20141118,宇都宮,24
20141118,熊本,87
20141119,広島,62
20141119,武雄,84
20141119,前橋,22
20141119,宇都宮,24
20141119,小松島,73
20141119,いわき平,13
20141119,熊本,87
20141119,福井,51
20141119,和歌山,55
20141119,大垣,44
20141119,取手,23
20141119,四日市,48
20141119,伊東,37
20141120,四日市,48
20141120,前橋,22
20141120,大垣,44
20141120,熊本,87
20141120,取手,23
20141120,広島,62
20141121,四日市,48
20141121,小倉,81
20141122,松戸,31
20141122,前橋,22
20141122,小倉,81
20141123,小倉,81
20141123,松戸,31
20141123,前橋,22
20141124,前橋,22
20141124,松戸,31
20141124,小倉,81
20141125,防府,63
20141125,玉野,61
20141125,別府,86
20141125,松阪,47
20141125,川崎,34
20141125,奈良,53
20141126,富山,46
20141126,西武園,26
20141126,松阪,47
20141126,玉野,61
20141126,別府,86
20141126,小田原,36
20141126,防府,63
20141126,川崎,34
20141126,奈良,53
20141127,別府,86
20141127,富山,46
20141127,高知,74
20141127,西武園,26
20141127,松阪,47
20141127,大垣,44
20141127,玉野,61
20141127,川崎,34
20141127,小田原,36
20141127,防府,63
20141127,奈良,53
20141128,富山,46
20141128,西武園,26
20141128,静岡,38
20141128,大垣,44
20141128,高知,74
20141128,小田原,36
20141128,佐世保,85
20141129,小倉,81
20141129,大垣,44
20141129,岸和田,56
20141129,静岡,38
20141129,佐世保,85
20141129,高知,74
20141129,立川,28
20141130,佐世保,85
20141130,小倉,81
20141130,静岡,38
20141130,立川,28
20141130,岸和田,56
20141201,小倉,81
20141201,立川,28
20141201,岸和田,56
20141202,伊東,37
20141202,岸和田,56
20141203,別府,86
20141203,西武園,26
20141203,福井,51
20141203,平塚,35
20141203,大垣,44
20141203,高知,74
20141203,伊東,37
20141203,宇都宮,24
20141204,平塚,35
20141204,宇都宮,24
20141204,いわき平,13
20141204,伊東,37
20141204,高知,74
20141204,大垣,44
20141204,福井,51
20141204,別府,86
20141204,西武園,26
20141205,高知,74
20141205,平塚,35
20141205,大垣,44
20141205,四日市,48
20141205,福井,51
20141205,佐世保,85
20141205,西武園,26
20141205,別府,86
20141205,いわき平,13
20141205,宇都宮,24
20141206,佐世保,85
20141206,四日市,48
20141206,小倉,81
20141206,いわき平,13
20141206,松戸,31
20141206,防府,63
20141207,防府,63
20141207,四日市,48
20141207,小倉,81
20141207,松戸,31
20141207,佐世保,85
20141207,京王閣,27
20141208,久留米,83
20141208,松戸,31
20141208,京王閣,27
20141208,防府,63
20141209,久留米,83
20141209,松戸,31
20141209,京王閣,27
20141210,別府,86
20141210,松山,75
20141210,久留米,83
20141210,高知,74
20141210,立川,28
20141210,岐阜,43
20141210,玉野,61
20141211,岐阜,43
20141211,高知,74
20141211,豊橋,45
20141211,別府,86
20141211,立川,28
20141211,松山,75
20141211,玉野,61
20141211,千葉,32
20141212,小倉,81
20141212,和歌山,55
20141212,立川,28
20141212,高知,74
20141212,玉野,61
20141212,千葉,32
20141212,宇都宮,24
20141212,松山,75
20141212,岐阜,43
20141212,別府,86
20141212,豊橋,45
20141213,広島,62
20141213,豊橋,45
20141213,和歌山,55
20141213,千葉,32
20141213,小倉,81
20141213,宇都宮,24
20141213,平塚,35
20141214,宇都宮,24
20141214,大宮,25
20141214,広島,62
20141214,小倉,81
20141214,平塚,35
20141214,和歌山,55
20141215,久留米,83
20141215,大宮,25
20141215,平塚,35
20141215,広島,62
20141216,大宮,25
20141216,久留米,83
20141216,広島,62
20141217,小田原,36
20141217,熊本,87
20141217,前橋,22
20141217,取手,23
20141217,玉野,61
20141217,久留米,83
20141217,名古屋,42
20141218,熊本,87
20141218,松阪,47
20141218,名古屋,42
20141218,前橋,22
20141218,小田原,36
20141218,取手,23
20141218,玉野,61
20141218,伊東,37
20141219,熊本,87
20141219,玉野,61
20141219,取手,23
20141219,名古屋,42
20141219,小田原,36
20141219,前橋,22
20141219,伊東,37
20141219,松阪,47
20141219,奈良,53
20141220,佐世保,85
20141220,防府,63
20141220,名古屋,42
20141220,松阪,47
20141220,伊東,37
20141220,京王閣,27
20141220,小倉,81
20141220,奈良,53
20141221,奈良,53
20141221,いわき平,13
20141221,西武園,26
20141221,京王閣,27
20141221,小倉,81
20141221,佐世保,85
20141221,防府,63
20141222,小倉,81
20141222,防府,63
20141222,京王閣,27
20141222,佐世保,85
20141222,いわき平,13
20141222,西武園,26
20141223,佐世保,85
20141223,いわき平,13
20141223,西武園,26
20141224,高松,71
20141224,小松島,73
20141224,四日市,48
20141225,大宮,25
20141225,和歌山,55
20141225,小松島,73
20141225,高松,71
20141225,熊本,87
20141225,前橋,22
20141225,豊橋,45
20141225,静岡,38
20141225,四日市,48
20141226,静岡,38
20141226,和歌山,55
20141226,小倉,81
20141226,熊本,87
20141226,四日市,48
20141226,高松,71
20141226,大宮,25
20141226,岐阜,43
20141226,小松島,73
20141226,前橋,22
20141226,豊橋,45
20141227,前橋,22
20141227,熊本,87
20141227,大宮,25
20141227,小倉,81
20141227,豊橋,45
20141227,岐阜,43
20141227,静岡,38
20141227,立川,28
20141227,和歌山,55
20141228,岸和田,56
20141228,松山,75
20141228,岐阜,43
20141228,小倉,81
20141228,立川,28
20141229,松山,75
20141229,松戸,31
20141229,立川,28
20141229,岸和田,56
20141229,川崎,34
20141230,松戸,31
20141230,川崎,34
20141230,岸和田,56
20141230,松山,75
20141231,奈良,53
20141231,広島,62
20141231,川崎,34
20141231,松戸,31
20141231,久留米,83
20150101,高知,74
20150101,別府,86
20150101,広島,62
20150101,久留米,83
20150101,伊東,37
20150101,前橋,22
20150101,取手,23
20150101,奈良,53
20150101,岐阜,43
20150102,伊東,37
20150102,取手,23
20150102,岐阜,43
20150102,いわき平,13
20150102,松阪,47
20150102,前橋,22
20150102,奈良,53
20150102,別府,86
20150102,小倉,81
20150102,広島,62
20150102,久留米,83
20150102,高知,74
20150103,岐阜,43
20150103,松阪,47
20150103,伊東,37
20150103,小倉,81
20150103,別府,86
20150103,高知,74
20150103,取手,23
20150103,前橋,22
20150103,いわき平,13
20150104,いわき平,13
20150104,松阪,47
20150104,玉野,61
20150104,別府,86
20150104,立川,28
20150104,小倉,81
20150104,佐世保,85
20150105,立川,28
20150105,佐世保,85
20150105,玉野,61
20150106,佐世保,85
20150106,久留米,83
20150106,立川,28
20150106,玉野,61
20150107,久留米,83
20150107,奈良,53
20150107,立川,28
20150107,四日市,48
20150107,小倉,81
20150108,奈良,53
20150108,千葉,32
20150108,名古屋,42
20150108,小倉,81
20150108,久留米,83
20150108,四日市,48
20150109,小倉,81
20150109,奈良,53
20150109,静岡,38
20150109,四日市,48
20150109,千葉,32
20150109,名古屋,42
20150110,和歌山,55
20150110,静岡,38
20150110,松山,75
20150110,平塚,35
20150110,武雄,84
20150110,京王閣,27
20150110,千葉,32
20150110,高知,74
20150110,名古屋,42
20150111,静岡,38
20150111,和歌山,55
20150111,京王閣,27
20150111,武雄,84
20150111,高知,74
20150111,平塚,35
20150111,松山,75
20150112,松山,75
20150112,武雄,84
20150112,京王閣,27
20150112,宇都宮,24
20150112,平塚,35
20150112,和歌山,55
20150112,大垣,44
20150112,高知,74
20150113,宇都宮,24
20150113,小倉,81
20150113,大垣,44
20150113,和歌山,55
20150114,大垣,44
20150114,小倉,81
20150114,前橋,22
20150114,宇都宮,24
20150115,小倉,81
20150115,平塚,35
20150115,前橋,22
20150115,広島,62
20150115,大宮,25
20150115,熊本,87
20150116,広島,62
20150116,前橋,22
20150116,大宮,25
20150116,平塚,35
20150116,熊本,87
20150116,四日市,48
20150117,広島,62
20150117,熊本,87
20150117,大宮,25
20150117,四日市,48
20150117,平塚,35
20150118,岸和田,56
20150118,四日市,48
20150118,大宮,25
20150118,小倉,81
20150119,川崎,34
20150119,名古屋,42
20150119,小倉,81
20150119,伊東,37
20150119,取手,23
20150119,高松,71
20150119,岸和田,56
20150120,小倉,81
20150120,取手,23
20150120,高松,71
20150120,川崎,34
20150120,岸和田,56
20150120,伊東,37
20150120,名古屋,42
20150121,川崎,34
20150121,伊東,37
20150121,名古屋,42
20150121,前橋,22
20150121,高松,71
20150121,取手,23
20150122,前橋,22
20150122,四日市,48
20150122,いわき平,13
20150122,小田原,36
20150123,小田原,36
20150123,いわき平,13
20150123,小倉,81
20150123,千葉,32
20150123,前橋,22
20150123,四日市,48
20150124,高知,74
20150124,小倉,81
20150124,千葉,32
20150124,西武園,26
20150124,いわき平,13
20150124,小田原,36
20150124,四日市,48
20150125,高知,74
20150125,小倉,81
20150125,いわき平,13
20150125,千葉,32
20150125,西武園,26
20150126,松戸,31
20150126,大垣,44
20150126,京王閣,27
20150126,西武園,26
20150126,松山,75
20150126,高知,74
20150126,岸和田,56
20150127,岸和田,56
20150127,京王閣,27
20150127,松戸,31
20150127,大垣,44
20150127,松山,75
20150128,京王閣,27
20150128,高松,71
20150128,松戸,31
20150128,広島,62
20150128,岸和田,56
20150128,大垣,44
20150128,松阪,47
20150128,松山,75
20150128,佐世保,85
20150129,大宮,25
20150129,高松,71
20150129,佐世保,85
20150129,松阪,47
20150129,広島,62
20150130,高松,71
20150130,大宮,25
20150130,松阪,47
20150130,広島,62
20150130,佐世保,85
20150130,小田原,36
20150131,小田原,36
20150131,小倉,81
20150131,奈良,53
20150131,大垣,44
20150131,川崎,34
20150131,立川,28
20150131,大宮,25
20150131,久留米,83
20150201,大宮,25
20150201,川崎,34
20150201,小田原,36
20150201,大垣,44
20150201,奈良,53
20150201,立川,28
20150201,小倉,81
20150201,久留米,83
20150202,立川,28
20150202,奈良,53
20150202,小倉,81
20150202,川崎,34
20150202,久留米,83
20150202,四日市,48
20150202,大垣,44
20150203,高知,74
20150203,熊本,87
20150203,広島,62
20150203,四日市,48
20150203,奈良,53
20150204,岐阜,43
20150204,四日市,48
20150204,広島,62
20150204,高知,74
20150204,豊橋,45
20150204,熊本,87
20150204,大宮,25
20150205,広島,62
20150205,熊本,87
20150205,小田原,36
20150205,岐阜,43
20150205,豊橋,45
20150205,大宮,25
20150205,高知,74
20150205,取手,23
20150206,小田原,36
20150206,取手,23
20150206,小倉,81
20150206,豊橋,45
20150206,岐阜,43
20150206,大宮,25
20150206,高松,71
20150207,大宮,25
20150207,小田原,36
20150207,取手,23
20150207,奈良,53
20150207,名古屋,42
20150207,高松,71
20150207,小倉,81
20150208,名古屋,42
20150208,高松,71
20150208,前橋,22
20150208,取手,23
20150208,小倉,81
20150208,奈良,53
20150209,奈良,53
20150209,防府,63
20150209,前橋,22
20150209,豊橋,45
20150209,武雄,84
20150209,いわき平,13
20150209,名古屋,42
20150209,和歌山,55
20150209,別府,86
20150209,西武園,26
20150210,防府,63
20150210,和歌山,55
20150210,武雄,84
20150210,西武園,26
20150210,前橋,22
20150210,いわき平,13
20150210,別府,86
20150210,豊橋,45
20150210,松山,75
20150211,武雄,84
20150211,西武園,26
20150211,前橋,22
20150211,和歌山,55
20150211,豊橋,45
20150211,高知,74
20150211,別府,86
20150211,いわき平,13
20150211,松山,75
20150211,防府,63
20150212,静岡,38
20150212,高知,74
20150212,松山,75
20150213,静岡,38
20150213,小倉,81
20150213,高知,74
20150214,小倉,81
20150214,静岡,38
20150215,静岡,38
20150215,小倉,81
20150216,小松島,73
20150216,宇都宮,24
20150216,岐阜,43
20150216,松戸,31
20150216,松阪,47
20150216,佐世保,85
20150217,宇都宮,24
20150217,松阪,47
20150217,小松島,73
20150217,岐阜,43
20150217,佐世保,85
20150217,松戸,31
20150218,松戸,31
20150218,玉野,61
20150218,小倉,81
20150218,松阪,47
20150218,佐世保,85
20150218,大宮,25
20150218,岐阜,43
20150218,静岡,38
20150218,宇都宮,24
20150218,小松島,73
20150219,小倉,81
20150219,玉野,61
20150219,大宮,25
20150219,静岡,38
20150220,京王閣,27
20150220,大宮,25
20150220,小倉,81
20150220,玉野,61
20150220,静岡,38
20150220,小田原,36
20150221,小田原,36
20150221,四日市,48
20150221,取手,23
20150221,松山,75
20150221,京王閣,27
20150222,小田原,36
20150222,四日市,48
20150222,松山,75
20150222,取手,23
20150222,京王閣,27
20150223,松山,75
20150223,取手,23
20150223,小倉,81
20150223,四日市,48
20150223,久留米,83
20150224,四日市,48
20150224,久留米,83
20150224,小倉,81
20150224,伊東,37
20150225,熊本,87
20150225,久留米,83
20150225,小松島,73
20150225,宇都宮,24
20150225,伊東,37
20150225,防府,63
20150225,千葉,32
20150225,大垣,44
20150226,熊本,87
20150226,岸和田,56
20150226,豊橋,45
20150226,大垣,44
20150226,宇都宮,24
20150226,千葉,32
20150226,防府,63
20150226,伊東,37
20150226,小松島,73
20150227,大垣,44
20150227,熊本,87
20150227,川崎,34
20150227,小松島,73
20150227,豊橋,45
20150227,千葉,32
20150227,岸和田,56
20150227,小倉,81
20150227,前橋,22
20150227,防府,63
20150227,宇都宮,24
20150228,川崎,34
20150228,豊橋,45
20150228,西武園,26
20150228,岸和田,56
20150228,玉野,61
20150228,小倉,81
20150228,前橋,22
20150301,川崎,34
20150301,久留米,83
20150301,小倉,81
20150301,玉野,61
20150301,前橋,22
20150301,西武園,26
20150302,玉野,61
20150302,四日市,48
20150302,西武園,26
20150302,久留米,83
20150303,四日市,48
20150303,玉野,61
20150303,久留米,83
20150304,和歌山,55
20150304,四日市,48
20150304,大垣,44
20150304,小田原,36
20150304,高知,74
20150304,取手,23
20150304,別府,86
20150304,佐世保,85
20150305,佐世保,85
20150305,小田原,36
20150305,取手,23
20150305,大垣,44
20150305,小倉,81
20150305,別府,86
20150305,和歌山,55
20150305,大宮,25
20150305,高知,74
20150305,奈良,53
20150306,小倉,81
20150306,別府,86
20150306,奈良,53
20150306,大垣,44
20150306,取手,23
20150306,佐世保,85
20150306,静岡,38
20150306,小田原,36
20150306,和歌山,55
20150306,千葉,32
20150306,高知,74
20150306,大宮,25
20150307,名古屋,42
20150307,小倉,81
20150307,千葉,32
20150307,大宮,25
20150307,奈良,53
20150307,静岡,38
20150308,松山,75
20150308,広島,62
20150308,千葉,32
20150308,名古屋,42
20150308,静岡,38
20150309,名古屋,42
20150309,久留米,83
20150309,広島,62
20150309,松山,75
20150310,広島,62
20150310,久留米,83
20150310,松山,75
20150310,名古屋,42
20150311,武雄,84
20150311,久留米,83
20150311,豊橋,45
20150311,宇都宮,24
20150312,武雄,84
20150312,松戸,31
20150312,宇都宮,24
20150312,豊橋,45
20150313,武雄,84
20150313,川崎,34
20150313,豊橋,45
20150313,松戸,31
20150313,宇都宮,24
20150314,防府,63
20150314,西武園,26
20150314,松戸,31
20150314,高松,71
20150314,岐阜,43
20150314,川崎,34
20150314,福井,51
20150314,和歌山,55
20150315,川崎,34
20150315,防府,63
20150315,高松,71
20150315,松阪,47
20150315,福井,51
20150315,和歌山,55
20150315,小倉,81
20150315,岐阜,43
20150315,西武園,26
20150316,福井,51
20150316,和歌山,55
20150316,小倉,81
20150316,岐阜,43
20150316,高松,71
20150316,西武園,26
20150316,防府,63
20150316,松阪,47
20150317,伊東,37
20150317,京王閣,27
20150317,松阪,47
20150317,小倉,81
20150318,京王閣,27
20150318,前橋,22
20150318,伊東,37
20150318,四日市,48
20150319,前橋,22
20150319,京王閣,27
20150319,伊東,37
20150319,広島,62
20150319,四日市,48
20150320,前橋,22
20150320,京王閣,27
20150320,四日市,48
20150320,広島,62
20150321,広島,62
20150321,松戸,31
20150321,小倉,81
20150321,京王閣,27
20150322,松戸,31
20150322,京王閣,27
20150322,小倉,81
20150322,いわき平,13
20150323,いわき平,13
20150323,松戸,31
20150323,小倉,81
20150323,宇都宮,24
20150323,防府,63
20150324,いわき平,13
20150324,宇都宮,24
20150324,防府,63
20150325,豊橋,45
20150325,宇都宮,24
20150325,防府,63
20150326,久留米,83
20150326,武雄,84
20150326,高松,71
20150326,川崎,34
20150326,松阪,47
20150326,岐阜,43
20150326,豊橋,45
20150327,高松,71
20150327,熊本,87
20150327,武雄,84
20150327,川崎,34
20150327,静岡,38
20150327,岐阜,43
20150327,久留米,83
20150327,豊橋,45
20150327,松阪,47
20150328,熊本,87
20150328,武雄,84
20150328,岐阜,43
20150328,立川,28
20150328,前橋,22
20150328,久留米,83
20150328,取手,23
20150328,川崎,34
20150328,静岡,38
20150328,高松,71
20150328,松阪,47
20150329,福井,51
20150329,取手,23
20150329,立川,28
20150329,静岡,38
20150329,前橋,22
20150329,熊本,87
20150329,小倉,81
20150330,前橋,22
20150330,福井,51
20150330,立川,28
20150330,小倉,81
20150330,取手,23
20150331,福井,51
20150331,小倉,81
20150401,京王閣,27
20150401,岸和田,56
20150402,名古屋,42
20150402,高知,74
20150402,京王閣,27
20150402,岸和田,56
20150402,小倉,81
20150402,いわき平,13
20150403,いわき平,13
20150403,小倉,81
20150403,名古屋,42
20150403,京王閣,27
20150403,高知,74
20150403,別府,86
20150403,岸和田,56
20150404,小倉,81
20150404,静岡,38
20150404,松戸,31
20150404,別府,86
20150404,名古屋,42
20150404,宇都宮,24
20150404,いわき平,13
20150404,久留米,83
20150404,高知,74
20150405,高知,74
20150405,静岡,38
20150405,久留米,83
20150405,宇都宮,24
20150405,別府,86
20150405,松戸,31
20150406,豊橋,45
20150406,大垣,44
20150406,宇都宮,24
20150406,福井,51
20150406,立川,28
20150406,松戸,31
20150406,久留米,83
20150406,玉野,61
20150406,静岡,38
20150407,大垣,44
20150407,豊橋,45
20150407,立川,28
20150407,福井,51
20150407,玉野,61
20150407,小倉,81
20150408,小倉,81
20150408,立川,28
20150408,大垣,44
20150408,豊橋,45
20150408,福井,51
20150408,玉野,61
20150409,前橋,22
20150409,西武園,26
20150409,防府,63
20150409,小倉,81
20150409,伊東,37
20150410,四日市,48
20150410,和歌山,55
20150410,伊東,37
20150410,防府,63
20150410,西武園,26
20150410,前橋,22
20150411,和歌山,55
20150411,前橋,22
20150411,西武園,26
20150411,四日市,48
20150411,防府,63
20150411,伊東,37
20150412,西武園,26
20150412,和歌山,55
20150412,小倉,81
20150412,四日市,48
20150412,久留米,83
20150413,久留米,83
20150413,千葉,32
20150413,弥彦,21
20150413,奈良,53
20150413,富山,46
20150413,小倉,81
20150413,京王閣,27
20150413,松阪,47
20150413,玉野,61
20150414,奈良,53
20150414,富山,46
20150414,久留米,83
20150414,小倉,81
20150414,京王閣,27
20150414,松阪,47
20150414,弥彦,21
20150414,玉野,61
20150414,千葉,32
20150415,奈良,53
20150415,富山,46
20150415,松阪,47
20150415,千葉,32
20150415,玉野,61
20150415,京王閣,27
20150415,弥彦,21
20150416,前橋,22
20150416,函館,11
20150416,熊本,87
20150416,川崎,34
20150417,前橋,22
20150417,函館,11
20150417,小倉,81
20150417,熊本,87
20150417,四日市,48
20150417,川崎,34
20150418,四日市,48
20150418,小倉,81
20150418,函館,11
20150418,前橋,22
20150418,川崎,34
20150418,熊本,87
20150419,川崎,34
20150419,小倉,81
20150419,四日市,48
20150419,松山,75
20150420,久留米,83
20150420,松山,75
20150420,千葉,32
20150420,大宮,25
20150420,取手,23
20150421,久留米,83
20150421,平塚,35
20150421,千葉,32
20150421,松山,75
20150421,取手,23
20150421,大宮,25
20150422,平塚,35
20150422,広島,62
20150422,函館,11
20150422,大宮,25
20150422,千葉,32
20150422,取手,23
20150422,久留米,83
20150423,小倉,81
20150423,函館,11
20150423,岸和田,56
20150423,豊橋,45
20150423,平塚,35
20150423,弥彦,21
20150423,小松島,73
20150423,岐阜,43
20150423,広島,62
20150423,武雄,84
20150424,武雄,84
20150424,弥彦,21
20150424,広島,62
20150424,小松島,73
20150424,小倉,81
20150424,青森,12
20150424,函館,11
20150424,岐阜,43
20150424,岸和田,56
20150424,豊橋,45
20150425,武雄,84
20150425,豊橋,45
20150425,小倉,81
20150425,岸和田,56
20150425,岐阜,43
20150425,小松島,73
20150425,青森,12
20150425,弥彦,21
20150425,松戸,31
20150426,青森,12
20150426,防府,63
20150426,松戸,31
20150427,防府,63
20150427,松戸,31
20150427,前橋,22
20150428,小倉,81
20150428,前橋,22
20150428,防府,63
20150429,前橋,22
20150429,防府,63
20150429,小田原,36
20150429,いわき平,13
20150429,小倉,81
20150430,岐阜,43
20150430,岸和田,56
20150430,いわき平,13
20150430,静岡,38
20150430,小倉,81
20150430,小田原,36
20150430,弥彦,21
20150501,高知,74
20150501,岐阜,43
20150501,静岡,38
20150501,小田原,36
20150501,久留米,83
20150501,弥彦,21
20150501,いわき平,13
20150501,岸和田,56
20150501,青森,12
20150502,弥彦,21
20150502,岸和田,56
20150502,高知,74
20150502,岐阜,43
20150502,静岡,38
20150502,青森,12
20150502,久留米,83
20150503,青森,12
20150503,前橋,22
20150503,立川,28
20150503,平塚,35
20150503,久留米,83
20150503,高知,74
20150504,小倉,81
20150504,立川,28
20150504,前橋,22
20150504,平塚,35
20150504,いわき平,13
20150505,平塚,35
20150505,立川,28
20150505,富山,46
20150505,福井,51
20150505,小倉,81
20150505,いわき平,13
20150505,前橋,22
20150506,いわき平,13
20150506,富山,46
20150506,平塚,35
20150506,福井,51
20150506,小倉,81
20150507,富山,46
20150507,松戸,31
20150507,高松,71
20150507,青森,12
20150507,福井,51
20150507,佐世保,85
20150508,高松,71
20150508,青森,12
20150508,大宮,25
20150508,佐世保,85
20150508,松阪,47
20150508,松戸,31
20150509,小田原,36
20150509,青森,12
20150509,松阪,47
20150509,高松,71
20150509,松戸,31
20150509,大宮,25
20150509,佐世保,85
20150510,大宮,25
20150510,いわき平,13
20150510,松阪,47
20150510,小倉,81
20150510,小田原,36
20150511,小倉,81
20150511,いわき平,13
20150511,松阪,47
20150511,小田原,36
20150512,千葉,32
20150512,前橋,22
20150512,小倉,81
20150512,いわき平,13
20150512,熊本,87
20150512,富山,46
20150513,富山,46
20150513,千葉,32
20150513,青森,12
20150513,和歌山,55
20150513,熊本,87
20150513,四日市,48
20150513,前橋,22
20150513,小松島,73
20150514,小松島,73
20150514,富山,46
20150514,四日市,48
20150514,和歌山,55
20150514,青森,12
20150514,前橋,22
20150514,熊本,87
20150514,千葉,32
20150515,伊東,37
20150515,和歌山,55
20150515,青森,12
20150515,小松島,73
20150515,西武園,26
20150515,四日市,48
20150516,防府,63
20150516,西武園,26
20150516,伊東,37
20150516,京王閣,27
20150516,別府,86
20150517,防府,63
20150517,西武園,26
20150517,京王閣,27
20150517,別府,86
20150517,伊東,37
20150518,京王閣,27
20150518,防府,63
20150518,高知,74
20150518,岐阜,43
20150519,高知,74
20150519,武雄,84
20150519,函館,11
20150519,取手,23
20150519,岐阜,43
20150520,高知,74
20150520,青森,12
20150520,奈良,53
20150520,函館,11
20150520,岐阜,43
20150520,取手,23
20150520,伊東,37
20150520,武雄,84
20150521,武雄,84
20150521,取手,23
20150521,函館,11
20150521,奈良,53
20150521,豊橋,45
20150521,伊東,37
20150521,青森,12
20150522,和歌山,55
20150522,広島,62
20150522,小倉,81
20150522,奈良,53
20150522,熊本,87
20150522,青森,12
20150522,豊橋,45
20150522,伊東,37
20150523,小倉,81
20150523,高知,74
20150523,宇都宮,24
20150523,和歌山,55
20150523,豊橋,45
20150523,熊本,87
20150523,広島,62
20150523,千葉,32
20150524,和歌山,55
20150524,熊本,87
20150524,高知,74
20150524,宇都宮,24
20150524,小倉,81
20150524,広島,62
20150524,千葉,32
20150525,宇都宮,24
20150525,千葉,32
20150525,四日市,48
20150525,高知,74
20150526,四日市,48
20150526,宇都宮,24
20150527,高知,74
20150527,函館,11
20150527,立川,28
20150527,四日市,48
20150528,立川,28
20150528,取手,23
20150528,高知,74
20150528,大垣,44
20150528,函館,11
20150529,函館,11
20150529,大垣,44
20150529,高知,74
20150529,松山,75
20150529,立川,28
20150529,取手,23
20150530,武雄,84
20150530,川崎,34
20150530,松山,75
20150530,取手,23
20150530,大垣,44
20150531,松山,75
20150531,武雄,84
20150531,川崎,34
20150601,武雄,84
20150601,川崎,34
20150602,武雄,84
20150602,いわき平,13
20150603,高松,71
20150603,松阪,47
20150603,西武園,26
20150603,弥彦,21
20150603,千葉,32
20150603,いわき平,13
20150604,松阪,47
20150604,高松,71
20150604,西武園,26
20150604,弥彦,21
20150604,いわき平,13
20150604,千葉,32
20150604,小田原,36
20150604,名古屋,42
20150605,青森,12
20150605,小田原,36
20150605,弥彦,21
20150605,名古屋,42
20150605,小倉,81
20150605,松山,75
20150605,高松,71
20150605,千葉,32
20150605,西武園,26
20150605,松阪,47
20150606,武雄,84
20150606,松山,75
20150606,小田原,36
20150606,小倉,81
20150606,取手,23
20150606,名古屋,42
20150606,青森,12
20150607,取手,23
20150607,青森,12
20150607,小倉,81
20150607,松山,75
20150607,武雄,84
20150608,武雄,84
20150608,取手,23
20150608,四日市,48
20150609,四日市,48
20150609,取手,23
20150610,福井,51
20150610,熊本,87
20150610,四日市,48
20150610,玉野,61
20150610,千葉,32
20150610,青森,12
20150611,青森,12
20150611,いわき平,13
20150611,玉野,61
20150611,千葉,32
20150611,熊本,87
20150611,福井,51
20150612,宇都宮,24
20150612,伊東,37
20150612,青森,12
20150612,玉野,61
20150612,富山,46
20150612,熊本,87
20150612,千葉,32
20150612,弥彦,21
20150612,福井,51
20150612,いわき平,13
20150613,いわき平,13
20150613,富山,46
20150613,広島,62
20150613,宇都宮,24
20150613,小倉,81
20150613,佐世保,85
20150613,弥彦,21
20150613,岐阜,43
20150613,伊東,37
20150614,広島,62
20150614,宇都宮,24
20150614,伊東,37
20150614,佐世保,85
20150614,岐阜,43
20150614,平塚,35
20150614,弥彦,21
20150614,富山,46
20150614,小倉,81
20150615,岐阜,43
20150615,広島,62
20150615,別府,86
20150615,平塚,35
20150615,小倉,81
20150615,佐世保,85
20150615,大宮,25
20150616,大宮,25
20150616,平塚,35
20150616,いわき平,13
20150616,別府,86
20150617,四日市,48
20150617,大宮,25
20150617,いわき平,13
20150617,別府,86
20150618,いわき平,13
20150618,岸和田,56
20150618,四日市,48
20150619,川崎,34
20150619,岸和田,56
20150619,四日市,48
20150619,前橋,22
20150620,川崎,34
20150620,函館,11
20150620,岸和田,56
20150620,前橋,22
20150621,函館,11
20150621,前橋,22
20150621,岸和田,56
20150621,川崎,34
20150622,立川,28
20150622,函館,11
20150622,久留米,83
20150622,宇都宮,24
20150622,小田原,36
20150623,高知,74
20150623,久留米,83
20150623,小倉,81
20150623,小田原,36
20150623,立川,28
20150623,宇都宮,24
20150624,小倉,81
20150624,和歌山,55
20150624,小田原,36
20150624,久留米,83
20150624,立川,28
20150624,宇都宮,24
20150624,富山,46
20150624,高知,74
20150625,川崎,34
20150625,大垣,44
20150625,小倉,81
20150625,和歌山,55
20150625,玉野,61
20150625,富山,46
20150625,高知,74
20150626,富山,46
20150626,京王閣,27
20150626,大垣,44
20150626,福井,51
20150626,和歌山,55
20150626,青森,12
20150626,玉野,61
20150626,川崎,34
20150627,京王閣,27
20150627,青森,12
20150627,別府,86
20150627,静岡,38
20150627,福井,51
20150627,大垣,44
20150627,玉野,61
20150627,川崎,34
20150628,静岡,38
20150628,福井,51
20150628,京王閣,27
20150628,青森,12
20150628,別府,86
20150629,前橋,22
20150629,富山,46
20150629,松山,75
20150629,函館,11
20150629,静岡,38
20150629,別府,86
20150630,別府,86
20150630,函館,11
20150630,富山,46
20150630,松山,75
20150630,前橋,22
20150701,富山,46
20150701,弥彦,21
20150701,松山,75
20150701,前橋,22
20150701,函館,11
20150702,松戸,31
20150702,弥彦,21
20150702,青森,12
20150702,小松島,73
20150702,小田原,36
20150703,弥彦,21
20150703,佐世保,85
20150703,小松島,73
20150703,青森,12
20150703,松戸,31
20150703,奈良,53
20150703,小田原,36
20150704,静岡,38
20150704,松戸,31
20150704,佐世保,85
20150704,奈良,53
20150704,青森,12
20150704,小松島,73
20150704,小田原,36
20150705,奈良,53
20150705,佐世保,85
20150705,静岡,38
20150705,函館,11
20150705,松阪,47
20150705,小松島,73
20150706,京王閣,27
20150706,大垣,44
20150706,松阪,47
20150706,広島,62
20150706,別府,86
20150706,静岡,38
20150706,大宮,25
20150706,函館,11
20150707,大垣,44
20150707,松阪,47
20150707,広島,62
20150707,函館,11
20150707,別府,86
20150707,大宮,25
20150707,京王閣,27
20150708,松山,75
20150708,別府,86
20150708,京王閣,27
20150708,大宮,25
20150708,大垣,44
20150708,広島,62
20150708,小倉,81
20150709,前橋,22
20150709,小倉,81
20150709,松山,75
20150710,小倉,81
20150710,川崎,34
20150710,松山,75
20150710,前橋,22
20150710,武雄,84
20150711,岸和田,56
20150711,高知,74
20150711,川崎,34
20150711,前橋,22
20150711,武雄,84
20150712,名古屋,42
20150712,川崎,34
20150712,岸和田,56
20150712,高知,74
20150712,武雄,84
20150712,前橋,22
20150713,岸和田,56
20150713,松阪,47
20150713,松戸,31
20150713,高知,74
20150713,青森,12
20150713,名古屋,42
20150713,西武園,26
20150714,小倉,81
20150714,宇都宮,24
20150714,名古屋,42
20150714,防府,63
20150714,西武園,26
20150714,松戸,31
20150714,青森,12
20150714,松阪,47
20150714,福井,51
20150715,松阪,47
20150715,福井,51
20150715,小倉,81
20150715,青森,12
20150715,宇都宮,24
20150715,西武園,26
20150715,防府,63
20150715,松戸,31
20150716,小倉,81
20150716,防府,63
20150716,福井,51
20150716,宇都宮,24
20150716,伊東,37
20150716,四日市,48
20150717,弥彦,21
20150717,伊東,37
20150717,青森,12
20150717,四日市,48
20150718,青森,12
20150718,弥彦,21
20150718,四日市,48
20150718,伊東,37
20150719,青森,12
20150719,弥彦,21
20150719,小倉,81
20150719,四日市,48
20150720,小倉,81
20150720,弥彦,21
20150721,和歌山,55
20150721,高松,71
20150721,防府,63
20150721,名古屋,42
20150721,小倉,81
20150721,函館,11
20150721,豊橋,45
20150722,高松,71
20150722,名古屋,42
20150722,和歌山,55
20150722,青森,12
20150722,豊橋,45
20150722,函館,11
20150722,別府,86
20150722,取手,23
20150722,防府,63
20150723,高松,71
20150723,函館,11
20150723,別府,86
20150723,取手,23
20150723,名古屋,42
20150723,和歌山,55
20150723,青森,12
20150723,豊橋,45
20150723,防府,63
20150723,富山,46
20150724,松山,75
20150724,高知,74
20150724,青森,12
20150724,立川,28
20150724,静岡,38
20150724,小田原,36
20150724,別府,86
20150724,取手,23
20150724,富山,46
20150725,小田原,36
20150725,立川,28
20150725,静岡,38
20150725,松山,75
20150725,高知,74
20150725,福井,51
20150725,富山,46
20150726,高知,74
20150726,立川,28
20150726,松山,75
20150726,福井,51
20150726,静岡,38
20150726,小田原,36
20150727,弥彦,21
20150727,小倉,81
20150727,福井,51
20150728,福井,51
20150728,小倉,81
20150728,函館,11
20150728,高松,71
20150728,弥彦,21
20150729,弥彦,21
20150729,小倉,81
20150729,函館,11
20150729,高松,71
20150730,四日市,48
20150730,高松,71
20150730,函館,11
20150730,熊本,87
20150730,平塚,35
20150731,和歌山,55
20150731,熊本,87
20150731,平塚,35
20150731,四日市,48
20150731,小松島,73
20150801,平塚,35
20150801,四日市,48
20150801,熊本,87
20150801,和歌山,55
20150801,小松島,73
20150802,四日市,48
20150802,弥彦,21
20150802,小松島,73
20150802,青森,12
20150802,和歌山,55
20150802,川崎,34
20150802,佐世保,85
20150803,伊東,37
20150803,大垣,44
20150803,宇都宮,24
20150803,川崎,34
20150803,弥彦,21
20150803,佐世保,85
20150803,青森,12
20150803,武雄,84
20150803,防府,63
20150804,防府,63
20150804,弥彦,21
20150804,川崎,34
20150804,青森,12
20150804,伊東,37
20150804,佐世保,85
20150804,武雄,84
20150804,大垣,44
20150804,宇都宮,24
20150805,函館,11
20150805,平塚,35
20150805,伊東,37
20150805,宇都宮,24
20150805,武雄,84
20150805,前橋,22
20150805,防府,63
20150805,大垣,44
20150806,豊橋,45
20150806,前橋,22
20150806,平塚,35
20150806,函館,11
20150807,豊橋,45
20150807,函館,11
20150807,前橋,22
20150807,平塚,35
20150807,広島,62
20150808,豊橋,45
20150808,川崎,34
20150808,広島,62
20150808,佐世保,85
20150809,取手,23
20150809,豊橋,45
20150809,佐世保,85
20150809,広島,62
20150809,川崎,34
20150810,高松,71
20150810,青森,12
20150810,松阪,47
20150810,取手,23
20150810,川崎,34
20150810,佐世保,85
20150810,西武園,26
20150811,取手,23
20150811,松阪,47
20150811,小倉,81
20150811,青森,12
20150811,西武園,26
20150811,高松,71
20150812,松阪,47
20150812,小倉,81
20150812,高松,71
20150812,西武園,26
20150812,青森,12
20150813,防府,63
20150813,熊本,87
20150813,小倉,81
20150813,富山,46
20150813,佐世保,85
20150814,京王閣,27
20150814,大宮,25
20150814,熊本,87
20150814,富山,46
20150814,佐世保,85
20150814,防府,63
20150815,大宮,25
20150815,福井,51
20150815,防府,63
20150815,佐世保,85
20150815,京王閣,27
20150815,青森,12
20150815,富山,46
20150815,熊本,87
20150816,福井,51
20150816,青森,12
20150816,富山,46
20150816,大宮,25
20150816,京王閣,27
20150817,和歌山,55
20150817,武雄,84
20150817,福井,51
20150817,立川,28
20150817,名古屋,42
20150817,青森,12
20150817,高松,71
20150818,立川,28
20150818,武雄,84
20150818,静岡,38
20150818,高松,71
20150818,平塚,35
20150818,名古屋,42
20150818,和歌山,55
20150819,静岡,38
20150819,立川,28
20150819,平塚,35
20150819,名古屋,42
20150819,高松,71
20150819,武雄,84
20150819,和歌山,55
20150820,四日市,48
20150820,静岡,38
20150820,平塚,35
20150821,前橋,22
20150821,函館,11
20150821,小倉,81
20150821,四日市,48
20150822,小倉,81
20150822,函館,11
20150822,前橋,22
20150822,四日市,48
20150823,岐阜,43
20150823,小倉,81
20150823,前橋,22
20150823,奈良,53
20150823,熊本,87
20150823,小松島,73
20150823,函館,11
20150824,前橋,22
20150824,小松島,73
20150824,松戸,31
20150824,奈良,53
20150824,岐阜,43
20150824,弥彦,21
20150824,熊本,87
20150825,弥彦,21
20150825,小松島,73
20150825,松戸,31
20150825,熊本,87
20150825,奈良,53
20150825,岐阜,43
20150826,小松島,73
20150826,玉野,61
20150826,松戸,31
20150826,熊本,87
20150826,大宮,25
20150826,弥彦,21
20150826,静岡,38
20150826,福井,51
20150827,玉野,61
20150827,大宮,25
20150827,函館,11
20150827,静岡,38
20150827,富山,46
20150827,福井,51
20150828,静岡,38
20150828,函館,11
20150828,玉野,61
20150828,福井,51
20150828,大宮,25
20150828,岸和田,56
20150828,富山,46
20150829,高知,74
20150829,小田原,36
20150829,函館,11
20150829,武雄,84
20150829,富山,46
20150829,岸和田,56
20150830,小田原,36
20150830,京王閣,27
20150830,武雄,84
20150830,岸和田,56
20150830,高知,74
20150831,京王閣,27
20150831,高知,74
20150831,奈良,53
20150831,大垣,44
20150831,小田原,36
20150831,大宮,25
20150831,武雄,84
20150901,京王閣,27
20150901,大垣,44
20150901,大宮,25
20150901,奈良,53
20150901,小田原,36
20150902,大垣,44
20150902,四日市,48
20150902,大宮,25
20150902,奈良,53
20150903,青森,12
20150903,四日市,48
20150903,小松島,73
20150903,前橋,22
20150904,佐世保,85
20150904,青森,12
20150904,四日市,48
20150904,小倉,81
20150904,小松島,73
20150904,前橋,22
20150905,伊東,37
20150905,佐世保,85
20150905,前橋,22
20150905,小松島,73
20150905,青森,12
20150905,小倉,81
20150906,小倉,81
20150906,伊東,37
20150906,青森,12
20150906,弥彦,21
20150906,佐世保,85
20150907,奈良,53
20150907,岸和田,56
20150907,玉野,61
20150907,立川,28
20150907,弥彦,21
20150907,名古屋,42
20150907,広島,62
20150907,伊東,37
20150907,別府,86
20150908,立川,28
20150908,名古屋,42
20150908,弥彦,21
20150908,小田原,36
20150908,岸和田,56
20150908,奈良,53
20150908,玉野,61
20150908,別府,86
20150908,前橋,22
20150908,広島,62
20150909,玉野,61
20150909,名古屋,42
20150909,立川,28
20150909,前橋,22
20150909,川崎,34
20150909,別府,86
20150909,小田原,36
20150909,岸和田,56
20150909,奈良,53
20150909,広島,62
20150910,川崎,34
20150910,小田原,36
20150910,岐阜,43
20150910,前橋,22
20150910,武雄,84
20150911,岐阜,43
20150911,小倉,81
20150911,武雄,84
20150911,高松,71
20150911,川崎,34
20150911,西武園,26
20150911,函館,11
20150912,高松,71
20150912,川崎,34
20150912,函館,11
20150912,岐阜,43
20150912,武雄,84
20150912,小倉,81
20150912,西武園,26
20150913,西武園,26
20150913,弥彦,21
20150913,岐阜,43
20150913,高松,71
20150913,函館,11
20150913,小倉,81
20150914,弥彦,21
20150914,青森,12
20150914,別府,86
20150915,弥彦,21
20150915,青森,12
20150915,別府,86
20150915,小松島,73
20150915,平塚,35
20150916,平塚,35
20150916,豊橋,45
20150916,小松島,73
20150916,取手,23
20150916,和歌山,55
20150916,宇都宮,24
20150916,別府,86
20150916,青森,12
20150917,小松島,73
20150917,和歌山,55
20150917,取手,23
20150917,宇都宮,24
20150917,平塚,35
20150917,豊橋,45
20150918,青森,12
20150918,豊橋,45
20150918,富山,46
20150918,広島,62
20150918,取手,23
20150918,和歌山,55
20150918,宇都宮,24
20150918,函館,11
20150919,武雄,84
20150919,富山,46
20150919,松戸,31
20150919,青森,12
20150919,函館,11
20150919,広島,62
20150920,富山,46
20150920,函館,11
20150920,松戸,31
20150920,青森,12
20150920,広島,62
20150920,武雄,84
20150921,武雄,84
20150921,松戸,31
20150921,小倉,81
20150921,前橋,22
20150922,小倉,81
20150922,前橋,22
20150922,松戸,31
20150923,松戸,31
20150923,前橋,22
20150923,小倉,81
20150924,函館,11
20150924,高松,71
20150925,静岡,38
20150925,弥彦,21
20150925,高松,71
20150925,函館,11
20150925,別府,86
20150926,小倉,81
20150926,函館,11
20150926,静岡,38
20150926,別府,86
20150926,平塚,35
20150926,弥彦,21
20150926,高松,71
20150927,平塚,35
20150927,弥彦,21
20150927,別府,86
20150927,小倉,81
20150927,福井,51
20150927,静岡,38
20150928,福井,51
20150928,武雄,84
20150928,富山,46
20150928,西武園,26
20150928,小倉,81
20150928,高知,74
20150928,千葉,32
20150928,平塚,35
20150929,富山,46
20150929,四日市,48
20150929,武雄,84
20150929,高知,74
20150929,福井,51
20150929,西武園,26
20150929,千葉,32
20150930,四日市,48
20150930,千葉,32
20150930,武雄,84
20150930,高知,74
20150930,西武園,26
20150930,富山,46
20151001,小倉,81
20151001,防府,63
20151001,立川,28
20151001,小田原,36
20151001,四日市,48
20151002,小田原,36
20151002,立川,28
20151002,函館,11
20151002,防府,63
20151002,小倉,81
20151003,小田原,36
20151003,立川,28
20151003,函館,11
20151003,防府,63
20151003,小倉,81
20151004,函館,11
20151005,松阪,47
20151005,松戸,31
20151005,佐世保,85
20151005,富山,46
20151005,青森,12
20151005,別府,86
20151006,佐世保,85
20151006,富山,46
20151006,松阪,47
20151006,別府,86
20151006,松戸,31
20151006,青森,12
20151007,佐世保,85
20151007,富山,46
20151007,松阪,47
20151007,奈良,53
20151007,松戸,31
20151007,青森,12
20151007,弥彦,21
20151007,別府,86
20151008,四日市,48
20151008,奈良,53
20151008,弥彦,21
20151009,四日市,48
20151009,福井,51
20151009,奈良,53
20151009,青森,12
20151009,弥彦,21
20151010,四日市,48
20151010,平塚,35
20151010,福井,51
20151010,立川,28
20151010,青森,12
20151010,熊本,87
20151010,小松島,73
20151011,青森,12
20151011,熊本,87
20151011,平塚,35
20151011,小松島,73
20151011,福井,51
20151011,立川,28
20151012,立川,28
20151012,熊本,87
20151012,平塚,35
20151012,小松島,73
20151013,川崎,34
20151013,熊本,87
20151014,防府,63
20151014,岐阜,43
20151014,松阪,47
20151014,和歌山,55
20151014,宇都宮,24
20151014,川崎,34
20151015,和歌山,55
20151015,川崎,34
20151015,松阪,47
20151015,高知,74
20151015,岐阜,43
20151015,青森,12
20151015,防府,63
20151015,宇都宮,24
20151016,松阪,47
20151016,岐阜,43
20151016,宇都宮,24
20151016,小倉,81
20151016,和歌山,55
20151016,青森,12
20151016,防府,63
20151016,高知,74
20151017,小倉,81
20151017,青森,12
20151017,西武園,26
20151017,高知,74
20151017,函館,11
20151017,千葉,32
20151018,小倉,81
20151018,函館,11
20151018,千葉,32
20151018,西武園,26
20151019,前橋,22
20151019,西武園,26
20151019,京王閣,27
20151019,函館,11
20151019,千葉,32
20151020,京王閣,27
20151020,前橋,22
20151020,千葉,32
20151021,青森,12
20151021,弥彦,21
20151021,佐世保,85
20151021,京王閣,27
20151021,高知,74
20151021,豊橋,45
20151021,静岡,38
20151021,前橋,22
20151022,青森,12
20151022,弥彦,21
20151022,佐世保,85
20151022,高松,71
20151022,豊橋,45
20151022,平塚,35
20151022,高知,74
20151022,静岡,38
20151023,青森,12
20151023,豊橋,45
20151023,高松,71
20151023,静岡,38
20151023,佐世保,85
20151023,平塚,35
20151023,高知,74
20151023,熊本,87
20151023,弥彦,21
20151024,平塚,35
20151024,熊本,87
20151024,高松,71
20151024,大垣,44
20151024,宇都宮,24
20151024,奈良,53
20151025,宇都宮,24
20151025,京王閣,27
20151025,奈良,53
20151025,青森,12
20151025,熊本,87
20151025,大垣,44
20151026,青森,12
20151026,京王閣,27
20151026,松戸,31
20151026,宇都宮,24
20151026,大垣,44
20151026,奈良,53
20151027,青森,12
20151027,大垣,44
20151027,松戸,31
20151027,京王閣,27
20151028,高松,71
20151028,小松島,73
20151028,大宮,25
20151028,松戸,31
20151028,岸和田,56
20151028,名古屋,42
20151029,佐世保,85
20151029,岸和田,56
20151029,名古屋,42
20151029,小松島,73
20151029,小倉,81
20151029,高松,71
20151029,大宮,25
20151029,伊東,37
20151030,伊東,37
20151030,岸和田,56
20151030,名古屋,42
20151030,高松,71
20151030,大宮,25
20151030,佐世保,85
20151030,小松島,73
20151030,小倉,81
20151031,伊東,37
20151031,佐世保,85
20151031,福井,51
20151031,防府,63
20151031,小倉,81
20151031,前橋,22
20151031,函館,11
20151101,前橋,22
20151101,函館,11
20151101,松戸,31
20151101,福井,51
20151101,久留米,83
20151101,防府,63
20151102,静岡,38
20151102,富山,46
20151102,福井,51
20151102,久留米,83
20151102,防府,63
20151102,松戸,31
20151102,前橋,22
20151102,高知,74
20151102,函館,11
20151103,函館,11
20151103,富山,46
20151103,高知,74
20151103,静岡,38
20151103,久留米,83
20151103,松戸,31
20151104,富山,46
20151104,高知,74
20151104,名古屋,42
20151104,静岡,38
20151104,立川,28
20151105,青森,12
20151105,立川,28
20151105,名古屋,42
20151106,伊東,37
20151106,立川,28
20151106,名古屋,42
20151106,富山,46
20151106,弥彦,21
20151106,小松島,73
20151106,青森,12
20151107,富山,46
20151107,福井,51
20151107,伊東,37
20151107,小松島,73
20151107,小倉,81
20151107,青森,12
20151107,弥彦,21
20151108,富山,46
20151108,佐世保,85
20151108,福井,51
20151108,弥彦,21
20151108,伊東,37
20151108,小倉,81
20151108,小松島,73
20151109,防府,63
20151109,小倉,81
20151109,佐世保,85
20151109,岐阜,43
20151109,西武園,26
20151109,福井,51
20151110,防府,63
20151110,西武園,26
20151110,四日市,48
20151110,佐世保,85
20151110,岐阜,43
20151110,松戸,31
20151111,四日市,48
20151111,松戸,31
20151111,西武園,26
20151111,岐阜,43
20151111,防府,63
20151112,松戸,31
20151112,豊橋,45
20151112,四日市,48
20151113,久留米,83
20151113,取手,23
20151113,川崎,34
20151113,豊橋,45
20151114,福井,51
20151114,大宮,25
20151114,久留米,83
20151114,豊橋,45
20151114,取手,23
20151114,川崎,34
20151114,佐世保,85
20151115,取手,23
20151115,豊橋,45
20151115,久留米,83
20151115,佐世保,85
20151115,大宮,25
20151115,川崎,34
20151115,福井,51
20151116,富山,46
20151116,熊本,87
20151116,大宮,25
20151116,平塚,35
20151116,岐阜,43
20151116,高松,71
20151116,佐世保,85
20151116,福井,51
20151117,高松,71
20151117,千葉,32
20151117,熊本,87
20151117,岐阜,43
20151117,富山,46
20151117,平塚,35
20151118,千葉,32
20151118,高松,71
20151118,岐阜,43
20151118,平塚,35
20151118,松山,75
20151118,前橋,22
20151118,熊本,87
20151118,富山,46
20151119,前橋,22
20151119,千葉,32
20151119,高知,74
20151119,松山,75
20151120,松山,75
20151120,前橋,22
20151120,小倉,81
20151120,高知,74
20151121,川崎,34
20151121,高知,74
20151121,小倉,81
20151122,前橋,22
20151122,小倉,81
20151122,川崎,34
20151123,川崎,34
20151123,小倉,81
20151123,前橋,22
20151124,静岡,38
20151124,四日市,48
20151124,高松,71
20151124,前橋,22
20151124,奈良,53
20151124,立川,28
20151124,熊本,87
20151125,高松,71
20151125,静岡,38
20151125,平塚,35
20151125,大垣,44
20151125,奈良,53
20151125,高知,74
20151125,熊本,87
20151125,取手,23
20151125,四日市,48
20151125,立川,28
20151126,熊本,87
20151126,立川,28
20151126,四日市,48
20151126,高知,74
20151126,高松,71
20151126,取手,23
20151126,平塚,35
20151126,静岡,38
20151126,奈良,53
20151126,大垣,44
20151126,豊橋,45
20151127,松山,75
20151127,高知,74
20151127,取手,23
20151127,平塚,35
20151127,大垣,44
20151127,豊橋,45
20151128,松山,75
20151128,豊橋,45
20151128,岸和田,56
20151128,京王閣,27
20151129,久留米,83
20151129,松山,75
20151129,岸和田,56
20151129,小倉,81
20151129,京王閣,27
20151130,京王閣,27
20151130,久留米,83
20151130,小倉,81
20151130,岸和田,56
20151201,京王閣,27
20151201,久留米,83
20151201,小倉,81
20151202,小田原,36
20151202,伊東,37
20151202,取手,23
20151202,松阪,47
20151202,福井,51
20151202,大宮,25
20151202,広島,62
20151202,熊本,87
20151203,和歌山,55
20151203,大垣,44
20151203,伊東,37
20151203,広島,62
20151203,小田原,36
20151203,熊本,87
20151203,大宮,25
20151203,福井,51
20151203,松阪,47
20151203,取手,23
20151204,広島,62
20151204,取手,23
20151204,大垣,44
20151204,大宮,25
20151204,熊本,87
20151204,松阪,47
20151204,小倉,81
20151204,福井,51
20151204,伊東,37
20151204,小田原,36
20151204,和歌山,55
20151205,松山,75
20151205,佐世保,85
20151205,大垣,44
20151205,和歌山,55
20151205,小倉,81
20151205,京王閣,27
20151206,京王閣,27
20151206,佐世保,85
20151206,松山,75
20151206,小倉,81
20151207,佐世保,85
20151207,松山,75
20151207,京王閣,27
20151207,前橋,22
20151208,前橋,22
20151208,佐世保,85
20151209,西武園,26
20151209,小倉,81
20151209,名古屋,42
20151209,千葉,32
20151209,広島,62
20151209,奈良,53
20151209,前橋,22
20151210,小倉,81
20151210,千葉,32
20151210,松阪,47
20151210,奈良,53
20151210,広島,62
20151210,岸和田,56
20151210,西武園,26
20151210,玉野,61
20151210,取手,23
20151210,名古屋,42
20151211,松阪,47
20151211,広島,62
20151211,奈良,53
20151211,岸和田,56
20151211,玉野,61
20151211,名古屋,42
20151211,小倉,81
20151211,久留米,83
20151211,西武園,26
20151211,取手,23
20151211,千葉,32
20151212,玉野,61
20151212,伊東,37
20151212,取手,23
20151212,岸和田,56
20151212,松阪,47
20151212,久留米,83
20151213,伊東,37
20151213,久留米,83
20151214,伊東,37
20151214,小倉,81
20151215,伊東,37
20151215,前橋,22
20151215,小倉,81
20151216,前橋,22
20151216,小倉,81
20151216,立川,28
20151216,和歌山,55
20151216,高松,71
20151216,四日市,48
20151216,平塚,35
20151216,大垣,44
20151216,高知,74
20151217,豊橋,45
20151217,宇都宮,24
20151217,高知,74
20151217,大垣,44
20151217,四日市,48
20151217,立川,28
20151217,和歌山,55
20151217,高松,71
20151217,平塚,35
20151217,前橋,22
20151218,高松,71
20151218,豊橋,45
20151218,別府,86
20151218,大垣,44
20151218,平塚,35
20151218,宇都宮,24
20151218,和歌山,55
20151218,高知,74
20151218,立川,28
20151218,四日市,48
20151219,別府,86
20151219,いわき平,13
20151219,広島,62
20151219,宇都宮,24
20151219,豊橋,45
20151220,佐世保,85
20151220,いわき平,13
20151220,広島,62
20151220,別府,86
20151221,川崎,34
20151221,いわき平,13
20151221,佐世保,85
20151221,広島,62
20151222,川崎,34
20151222,佐世保,85
20151222,久留米,83
20151222,広島,62
20151222,大宮,25
20151223,川崎,34
20151223,奈良,53
20151223,岐阜,43
20151223,静岡,38
20151223,久留米,83
20151223,大宮,25
20151224,久留米,83
20151224,静岡,38
20151224,岐阜,43
20151224,奈良,53
20151224,高知,74
20151224,大宮,25
20151225,小倉,81
20151225,小田原,36
20151225,玉野,61
20151225,静岡,38
20151225,奈良,53
20151225,高知,74
20151225,岐阜,43
20151225,前橋,22
20151225,松戸,31
20151226,松戸,31
20151226,小田原,36
20151226,玉野,61
20151226,高知,74
20151226,小倉,81
20151226,前橋,22
20151227,佐世保,85
20151227,玉野,61
20151227,小倉,81
20151227,小田原,36
20151227,前橋,22
20151227,松戸,31
20151228,名古屋,42
20151228,佐世保,85
20151228,京王閣,27
20151228,四日市,48
20151229,佐世保,85
20151229,京王閣,27
20151229,名古屋,42
20151229,四日市,48
20151230,京王閣,27
20151230,名古屋,42
20151230,四日市,48
20151231,岸和田,56
20151231,小倉,81
20151231,高知,74
20160101,岸和田,56
20160101,静岡,38
20160101,松阪,47
20160101,前橋,22
20160101,小田原,36
20160101,玉野,61
20160101,宇都宮,24
20160101,高知,74
20160101,小倉,81
20160101,熊本,87
20160102,岸和田,56
20160102,高知,74
20160102,松阪,47
20160102,小倉,81
20160102,静岡,38
20160102,小田原,36
20160102,宇都宮,24
20160102,千葉,32
20160102,玉野,61
20160102,熊本,87
20160102,いわき平,13
20160102,前橋,22
20160103,玉野,61
20160103,宇都宮,24
20160103,松阪,47
20160103,前橋,22
20160103,静岡,38
20160103,小田原,36
20160103,千葉,32
20160103,熊本,87
20160103,いわき平,13
20160104,松山,75
20160104,いわき平,13
20160104,千葉,32
20160104,立川,28
20160105,松山,75
20160105,立川,28
20160105,前橋,22
20160106,松山,75
20160106,大垣,44
20160106,立川,28
20160106,前橋,22
20160107,久留米,83
20160107,大垣,44
20160107,前橋,22
20160107,立川,28
20160108,大垣,44
20160108,久留米,83
20160108,小倉,81
20160109,松戸,31
20160109,和歌山,55
20160109,小倉,81
20160109,久留米,83
20160109,京王閣,27
20160109,いわき平,13
20160109,熊本,87
20160109,岐阜,43
20160110,京王閣,27
20160110,岐阜,43
20160110,熊本,87
20160110,和歌山,55
20160110,小倉,81
20160110,いわき平,13
20160110,松戸,31
20160110,松山,75
20160111,和歌山,55
20160111,岐阜,43
20160111,いわき平,13
20160111,松戸,31
20160111,玉野,61
20160111,京王閣,27
20160111,熊本,87
20160111,松山,75
20160112,玉野,61
20160112,名古屋,42
20160112,和歌山,55
20160112,松山,75
20160113,広島,62
20160113,前橋,22
20160113,名古屋,42
20160113,別府,86
20160113,玉野,61
20160114,別府,86
20160114,小倉,81
20160114,豊橋,45
20160114,名古屋,42
20160114,広島,62
20160114,前橋,22
20160115,豊橋,45
20160115,前橋,22
20160115,広島,62
20160115,小田原,36
20160115,小倉,81
20160115,名古屋,42
20160115,別府,86
20160116,小倉,81
20160116,川崎,34
20160116,大宮,25
20160116,小田原,36
20160116,久留米,83
20160116,豊橋,45
20160117,久留米,83
20160117,小田原,36
20160117,玉野,61
20160117,大宮,25
20160117,川崎,34
20160118,久留米,83
20160118,川崎,34
20160118,大宮,25
20160118,玉野,61
20160119,佐世保,85
20160119,大宮,25
20160119,玉野,61
20160120,大宮,25
20160120,大垣,44
20160120,取手,23
20160120,別府,86
20160120,平塚,35
20160120,佐世保,85
20160121,別府,86
20160121,小倉,81
20160121,取手,23
20160121,松山,75
20160121,平塚,35
20160121,大垣,44
20160121,佐世保,85
20160122,小倉,81
20160122,別府,86
20160122,松山,75
20160122,取手,23
20160122,立川,28
20160122,平塚,35
20160122,大垣,44
20160123,立川,28
20160123,いわき平,13
20160123,名古屋,42
20160123,小倉,81
20160123,松山,75
20160124,立川,28
20160124,伊東,37
20160124,玉野,61
20160124,いわき平,13
20160124,名古屋,42
20160125,伊東,37
20160125,名古屋,42
20160125,玉野,61
20160125,いわき平,13
20160126,玉野,61
20160126,伊東,37
20160126,名古屋,42
20160126,いわき平,13
20160127,小松島,73
20160127,松戸,31
20160127,岐阜,43
20160127,西武園,26
20160128,松戸,31
20160128,伊東,37
20160128,小松島,73
20160128,西武園,26
20160128,小倉,81
20160128,宇都宮,24
20160128,岐阜,43
20160128,豊橋,45
20160129,西武園,26
20160129,和歌山,55
20160129,岐阜,43
20160129,宇都宮,24
20160129,小松島,73
20160129,松戸,31
20160129,豊橋,45
20160129,小倉,81
20160129,伊東,37
20160130,豊橋,45
20160130,伊東,37
20160130,小倉,81
20160130,和歌山,55
20160130,高松,71
20160130,宇都宮,24
20160131,高松,71
20160131,和歌山,55
20160201,立川,28
20160201,別府,86
20160201,千葉,32
20160201,高松,71
20160202,別府,86
20160202,千葉,32
20160202,名古屋,42
20160202,高松,71
20160202,立川,28
20160203,千葉,32
20160203,川崎,34
20160203,名古屋,42
20160203,松阪,47
20160203,大宮,25
20160203,小倉,81
20160203,別府,86
20160203,立川,28
20160203,玉野,61
20160204,松阪,47
20160204,玉野,61
20160204,名古屋,42
20160204,川崎,34
20160204,小倉,81
20160204,大宮,25
20160205,大宮,25
20160205,松阪,47
20160205,玉野,61
20160205,川崎,34
20160205,取手,23
20160205,小倉,81
20160205,岸和田,56
20160206,岸和田,56
20160206,佐世保,85
20160206,取手,23
20160206,いわき平,13
20160207,取手,23
20160207,岸和田,56
20160207,いわき平,13
20160207,佐世保,85
20160208,和歌山,55
20160208,玉野,61
20160208,岐阜,43
20160208,千葉,32
20160208,佐世保,85
20160208,いわき平,13
20160208,立川,28
20160208,平塚,35
20160209,豊橋,45
20160209,岐阜,43
20160209,玉野,61
20160209,和歌山,55
20160209,松山,75
20160209,立川,28
20160209,千葉,32
20160209,平塚,35
20160210,平塚,35
20160210,立川,28
20160210,和歌山,55
20160210,小倉,81
20160210,豊橋,45
20160210,岐阜,43
20160210,千葉,32
20160210,松山,75
20160210,玉野,61
20160211,豊橋,45
20160211,久留米,83
20160211,松山,75
20160211,小倉,81
20160212,久留米,83
20160212,小倉,81
20160212,伊東,37
20160213,久留米,83
20160213,伊東,37
20160214,久留米,83
20160214,高知,74
20160214,伊東,37
20160215,西武園,26
20160215,松戸,31
20160215,岸和田,56
20160215,高知,74
20160215,岐阜,43
20160215,小倉,81
20160215,松阪,47
20160215,広島,62
20160215,宇都宮,24
20160216,宇都宮,24
20160216,小倉,81
20160216,高知,74
20160216,岸和田,56
20160216,広島,62
20160216,松戸,31
20160216,松阪,47
20160216,西武園,26
20160216,岐阜,43
20160217,広島,62
20160217,松阪,47
20160217,小倉,81
20160217,西武園,26
20160217,岸和田,56
20160217,岐阜,43
20160217,宇都宮,24
20160217,いわき平,13
20160217,松戸,31
20160218,玉野,61
20160218,いわき平,13
20160218,佐世保,85
20160218,取手,23
20160219,佐世保,85
20160219,取手,23
20160219,いわき平,13
20160219,玉野,61
20160220,取手,23
20160220,佐世保,85
20160220,奈良,53
20160220,玉野,61
20160220,広島,62
20160220,川崎,34
20160221,伊東,37
20160221,広島,62
20160221,高知,74
20160221,西武園,26
20160221,川崎,34
20160221,奈良,53
20160222,広島,62
20160222,高知,74
20160222,奈良,53
20160222,西武園,26
20160222,伊東,37
20160222,川崎,34
20160223,奈良,53
20160223,伊東,37
20160223,西武園,26
20160223,高知,74
20160223,小田原,36
20160224,小田原,36
20160224,京王閣,27
20160224,高松,71
20160224,別府,86
20160224,和歌山,55
20160224,豊橋,45
20160224,防府,63
20160225,和歌山,55
20160225,京王閣,27
20160225,久留米,83
20160225,豊橋,45
20160225,名古屋,42
20160225,小倉,81
20160225,防府,63
20160225,高松,71
20160225,別府,86
20160225,小田原,36
20160226,高松,71
20160226,和歌山,55
20160226,豊橋,45
20160226,久留米,83
20160226,京王閣,27
20160226,小倉,81
20160226,名古屋,42
20160226,防府,63
20160226,別府,86
20160227,西武園,26
20160227,小倉,81
20160227,久留米,83
20160227,名古屋,42
20160227,静岡,38
20160228,松山,75
20160228,静岡,38
20160228,防府,63
20160228,西武園,26
20160229,松阪,47
20160229,松山,75
20160229,静岡,38
20160229,防府,63
20160229,西武園,26
20160301,静岡,38
20160301,松阪,47
20160301,松山,75
20160301,防府,63
20160302,大宮,25
20160302,松阪,47
20160302,和歌山,55
20160302,高知,74
20160303,大宮,25
20160303,和歌山,55
20160303,松戸,31
20160303,高知,74
20160304,玉野,61
20160304,高知,74
20160304,宇都宮,24
20160304,熊本,87
20160304,小田原,36
20160304,いわき平,13
20160304,松戸,31
20160304,大宮,25
20160304,和歌山,55
20160305,玉野,61
20160305,岐阜,43
20160305,熊本,87
20160305,小田原,36
20160305,松戸,31
20160305,岸和田,56
20160305,広島,62
20160305,いわき平,13
20160305,宇都宮,24
20160306,西武園,26
20160306,宇都宮,24
20160306,岐阜,43
20160306,岸和田,56
20160306,小田原,36
20160306,玉野,61
20160306,松山,75
20160306,いわき平,13
20160306,熊本,87
20160306,広島,62
20160307,広島,62
20160307,岸和田,56
20160307,松山,75
20160307,岐阜,43
20160307,川崎,34
20160307,西武園,26
20160308,松山,75
20160308,西武園,26
20160308,川崎,34
20160308,名古屋,42
20160309,川崎,34
20160309,名古屋,42
20160309,小倉,81
20160310,小倉,81
20160310,玉野,61
20160310,名古屋,42
20160311,小倉,81
20160311,名古屋,42
20160311,玉野,61
20160312,京王閣,27
20160312,玉野,61
20160312,千葉,32
20160312,名古屋,42
20160312,奈良,53
20160313,名古屋,42
20160313,京王閣,27
20160313,奈良,53
20160313,千葉,32
20160313,高知,74
20160314,豊橋,45
20160314,奈良,53
20160314,高知,74
20160314,千葉,32
20160314,福井,51
20160314,京王閣,27
20160315,福井,51
20160315,豊橋,45
20160315,高知,74
20160315,久留米,83
20160315,静岡,38
20160316,久留米,83
20160316,大宮,25
20160316,別府,86
20160316,取手,23
20160316,豊橋,45
20160316,福井,51
20160316,静岡,38
20160317,大宮,25
20160317,別府,86
20160317,久留米,83
20160317,小倉,81
20160317,取手,23
20160317,静岡,38
20160318,大垣,44
20160318,取手,23
20160318,小倉,81
20160318,別府,86
20160318,大宮,25
20160318,伊東,37
20160319,いわき平,13
20160319,玉野,61
20160319,大垣,44
20160319,小倉,81
20160319,伊東,37
20160320,伊東,37
20160320,玉野,61
20160320,いわき平,13
20160320,大垣,44
20160320,高知,74
20160320,佐世保,85
20160320,静岡,38
20160321,静岡,38
20160321,西武園,26
20160321,佐世保,85
20160321,玉野,61
20160321,いわき平,13
20160321,高知,74
20160322,佐世保,85
20160322,高知,74
20160322,西武園,26
20160322,玉野,61
20160322,静岡,38
20160323,久留米,83
20160323,西武園,26
20160323,岸和田,56
20160323,松阪,47
20160323,平塚,35
20160323,広島,62
20160323,宇都宮,24
20160324,広島,62
20160324,松阪,47
20160324,久留米,83
20160324,宇都宮,24
20160324,岸和田,56
20160324,小倉,81
20160324,平塚,35
20160325,平塚,35
20160325,小倉,81
20160325,久留米,83
20160325,松阪,47
20160325,広島,62
20160325,岸和田,56
20160325,宇都宮,24
20160326,別府,86
20160326,松山,75
20160326,京王閣,27
20160326,千葉,32
20160326,いわき平,13
20160326,小倉,81
20160327,別府,86
20160327,千葉,32
20160327,松山,75
20160327,豊橋,45
20160327,京王閣,27
20160327,取手,23
20160327,いわき平,13
20160328,豊橋,45
20160328,千葉,32
20160328,いわき平,13
20160328,松山,75
20160328,別府,86
20160328,取手,23
20160328,京王閣,27
20160328,小田原,36
20160329,豊橋,45
20160329,取手,23
20160329,松山,75
20160329,大垣,44
20160329,小倉,81
20160329,小田原,36
20160330,小倉,81
20160330,小田原,36
20160330,大垣,44
20160331,小倉,81
20160331,大垣,44
20160401,別府,86
20160401,佐世保,85
20160401,岸和田,56
20160401,伊東,37
20160401,京王閣,27
20160402,佐世保,85
20160402,高知,74
20160402,防府,63
20160402,岸和田,56
20160402,大垣,44
20160402,伊東,37
20160402,千葉,32
20160402,京王閣,27
20160402,別府,86
20160402,宇都宮,24
20160403,千葉,32
20160403,防府,63
20160403,高知,74
20160403,佐世保,85
20160403,岸和田,56
20160403,宇都宮,24
20160403,別府,86
20160403,京王閣,27
20160403,大垣,44
20160403,伊東,37
20160404,大垣,44
20160404,防府,63
20160404,高知,74
20160404,千葉,32
20160404,宇都宮,24
20160407,岸和田,56
20160407,久留米,83
20160407,名古屋,42
20160407,松山,75
20160407,取手,23
20160408,久留米,83
20160408,名古屋,42
20160408,高知,74
20160408,大宮,25
20160408,岸和田,56
20160408,取手,23
20160408,松山,75
20160409,川崎,34
20160409,名古屋,42
20160409,久留米,83
20160409,岸和田,56
20160409,大宮,25
20160409,取手,23
20160409,高知,74
20160409,松山,75
20160410,いわき平,13
20160410,大宮,25
20160410,川崎,34
20160410,高知,74
20160410,小倉,81
20160411,川崎,34
20160411,大垣,44
20160411,玉野,61
20160411,いわき平,13
20160411,小倉,81
20160411,福井,51
20160412,大垣,44
20160412,いわき平,13
20160412,小倉,81
20160412,玉野,61
20160412,福井,51
20160412,川崎,34
20160413,福井,51
20160413,大垣,44
20160413,弥彦,21
20160413,松戸,31
20160413,玉野,61
20160414,松阪,47
20160414,高知,74
20160414,和歌山,55
20160414,弥彦,21
20160414,松戸,31
20160415,松阪,47
20160415,高知,74
20160415,和歌山,55
20160415,小倉,81
20160415,松戸,31
20160415,弥彦,21
20160416,函館,11
20160416,高知,74
20160416,久留米,83
20160416,青森,12
20160416,和歌山,55
20160416,小倉,81
20160416,松阪,47
20160416,小田原,36
20160417,小倉,81
20160417,函館,11
20160417,久留米,83
20160417,取手,23
20160417,小田原,36
20160417,高知,74
20160417,青森,12
20160418,弥彦,21
20160418,小田原,36
20160418,取手,23
20160418,佐世保,85
20160418,青森,12
20160418,久留米,83
20160418,高松,71
20160418,函館,11
20160418,豊橋,45
20160419,佐世保,85
20160419,豊橋,45
20160419,取手,23
20160419,平塚,35
20160419,弥彦,21
20160419,高松,71
20160420,弥彦,21
20160420,高松,71
20160420,平塚,35
20160420,豊橋,45
20160420,富山,46
20160420,佐世保,85
20160421,青森,12
20160421,小倉,81
20160421,平塚,35
20160421,西武園,26
20160421,富山,46
20160422,函館,11
20160422,西武園,26
20160422,小倉,81
20160422,青森,12
20160422,富山,46
20160423,青森,12
20160423,函館,11
20160423,西武園,26
20160423,小倉,81
20160423,静岡,38
20160424,西武園,26
20160424,福井,51
20160424,松阪,47
20160424,静岡,38
20160424,佐世保,85
20160424,名古屋,42
20160424,玉野,61
20160424,函館,11
20160425,静岡,38
20160425,佐世保,85
20160425,広島,62
20160425,玉野,61
20160425,福井,51
20160425,松阪,47
20160425,小田原,36
20160425,久留米,83
20160425,名古屋,42
20160426,久留米,83
20160426,佐世保,85
20160426,福井,51
20160426,広島,62
20160426,玉野,61
20160426,松阪,47
20160426,小田原,36
20160426,名古屋,42
20160427,広島,62
20160427,宇都宮,24
20160427,青森,12
20160427,立川,28
20160427,小田原,36
20160427,久留米,83
20160427,富山,46
20160428,富山,46
20160428,青森,12
20160428,松戸,31
20160428,立川,28
20160428,小倉,81
20160428,宇都宮,24
20160429,富山,46
20160429,青森,12
20160429,松戸,31
20160429,立川,28
20160429,小倉,81
20160429,宇都宮,24
20160430,静岡,38
20160430,小倉,81
20160430,松戸,31
20160430,大宮,25
20160501,岸和田,56
20160501,静岡,38
20160501,高知,74
20160501,大宮,25
20160501,佐世保,85
20160502,高知,74
20160502,佐世保,85
20160502,静岡,38
20160502,岸和田,56
20160502,大宮,25
20160503,岸和田,56
20160503,佐世保,85
20160503,高知,74
20160503,静岡,38
20160504,静岡,38
20160504,青森,12
20160504,京王閣,27
20160505,青森,12
20160505,静岡,38
20160505,京王閣,27
20160506,福井,51
20160506,久留米,83
20160506,松戸,31
20160506,京王閣,27
20160506,広島,62
20160506,豊橋,45
20160506,青森,12
20160507,松戸,31
20160507,立川,28
20160507,小倉,81
20160507,広島,62
20160507,豊橋,45
20160507,福井,51
20160507,久留米,83
20160508,立川,28
20160508,豊橋,45
20160508,松戸,31
20160508,福井,51
20160508,函館,11
20160508,広島,62
20160508,久留米,83
20160508,小倉,81
20160509,小倉,81
20160509,富山,46
20160509,千葉,32
20160509,函館,11
20160509,取手,23
20160509,高松,71
20160509,立川,28
20160510,青森,12
20160510,千葉,32
20160510,富山,46
20160510,高松,71
20160510,函館,11
20160510,取手,23
20160511,高松,71
20160511,千葉,32
20160511,別府,86
20160511,富山,46
20160511,松山,75
20160511,青森,12
20160511,取手,23
20160512,別府,86
20160512,松山,75
20160512,青森,12
20160512,平塚,35
20160513,松山,75
20160513,小松島,73
20160513,平塚,35
20160513,岐阜,43
20160513,小倉,81
20160513,別府,86
20160513,熊本,87
20160514,函館,11
20160514,平塚,35
20160514,小松島,73
20160514,小倉,81
20160514,熊本,87
20160514,岐阜,43
20160515,小松島,73
20160515,弥彦,21
20160515,岸和田,56
20160515,岐阜,43
20160515,函館,11
20160515,平塚,35
20160515,小倉,81
20160515,熊本,87
20160516,函館,11
20160516,大垣,44
20160516,青森,12
20160516,弥彦,21
20160516,岸和田,56
20160516,高松,71
20160517,高松,71
20160517,青森,12
20160517,弥彦,21
20160517,大垣,44
20160517,川崎,34
20160517,岸和田,56
20160518,青森,12
20160518,大垣,44
20160518,福井,51
20160518,川崎,34
20160518,大宮,25
20160518,高松,71
20160519,小松島,73
20160519,川崎,34
20160519,福井,51
20160519,大宮,25
20160520,小松島,73
20160520,佐世保,85
20160520,大宮,25
20160520,いわき平,13
20160520,福井,51
20160521,伊東,37
20160521,岐阜,43
20160521,いわき平,13
20160521,佐世保,85
20160521,西武園,26
20160521,小松島,73
20160522,西武園,26
20160522,岐阜,43
20160522,伊東,37
20160522,いわき平,13
20160522,佐世保,85
20160523,西武園,26
20160523,玉野,61
20160523,岐阜,43
20160523,千葉,32
20160523,弥彦,21
20160524,小倉,81
20160524,弥彦,21
20160524,青森,12
20160524,玉野,61
20160524,千葉,32
20160525,青森,12
20160525,別府,86
20160525,小倉,81
20160525,富山,46
20160525,京王閣,27
20160525,千葉,32
20160525,和歌山,55
20160525,玉野,61
20160525,弥彦,21
20160526,青森,12
20160526,富山,46
20160526,和歌山,55
20160526,小倉,81
20160526,京王閣,27
20160526,別府,86
20160527,佐世保,85
20160527,松戸,31
20160527,京王閣,27
20160527,富山,46
20160527,福井,51
20160527,和歌山,55
20160527,別府,86
20160528,宇都宮,24
20160528,福井,51
20160528,久留米,83
20160528,防府,63
20160528,松戸,31
20160528,佐世保,85
20160529,宇都宮,24
20160529,佐世保,85
20160529,防府,63
20160529,福井,51
20160529,松戸,31
20160529,久留米,83
20160530,防府,63
20160530,久留米,83
20160530,川崎,34
20160530,青森,12
20160530,宇都宮,24
20160530,豊橋,45
20160531,宇都宮,24
20160531,川崎,34
20160531,青森,12
20160531,豊橋,45
20160601,青森,12
20160601,豊橋,45
20160601,松阪,47
20160601,川崎,34
20160602,奈良,53
20160602,小倉,81
20160602,高知,74
20160602,立川,28
20160602,平塚,35
20160602,別府,86
20160602,松阪,47
20160603,小倉,81
20160603,松阪,47
20160603,奈良,53
20160603,高知,74
20160603,立川,28
20160603,平塚,35
20160603,別府,86
20160604,立川,28
20160604,奈良,53
20160604,平塚,35
20160604,高知,74
20160604,別府,86
20160604,小倉,81
20160605,伊東,37
20160605,豊橋,45
20160605,玉野,61
20160605,いわき平,13
20160605,別府,86
20160606,豊橋,45
20160606,いわき平,13
20160606,名古屋,42
20160606,防府,63
20160606,伊東,37
20160606,福井,51
20160606,西武園,26
20160606,玉野,61
20160607,名古屋,42
20160607,豊橋,45
20160607,伊東,37
20160607,弥彦,21
20160607,玉野,61
20160607,いわき平,13
20160607,西武園,26
20160607,福井,51
20160607,防府,63
20160608,小倉,81
20160608,名古屋,42
20160608,防府,63
20160608,西武園,26
20160608,弥彦,21
20160608,福井,51
20160608,高知,74
20160609,平塚,35
20160609,高知,74
20160609,富山,46
20160609,小倉,81
20160609,弥彦,21
20160609,千葉,32
20160610,平塚,35
20160610,高知,74
20160610,千葉,32
20160610,青森,12
20160610,小倉,81
20160610,富山,46
20160611,千葉,32
20160611,富山,46
20160611,玉野,61
20160611,平塚,35
20160611,青森,12
20160612,青森,12
20160612,松山,75
20160612,松阪,47
20160612,玉野,61
20160612,佐世保,85
20160612,松戸,31
20160613,玉野,61
20160613,松阪,47
20160613,大宮,25
20160613,松山,75
20160613,立川,28
20160613,佐世保,85
20160613,松戸,31
20160614,大宮,25
20160614,佐世保,85
20160614,松山,75
20160614,松阪,47
20160614,前橋,22
20160614,立川,28
20160614,松戸,31
20160614,函館,11
20160615,大宮,25
20160615,立川,28
20160615,函館,11
20160615,前橋,22
20160616,前橋,22
20160616,函館,11
20160616,名古屋,42
20160616,静岡,38
20160617,名古屋,42
20160617,松戸,31
20160617,静岡,38
20160617,青森,12
20160618,松戸,31
20160618,青森,12
20160618,静岡,38
20160618,名古屋,42
20160619,青森,12
20160619,名古屋,42
20160619,松戸,31
20160620,高松,71
20160620,取手,23
20160620,前橋,22
20160620,函館,11
20160620,別府,86
20160620,和歌山,55
20160621,函館,11
20160621,別府,86
20160621,高松,71
20160621,取手,23
20160621,前橋,22
20160621,和歌山,55
20160622,高知,74
20160622,別府,86
20160622,高松,71
20160622,大垣,44
20160622,和歌山,55
20160622,前橋,22
20160622,函館,11
20160622,取手,23
20160623,高知,74
20160623,青森,12
20160623,大垣,44
20160623,大宮,25
20160623,川崎,34
20160624,川崎,34
20160624,大垣,44
20160624,弥彦,21
20160624,青森,12
20160624,大宮,25
20160624,高知,74
20160624,福井,51
20160624,富山,46
20160625,久留米,83
20160625,大宮,25
20160625,青森,12
20160625,弥彦,21
20160625,小田原,36
20160625,富山,46
20160625,川崎,34
20160625,福井,51
20160626,富山,46
20160626,小田原,36
20160626,松山,75
20160626,久留米,83
20160626,福井,51
20160626,弥彦,21
20160626,小倉,81
20160627,久留米,83
20160627,京王閣,27
20160627,松山,75
20160627,小田原,36
20160627,小倉,81
20160628,久留米,83
20160628,松山,75
20160628,京王閣,27
20160628,小倉,81
20160629,青森,12
20160629,熊本,87
20160629,和歌山,55
20160629,京王閣,27
20160629,小松島,73
20160629,富山,46
20160630,青森,12
20160630,前橋,22
20160630,小松島,73
20160630,函館,11
20160630,富山,46
20160630,熊本,87
20160630,和歌山,55
20160701,小松島,73
20160701,千葉,32
20160701,青森,12
20160701,和歌山,55
20160701,前橋,22
20160701,熊本,87
20160701,函館,11
20160701,富山,46
20160701,豊橋,45
20160702,静岡,38
20160702,豊橋,45
20160702,千葉,32
20160702,函館,11
20160702,京王閣,27
20160702,福井,51
20160702,前橋,22
20160703,千葉,32
20160703,豊橋,45
20160703,京王閣,27
20160703,高松,71
20160703,静岡,38
20160703,福井,51
20160703,青森,12
20160704,別府,86
20160704,京王閣,27
20160704,高松,71
20160704,福井,51
20160704,青森,12
20160704,静岡,38
20160705,青森,12
20160705,別府,86
20160705,福井,51
20160705,高松,71
20160705,函館,11
20160706,松阪,47
20160706,別府,86
20160706,岐阜,43
20160706,奈良,53
20160706,函館,11
20160707,函館,11
20160707,松阪,47
20160707,熊本,87
20160707,奈良,53
20160707,岐阜,43
20160707,小松島,73
20160708,奈良,53
20160708,松阪,47
20160708,岐阜,43
20160708,松戸,31
20160708,熊本,87
20160708,小松島,73
20160709,小松島,73
20160709,熊本,87
20160709,松戸,31
20160709,青森,12
20160710,青森,12
20160710,松戸,31
20160710,小倉,81
20160710,小松島,73
20160710,大垣,44
20160711,取手,23
20160711,小倉,81
20160711,伊東,37
20160711,青森,12
20160711,大垣,44
20160712,奈良,53
20160712,伊東,37
20160712,取手,23
20160712,小倉,81
20160712,大垣,44
20160712,大宮,25
20160713,いわき平,13
20160713,奈良,53
20160713,伊東,37
20160713,玉野,61
20160713,取手,23
20160713,大宮,25
20160713,岐阜,43
20160714,大宮,25
20160714,玉野,61
20160714,奈良,53
20160714,岐阜,43
20160714,いわき平,13
20160715,岐阜,43
20160715,小倉,81
20160715,玉野,61
20160715,いわき平,13
20160716,福井,51
20160716,前橋,22
20160716,小倉,81
20160716,佐世保,85
20160716,川崎,34
20160716,別府,86
20160717,小倉,81
20160717,佐世保,85
20160717,川崎,34
20160717,前橋,22
20160717,福井,51
20160717,別府,86
20160718,前橋,22
20160718,別府,86
20160718,川崎,34
20160718,名古屋,42
20160718,玉野,61
20160718,佐世保,85
20160718,福井,51
20160719,玉野,61
20160719,高知,74
20160719,松山,75
20160719,久留米,83
20160719,名古屋,42
20160720,松山,75
20160720,高知,74
20160720,大宮,25
20160720,玉野,61
20160720,久留米,83
20160720,立川,28
20160720,名古屋,42
20160720,松阪,47
20160721,静岡,38
20160721,小倉,81
20160721,久留米,83
20160721,立川,28
20160721,松山,75
20160721,高知,74
20160721,松阪,47
20160721,大宮,25
20160722,静岡,38
20160722,広島,62
20160722,立川,28
20160722,大宮,25
20160722,平塚,35
20160722,松阪,47
20160722,和歌山,55
20160722,小倉,81
20160723,宇都宮,24
20160723,別府,86
20160723,函館,11
20160723,広島,62
20160723,静岡,38
20160723,和歌山,55
20160723,小倉,81
20160723,平塚,35
20160724,和歌山,55
20160724,平塚,35
20160724,函館,11
20160724,広島,62
20160724,玉野,61
20160724,別府,86
20160724,宇都宮,24
20160725,松戸,31
20160725,宇都宮,24
20160725,四日市,48
20160725,玉野,61
20160725,別府,86
20160725,函館,11
20160726,四日市,48
20160726,松戸,31
20160726,函館,11
20160726,玉野,61
20160727,小田原,36
20160727,大宮,25
20160727,四日市,48
20160727,奈良,53
20160727,松戸,31
20160727,高知,74
20160728,小田原,36
20160728,前橋,22
20160728,小倉,81
20160728,大宮,25
20160728,高知,74
20160728,奈良,53
20160729,いわき平,13
20160729,大宮,25
20160729,前橋,22
20160729,高知,74
20160729,小田原,36
20160729,小倉,81
20160729,奈良,53
20160729,広島,62
20160730,小倉,81
20160730,前橋,22
20160730,弥彦,21
20160730,いわき平,13
20160730,広島,62
20160731,弥彦,21
20160731,高知,74
20160731,川崎,34
20160731,いわき平,13
20160731,広島,62
20160801,弥彦,21
20160801,川崎,34
20160801,高知,74
20160801,四日市,48
20160802,四日市,48
20160802,川崎,34
20160802,弥彦,21
20160802,高知,74
20160803,小倉,81
20160803,四日市,48
20160803,奈良,53
20160803,青森,12
20160803,名古屋,42
20160804,名古屋,42
20160804,奈良,53
20160804,小倉,81
20160804,青森,12
20160805,青森,12
20160805,小松島,73
20160805,静岡,38
20160805,奈良,53
20160805,小倉,81
20160805,名古屋,42
20160805,前橋,22
20160806,玉野,61
20160806,静岡,38
20160806,函館,11
20160806,小松島,73
20160806,前橋,22
20160807,前橋,22
20160807,小松島,73
20160807,函館,11
20160807,静岡,38
20160807,玉野,61
20160808,函館,11
20160808,西武園,26
20160808,平塚,35
20160808,熊本,87
20160808,玉野,61
20160808,岐阜,43
20160808,防府,63
20160808,奈良,53
20160808,宇都宮,24
20160809,佐世保,85
20160809,平塚,35
20160809,奈良,53
20160809,岐阜,43
20160809,西武園,26
20160809,宇都宮,24
20160809,小倉,81
20160809,熊本,87
20160809,防府,63
20160810,佐世保,85
20160810,平塚,35
20160810,西武園,26
20160810,宇都宮,24
20160810,奈良,53
20160810,小倉,81
20160810,岐阜,43
20160810,防府,63
20160810,熊本,87
20160811,佐世保,85
20160811,名古屋,42
20160811,小倉,81
20160811,松戸,31
20160812,名古屋,42
20160812,玉野,61
20160812,函館,11
20160812,松戸,31
20160813,名古屋,42
20160813,玉野,61
20160813,松戸,31
20160813,函館,11
20160814,函館,11
20160814,玉野,61
20160814,松戸,31
20160815,松戸,31
20160815,奈良,53
20160815,小倉,81
20160816,西武園,26
20160816,小倉,81
20160816,伊東,37
20160816,岐阜,43
20160816,広島,62
20160816,奈良,53
20160817,小倉,81
20160817,岸和田,56
20160817,奈良,53
20160817,岐阜,43
20160817,広島,62
20160817,伊東,37
20160817,西武園,26
20160818,岸和田,56
20160818,玉野,61
20160818,広島,62
20160818,松山,75
20160818,岐阜,43
20160818,函館,11
20160818,伊東,37
20160818,西武園,26
20160818,佐世保,85
20160819,佐世保,85
20160819,岸和田,56
20160819,弥彦,21
20160819,青森,12
20160819,玉野,61
20160819,松山,75
20160819,函館,11
20160820,前橋,22
20160820,弥彦,21
20160820,佐世保,85
20160820,小田原,36
20160820,松山,75
20160820,青森,12
20160820,函館,11
20160820,玉野,61
20160821,四日市,48
20160821,弥彦,21
20160821,前橋,22
20160821,小田原,36
20160821,青森,12
20160821,小倉,81
20160822,高松,71
20160822,前橋,22
20160822,小倉,81
20160822,小田原,36
20160822,四日市,48
20160823,小倉,81
20160823,高松,71
20160823,小田原,36
20160823,四日市,48
20160824,高松,71
20160824,佐世保,85
20160824,京王閣,27
20160824,小田原,36
20160825,豊橋,45
20160825,京王閣,27
20160825,久留米,83
20160825,佐世保,85
20160825,小松島,73
20160826,佐世保,85
20160826,久留米,83
20160826,小松島,73
20160826,取手,23
20160826,京王閣,27
20160826,豊橋,45
20160827,久留米,83
20160827,取手,23
20160827,川崎,34
20160827,小倉,81
20160827,小松島,73
20160827,豊橋,45
20160828,川崎,34
20160828,豊橋,45
20160828,小倉,81
20160828,取手,23
20160829,名古屋,42
20160829,川崎,34
20160829,別府,86
20160829,小倉,81
20160829,奈良,53
20160829,立川,28
20160830,千葉,32
20160830,奈良,53
20160830,弥彦,21
20160830,別府,86
20160830,いわき平,13
20160830,名古屋,42
20160830,立川,28
20160831,いわき平,13
20160831,青森,12
20160831,別府,86
20160831,立川,28
20160831,千葉,32
20160831,名古屋,42
20160831,奈良,53
20160831,弥彦,21
20160901,弥彦,21
20160901,青森,12
20160901,福井,51
20160901,千葉,32
20160901,いわき平,13
20160901,玉野,61
20160901,岐阜,43
20160902,前橋,22
20160902,別府,86
20160902,いわき平,13
20160902,玉野,61
20160902,福井,51
20160902,岐阜,43
20160902,青森,12
20160903,玉野,61
20160903,佐世保,85
20160903,福井,51
20160903,岐阜,43
20160903,別府,86
20160903,前橋,22
20160904,別府,86
20160904,前橋,22
20160904,岐阜,43
20160904,佐世保,85
20160905,西武園,26
20160905,松阪,47
20160905,小倉,81
20160905,伊東,37
20160905,佐世保,85
20160905,和歌山,55
20160905,防府,63
20160906,西武園,26
20160906,高知,74
20160906,小倉,81
20160906,和歌山,55
20160906,伊東,37
20160906,防府,63
20160906,松阪,47
20160907,伊東,37
20160907,高知,74
20160907,小倉,81
20160907,西武園,26
20160907,和歌山,55
20160907,防府,63
20160907,松阪,47
20160907,弥彦,21
20160908,高知,74
20160908,青森,12
20160908,富山,46
20160908,平塚,35
20160908,奈良,53
20160908,弥彦,21
20160909,奈良,53
20160909,前橋,22
20160909,弥彦,21
20160909,富山,46
20160909,熊本,87
20160909,青森,12
20160909,平塚,35
20160910,平塚,35
20160910,青森,12
20160910,熊本,87
20160910,前橋,22
20160910,富山,46
20160910,奈良,53
20160911,青森,12
20160911,松山,75
20160911,前橋,22
20160911,熊本,87
20160912,大垣,44
20160912,広島,62
20160912,取手,23
20160912,千葉,32
20160912,松山,75
20160912,小倉,81
20160913,四日市,48
20160913,向日町,54
20160913,取手,23
20160913,久留米,83
20160913,小松島,73
20160913,小倉,81
20160913,大垣,44
20160913,広島,62
20160913,千葉,32
20160913,松山,75
20160914,小松島,73
20160914,取手,23
20160914,千葉,32
20160914,向日町,54
20160914,函館,11
20160914,四日市,48
20160914,小倉,81
20160914,広島,62
20160914,大垣,44
20160914,久留米,83
20160915,向日町,54
20160915,四日市,48
20160915,函館,11
20160915,久留米,83
20160915,青森,12
20160915,小松島,73
20160916,青森,12
20160916,函館,11
20160916,富山,46
20160917,青森,12
20160917,富山,46
20160917,松戸,31
20160918,富山,46
20160918,松戸,31
20160918,高知,74
20160919,前橋,22
20160919,高知,74
20160919,松戸,31
20160919,富山,46
20160920,高知,74
20160920,広島,62
20160920,高松,71
20160920,青森,12
20160920,四日市,48
20160920,前橋,22
20160921,高松,71
20160921,広島,62
20160921,和歌山,55
20160921,静岡,38
20160921,四日市,48
20160921,青森,12
20160921,前橋,22
20160921,小田原,36
20160922,高松,71
20160922,広島,62
20160922,佐世保,85
20160922,弥彦,21
20160922,小田原,36
20160922,静岡,38
20160922,和歌山,55
20160922,青森,12
20160922,岐阜,43
20160922,四日市,48
20160923,弥彦,21
20160923,小田原,36
20160923,静岡,38
20160923,岐阜,43
20160923,高松,71
20160923,佐世保,85
20160923,京王閣,27
20160923,和歌山,55
20160923,四日市,48
20160924,弥彦,21
20160924,佐世保,85
20160924,岐阜,43
20160924,京王閣,27
20160924,別府,86
20160924,玉野,61
20160925,玉野,61
20160925,小倉,81
20160925,松戸,31
20160925,京王閣,27
20160925,別府,86
20160926,別府,86
20160926,いわき平,13
20160926,宇都宮,24
20160926,小倉,81
20160926,玉野,61
20160926,松戸,31
20160927,宇都宮,24
20160927,玉野,61
20160927,富山,46
20160927,いわき平,13
20160927,小倉,81
20160927,松戸,31
20160928,前橋,22
20160928,宇都宮,24
20160928,富山,46
20160928,いわき平,13
20160928,熊本,87
20160929,防府,63
20160929,前橋,22
20160929,熊本,87
20160929,富山,46
20160929,川崎,34
20160929,向日町,54
20160929,函館,11
20160930,熊本,87
20160930,前橋,22
20160930,向日町,54
20160930,防府,63
20160930,川崎,34
20160930,函館,11
20161001,防府,63
20161001,小倉,81
20161001,向日町,54
20161001,別府,86
20161001,川崎,34
20161001,函館,11
20161001,名古屋,42
20161002,小倉,81
20161002,弥彦,21
20161002,別府,86
20161002,名古屋,42
20161002,向日町,54
20161002,四日市,48
20161003,弥彦,21
20161003,高松,71
20161003,伊東,37
20161003,別府,86
20161003,福井,51
20161003,名古屋,42
20161003,四日市,48
20161003,青森,12
20161003,小倉,81
20161004,四日市,48
20161004,高松,71
20161004,大宮,25
20161004,福井,51
20161004,伊東,37
20161004,青森,12
20161004,佐世保,85
20161004,弥彦,21
20161005,青森,12
20161005,伊東,37
20161005,福井,51
20161005,松戸,31
20161005,佐世保,85
20161005,高松,71
20161005,大宮,25
20161006,松阪,47
20161006,佐世保,85
20161006,大宮,25
20161006,松戸,31
20161007,小倉,81
20161007,前橋,22
20161007,松戸,31
20161007,松阪,47
20161008,前橋,22
20161008,小倉,81
20161008,函館,11
20161008,松阪,47
20161009,小倉,81
20161009,函館,11
20161009,前橋,22
20161010,玉野,61
20161010,函館,11
20161010,前橋,22
20161011,玉野,61
20161011,小田原,36
20161011,福井,51
20161011,青森,12
20161011,小松島,73
20161011,佐世保,85
20161012,小田原,36
20161012,岐阜,43
20161012,西武園,26
20161012,別府,86
20161012,弥彦,21
20161012,福井,51
20161012,佐世保,85
20161012,玉野,61
20161012,小松島,73
20161012,青森,12
20161013,富山,46
20161013,佐世保,85
20161013,福井,51
20161013,小松島,73
20161013,別府,86
20161013,岐阜,43
20161013,西武園,26
20161013,小田原,36
20161013,青森,12
20161013,弥彦,21
20161014,富山,46
20161014,函館,11
20161014,岐阜,43
20161014,別府,86
20161014,弥彦,21
20161014,西武園,26
20161015,函館,11
20161015,千葉,32
20161015,富山,46
20161015,宇都宮,24
20161015,防府,63
20161016,千葉,32
20161016,宇都宮,24
20161016,防府,63
20161016,青森,12
20161016,函館,11
20161016,小倉,81
20161017,小倉,81
20161017,岸和田,56
20161017,宇都宮,24
20161017,青森,12
20161017,千葉,32
20161017,佐世保,85
20161017,防府,63
20161018,小倉,81
20161018,青森,12
20161018,千葉,32
20161018,佐世保,85
20161018,岸和田,56
20161019,立川,28
20161019,岸和田,56
20161019,静岡,38
20161019,松阪,47
20161019,高知,74
20161019,佐世保,85
20161019,玉野,61
20161020,久留米,83
20161020,高知,74
20161020,玉野,61
20161020,静岡,38
20161020,向日町,54
20161020,立川,28
20161020,平塚,35
20161020,松阪,47
20161021,高知,74
20161021,静岡,38
20161021,向日町,54
20161021,青森,12
20161021,玉野,61
20161021,立川,28
20161021,松阪,47
20161021,平塚,35
20161021,久留米,83
20161022,前橋,22
20161022,富山,46
20161022,久留米,83
20161022,向日町,54
20161022,広島,62
20161022,青森,12
20161022,平塚,35
20161023,広島,62
20161023,川崎,34
20161023,富山,46
20161023,久留米,83
20161023,前橋,22
20161023,青森,12
20161024,前橋,22
20161024,富山,46
20161024,岸和田,56
20161024,川崎,34
20161024,宇都宮,24
20161024,広島,62
20161025,宇都宮,24
20161025,川崎,34
20161025,岸和田,56
20161026,松戸,31
20161026,小松島,73
20161026,宇都宮,24
20161026,名古屋,42
20161026,岸和田,56
20161027,小松島,73
20161027,松戸,31
20161027,名古屋,42
20161028,小松島,73
20161028,松戸,31
20161028,名古屋,42
20161028,佐世保,85
20161029,平塚,35
20161029,武雄,84
20161029,京王閣,27
20161029,玉野,61
20161029,佐世保,85
20161030,京王閣,27
20161030,佐世保,85
20161030,武雄,84
20161030,平塚,35
20161030,玉野,61
20161031,武雄,84
20161031,玉野,61
20161031,京王閣,27
20161031,和歌山,55
20161031,千葉,32
20161031,豊橋,45
20161031,平塚,35
20161101,千葉,32
20161101,和歌山,55
20161101,京王閣,27
20161101,小倉,81
20161101,豊橋,45
20161102,弥彦,21
20161102,佐世保,85
20161102,小倉,81
20161102,豊橋,45
20161102,千葉,32
20161102,和歌山,55
20161103,弥彦,21
20161103,防府,63
20161103,佐世保,85
20161103,富山,46
20161103,別府,86
20161103,福井,51
20161103,小倉,81
20161104,佐世保,85
20161104,防府,63
20161104,別府,86
20161104,京王閣,27
20161104,福井,51
20161104,富山,46
20161104,弥彦,21
20161105,別府,86
20161105,富山,46
20161105,豊橋,45
20161105,奈良,53
20161105,福井,51
20161105,京王閣,27
20161105,防府,63
20161106,防府,63
20161106,京王閣,27
20161106,豊橋,45
20161106,武雄,84
20161106,奈良,53
20161107,静岡,38
20161107,豊橋,45
20161107,武雄,84
20161107,奈良,53
20161107,いわき平,13
20161107,立川,28
20161108,玉野,61
20161108,静岡,38
20161108,いわき平,13
20161108,武雄,84
20161108,立川,28
20161108,小倉,81
20161109,久留米,83
20161109,静岡,38
20161109,玉野,61
20161109,立川,28
20161109,小倉,81
20161109,いわき平,13
20161109,四日市,48
20161110,玉野,61
20161110,松戸,31
20161110,久留米,83
20161110,小倉,81
20161110,四日市,48
20161111,久留米,83
20161111,西武園,26
20161111,福井,51
20161111,前橋,22
20161111,防府,63
20161111,松戸,31
20161111,四日市,48
20161112,富山,46
20161112,武雄,84
20161112,福井,51
20161112,防府,63
20161112,前橋,22
20161112,松戸,31
20161112,西武園,26
20161113,防府,63
20161113,福井,51
20161113,川崎,34
20161113,前橋,22
20161113,武雄,84
20161113,西武園,26
20161113,富山,46
20161114,川崎,34
20161114,武雄,84
20161114,小倉,81
20161114,富山,46
20161115,川崎,34
20161115,岐阜,43
20161115,小倉,81
20161115,武雄,84
20161116,広島,62
20161116,立川,28
20161116,松戸,31
20161116,小倉,81
20161116,岐阜,43
20161116,福井,51
20161117,広島,62
20161117,立川,28
20161117,岐阜,43
20161117,福井,51
20161117,松戸,31
20161118,宇都宮,24
20161118,広島,62
20161118,立川,28
20161118,別府,86
20161118,福井,51
20161118,平塚,35
20161118,松戸,31
20161119,平塚,35
20161119,別府,86
20161119,玉野,61
20161119,宇都宮,24
20161119,奈良,53
20161120,富山,46
20161120,玉野,61
20161120,別府,86
20161120,奈良,53
20161120,平塚,35
20161120,宇都宮,24
20161121,西武園,26
20161121,武雄,84
20161121,玉野,61
20161121,富山,46
20161121,広島,62
20161121,奈良,53
20161121,和歌山,55
20161122,いわき平,13
20161122,富山,46
20161122,西武園,26
20161122,和歌山,55
20161122,広島,62
20161122,武雄,84
20161123,いわき平,13
20161123,伊東,37
20161123,前橋,22
20161123,西武園,26
20161123,和歌山,55
20161123,武雄,84
20161123,広島,62
20161124,いわき平,13
20161124,小倉,81
20161124,前橋,22
20161124,名古屋,42
20161124,伊東,37
20161125,前橋,22
20161125,伊東,37
20161125,小倉,81
20161125,防府,63
20161125,名古屋,42
20161125,川崎,34
20161126,小倉,81
20161126,名古屋,42
20161126,防府,63
20161126,川崎,34
20161126,奈良,53
20161127,奈良,53
20161127,防府,63
20161127,川崎,34
20161127,小倉,81
20161128,前橋,22
20161128,小田原,36
20161128,玉野,61
20161128,取手,23
20161128,京王閣,27
20161128,奈良,53
20161128,四日市,48
20161129,向日町,54
20161129,小田原,36
20161129,取手,23
20161129,京王閣,27
20161129,前橋,22
20161129,武雄,84
20161129,玉野,61
20161129,四日市,48
20161130,向日町,54
20161130,四日市,48
20161130,前橋,22
20161130,武雄,84
20161130,玉野,61
20161130,取手,23
20161130,小田原,36
20161130,京王閣,27
20161201,岐阜,43
20161201,小松島,73
20161201,向日町,54
20161201,武雄,84
20161201,伊東,37
20161202,平塚,35
20161202,小松島,73
20161202,岐阜,43
20161202,伊東,37
20161203,伊東,37
20161203,平塚,35
20161203,岐阜,43
20161203,岸和田,56
20161203,小松島,73
20161204,平塚,35
20161204,玉野,61
20161204,岸和田,56
20161204,小倉,81
20161205,玉野,61
20161205,岸和田,56
20161205,小倉,81
20161206,玉野,61
20161206,岸和田,56
20161206,前橋,22
20161206,西武園,26
20161206,小倉,81
20161207,前橋,22
20161207,小田原,36
20161207,西武園,26
20161207,奈良,53
20161207,四日市,48
20161207,豊橋,45
20161208,豊橋,45
20161208,小田原,36
20161208,西武園,26
20161208,四日市,48
20161208,前橋,22
20161208,高松,71
20161208,奈良,53
20161208,佐世保,85
20161209,奈良,53
20161209,高松,71
20161209,小田原,36
20161209,静岡,38
20161209,豊橋,45
20161209,立川,28
20161209,佐世保,85
20161209,四日市,48
20161210,静岡,38
20161210,岸和田,56
20161210,いわき平,13
20161210,佐世保,85
20161210,高松,71
20161210,小倉,81
20161210,立川,28
20161211,岸和田,56
20161211,佐世保,85
20161211,岐阜,43
20161211,立川,28
20161211,静岡,38
20161211,いわき平,13
20161211,小倉,81
20161212,岸和田,56
20161212,奈良,53
20161212,いわき平,13
20161212,小倉,81
20161212,岐阜,43
20161212,取手,23
20161212,平塚,35
20161212,玉野,61
20161213,奈良,53
20161213,小松島,73
20161213,玉野,61
20161213,岐阜,43
20161213,武雄,84
20161213,平塚,35
20161213,久留米,83
20161213,取手,23
20161214,武雄,84
20161214,奈良,53
20161214,小松島,73
20161214,取手,23
20161214,玉野,61
20161214,平塚,35
20161214,久留米,83
20161215,久留米,83
20161215,西武園,26
20161215,武雄,84
20161215,伊東,37
20161215,小松島,73
20161216,西武園,26
20161216,京王閣,27
20161216,伊東,37
20161216,小倉,81
20161216,松山,75
20161217,松山,75
20161217,伊東,37
20161217,京王閣,27
20161217,西武園,26
20161217,小倉,81
20161218,伊東,37
20161218,小倉,81
20161218,京王閣,27
20161218,松山,75
20161218,大垣,44
20161219,小松島,73
20161219,向日町,54
20161219,宇都宮,24
20161219,武雄,84
20161219,松阪,47
20161219,大垣,44
20161219,千葉,32
20161220,向日町,54
20161220,宇都宮,24
20161220,武雄,84
20161220,松阪,47
20161220,小松島,73
20161220,大垣,44
20161220,千葉,32
20161221,武雄,84
20161221,小松島,73
20161221,千葉,32
20161221,宇都宮,24
20161221,玉野,61
20161221,松阪,47
20161221,向日町,54
20161222,玉野,61
20161222,久留米,83
20161222,四日市,48
20161222,広島,62
20161223,広島,62
20161223,久留米,83
20161223,玉野,61
20161223,四日市,48
20161224,広島,62
20161224,久留米,83
20161224,四日市,48
20161224,奈良,53
20161225,小倉,81
20161225,小田原,36
20161225,大宮,25
20161225,取手,23
20161225,大垣,44
20161225,奈良,53
20161225,広島,62
20161226,奈良,53
20161226,和歌山,55
20161226,小田原,36
20161226,大垣,44
20161226,大宮,25
20161226,高松,71
20161226,取手,23
20161226,小倉,81
20161227,小田原,36
20161227,武雄,84
20161227,取手,23
20161227,小倉,81
20161227,大宮,25
20161227,高松,71
20161227,大垣,44
20161227,和歌山,55
20161228,松阪,47
20161228,武雄,84
20161228,松山,75
20161228,立川,28
20161228,川崎,34
20161228,高松,71
20161228,和歌山,55
20161229,立川,28
20161229,松山,75
20161229,松阪,47
20161229,武雄,84
20161229,川崎,34
20161230,川崎,34
20161230,立川,28
20161230,松山,75
20161230,松阪,47
20161230,高知,74
20161231,佐世保,85
20161231,岸和田,56
20161231,静岡,38
20161231,高知,74
20170101,静岡,38
20170101,岸和田,56
20170101,取手,23
20170101,豊橋,45
20170101,松阪,47
20170101,広島,62
20170101,京王閣,27
20170101,佐世保,85
20170101,高知,74
20170102,豊橋,45
20170102,佐世保,85
20170102,京王閣,27
20170102,静岡,38
20170102,取手,23
20170102,広島,62
20170102,いわき平,13
20170102,松阪,47
20170102,岸和田,56
20170102,玉野,61
20170103,久留米,83
20170103,静岡,38
20170103,松阪,47
20170103,広島,62
20170103,豊橋,45
20170103,玉野,61
20170103,京王閣,27
20170103,いわき平,13
20170103,取手,23
20170104,立川,28
20170104,平塚,35
20170104,いわき平,13
20170104,久留米,83
20170104,玉野,61
20170105,平塚,35
20170105,立川,28
20170105,小倉,81
20170105,久留米,83
20170105,奈良,53
20170106,奈良,53
20170106,平塚,35
20170106,四日市,48
20170106,立川,28
20170106,小倉,81
20170107,四日市,48
20170107,奈良,53
20170107,小倉,81
20170107,立川,28
20170108,西武園,26
20170108,川崎,34
20170108,大垣,44
20170108,四日市,48
20170108,和歌山,55
20170109,和歌山,55
20170109,大垣,44
20170109,松山,75
20170109,久留米,83
20170109,西武園,26
20170109,川崎,34
20170110,久留米,83
20170110,大垣,44
20170110,西武園,26
20170110,川崎,34
20170110,松山,75
20170110,和歌山,55
20170111,久留米,83
20170111,玉野,61
20170111,松山,75
20170111,宇都宮,24
20170111,和歌山,55
20170111,千葉,32
20170112,千葉,32
20170112,小倉,81
20170112,名古屋,42
20170112,高知,74
20170112,玉野,61
20170112,小田原,36
20170112,宇都宮,24
20170113,宇都宮,24
20170113,千葉,32
20170113,名古屋,42
20170113,高知,74
20170113,小倉,81
20170113,玉野,61
20170113,小田原,36
20170114,小倉,81
20170114,名古屋,42
20170114,前橋,22
20170114,小田原,36
20170114,大宮,25
20170114,向日町,54
20170114,高知,74
20170115,伊東,37
20170115,武雄,84
20170115,大宮,25
20170115,向日町,54
20170115,前橋,22
20170116,前橋,22
20170116,大宮,25
20170116,向日町,54
20170116,伊東,37
20170116,武雄,84
20170117,高知,74
20170117,伊東,37
20170117,武雄,84
20170117,大宮,25
20170118,高知,74
20170118,四日市,48
20170118,向日町,54
20170119,高知,74
20170119,向日町,54
20170119,松山,75
20170119,四日市,48
20170120,向日町,54
20170120,小倉,81
20170120,四日市,48
20170120,松山,75
20170121,松山,75
20170121,前橋,22
20170121,小倉,81
20170122,松山,75
20170122,前橋,22
20170122,名古屋,42
20170122,小倉,81
20170123,平塚,35
20170123,奈良,53
20170123,前橋,22
20170123,防府,63
20170123,武雄,84
20170123,名古屋,42
20170123,豊橋,45
20170123,大宮,25
20170124,武雄,84
20170124,豊橋,45
20170124,名古屋,42
20170124,大宮,25
20170124,奈良,53
20170124,防府,63
20170124,平塚,35
20170125,奈良,53
20170125,豊橋,45
20170125,防府,63
20170125,武雄,84
20170125,前橋,22
20170125,平塚,35
20170125,大宮,25
20170125,伊東,37
20170126,伊東,37
20170126,前橋,22
20170126,玉野,61
20170126,いわき平,13
20170126,四日市,48
20170127,伊東,37
20170127,小田原,36
20170127,前橋,22
20170127,いわき平,13
20170127,四日市,48
20170127,玉野,61
20170128,小倉,81
20170128,西武園,26
20170128,いわき平,13
20170128,玉野,61
20170128,四日市,48
20170128,小田原,36
20170129,小田原,36
20170129,西武園,26
20170129,小倉,81
20170129,いわき平,13
20170130,前橋,22
20170130,小倉,81
20170130,防府,63
20170130,西武園,26
20170130,和歌山,55
20170131,伊東,37
20170131,前橋,22
20170131,高知,74
20170131,防府,63
20170131,和歌山,55
20170131,平塚,35
20170201,和歌山,55
20170201,防府,63
20170201,伊東,37
20170201,高知,74
20170201,前橋,22
20170201,平塚,35
20170202,松阪,47
20170202,伊東,37
20170202,高知,74
20170202,平塚,35
20170202,取手,23
20170202,奈良,53
20170203,取手,23
20170203,松阪,47
20170203,奈良,53
20170203,武雄,84
20170203,松山,75
20170203,京王閣,27
20170203,小倉,81
20170204,奈良,53
20170204,松阪,47
20170204,松山,75
20170204,京王閣,27
20170204,小倉,81
20170204,武雄,84
20170204,取手,23
20170205,松山,75
20170205,武雄,84
20170205,奈良,53
20170205,小倉,81
20170205,京王閣,27
20170206,向日町,54
20170206,川崎,34
20170206,高松,71
20170206,大垣,44
20170206,いわき平,13
20170206,千葉,32
20170207,川崎,34
20170207,向日町,54
20170207,広島,62
20170207,千葉,32
20170207,高知,74
20170207,大垣,44
20170207,四日市,48
20170207,久留米,83
20170207,高松,71
20170207,大宮,25
20170207,いわき平,13
20170208,いわき平,13
20170208,高松,71
20170208,大垣,44
20170208,川崎,34
20170208,向日町,54
20170208,千葉,32
20170208,久留米,83
20170208,四日市,48
20170208,大宮,25
20170208,高知,74
20170208,広島,62
20170209,高知,74
20170209,久留米,83
20170209,広島,62
20170209,岐阜,43
20170209,大宮,25
20170209,四日市,48
20170210,岐阜,43
20170210,玉野,61
20170210,武雄,84
20170210,小倉,81
20170210,小田原,36
20170211,玉野,61
20170211,小倉,81
20170211,小田原,36
20170211,岐阜,43
20170211,武雄,84
20170212,玉野,61
20170212,武雄,84
20170212,小倉,81
20170212,小田原,36
20170212,宇都宮,24
20170213,松山,75
20170213,宇都宮,24
20170213,久留米,83
20170213,豊橋,45
20170213,武雄,84
20170213,高知,74
20170213,前橋,22
20170213,和歌山,55
20170213,千葉,32
20170213,西武園,26
20170214,久留米,83
20170214,高知,74
20170214,松山,75
20170214,和歌山,55
20170214,豊橋,45
20170214,前橋,22
20170214,千葉,32
20170214,宇都宮,24
20170214,西武園,26
20170215,和歌山,55
20170215,前橋,22
20170215,久留米,83
20170215,千葉,32
20170215,高知,74
20170215,松山,75
20170215,豊橋,45
20170215,西武園,26
20170216,伊東,37
20170216,武雄,84
20170216,取手,23
20170216,小倉,81
20170217,小倉,81
20170217,名古屋,42
20170217,武雄,84
20170217,取手,23
20170217,伊東,37
20170218,伊東,37
20170218,名古屋,42
20170218,小倉,81
20170218,武雄,84
20170218,取手,23
20170219,松山,75
20170219,佐世保,85
20170219,前橋,22
20170219,取手,23
20170219,名古屋,42
20170220,高知,74
20170220,西武園,26
20170220,川崎,34
20170220,松山,75
20170220,広島,62
20170220,奈良,53
20170220,前橋,22
20170220,佐世保,85
20170221,西武園,26
20170221,松山,75
20170221,前橋,22
20170221,佐世保,85
20170221,高知,74
20170221,奈良,53
20170221,川崎,34
20170221,広島,62
20170222,広島,62
20170222,川崎,34
20170222,西武園,26
20170222,奈良,53
20170222,高知,74
20170222,名古屋,42
20170223,玉野,61
20170223,名古屋,42
20170223,立川,28
20170223,小田原,36
20170223,小倉,81
20170224,名古屋,42
20170224,小倉,81
20170224,立川,28
20170224,奈良,53
20170224,静岡,38
20170224,小田原,36
20170224,玉野,61
20170225,奈良,53
20170225,四日市,48
20170225,小田原,36
20170225,玉野,61
20170225,立川,28
20170225,静岡,38
20170225,小倉,81
20170226,奈良,53
20170226,武雄,84
20170226,松山,75
20170226,静岡,38
20170226,四日市,48
20170226,西武園,26
20170227,武雄,84
20170227,四日市,48
20170227,松山,75
20170227,西武園,26
20170227,いわき平,13
20170228,いわき平,13
20170228,松山,75
20170228,武雄,84
20170228,西武園,26
20170228,四日市,48
20170301,小倉,81
20170301,佐世保,85
20170301,伊東,37
20170301,いわき平,13
20170302,和歌山,55
20170302,小倉,81
20170302,岐阜,43
20170302,玉野,61
20170302,伊東,37
20170302,佐世保,85
20170303,佐世保,85
20170303,小倉,81
20170303,和歌山,55
20170303,玉野,61
20170303,伊東,37
20170303,岐阜,43
20170304,和歌山,55
20170304,高知,74
20170304,静岡,38
20170304,四日市,48
20170304,玉野,61
20170304,岐阜,43
20170305,静岡,38
20170305,取手,23
20170305,玉野,61
20170305,四日市,48
20170305,高知,74
20170306,豊橋,45
20170306,静岡,38
20170306,大宮,25
20170306,四日市,48
20170306,高知,74
20170306,広島,62
20170306,取手,23
20170306,岸和田,56
20170307,広島,62
20170307,取手,23
20170307,武雄,84
20170307,岸和田,56
20170307,大宮,25
20170307,豊橋,45
20170307,小倉,81
20170307,京王閣,27
20170308,岸和田,56
20170308,小倉,81
20170308,豊橋,45
20170308,広島,62
20170308,大宮,25
20170308,京王閣,27
20170308,小田原,36
20170308,武雄,84
20170309,向日町,54
20170309,小田原,36
20170309,京王閣,27
20170309,武雄,84
20170309,小倉,81
20170309,大垣,44
20170309,小松島,73
20170310,向日町,54
20170310,小松島,73
20170310,佐世保,85
20170310,伊東,37
20170310,大垣,44
20170310,小田原,36
20170311,向日町,54
20170311,伊東,37
20170311,佐世保,85
20170311,大垣,44
20170311,小松島,73
20170312,大宮,25
20170312,伊東,37
20170312,佐世保,85
20170312,大垣,44
20170313,久留米,83
20170313,大宮,25
20170313,宇都宮,24
20170313,静岡,38
20170313,岸和田,56
20170313,小倉,81
20170314,小倉,81
20170314,久留米,83
20170314,宇都宮,24
20170314,岸和田,56
20170314,大宮,25
20170314,静岡,38
20170314,岐阜,43
20170315,岐阜,43
20170315,久留米,83
20170315,静岡,38
20170315,岸和田,56
20170315,宇都宮,24
20170315,小倉,81
20170316,高知,74
20170316,岐阜,43
20170316,京王閣,27
20170317,千葉,32
20170317,高知,74
20170317,京王閣,27
20170317,高松,71
20170317,武雄,84
20170318,高松,71
20170318,千葉,32
20170318,高知,74
20170318,松阪,47
20170318,京王閣,27
20170318,向日町,54
20170318,武雄,84
20170319,武雄,84
20170319,高松,71
20170319,千葉,32
20170319,向日町,54
20170319,松阪,47
20170319,西武園,26
20170319,小倉,81
20170320,高松,71
20170320,向日町,54
20170320,小倉,81
20170320,松阪,47
20170320,西武園,26
20170321,小倉,81
20170321,西武園,26
20170321,取手,23
20170321,小田原,36
20170321,和歌山,55
20170322,小田原,36
20170322,武雄,84
20170322,いわき平,13
20170322,取手,23
20170322,高知,74
20170322,大垣,44
20170322,和歌山,55
20170323,高知,74
20170323,武雄,84
20170323,取手,23
20170323,いわき平,13
20170323,小田原,36
20170323,大垣,44
20170323,和歌山,55
20170324,いわき平,13
20170324,千葉,32
20170324,大垣,44
20170324,高知,74
20170324,武雄,84
20170324,防府,63
20170325,松阪,47
20170325,防府,63
20170325,前橋,22
20170325,千葉,32
20170326,防府,63
20170326,松阪,47
20170326,前橋,22
20170326,佐世保,85
20170326,千葉,32
20170327,松阪,47
20170327,佐世保,85
20170327,前橋,22
20170328,松阪,47
20170328,川崎,34
20170328,佐世保,85
20170329,高松,71
20170329,武雄,84
20170329,川崎,34
20170329,岸和田,56
20170329,前橋,22
20170329,立川,28
20170329,大垣,44
20170330,武雄,84
20170330,高松,71
20170330,立川,28
20170330,大垣,44
20170330,岸和田,56
20170330,前橋,22
20170330,川崎,34
20170331,高松,71
20170331,武雄,84
20170331,前橋,22
20170331,立川,28
20170331,大垣,44
20170331,岸和田,56
20170401,伊東,37
20170401,防府,63
20170401,高知,74
20170401,小倉,81
20170401,京王閣,27
20170402,伊東,37
20170402,防府,63
20170402,京王閣,27
20170402,高知,74
20170402,小倉,81
20170402,豊橋,45
20170402,岸和田,56
20170403,防府,63
20170403,岸和田,56
20170403,高知,74
20170403,豊橋,45
20170403,小倉,81
20170403,京王閣,27
20170403,伊東,37
20170404,豊橋,45
20170404,岸和田,56
20170407,豊橋,45
20170407,久留米,83
20170407,宇都宮,24
20170407,高知,74
20170407,岸和田,56
20170408,豊橋,45
20170408,宇都宮,24
20170408,川崎,34
20170408,久留米,83
20170408,岸和田,56
20170408,高知,74
20170409,岸和田,56
20170409,川崎,34
20170409,高知,74
20170409,弥彦,21
20170409,久留米,83
20170409,宇都宮,24
20170409,防府,63
20170409,豊橋,45
20170410,弥彦,21
20170410,川崎,34
20170410,防府,63
20170410,大垣,44
20170410,武雄,84
20170411,弥彦,21
20170411,川崎,34
20170411,武雄,84
20170411,大垣,44
20170411,防府,63
20170412,武雄,84
20170412,和歌山,55
20170412,大垣,44
20170412,松山,75
20170412,名古屋,42
20170412,前橋,22
20170412,千葉,32
20170413,名古屋,42
20170413,千葉,32
20170413,小田原,36
20170413,小倉,81
20170413,和歌山,55
20170413,前橋,22
20170413,松山,75
20170414,西武園,26
20170414,和歌山,55
20170414,青森,12
20170414,松山,75
20170414,前橋,22
20170414,小田原,36
20170414,千葉,32
20170414,名古屋,42
20170414,小倉,81
20170415,小倉,81
20170415,向日町,54
20170415,四日市,48
20170415,高知,74
20170415,青森,12
20170415,西武園,26
20170415,小田原,36
20170416,青森,12
20170416,高知,74
20170416,静岡,38
20170416,立川,28
20170416,向日町,54
20170416,西武園,26
20170416,四日市,48
20170417,高知,74
20170417,立川,28
20170417,静岡,38
20170417,向日町,54
20170417,四日市,48
20170417,前橋,22
20170418,函館,11
20170418,静岡,38
20170418,高知,74
20170418,久留米,83
20170418,立川,28
20170418,前橋,22
20170419,久留米,83
20170419,函館,11
20170419,岐阜,43
20170419,和歌山,55
20170419,松戸,31
20170419,前橋,22
20170419,弥彦,21
20170420,岐阜,43
20170420,弥彦,21
20170420,松戸,31
20170420,富山,46
20170420,和歌山,55
20170420,久留米,83
20170420,函館,11
20170420,玉野,61
20170421,松山,75
20170421,玉野,61
20170421,岐阜,43
20170421,松戸,31
20170421,和歌山,55
20170421,弥彦,21
20170421,富山,46
20170421,佐世保,85
20170422,佐世保,85
20170422,富山,46
20170422,玉野,61
20170422,西武園,26
20170422,小田原,36
20170422,松山,75
20170423,松山,75
20170423,小田原,36
20170423,岸和田,56
20170423,佐世保,85
20170423,前橋,22
20170423,西武園,26
20170424,前橋,22
20170424,小田原,36
20170424,武雄,84
20170424,西武園,26
20170424,函館,11
20170424,岸和田,56
20170425,武雄,84
20170425,前橋,22
20170425,函館,11
20170425,西武園,26
20170425,岸和田,56
20170426,武雄,84
20170426,岐阜,43
20170426,小松島,73
20170426,函館,11
20170426,千葉,32
20170426,取手,23
20170426,向日町,54
20170427,小倉,81
20170427,千葉,32
20170427,取手,23
20170427,向日町,54
20170427,岐阜,43
20170427,小松島,73
20170428,千葉,32
20170428,玉野,61
20170428,小倉,81
20170428,小松島,73
20170428,取手,23
20170428,向日町,54
20170428,岐阜,43
20170429,小倉,81
20170429,いわき平,13
20170429,玉野,61
20170429,大宮,25
20170429,静岡,38
20170429,松阪,47
20170430,佐世保,85
20170430,静岡,38
20170430,松阪,47
20170430,大宮,25
20170430,玉野,61
20170430,いわき平,13
20170501,松阪,47
20170501,いわき平,13
20170501,静岡,38
20170501,高知,74
20170501,佐世保,85
20170501,大宮,25
20170502,京王閣,27
20170502,佐世保,85
20170502,高知,74
20170503,玉野,61
20170503,高知,74
20170503,大垣,44
20170503,松戸,31
20170503,京王閣,27
20170504,玉野,61
20170504,大垣,44
20170504,小倉,81
20170504,松戸,31
20170504,京王閣,27
20170505,小倉,81
20170505,京王閣,27
20170505,大垣,44
20170505,玉野,61
20170505,松戸,31
20170506,京王閣,27
20170506,名古屋,42
20170506,川崎,34
20170506,小倉,81
20170507,川崎,34
20170507,京王閣,27
20170507,武雄,84
20170507,名古屋,42
20170508,名古屋,42
20170508,奈良,53
20170508,武雄,84
20170508,立川,28
20170508,川崎,34
20170509,武雄,84
20170509,函館,11
20170509,立川,28
20170509,奈良,53
20170510,函館,11
20170510,立川,28
20170510,西武園,26
20170510,広島,62
20170510,奈良,53
20170510,小松島,73
20170510,千葉,32
20170511,函館,11
20170511,広島,62
20170511,小松島,73
20170511,西武園,26
20170511,富山,46
20170511,千葉,32
20170511,静岡,38
20170511,高松,71
20170512,千葉,32
20170512,小松島,73
20170512,いわき平,13
20170512,静岡,38
20170512,西武園,26
20170512,久留米,83
20170512,富山,46
20170512,広島,62
20170512,高松,71
20170513,静岡,38
20170513,富山,46
20170513,松阪,47
20170513,いわき平,13
20170513,宇都宮,24
20170513,前橋,22
20170513,高松,71
20170513,久留米,83
20170514,松阪,47
20170514,いわき平,13
20170514,宇都宮,24
20170514,奈良,53
20170514,前橋,22
20170514,久留米,83
20170515,松阪,47
20170515,武雄,84
20170515,宇都宮,24
20170515,奈良,53
20170515,前橋,22
20170516,宇都宮,24
20170516,奈良,53
20170516,武雄,84
20170516,高知,74
20170517,大宮,25
20170517,高知,74
20170517,武雄,84
20170517,岸和田,56
20170517,小田原,36
20170518,松戸,31
20170518,小田原,36
20170518,大宮,25
20170518,豊橋,45
20170518,岸和田,56
20170518,高知,74
20170518,函館,11
20170519,函館,11
20170519,岸和田,56
20170519,防府,63
20170519,小倉,81
20170519,松戸,31
20170519,大宮,25
20170519,豊橋,45
20170519,小田原,36
20170520,小倉,81
20170520,防府,63
20170520,豊橋,45
20170520,函館,11
20170520,松戸,31
20170521,防府,63
20170521,小倉,81
20170521,四日市,48
20170521,函館,11
20170521,取手,23
20170522,小松島,73
20170522,取手,23
20170522,四日市,48
20170522,武雄,84
20170522,千葉,32
20170522,前橋,22
20170523,前橋,22
20170523,取手,23
20170523,武雄,84
20170523,小松島,73
20170523,千葉,32
20170523,四日市,48
20170524,千葉,32
20170524,伊東,37
20170524,小松島,73
20170524,富山,46
20170524,前橋,22
20170524,武雄,84
20170524,京王閣,27
20170524,福井,51
20170525,京王閣,27
20170525,富山,46
20170525,伊東,37
20170525,高知,74
20170525,福井,51
20170526,松阪,47
20170526,富山,46
20170526,京王閣,27
20170526,防府,63
20170526,高知,74
20170526,伊東,37
20170526,福井,51
20170527,立川,28
20170527,高知,74
20170527,防府,63
20170527,静岡,38
20170527,和歌山,55
20170527,松阪,47
20170528,立川,28
20170528,防府,63
20170528,静岡,38
20170528,大宮,25
20170528,松阪,47
20170528,和歌山,55
20170529,豊橋,45
20170529,久留米,83
20170529,大宮,25
20170529,向日町,54
20170529,いわき平,13
20170529,立川,28
20170529,青森,12
20170529,静岡,38
20170530,向日町,54
20170530,いわき平,13
20170530,久留米,83
20170530,豊橋,45
20170530,青森,12
20170530,大宮,25
20170531,豊橋,45
20170531,向日町,54
20170531,宇都宮,24
20170531,久留米,83
20170531,いわき平,13
20170531,高知,74
20170531,青森,12
20170531,大垣,44
20170601,川崎,34
20170601,高知,74
20170601,大垣,44
20170601,奈良,53
20170601,宇都宮,24
20170602,川崎,34
20170602,奈良,53
20170602,高知,74
20170602,静岡,38
20170602,高松,71
20170602,宇都宮,24
20170602,大垣,44
20170603,川崎,34
20170603,静岡,38
20170603,奈良,53
20170603,取手,23
20170603,高松,71
20170603,福井,51
20170604,取手,23
20170604,福井,51
20170604,高松,71
20170604,青森,12
20170604,静岡,38
20170604,いわき平,13
20170604,四日市,48
20170605,青森,12
20170605,四日市,48
20170605,福井,51
20170605,取手,23
20170605,いわき平,13
20170606,取手,23
20170606,四日市,48
20170606,いわき平,13
20170606,青森,12
20170607,武雄,84
20170607,千葉,32
20170607,京王閣,27
20170607,福井,51
20170607,高知,74
20170607,西武園,26
20170608,京王閣,27
20170608,千葉,32
20170608,西武園,26
20170608,大垣,44
20170608,高知,74
20170608,武雄,84
20170608,福井,51
20170608,高松,71
20170609,大垣,44
20170609,武雄,84
20170609,千葉,32
20170609,高知,74
20170609,高松,71
20170609,京王閣,27
20170609,西武園,26
20170609,福井,51
20170610,大垣,44
20170610,高松,71
20170610,伊東,37
20170610,いわき平,13
20170610,佐世保,85
20170611,大垣,44
20170611,伊東,37
20170611,いわき平,13
20170611,佐世保,85
20170612,立川,28
20170612,武雄,84
20170612,伊東,37
20170612,佐世保,85
20170612,松阪,47
20170612,いわき平,13
20170612,青森,12
20170613,松阪,47
20170613,武雄,84
20170613,玉野,61
20170613,立川,28
20170613,高知,74
20170613,青森,12
20170614,玉野,61
20170614,高知,74
20170614,武雄,84
20170614,松阪,47
20170614,青森,12
20170614,立川,28
20170615,玉野,61
20170615,岸和田,56
20170615,名古屋,42
20170615,高知,74
20170616,青森,12
20170616,名古屋,42
20170616,松戸,31
20170616,岸和田,56
20170617,青森,12
20170617,岸和田,56
20170617,名古屋,42
20170617,松戸,31
20170618,青森,12
20170618,岸和田,56
20170618,松戸,31
20170619,弥彦,21
20170619,奈良,53
20170619,四日市,48
20170619,平塚,35
20170619,防府,63
20170619,小倉,81
20170620,奈良,53
20170620,防府,63
20170620,四日市,48
20170620,小倉,81
20170620,弥彦,21
20170620,平塚,35
20170621,奈良,53
20170621,弥彦,21
20170621,大宮,25
20170621,佐世保,85
20170621,四日市,48
20170621,防府,63
20170621,平塚,35
20170621,名古屋,42
20170621,小倉,81
20170622,高知,74
20170622,佐世保,85
20170622,函館,11
20170622,名古屋,42
20170622,大宮,25
20170623,佐世保,85
20170623,高知,74
20170623,小田原,36
20170623,大宮,25
20170623,函館,11
20170623,青森,12
20170623,名古屋,42
20170624,函館,11
20170624,向日町,54
20170624,高知,74
20170624,青森,12
20170624,小田原,36
20170624,富山,46
20170625,小田原,36
20170625,向日町,54
20170625,京王閣,27
20170625,富山,46
20170625,青森,12
20170626,静岡,38
20170626,富山,46
20170626,弥彦,21
20170626,向日町,54
20170626,佐世保,85
20170626,京王閣,27
20170627,静岡,38
20170627,弥彦,21
20170627,富山,46
20170627,佐世保,85
20170627,京王閣,27
20170628,函館,11
20170628,弥彦,21
20170628,佐世保,85
20170628,取手,23
20170628,奈良,53
20170628,静岡,38
20170628,大垣,44
20170629,高知,74
20170629,久留米,83
20170629,取手,23
20170629,青森,12
20170629,奈良,53
20170629,大垣,44
20170629,函館,11
20170630,高知,74
20170630,奈良,53
20170630,大垣,44
20170630,川崎,34
20170630,取手,23
20170630,青森,12
20170630,久留米,83
20170630,函館,11
20170701,川崎,34
20170701,久留米,83
20170701,高知,74
20170701,青森,12
20170701,四日市,48
20170702,四日市,48
20170702,玉野,61
20170702,川崎,34
20170702,久留米,83
20170703,玉野,61
20170703,四日市,48
20170703,京王閣,27
20170703,千葉,32
20170703,広島,62
20170703,宇都宮,24
20170704,宇都宮,24
20170704,千葉,32
20170704,玉野,61
20170704,いわき平,13
20170704,京王閣,27
20170704,広島,62
20170705,いわき平,13
20170705,京王閣,27
20170705,広島,62
20170705,千葉,32
20170705,宇都宮,24
20170705,青森,12
20170706,松阪,47
20170706,佐世保,85
20170706,青森,12
20170706,小松島,73
20170706,和歌山,55
20170706,いわき平,13
20170707,青森,12
20170707,松阪,47
20170707,和歌山,55
20170707,小松島,73
20170707,佐世保,85
20170708,松阪,47
20170708,玉野,61
20170708,小松島,73
20170708,静岡,38
20170708,和歌山,55
20170708,大宮,25
20170708,佐世保,85
20170709,久留米,83
20170709,小松島,73
20170709,松戸,31
20170709,玉野,61
20170709,静岡,38
20170709,大宮,25
20170710,久留米,83
20170710,奈良,53
20170710,静岡,38
20170710,松戸,31
20170710,玉野,61
20170710,大宮,25
20170711,久留米,83
20170711,奈良,53
20170711,弥彦,21
20170711,青森,12
20170711,松戸,31
20170712,奈良,53
20170712,青森,12
20170712,函館,11
20170712,弥彦,21
20170712,平塚,35
20170712,取手,23
20170712,富山,46
20170712,高松,71
20170713,青森,12
20170713,富山,46
20170713,弥彦,21
20170713,函館,11
20170713,高松,71
20170713,取手,23
20170713,平塚,35
20170714,函館,11
20170714,奈良,53
20170714,平塚,35
20170714,高松,71
20170714,取手,23
20170714,富山,46
20170715,武雄,84
20170715,前橋,22
20170715,伊東,37
20170715,奈良,53
20170716,前橋,22
20170716,伊東,37
20170716,武雄,84
20170716,奈良,53
20170717,大垣,44
20170717,前橋,22
20170717,伊東,37
20170717,武雄,84
20170718,向日町,54
20170718,千葉,32
20170718,玉野,61
20170718,岐阜,43
20170718,防府,63
20170718,青森,12
20170718,大垣,44
20170719,玉野,61
20170719,向日町,54
20170719,防府,63
20170719,青森,12
20170719,大垣,44
20170719,富山,46
20170719,岐阜,43
20170719,千葉,32
20170719,大宮,25
20170720,富山,46
20170720,青森,12
20170720,玉野,61
20170720,岐阜,43
20170720,向日町,54
20170720,防府,63
20170720,佐世保,85
20170720,千葉,32
20170720,大宮,25
20170721,富山,46
20170721,佐世保,85
20170721,平塚,35
20170721,武雄,84
20170721,大宮,25
20170722,佐世保,85
20170722,武雄,84
20170722,立川,28
20170722,平塚,35
20170722,福井,51
20170723,武雄,84
20170723,平塚,35
20170723,福井,51
20170723,奈良,53
20170723,立川,28
20170724,函館,11
20170724,福井,51
20170724,久留米,83
20170724,立川,28
20170724,奈良,53
20170725,福井,51
20170725,久留米,83
20170725,奈良,53
20170725,函館,11
20170726,小田原,36
20170726,宇都宮,24
20170726,久留米,83
20170726,岐阜,43
20170726,函館,11
20170726,富山,46
20170726,高知,74
20170726,青森,12
20170726,広島,62
20170727,青森,12
20170727,小田原,36
20170727,岐阜,43
20170727,宇都宮,24
20170727,佐世保,85
20170727,高知,74
20170727,小倉,81
20170727,広島,62
20170727,富山,46
20170728,小田原,36
20170728,福井,51
20170728,広島,62
20170728,青森,12
20170728,富山,46
20170728,小倉,81
20170728,高知,74
20170728,岐阜,43
20170728,宇都宮,24
20170728,佐世保,85
20170729,佐世保,85
20170729,弥彦,21
20170729,小倉,81
20170729,福井,51
20170730,弥彦,21
20170730,大垣,44
20170730,玉野,61
20170730,福井,51
20170731,函館,11
20170731,千葉,32
20170731,大垣,44
20170731,玉野,61
20170731,弥彦,21
20170801,函館,11
20170801,弥彦,21
20170801,大垣,44
20170801,千葉,32
20170801,玉野,61
20170802,岸和田,56
20170802,函館,11
20170802,千葉,32
20170802,小倉,81
20170802,松阪,47
20170803,川崎,34
20170803,豊橋,45
20170803,西武園,26
20170803,青森,12
20170803,岸和田,56
20170803,小倉,81
20170803,松阪,47
20170804,豊橋,45
20170804,松阪,47
20170804,川崎,34
20170804,小倉,81
20170804,岸和田,56
20170804,西武園,26
20170804,青森,12
20170805,川崎,34
20170805,弥彦,21
20170805,青森,12
20170805,豊橋,45
20170805,西武園,26
20170805,高松,71
20170806,川崎,34
20170806,高松,71
20170806,宇都宮,24
20170806,弥彦,21
20170807,弥彦,21
20170807,宇都宮,24
20170807,平塚,35
20170807,高松,71
20170807,小倉,81
20170808,取手,23
20170808,宇都宮,24
20170808,佐世保,85
20170808,高松,71
20170808,平塚,35
20170808,小倉,81
20170808,名古屋,42
20170808,小松島,73
20170809,小倉,81
20170809,名古屋,42
20170809,取手,23
20170809,佐世保,85
20170809,向日町,54
20170809,小松島,73
20170809,平塚,35
20170810,向日町,54
20170810,取手,23
20170810,小松島,73
20170810,名古屋,42
20170810,佐世保,85
20170810,京王閣,27
20170811,いわき平,13
20170811,大垣,44
20170811,千葉,32
20170811,向日町,54
20170811,京王閣,27
20170812,大垣,44
20170812,千葉,32
20170812,いわき平,13
20170812,京王閣,27
20170813,いわき平,13
20170813,大垣,44
20170813,四日市,48
20170813,千葉,32
20170814,小倉,81
20170814,四日市,48
20170814,いわき平,13
20170815,小倉,81
20170815,いわき平,13
20170815,四日市,48
20170816,小倉,81
20170816,向日町,54
20170816,大宮,25
20170816,岐阜,43
20170816,高松,71
20170816,平塚,35
20170816,久留米,83
20170816,広島,62
20170817,向日町,54
20170817,和歌山,55
20170817,広島,62
20170817,大垣,44
20170817,高松,71
20170817,弥彦,21
20170817,岐阜,43
20170817,平塚,35
20170817,久留米,83
20170817,大宮,25
20170818,高松,71
20170818,岐阜,43
20170818,大垣,44
20170818,和歌山,55
20170818,広島,62
20170818,向日町,54
20170818,平塚,35
20170818,大宮,25
20170818,弥彦,21
20170818,久留米,83
20170819,和歌山,55
20170819,函館,11
20170819,小松島,73
20170819,武雄,84
20170819,豊橋,45
20170819,静岡,38
20170819,弥彦,21
20170819,大垣,44
20170820,函館,11
20170820,豊橋,45
20170820,小松島,73
20170820,小倉,81
20170820,静岡,38
20170820,武雄,84
20170821,豊橋,45
20170821,函館,11
20170821,小松島,73
20170821,静岡,38
20170821,小倉,81
20170821,武雄,84
20170822,松戸,31
20170822,豊橋,45
20170822,小倉,81
20170823,高松,71
20170823,立川,28
20170823,和歌山,55
20170823,伊東,37
20170823,松戸,31
20170824,前橋,22
20170824,和歌山,55
20170824,高松,71
20170824,立川,28
20170824,伊東,37
20170824,松戸,31
20170825,岐阜,43
20170825,前橋,22
20170825,立川,28
20170825,高松,71
20170825,富山,46
20170825,函館,11
20170825,和歌山,55
20170825,伊東,37
20170826,富山,46
20170826,函館,11
20170826,西武園,26
20170826,岐阜,43
20170826,玉野,61
20170826,前橋,22
20170826,小田原,36
20170827,小倉,81
20170827,玉野,61
20170827,函館,11
20170827,小田原,36
20170827,奈良,53
20170827,西武園,26
20170827,富山,46
20170827,岐阜,43
20170828,玉野,61
20170828,小田原,36
20170828,奈良,53
20170828,青森,12
20170828,久留米,83
20170828,西武園,26
20170828,小倉,81
20170829,小田原,36
20170829,青森,12
20170829,奈良,53
20170829,小倉,81
20170829,久留米,83
20170830,久留米,83
20170830,弥彦,21
20170830,広島,62
20170830,青森,12
20170831,松阪,47
20170831,前橋,22
20170831,弥彦,21
20170831,向日町,54
20170831,広島,62
20170901,向日町,54
20170901,松阪,47
20170901,小松島,73
20170901,前橋,22
20170901,弥彦,21
20170901,広島,62
20170902,前橋,22
20170902,松阪,47
20170902,小松島,73
20170902,向日町,54
20170902,大垣,44
20170903,小松島,73
20170903,向日町,54
20170903,佐世保,85
20170903,千葉,32
20170903,大垣,44
20170904,弥彦,21
20170904,防府,63
20170904,福井,51
20170904,千葉,32
20170904,佐世保,85
20170904,青森,12
20170904,大垣,44
20170905,福井,51
20170905,西武園,26
20170905,防府,63
20170905,佐世保,85
20170905,弥彦,21
20170905,千葉,32
20170905,青森,12
20170906,青森,12
20170906,弥彦,21
20170906,西武園,26
20170906,福井,51
20170906,平塚,35
20170906,防府,63
20170907,西武園,26
20170907,取手,23
20170907,岐阜,43
20170907,平塚,35
20170907,久留米,83
20170908,取手,23
20170908,平塚,35
20170908,青森,12
20170908,岐阜,43
20170908,広島,62
20170908,久留米,83
20170908,福井,51
20170909,函館,11
20170909,取手,23
20170909,久留米,83
20170909,岐阜,43
20170909,青森,12
20170909,広島,62
20170909,福井,51
20170910,広島,62
20170910,福井,51
20170910,青森,12
20170910,岐阜,43
20170910,函館,11
20170911,和歌山,55
20170911,函館,11
20170911,千葉,32
20170911,弥彦,21
20170912,和歌山,55
20170912,小松島,73
20170912,防府,63
20170912,豊橋,45
20170912,平塚,35
20170912,小倉,81
20170912,西武園,26
20170912,弥彦,21
20170912,千葉,32
20170913,千葉,32
20170913,豊橋,45
20170913,和歌山,55
20170913,小倉,81
20170913,防府,63
20170913,西武園,26
20170913,小松島,73
20170913,弥彦,21
20170913,平塚,35
20170914,豊橋,45
20170914,小倉,81
20170914,西武園,26
20170914,大垣,44
20170914,防府,63
20170914,小松島,73
20170914,平塚,35
20170915,名古屋,42
20170915,武雄,84
20170915,いわき平,13
20170915,大垣,44
20170916,いわき平,13
20170916,名古屋,42
20170916,武雄,84
20170916,大垣,44
20170917,名古屋,42
20170917,武雄,84
20170917,いわき平,13
20170917,玉野,61
20170918,川崎,34
20170918,函館,11
20170918,玉野,61
20170918,武雄,84
20170919,武雄,84
20170919,函館,11
20170919,伊東,37
20170919,川崎,34
20170919,玉野,61
20170919,福井,51
20170920,玉野,61
20170920,福井,51
20170920,弥彦,21
20170920,函館,11
20170920,川崎,34
20170920,伊東,37
20170920,豊橋,45
20170921,豊橋,45
20170921,福井,51
20170921,四日市,48
20170921,西武園,26
20170921,立川,28
20170921,伊東,37
20170921,弥彦,21
20170921,松山,75
20170922,小田原,36
20170922,弥彦,21
20170922,豊橋,45
20170922,西武園,26
20170922,四日市,48
20170922,松山,75
20170922,立川,28
20170923,松山,75
20170923,青森,12
20170923,西武園,26
20170923,四日市,48
20170923,立川,28
20170923,小田原,36
20170924,玉野,61
20170924,青森,12
20170924,小倉,81
20170924,小田原,36
20170925,佐世保,85
20170925,青森,12
20170925,小倉,81
20170925,玉野,61
20170925,防府,63
20170926,佐世保,85
20170926,玉野,61
20170926,青森,12
20170926,防府,63
20170926,小倉,81
20170927,防府,63
20170927,佐世保,85
20170927,前橋,22
20170927,富山,46
20170928,松戸,31
20170928,武雄,84
20170928,弥彦,21
20170928,富山,46
20170928,前橋,22
20170928,豊橋,45
20170928,福井,51
20170929,福井,51
20170929,富山,46
20170929,広島,62
20170929,函館,11
20170929,豊橋,45
20170929,武雄,84
20170929,松戸,31
20170929,前橋,22
20170929,弥彦,21
20170930,広島,62
20170930,松戸,31
20170930,武雄,84
20170930,函館,11
20170930,豊橋,45
20170930,弥彦,21
20170930,福井,51
20171001,広島,62
20171001,松戸,31
20171001,玉野,61
20171001,函館,11
20171002,取手,23
20171002,和歌山,55
20171002,玉野,61
20171002,富山,46
20171002,久留米,83
20171003,玉野,61
20171003,取手,23
20171003,和歌山,55
20171003,富山,46
20171003,久留米,83
20171003,広島,62
20171003,小田原,36
20171004,久留米,83
20171004,弥彦,21
20171004,取手,23
20171004,小田原,36
20171004,和歌山,55
20171004,広島,62
20171004,富山,46
20171005,広島,62
20171005,弥彦,21
20171005,豊橋,45
20171005,小田原,36
20171005,函館,11
20171006,豊橋,45
20171006,前橋,22
20171006,弥彦,21
20171006,川崎,34
20171006,函館,11
20171007,川崎,34
20171007,豊橋,45
20171007,防府,63
20171007,函館,11
20171007,前橋,22
20171007,青森,12
20171008,前橋,22
20171008,川崎,34
20171008,防府,63
20171008,青森,12
20171008,四日市,48
20171009,防府,63
20171009,青森,12
20171009,四日市,48
20171009,前橋,22
20171010,奈良,53
20171010,小松島,73
20171010,四日市,48
20171010,松戸,31
20171010,立川,28
20171010,玉野,61
20171010,弥彦,21
20171011,奈良,53
20171011,松戸,31
20171011,弥彦,21
20171011,別府,86
20171011,玉野,61
20171011,立川,28
20171011,豊橋,45
20171011,函館,11
20171011,小松島,73
20171012,豊橋,45
20171012,函館,11
20171012,別府,86
20171012,小松島,73
20171012,奈良,53
20171012,松戸,31
20171012,富山,46
20171012,立川,28
20171012,玉野,61
20171012,弥彦,21
20171013,佐世保,85
20171013,豊橋,45
20171013,松山,75
20171013,函館,11
20171013,福井,51
20171013,別府,86
20171013,富山,46
20171014,富山,46
20171014,福井,51
20171014,千葉,32
20171014,松山,75
20171014,佐世保,85
20171014,京王閣,27
20171015,千葉,32
20171015,佐世保,85
20171015,福井,51
20171015,別府,86
20171015,松山,75
20171015,京王閣,27
20171016,京王閣,27
20171016,千葉,32
20171016,青森,12
20171016,玉野,61
20171016,別府,86
20171017,京王閣,27
20171017,千葉,32
20171017,別府,86
20171017,玉野,61
20171017,青森,12
20171018,青森,12
20171018,名古屋,42
20171018,いわき平,13
20171018,玉野,61
20171019,佐世保,85
20171019,久留米,83
20171019,取手,23
20171019,いわき平,13
20171019,広島,62
20171019,名古屋,42
20171020,広島,62
20171020,佐世保,85
20171020,川崎,34
20171020,久留米,83
20171020,いわき平,13
20171020,名古屋,42
20171020,取手,23
20171021,久留米,83
20171021,佐世保,85
20171021,伊東,37
20171021,富山,46
20171021,川崎,34
20171021,取手,23
20171021,広島,62
20171022,伊東,37
20171022,富山,46
20171022,川崎,34
20171022,弥彦,21
20171022,久留米,83
20171023,富山,46
20171023,向日町,54
20171023,千葉,32
20171023,青森,12
20171023,弥彦,21
20171023,伊東,37
20171024,弥彦,21
20171024,向日町,54
20171024,青森,12
20171024,千葉,32
20171025,小松島,73
20171025,西武園,26
20171025,千葉,32
20171025,立川,28
20171025,青森,12
20171025,向日町,54
20171026,松山,75
20171026,立川,28
20171026,西武園,26
20171026,小松島,73
20171027,西武園,26
20171027,岐阜,43
20171027,松山,75
20171027,岸和田,56
20171027,小松島,73
20171027,松戸,31
20171027,立川,28
20171028,岸和田,56
20171028,弥彦,21
20171028,別府,86
20171028,武雄,84
20171028,前橋,22
20171028,松山,75
20171028,岐阜,43
20171028,松戸,31
20171028,平塚,35
20171029,別府,86
20171029,岐阜,43
20171029,青森,12
20171029,弥彦,21
20171029,岸和田,56
20171029,平塚,35
20171029,松戸,31
20171029,武雄,84
20171029,前橋,22
20171030,武雄,84
20171030,別府,86
20171030,福井,51
20171030,前橋,22
20171030,平塚,35
20171030,弥彦,21
20171030,青森,12
20171031,青森,12
20171031,小倉,81
20171031,大垣,44
20171031,平塚,35
20171031,福井,51
20171101,大垣,44
20171101,福井,51
20171101,小倉,81
20171101,富山,46
20171102,大垣,44
20171102,小倉,81
20171102,富山,46
20171102,立川,28
20171102,防府,63
20171102,向日町,54
20171103,向日町,54
20171103,武雄,84
20171103,小田原,36
20171103,松戸,31
20171103,立川,28
20171103,前橋,22
20171103,弥彦,21
20171103,富山,46
20171103,防府,63
20171104,松戸,31
20171104,防府,63
20171104,立川,28
20171104,小田原,36
20171104,前橋,22
20171104,弥彦,21
20171104,向日町,54
20171104,武雄,84
20171105,防府,63
20171105,松戸,31
20171105,小田原,36
20171105,青森,12
20171105,前橋,22
20171105,武雄,84
20171105,弥彦,21
20171106,玉野,61
20171106,伊東,37
20171106,名古屋,42
20171106,西武園,26
20171106,青森,12
20171107,青森,12
20171107,玉野,61
20171107,西武園,26
20171107,名古屋,42
20171107,伊東,37
20171108,玉野,61
20171108,名古屋,42
20171108,別府,86
20171108,西武園,26
20171108,伊東,37
20171109,佐世保,85
20171109,別府,86
20171109,いわき平,13
20171109,武雄,84
20171110,別府,86
20171110,平塚,35
20171110,和歌山,55
20171110,いわき平,13
20171110,佐世保,85
20171110,防府,63
20171110,武雄,84
20171111,平塚,35
20171111,佐世保,85
20171111,大垣,44
20171111,取手,23
20171111,武雄,84
20171111,和歌山,55
20171111,いわき平,13
20171111,防府,63
20171112,和歌山,55
20171112,大垣,44
20171112,松山,75
20171112,別府,86
20171112,西武園,26
20171112,取手,23
20171112,平塚,35
20171112,防府,63
20171112,小倉,81
20171113,松山,75
20171113,別府,86
20171113,小倉,81
20171113,大垣,44
20171113,取手,23
20171113,西武園,26
20171114,大垣,44
20171114,小倉,81
20171114,松山,75
20171114,西武園,26
20171114,宇都宮,24
20171114,別府,86
20171114,川崎,34
20171115,川崎,34
20171115,高知,74
20171115,防府,63
20171115,久留米,83
20171115,宇都宮,24
20171116,高知,74
20171116,川崎,34
20171116,久留米,83
20171116,防府,63
20171116,宇都宮,24
20171116,富山,46
20171117,岸和田,56
20171117,高知,74
20171117,富山,46
20171117,防府,63
20171117,伊東,37
20171117,武雄,84
20171117,久留米,83
20171118,富山,46
20171118,京王閣,27
20171118,玉野,61
20171118,岸和田,56
20171118,武雄,84
20171118,伊東,37
20171119,玉野,61
20171119,京王閣,27
20171119,武雄,84
20171119,岸和田,56
20171119,伊東,37
20171120,玉野,61
20171120,和歌山,55
20171120,豊橋,45
20171120,防府,63
20171120,京王閣,27
20171120,西武園,26
20171121,和歌山,55
20171121,豊橋,45
20171121,防府,63
20171121,松戸,31
20171121,西武園,26
20171121,大垣,44
20171122,防府,63
20171122,西武園,26
20171122,大垣,44
20171122,豊橋,45
20171122,松戸,31
20171122,和歌山,55
20171123,大垣,44
20171123,松阪,47
20171123,小倉,81
20171123,松山,75
20171123,松戸,31
20171124,松阪,47
20171124,前橋,22
20171124,小倉,81
20171124,松山,75
20171124,川崎,34
20171125,小倉,81
20171125,松阪,47
20171125,川崎,34
20171125,松山,75
20171125,前橋,22
20171126,川崎,34
20171126,小倉,81
20171126,前橋,22
20171127,西武園,26
20171127,玉野,61
20171127,武雄,84
20171127,宇都宮,24
20171127,豊橋,45
20171127,奈良,53
20171127,千葉,32
20171128,武雄,84
20171128,豊橋,45
20171128,宇都宮,24
20171128,千葉,32
20171128,奈良,53
20171128,玉野,61
20171128,西武園,26
20171128,高知,74
20171129,宇都宮,24
20171129,高知,74
20171129,富山,46
20171129,豊橋,45
20171129,武雄,84
20171129,西武園,26
20171129,千葉,32
20171129,玉野,61
20171129,奈良,53
20171130,高知,74
20171130,富山,46
20171130,平塚,35
20171130,松山,75
20171201,松山,75
20171201,小倉,81
20171201,平塚,35
20171201,富山,46
20171201,和歌山,55
20171201,取手,23
20171202,小倉,81
20171202,平塚,35
20171202,松山,75
20171202,取手,23
20171202,和歌山,55
20171202,別府,86
20171203,川崎,34
20171203,別府,86
20171203,取手,23
20171203,和歌山,55
20171203,京王閣,27
20171203,小倉,81
20171204,奈良,53
20171204,京王閣,27
20171204,大垣,44
20171204,川崎,34
20171204,別府,86
20171205,大垣,44
20171205,奈良,53
20171205,川崎,34
20171205,別府,86
20171205,京王閣,27
20171206,高松,71
20171206,奈良,53
20171206,小倉,81
20171206,大垣,44
20171207,伊東,37
20171207,小倉,81
20171207,四日市,48
20171207,高松,71
20171208,高松,71
20171208,四日市,48
20171208,伊東,37
20171208,岸和田,56
20171208,武雄,84
20171208,小倉,81
20171209,岸和田,56
20171209,四日市,48
20171209,伊東,37
20171209,武雄,84
20171209,いわき平,13
20171210,武雄,84
20171210,いわき平,13
20171210,岸和田,56
20171210,伊東,37
20171210,西武園,26
20171211,西武園,26
20171211,いわき平,13
20171211,和歌山,55
20171211,岐阜,43
20171211,松山,75
20171211,奈良,53
20171211,広島,62
20171211,前橋,22
20171212,前橋,22
20171212,岐阜,43
20171212,奈良,53
20171212,和歌山,55
20171212,西武園,26
20171212,松山,75
20171212,広島,62
20171213,和歌山,55
20171213,広島,62
20171213,松山,75
20171213,岐阜,43
20171213,奈良,53
20171213,前橋,22
20171214,四日市,48
20171214,小田原,36
20171214,佐世保,85
20171214,取手,23
20171214,小倉,81
20171214,小松島,73
20171215,小松島,73
20171215,佐世保,85
20171215,向日町,54
20171215,取手,23
20171215,小倉,81
20171215,小田原,36
20171215,千葉,32
20171215,四日市,48
20171216,向日町,54
20171216,小松島,73
20171216,佐世保,85
20171216,小倉,81
20171216,小田原,36
20171216,千葉,32
20171216,四日市,48
20171216,取手,23
20171217,向日町,54
20171217,千葉,32
20171217,松山,75
20171217,前橋,22
20171217,佐世保,85
20171218,宇都宮,24
20171218,前橋,22
20171218,久留米,83
20171218,京王閣,27
20171218,名古屋,42
20171218,松山,75
20171218,静岡,38
20171219,宇都宮,24
20171219,前橋,22
20171219,久留米,83
20171219,京王閣,27
20171219,名古屋,42
20171219,松山,75
20171219,静岡,38
20171220,京王閣,27
20171220,名古屋,42
20171220,小倉,81
20171220,宇都宮,24
20171220,久留米,83
20171220,静岡,38
20171221,松戸,31
20171221,西武園,26
20171221,小倉,81
20171221,別府,86
20171221,広島,62
20171221,松阪,47
20171222,松阪,47
20171222,松戸,31
20171222,広島,62
20171222,別府,86
20171222,西武園,26
20171222,小倉,81
20171223,西武園,26
20171223,広島,62
20171223,松戸,31
20171223,静岡,38
20171223,松阪,47
20171223,佐世保,85
20171223,別府,86
20171224,四日市,48
20171224,佐世保,85
20171224,広島,62
20171224,静岡,38
20171225,佐世保,85
20171225,四日市,48
20171225,岐阜,43
20171225,静岡,38
20171225,向日町,54
20171225,大宮,25
20171225,玉野,61
20171226,四日市,48
20171226,大宮,25
20171226,玉野,61
20171226,前橋,22
20171226,岐阜,43
20171226,向日町,54
20171227,前橋,22
20171227,岐阜,43
20171227,小倉,81
20171227,大宮,25
20171227,玉野,61
20171227,向日町,54
20171228,立川,28
20171228,小倉,81
20171228,前橋,22
20171228,平塚,35
20171228,名古屋,42
20171229,立川,28
20171229,武雄,84
20171229,名古屋,42
20171229,平塚,35
20171229,小倉,81
20171230,佐世保,85
20171230,武雄,84
20171230,立川,28
20171230,小松島,73
20171230,平塚,35
20171230,名古屋,42
20171231,佐世保,85
20171231,小松島,73
20171231,岸和田,56
20171231,武雄,84
20180101,取手,23
20180101,松阪,47
20180101,岸和田,56
20180101,伊東,37
20180101,岐阜,43
20180101,小倉,81
20180101,佐世保,85
20180101,小松島,73
20180101,京王閣,27
20180102,松阪,47
20180102,小倉,81
20180102,京王閣,27
20180102,岐阜,43
20180102,伊東,37
20180102,取手,23
20180102,いわき平,13
20180102,岸和田,56
20180103,伊東,37
20180103,京王閣,27
20180103,いわき平,13
20180103,小倉,81
20180103,松阪,47
20180103,取手,23
20180103,岐阜,43
20180103,別府,86
20180104,松山,75
20180104,佐世保,85
20180104,いわき平,13
20180104,別府,86
20180104,立川,28
20180105,川崎,34
20180105,佐世保,85
20180105,立川,28
20180105,別府,86
20180105,松山,75
20180105,四日市,48
20180106,川崎,34
20180106,四日市,48
20180106,立川,28
20180106,佐世保,85
20180106,松山,75
20180106,向日町,54
20180107,四日市,48
20180107,川崎,34
20180107,玉野,61
20180107,向日町,54
20180107,立川,28
20180108,玉野,61
20180108,小倉,81
20180108,向日町,54
20180108,大宮,25
20180108,小松島,73
20180108,宇都宮,24
20180108,静岡,38
20180109,小倉,81
20180109,玉野,61
20180109,静岡,38
20180109,大宮,25
20180109,小松島,73
20180109,宇都宮,24
20180110,静岡,38
20180110,小松島,73
20180110,高知,74
20180110,小倉,81
20180110,宇都宮,24
20180110,大宮,25
20180111,伊東,37
20180111,高知,74
20180111,別府,86
20180111,和歌山,55
20180112,高松,71
20180112,高知,74
20180112,別府,86
20180112,和歌山,55
20180112,伊東,37
20180113,高松,71
20180113,小倉,81
20180113,伊東,37
20180113,和歌山,55
20180113,小田原,36
20180113,別府,86
20180114,小田原,36
20180114,高松,71
20180114,前橋,22
20180114,和歌山,55
20180114,小倉,81
20180115,大垣,44
20180115,小田原,36
20180115,小倉,81
20180115,前橋,22
20180115,岸和田,56
20180116,大垣,44
20180116,前橋,22
20180116,玉野,61
20180116,平塚,35
20180116,岸和田,56
20180117,岸和田,56
20180117,玉野,61
20180117,大垣,44
20180117,松山,75
20180117,平塚,35
20180118,大宮,25
20180118,平塚,35
20180118,松阪,47
20180118,玉野,61
20180118,松山,75
20180119,高知,74
20180119,広島,62
20180119,大宮,25
20180119,松山,75
20180119,松阪,47
20180119,奈良,53
20180120,小倉,81
20180120,松阪,47
20180120,静岡,38
20180120,大宮,25
20180120,広島,62
20180120,高知,74
20180120,奈良,53
20180121,小倉,81
20180121,静岡,38
20180121,奈良,53
20180121,高知,74
20180121,広島,62
20180121,大宮,25
20180122,名古屋,42
20180122,小倉,81
20180122,高松,71
20180122,静岡,38
20180122,小田原,36
20180123,別府,86
20180123,名古屋,42
20180123,高松,71
20180123,前橋,22
20180123,小田原,36
20180124,別府,86
20180124,高松,71
20180124,小田原,36
20180124,名古屋,42
20180124,前橋,22
20180125,別府,86
20180125,宇都宮,24
20180125,前橋,22
20180125,松阪,47
20180126,佐世保,85
20180126,小倉,81
20180126,松戸,31
20180126,宇都宮,24
20180126,松阪,47
20180127,松阪,47
20180127,佐世保,85
20180127,松戸,31
20180127,宇都宮,24
20180127,小倉,81
20180128,松戸,31
20180128,佐世保,85
20180128,和歌山,55
20180128,松阪,47
20180128,小倉,81
20180129,西武園,26
20180129,広島,62
20180129,久留米,83
20180129,和歌山,55
20180129,奈良,53
20180129,名古屋,42
20180129,高知,74
20180130,広島,62
20180130,奈良,53
20180130,高知,74
20180130,西武園,26
20180130,和歌山,55
20180130,名古屋,42
20180130,久留米,83
20180131,広島,62
20180131,高知,74
20180131,京王閣,27
20180131,久留米,83
20180131,小田原,36
20180131,名古屋,42
20180131,奈良,53
20180131,西武園,26
20180201,京王閣,27
20180201,岐阜,43
20180201,伊東,37
20180201,小田原,36
20180201,小倉,81
20180201,高松,71
20180202,岐阜,43
20180202,高松,71
20180202,京王閣,27
20180202,伊東,37
20180202,小田原,36
20180202,小倉,81
20180203,小倉,81
20180203,岐阜,43
20180203,高松,71
20180203,宇都宮,24
20180203,伊東,37
20180204,奈良,53
20180204,別府,86
20180204,宇都宮,24
20180204,高松,71
20180204,高知,74
20180205,広島,62
20180205,宇都宮,24
20180205,名古屋,42
20180205,奈良,53
20180205,高知,74
20180205,別府,86
20180205,川崎,34
20180206,別府,86
20180206,名古屋,42
20180206,川崎,34
20180206,奈良,53
20180206,和歌山,55
20180206,広島,62
20180206,大宮,25
20180206,高知,74
20180207,和歌山,55
20180207,小倉,81
20180207,名古屋,42
20180207,広島,62
20180207,川崎,34
20180207,大宮,25
20180207,前橋,22
20180208,平塚,35
20180208,大宮,25
20180208,前橋,22
20180208,小倉,81
20180208,和歌山,55
20180209,四日市,48
20180209,平塚,35
20180209,前橋,22
20180209,小倉,81
20180209,松山,75
20180210,西武園,26
20180210,佐世保,85
20180210,平塚,35
20180210,伊東,37
20180210,松山,75
20180210,四日市,48
20180211,四日市,48
20180211,伊東,37
20180211,佐世保,85
20180211,松山,75
20180211,西武園,26
20180212,四日市,48
20180212,西武園,26
20180212,佐世保,85
20180212,伊東,37
20180213,久留米,83
20180213,高松,71
20180213,別府,86
20180213,立川,28
20180213,高知,74
20180213,和歌山,55
20180214,いわき平,13
20180214,高知,74
20180214,別府,86
20180214,立川,28
20180214,和歌山,55
20180214,高松,71
20180214,前橋,22
20180214,久留米,83
20180214,岐阜,43
20180215,前橋,22
20180215,和歌山,55
20180215,いわき平,13
20180215,高知,74
20180215,別府,86
20180215,岐阜,43
20180215,久留米,83
20180215,立川,28
20180215,高松,71
20180216,前橋,22
20180216,松山,75
20180216,いわき平,13
20180216,小倉,81
20180216,向日町,54
20180216,岐阜,43
20180217,小倉,81
20180217,大宮,25
20180217,松山,75
20180217,名古屋,42
20180217,向日町,54
20180217,静岡,38
20180218,小倉,81
20180218,大宮,25
20180218,向日町,54
20180218,静岡,38
20180218,名古屋,42
20180218,松山,75
20180219,松阪,47
20180219,名古屋,42
20180219,高知,74
20180219,武雄,84
20180219,佐世保,85
20180219,静岡,38
20180219,大宮,25
20180220,武雄,84
20180220,松阪,47
20180220,静岡,38
20180220,高知,74
20180220,佐世保,85
20180221,高知,74
20180221,松戸,31
20180221,松阪,47
20180221,武雄,84
20180221,佐世保,85
20180222,別府,86
20180222,大垣,44
20180222,奈良,53
20180222,玉野,61
20180222,小田原,36
20180222,松戸,31
20180223,いわき平,13
20180223,大垣,44
20180223,小田原,36
20180223,別府,86
20180223,奈良,53
20180223,玉野,61
20180223,松戸,31
20180224,大垣,44
20180224,別府,86
20180224,いわき平,13
20180224,玉野,61
20180224,奈良,53
20180224,小田原,36
20180225,西武園,26
20180225,いわき平,13
20180225,奈良,53
20180225,小倉,81
20180226,平塚,35
20180226,向日町,54
20180226,京王閣,27
20180226,西武園,26
20180226,高知,74
20180226,大垣,44
20180226,四日市,48
20180226,小倉,81
20180227,小倉,81
20180227,京王閣,27
20180227,平塚,35
20180227,西武園,26
20180227,高知,74
20180227,大垣,44
20180227,四日市,48
20180227,向日町,54
20180228,平塚,35
20180228,京王閣,27
20180228,佐世保,85
20180228,高知,74
20180228,大垣,44
20180228,前橋,22
20180228,四日市,48
20180228,向日町,54
20180301,名古屋,42
20180301,佐世保,85
20180301,前橋,22
20180301,松戸,31
20180302,大宮,25
20180302,前橋,22
20180302,岸和田,56
20180302,松戸,31
20180302,広島,62
20180302,名古屋,42
20180302,佐世保,85
20180303,岸和田,56
20180303,広島,62
20180303,大宮,25
20180303,松戸,31
20180303,宇都宮,24
20180303,小倉,81
20180303,名古屋,42
20180304,名古屋,42
20180304,小倉,81
20180304,宇都宮,24
20180304,岸和田,56
20180304,広島,62
20180304,大宮,25
20180305,松阪,47
20180305,岸和田,56
20180305,別府,86
20180305,小倉,81
20180305,高知,74
20180305,宇都宮,24
20180305,小田原,36
20180306,別府,86
20180306,小田原,36
20180306,松阪,47
20180306,京王閣,27
20180306,奈良,53
20180306,武雄,84
20180306,高知,74
20180306,岸和田,56
20180307,松阪,47
20180307,小田原,36
20180307,奈良,53
20180307,別府,86
20180307,京王閣,27
20180307,武雄,84
20180307,岸和田,56
20180307,高知,74
20180308,玉野,61
20180308,武雄,84
20180308,京王閣,27
20180308,奈良,53
20180309,四日市,48
20180309,小倉,81
20180309,玉野,61
20180309,大宮,25
20180310,四日市,48
20180310,小倉,81
20180310,玉野,61
20180310,静岡,38
20180310,大宮,25
20180311,四日市,48
20180311,小倉,81
20180311,久留米,83
20180311,玉野,61
20180311,大宮,25
20180311,静岡,38
20180312,川崎,34
20180312,高知,74
20180312,奈良,53
20180312,久留米,83
20180312,大垣,44
20180312,福井,51
20180312,静岡,38
20180313,久留米,83
20180313,高知,74
20180313,福井,51
20180313,奈良,53
20180313,川崎,34
20180313,大垣,44
20180314,大垣,44
20180314,川崎,34
20180314,高知,74
20180314,奈良,53
20180314,福井,51
20180315,前橋,22
20180315,小倉,81
20180315,久留米,83
20180315,取手,23
20180315,静岡,38
20180315,高松,71
20180316,小倉,81
20180316,静岡,38
20180316,福井,51
20180316,取手,23
20180316,久留米,83
20180316,高松,71
20180316,前橋,22
20180316,岐阜,43
20180317,高松,71
20180317,福井,51
20180317,静岡,38
20180317,小倉,81
20180317,取手,23
20180317,久留米,83
20180317,前橋,22
20180317,岐阜,43
20180318,松山,75
20180318,福井,51
20180318,岐阜,43
20180318,伊東,37
20180318,佐世保,85
20180319,伊東,37
20180319,佐世保,85
20180319,松山,75
20180320,佐世保,85
20180320,松山,75
20180320,伊東,37
20180321,松山,75
20180321,小倉,81
20180321,奈良,53
20180322,岐阜,43
20180322,奈良,53
20180322,小倉,81
20180322,大宮,25
20180322,宇都宮,24
20180322,福井,51
20180322,川崎,34
20180323,岐阜,43
20180323,川崎,34
20180323,小松島,73
20180323,小倉,81
20180323,宇都宮,24
20180323,福井,51
20180323,大宮,25
20180323,奈良,53
20180323,別府,86
20180324,いわき平,13
20180324,川崎,34
20180324,別府,86
20180324,大宮,25
20180324,小松島,73
20180324,宇都宮,24
20180324,岐阜,43
20180324,福井,51
20180325,別府,86
20180325,いわき平,13
20180325,取手,23
20180325,前橋,22
20180325,小松島,73
20180326,前橋,22
20180326,松阪,47
20180326,いわき平,13
20180326,福井,51
20180326,取手,23
20180326,大垣,44
20180327,福井,51
20180327,大垣,44
20180327,玉野,61
20180327,取手,23
20180327,前橋,22
20180327,松阪,47
20180328,大垣,44
20180328,玉野,61
20180328,福井,51
20180328,松阪,47
20180329,玉野,61
20180329,伊東,37
20180329,別府,86
20180329,小倉,81
20180329,高知,74
20180329,平塚,35
20180329,立川,28
20180330,別府,86
20180330,小倉,81
20180330,伊東,37
20180330,立川,28
20180330,平塚,35
20180330,高知,74
20180331,小倉,81
20180331,別府,86
20180331,立川,28
20180331,伊東,37
20180331,平塚,35
20180331,高知,74
20180401,松山,75
20180401,京王閣,27
20180401,玉野,61
20180401,奈良,53
20180402,玉野,61
20180402,松阪,47
20180402,松山,75
20180402,京王閣,27
20180402,奈良,53
20180403,京王閣,27
20180403,松阪,47
20180403,奈良,53
20180403,松山,75
20180403,玉野,61
20180404,佐世保,85
20180404,いわき平,13
20180404,大垣,44
20180404,福井,51
20180404,松阪,47
20180404,宇都宮,24
20180405,福井,51
20180405,宇都宮,24
20180405,いわき平,13
20180405,佐世保,85
20180405,大垣,44
20180405,別府,86
20180406,いわき平,13
20180406,奈良,53
20180406,佐世保,85
20180406,福井,51
20180406,大垣,44
20180406,宇都宮,24
20180406,別府,86
20180407,松阪,47
20180407,川崎,34
20180407,取手,23
20180407,伊東,37
20180407,奈良,53
20180407,別府,86
20180408,取手,23
20180408,松阪,47
20180408,奈良,53
20180408,和歌山,55
20180408,伊東,37
20180408,高知,74
20180408,川崎,34
20180409,伊東,37
20180409,川崎,34
20180409,大垣,44
20180409,取手,23
20180409,高知,74
20180409,和歌山,55
20180409,松阪,47
20180410,佐世保,85
20180410,高知,74
20180410,和歌山,55
20180410,川崎,34
20180410,名古屋,42
20180410,大宮,25
20180410,大垣,44
20180411,大垣,44
20180411,佐世保,85
20180411,名古屋,42
20180411,大宮,25
20180411,函館,11
20180411,平塚,35
20180412,立川,28
20180412,函館,11
20180412,大宮,25
20180412,名古屋,42
20180412,平塚,35
20180412,武雄,84
20180412,佐世保,85
20180413,平塚,35
20180413,函館,11
20180413,武雄,84
20180413,立川,28
20180413,高知,74
20180414,武雄,84
20180414,松山,75
20180414,高知,74
20180414,立川,28
20180414,松戸,31
20180415,小倉,81
20180415,松山,75
20180415,松戸,31
20180415,弥彦,21
20180415,高知,74
20180415,武雄,84
20180416,奈良,53
20180416,松戸,31
20180416,小倉,81
20180416,弥彦,21
20180416,松山,75
20180416,静岡,38
20180417,奈良,53
20180417,久留米,83
20180417,弥彦,21
20180417,四日市,48
20180417,小倉,81
20180417,静岡,38
20180418,奈良,53
20180418,四日市,48
20180418,久留米,83
20180418,玉野,61
20180418,静岡,38
20180419,小田原,36
20180419,玉野,61
20180419,四日市,48
20180419,西武園,26
20180419,久留米,83
20180419,前橋,22
20180419,小松島,73
20180419,向日町,54
20180420,玉野,61
20180420,いわき平,13
20180420,小松島,73
20180420,小田原,36
20180420,青森,12
20180420,向日町,54
20180420,前橋,22
20180420,別府,86
20180420,西武園,26
20180421,前橋,22
20180421,向日町,54
20180421,青森,12
20180421,小田原,36
20180421,西武園,26
20180421,別府,86
20180421,小松島,73
20180421,いわき平,13
20180422,青森,12
20180422,別府,86
20180422,西武園,26
20180422,佐世保,85
20180422,いわき平,13
20180423,松戸,31
20180423,久留米,83
20180423,佐世保,85
20180423,和歌山,55
20180424,久留米,83
20180424,和歌山,55
20180424,玉野,61
20180424,松戸,31
20180424,佐世保,85
20180425,大垣,44
20180425,玉野,61
20180425,和歌山,55
20180425,松戸,31
20180425,久留米,83
20180426,静岡,38
20180426,大垣,44
20180426,函館,11
20180426,玉野,61
20180427,弥彦,21
20180427,函館,11
20180427,武雄,84
20180427,静岡,38
20180427,大垣,44
20180428,宇都宮,24
20180428,弥彦,21
20180428,小倉,81
20180428,岐阜,43
20180428,静岡,38
20180428,武雄,84
20180428,函館,11
20180428,広島,62
20180429,広島,62
20180429,武雄,84
20180429,小倉,81
20180429,弥彦,21
20180429,宇都宮,24
20180429,岐阜,43
20180429,函館,11
20180430,小倉,81
20180430,広島,62
20180430,佐世保,85
20180430,宇都宮,24
20180430,岐阜,43
20180501,武雄,84
20180501,佐世保,85
20180501,平塚,35
20180501,別府,86
20180502,武雄,84
20180502,平塚,35
20180502,佐世保,85
20180502,別府,86
20180503,武雄,84
20180503,玉野,61
20180503,富山,46
20180503,平塚,35
20180503,別府,86
20180503,いわき平,13
20180504,西武園,26
20180504,立川,28
20180504,富山,46
20180504,平塚,35
20180504,いわき平,13
20180504,広島,62
20180504,玉野,61
20180505,立川,28
20180505,富山,46
20180505,西武園,26
20180505,いわき平,13
20180505,平塚,35
20180505,玉野,61
20180505,広島,62
20180506,小倉,81
20180506,平塚,35
20180506,立川,28
20180506,西武園,26
20180506,函館,11
20180506,広島,62
20180507,福井,51
20180507,弥彦,21
20180507,函館,11
20180507,小倉,81
20180508,函館,11
20180508,福井,51
20180508,小倉,81
20180508,弥彦,21
20180509,福井,51
20180509,弥彦,21
20180509,松阪,47
20180509,取手,23
20180509,松戸,31
20180510,松阪,47
20180510,取手,23
20180510,松戸,31
20180510,青森,12
20180511,静岡,38
20180511,松阪,47
20180511,大垣,44
20180511,取手,23
20180511,福井,51
20180511,松戸,31
20180511,青森,12
20180512,青森,12
20180512,大垣,44
20180512,京王閣,27
20180512,静岡,38
20180512,福井,51
20180512,広島,62
20180512,武雄,84
20180513,京王閣,27
20180513,福井,51
20180513,大垣,44
20180513,広島,62
20180513,武雄,84
20180513,静岡,38
20180514,武雄,84
20180514,広島,62
20180514,高知,74
20180514,京王閣,27
20180515,いわき平,13
20180515,高知,74
20180515,京王閣,27
20180516,いわき平,13
20180516,高知,74
20180516,西武園,26
20180516,佐世保,85
20180517,西武園,26
20180517,いわき平,13
20180517,福井,51
20180517,佐世保,85
20180517,平塚,35
20180517,名古屋,42
20180518,平塚,35
20180518,別府,86
20180518,福井,51
20180518,武雄,84
20180518,西武園,26
20180518,佐世保,85
20180518,名古屋,42
20180519,別府,86
20180519,小倉,81
20180519,平塚,35
20180519,福井,51
20180519,武雄,84
20180519,名古屋,42
20180520,名古屋,42
20180520,別府,86
20180520,松山,75
20180520,弥彦,21
20180520,小倉,81
20180520,武雄,84
20180521,伊東,37
20180521,函館,11
20180521,広島,62
20180521,前橋,22
20180521,松山,75
20180521,弥彦,21
20180521,岐阜,43
20180521,松阪,47
20180521,小倉,81
20180522,広島,62
20180522,岐阜,43
20180522,弥彦,21
20180522,松阪,47
20180522,松山,75
20180522,向日町,54
20180522,伊東,37
20180522,函館,11
20180522,前橋,22
20180523,前橋,22
20180523,岐阜,43
20180523,松阪,47
20180523,伊東,37
20180523,広島,62
20180523,佐世保,85
20180523,函館,11
20180523,向日町,54
20180524,佐世保,85
20180524,向日町,54
20180524,川崎,34
20180524,小松島,73
20180525,小松島,73
20180525,松阪,47
20180525,川崎,34
20180525,玉野,61
20180525,佐世保,85
20180525,別府,86
20180525,大宮,25
20180526,大宮,25
20180526,松阪,47
20180526,玉野,61
20180526,別府,86
20180526,川崎,34
20180526,青森,12
20180526,小松島,73
20180527,別府,86
20180527,青森,12
20180527,松阪,47
20180527,大宮,25
20180527,小倉,81
20180527,玉野,61
20180527,岸和田,56
20180528,宇都宮,24
20180528,小倉,81
20180528,佐世保,85
20180528,岐阜,43
20180528,岸和田,56
20180528,和歌山,55
20180529,小倉,81
20180529,佐世保,85
20180529,岸和田,56
20180529,和歌山,55
20180529,宇都宮,24
20180529,小田原,36
20180529,高知,74
20180529,岐阜,43
20180530,和歌山,55
20180530,小田原,36
20180530,岐阜,43
20180530,四日市,48
20180530,佐世保,85
20180530,高知,74
20180530,宇都宮,24
20180530,久留米,83
20180531,高松,71
20180531,弥彦,21
20180531,小田原,36
20180531,四日市,48
20180531,久留米,83
20180531,高知,74
20180601,西武園,26
20180601,静岡,38
20180601,久留米,83
20180601,高松,71
20180601,四日市,48
20180601,弥彦,21
20180602,静岡,38
20180602,松阪,47
20180602,弥彦,21
20180602,別府,86
20180602,高松,71
20180602,函館,11
20180602,西武園,26
20180603,松阪,47
20180603,佐世保,85
20180603,別府,86
20180603,静岡,38
20180603,函館,11
20180603,西武園,26
20180603,福井,51
20180604,大宮,25
20180604,松阪,47
20180604,福井,51
20180604,別府,86
20180604,宇都宮,24
20180604,函館,11
20180604,佐世保,85
20180605,佐世保,85
20180605,福井,51
20180605,宇都宮,24
20180605,大宮,25
20180605,函館,11
20180606,奈良,53
20180606,四日市,48
20180606,高知,74
20180606,平塚,35
20180606,大宮,25
20180606,宇都宮,24
20180607,奈良,53
20180607,四日市,48
20180607,富山,46
20180607,平塚,35
20180607,高知,74
20180607,取手,23
20180608,四日市,48
20180608,富山,46
20180608,取手,23
20180608,別府,86
20180608,高知,74
20180608,奈良,53
20180608,平塚,35
20180609,青森,12
20180609,取手,23
20180609,別府,86
20180609,武雄,84
20180609,富山,46
20180609,玉野,61
20180610,取手,23
20180610,別府,86
20180610,青森,12
20180610,玉野,61
20180610,武雄,84
20180610,小倉,81
20180611,福井,51
20180611,小倉,81
20180611,広島,62
20180611,青森,12
20180611,玉野,61
20180611,武雄,84
20180611,立川,28
20180611,大垣,44
20180612,広島,62
20180612,立川,28
20180612,函館,11
20180612,小倉,81
20180612,大垣,44
20180612,佐世保,85
20180612,福井,51
20180613,福井,51
20180613,佐世保,85
20180613,函館,11
20180613,前橋,22
20180613,広島,62
20180613,大垣,44
20180613,立川,28
20180614,岸和田,56
20180614,函館,11
20180614,前橋,22
20180614,名古屋,42
20180614,佐世保,85
20180615,名古屋,42
20180615,松戸,31
20180615,京王閣,27
20180615,岸和田,56
20180615,伊東,37
20180615,前橋,22
20180615,青森,12
20180616,岸和田,56
20180616,青森,12
20180616,松戸,31
20180616,名古屋,42
20180616,京王閣,27
20180616,伊東,37
20180617,伊東,37
20180617,岸和田,56
20180617,京王閣,27
20180617,青森,12
20180617,松戸,31
20180618,高知,74
20180618,四日市,48
20180618,平塚,35
20180618,弥彦,21
20180618,松山,75
20180619,松山,75
20180619,向日町,54
20180619,高知,74
20180619,弥彦,21
20180619,松阪,47
20180619,平塚,35
20180619,四日市,48
20180620,高知,74
20180620,松山,75
20180620,向日町,54
20180620,武雄,84
20180620,弥彦,21
20180620,松阪,47
20180620,大宮,25
20180620,四日市,48
20180620,平塚,35
20180621,武雄,84
20180621,大宮,25
20180621,川崎,34
20180621,富山,46
20180621,向日町,54
20180621,松阪,47
20180622,富山,46
20180622,武雄,84
20180622,広島,62
20180622,別府,86
20180622,奈良,53
20180622,大宮,25
20180622,いわき平,13
20180622,川崎,34
20180623,奈良,53
20180623,久留米,83
20180623,いわき平,13
20180623,富山,46
20180623,川崎,34
20180623,別府,86
20180623,広島,62
20180624,高知,74
20180624,前橋,22
20180624,奈良,53
20180624,広島,62
20180624,久留米,83
20180624,いわき平,13
20180624,別府,86
20180625,前橋,22
20180625,久留米,83
20180625,小田原,36
20180625,高知,74
20180626,久留米,83
20180626,小倉,81
20180626,高知,74
20180626,前橋,22
20180626,小田原,36
20180627,小松島,73
20180627,西武園,26
20180627,函館,11
20180627,小田原,36
20180627,小倉,81
20180628,西武園,26
20180628,宇都宮,24
20180628,小倉,81
20180628,小松島,73
20180628,大垣,44
20180628,函館,11
20180628,青森,12
20180629,別府,86
20180629,青森,12
20180629,松山,75
20180629,小松島,73
20180629,大垣,44
20180629,西武園,26
20180629,宇都宮,24
20180629,函館,11
20180630,向日町,54
20180630,大垣,44
20180630,平塚,35
20180630,宇都宮,24
20180630,青森,12
20180630,別府,86
20180630,松山,75
20180701,平塚,35
20180701,向日町,54
20180701,玉野,61
20180701,宇都宮,24
20180701,松山,75
20180701,別府,86
20180702,玉野,61
20180702,向日町,54
20180702,奈良,53
20180702,富山,46
20180702,平塚,35
20180702,大宮,25
20180703,奈良,53
20180703,大宮,25
20180703,玉野,61
20180703,小倉,81
20180703,富山,46
20180703,函館,11
20180704,函館,11
20180704,富山,46
20180704,大宮,25
20180704,青森,12
20180704,奈良,53
20180704,小倉,81
20180705,小倉,81
20180705,函館,11
20180705,青森,12
20180705,名古屋,42
20180705,小松島,73
20180705,小田原,36
20180706,京王閣,27
20180706,武雄,84
20180706,名古屋,42
20180706,青森,12
20180706,小倉,81
20180706,弥彦,21
20180706,小松島,73
20180706,小田原,36
20180707,小松島,73
20180707,京王閣,27
20180707,弥彦,21
20180707,武雄,84
20180707,名古屋,42
20180707,小田原,36
20180707,奈良,53
20180708,武雄,84
20180708,小松島,73
20180708,京王閣,27
20180708,弥彦,21
20180708,奈良,53
20180709,伊東,37
20180709,奈良,53
20180709,宇都宮,24
20180709,函館,11
20180709,高松,71
20180710,取手,23
20180710,伊東,37
20180710,函館,11
20180710,高松,71
20180710,別府,86
20180710,宇都宮,24
20180711,名古屋,42
20180711,伊東,37
20180711,函館,11
20180711,四日市,48
20180711,宇都宮,24
20180711,取手,23
20180711,高松,71
20180711,防府,63
20180711,別府,86
20180712,名古屋,42
20180712,四日市,48
20180712,取手,23
20180712,別府,86
20180712,防府,63
20180713,防府,63
20180713,松阪,47
20180713,名古屋,42
20180713,四日市,48
20180714,松阪,47
20180714,岸和田,56
20180714,佐世保,85
20180714,青森,12
20180714,前橋,22
20180714,松戸,31
20180715,松戸,31
20180715,弥彦,21
20180715,岸和田,56
20180715,青森,12
20180715,佐世保,85
20180715,前橋,22
20180715,松阪,47
20180716,佐世保,85
20180716,前橋,22
20180716,岸和田,56
20180716,松戸,31
20180716,青森,12
20180716,弥彦,21
20180717,大垣,44
20180717,弥彦,21
20180717,高知,74
20180717,函館,11
20180718,高知,74
20180718,函館,11
20180718,大宮,25
20180718,大垣,44
20180718,小田原,36
20180718,和歌山,55
20180719,和歌山,55
20180719,佐世保,85
20180719,大垣,44
20180719,大宮,25
20180719,小田原,36
20180719,函館,11
20180719,高知,74
20180720,和歌山,55
20180720,佐世保,85
20180720,静岡,38
20180720,小田原,36
20180720,大宮,25
20180720,小倉,81
20180721,静岡,38
20180721,福井,51
20180721,小倉,81
20180721,佐世保,85
20180721,富山,46
20180721,武雄,84
20180721,立川,28
20180722,静岡,38
20180722,小倉,81
20180722,立川,28
20180722,福井,51
20180722,高知,74
20180722,富山,46
20180722,武雄,84
20180722,青森,12
20180723,立川,28
20180723,久留米,83
20180723,富山,46
20180723,武雄,84
20180723,青森,12
20180723,福井,51
20180723,高知,74
20180724,高知,74
20180724,久留米,83
20180724,青森,12
20180724,川崎,34
20180724,玉野,61
20180724,福井,51
20180725,防府,63
20180725,前橋,22
20180725,大宮,25
20180725,玉野,61
20180725,川崎,34
20180725,久留米,83
20180725,岐阜,43
20180726,防府,63
20180726,前橋,22
20180726,大宮,25
20180726,川崎,34
20180726,岐阜,43
20180726,いわき平,13
20180726,玉野,61
20180727,いわき平,13
20180727,防府,63
20180727,大宮,25
20180727,静岡,38
20180727,前橋,22
20180727,奈良,53
20180727,岐阜,43
20180728,静岡,38
20180728,いわき平,13
20180728,弥彦,21
20180728,高松,71
20180728,奈良,53
20180728,豊橋,45
20180728,小倉,81
20180729,豊橋,45
20180729,奈良,53
20180729,川崎,34
20180729,静岡,38
20180729,高松,71
20180729,弥彦,21
20180729,小倉,81
20180730,豊橋,45
20180730,弥彦,21
20180730,川崎,34
20180730,高松,71
20180730,小倉,81
20180731,弥彦,21
20180731,前橋,22
20180731,川崎,34
20180731,高松,71
20180801,前橋,22
20180801,和歌山,55
20180801,防府,63
20180801,京王閣,27
20180802,京王閣,27
20180802,松戸,31
20180802,前橋,22
20180802,富山,46
20180802,和歌山,55
20180802,高知,74
20180802,防府,63
20180803,防府,63
20180803,富山,46
20180803,松戸,31
20180803,和歌山,55
20180803,青森,12
20180803,高知,74
20180803,西武園,26
20180803,京王閣,27
20180803,大垣,44
20180804,松戸,31
20180804,大垣,44
20180804,西武園,26
20180804,高知,74
20180804,小倉,81
20180804,富山,46
20180804,青森,12
20180805,大垣,44
20180805,西武園,26
20180805,松戸,31
20180805,武雄,84
20180805,青森,12
20180805,小倉,81
20180806,平塚,35
20180806,立川,28
20180806,小松島,73
20180806,武雄,84
20180806,小倉,81
20180806,向日町,54
20180807,立川,28
20180807,武雄,84
20180807,向日町,54
20180807,小松島,73
20180807,平塚,35
20180808,平塚,35
20180808,玉野,61
20180808,向日町,54
20180808,小松島,73
20180808,立川,28
20180809,川崎,34
20180809,小倉,81
20180809,玉野,61
20180809,別府,86
20180809,四日市,48
20180809,宇都宮,24
20180810,宇都宮,24
20180810,小倉,81
20180810,青森,12
20180810,川崎,34
20180810,別府,86
20180810,四日市,48
20180810,玉野,61
20180811,小倉,81
20180811,青森,12
20180811,川崎,34
20180811,別府,86
20180811,四日市,48
20180811,宇都宮,24
20180812,取手,23
20180812,向日町,54
20180812,武雄,84
20180812,広島,62
20180812,川崎,34
20180812,青森,12
20180812,豊橋,45
20180813,向日町,54
20180813,広島,62
20180813,武雄,84
20180813,京王閣,27
20180813,取手,23
20180813,豊橋,45
20180814,向日町,54
20180814,広島,62
20180814,武雄,84
20180814,弥彦,21
20180814,豊橋,45
20180814,京王閣,27
20180814,取手,23
20180815,弥彦,21
20180815,いわき平,13
20180815,京王閣,27
20180816,いわき平,13
20180816,弥彦,21
20180816,玉野,61
20180816,四日市,48
20180817,川崎,34
20180817,いわき平,13
20180817,玉野,61
20180817,小倉,81
20180817,四日市,48
20180817,岸和田,56
20180817,広島,62
20180818,川崎,34
20180818,いわき平,13
20180818,玉野,61
20180818,奈良,53
20180818,小倉,81
20180818,広島,62
20180818,岸和田,56
20180818,四日市,48
20180819,いわき平,13
20180819,小倉,81
20180819,川崎,34
20180819,伊東,37
20180819,広島,62
20180819,岸和田,56
20180819,奈良,53
20180820,奈良,53
20180820,久留米,83
20180820,西武園,26
20180820,伊東,37
20180820,高松,71
20180821,高松,71
20180821,西武園,26
20180821,大垣,44
20180821,久留米,83
20180821,伊東,37
20180822,青森,12
20180822,岸和田,56
20180822,大垣,44
20180822,高松,71
20180822,豊橋,45
20180822,松戸,31
20180822,西武園,26
20180822,久留米,83
20180823,豊橋,45
20180823,富山,46
20180823,大垣,44
20180823,前橋,22
20180823,青森,12
20180823,松戸,31
20180823,弥彦,21
20180823,岸和田,56
20180824,富山,46
20180824,豊橋,45
20180824,青森,12
20180824,大垣,44
20180824,松戸,31
20180824,岸和田,56
20180824,弥彦,21
20180824,前橋,22
20180825,小倉,81
20180825,小田原,36
20180825,前橋,22
20180825,函館,11
20180825,弥彦,21
20180825,富山,46
20180826,函館,11
20180826,小田原,36
20180826,小松島,73
20180826,小倉,81
20180826,奈良,53
20180827,小松島,73
20180827,函館,11
20180827,小田原,36
20180827,小倉,81
20180827,奈良,53
20180828,久留米,83
20180828,奈良,53
20180828,小田原,36
20180828,弥彦,21
20180828,小松島,73
20180829,久留米,83
20180829,静岡,38
20180829,弥彦,21
20180830,久留米,83
20180830,防府,63
20180830,弥彦,21
20180830,富山,46
20180830,静岡,38
20180831,前橋,22
20180831,防府,63
20180831,玉野,61
20180831,富山,46
20180831,静岡,38
20180831,小倉,81
20180901,和歌山,55
20180901,玉野,61
20180901,前橋,22
20180901,小倉,81
20180901,富山,46
20180901,防府,63
20180902,富山,46
20180902,青森,12
20180902,玉野,61
20180902,和歌山,55
20180902,前橋,22
20180902,小倉,81
20180903,立川,28
20180903,川崎,34
20180903,高松,71
20180903,名古屋,42
20180903,武雄,84
20180903,青森,12
20180903,函館,11
20180903,和歌山,55
20180904,高松,71
20180904,武雄,84
20180904,名古屋,42
20180904,青森,12
20180904,川崎,34
20180904,函館,11
20180904,立川,28
20180905,大垣,44
20180905,函館,11
20180905,武雄,84
20180905,名古屋,42
20180905,川崎,34
20180905,高松,71
20180905,立川,28
20180906,岐阜,43
20180906,大垣,44
20180906,名古屋,42
20180906,京王閣,27
20180906,松山,75
20180906,高松,71
20180907,大垣,44
20180907,奈良,53
20180907,京王閣,27
20180907,松山,75
20180907,岐阜,43
20180907,防府,63
20180908,奈良,53
20180908,弥彦,21
20180908,京王閣,27
20180908,岐阜,43
20180908,松山,75
20180908,防府,63
20180909,宇都宮,24
20180909,弥彦,21
20180909,函館,11
20180909,奈良,53
20180909,久留米,83
20180909,防府,63
20180909,岐阜,43
20180910,函館,11
20180910,富山,46
20180910,弥彦,21
20180910,宇都宮,24
20180910,伊東,37
20180910,広島,62
20180910,久留米,83
20180911,函館,11
20180911,伊東,37
20180911,岸和田,56
20180911,広島,62
20180911,富山,46
20180911,久留米,83
20180911,宇都宮,24
20180911,西武園,26
20180912,四日市,48
20180912,西武園,26
20180912,広島,62
20180912,富山,46
20180912,岸和田,56
20180912,いわき平,13
20180912,伊東,37
20180913,四日市,48
20180913,小倉,81
20180913,岸和田,56
20180913,西武園,26
20180913,いわき平,13
20180914,いわき平,13
20180914,四日市,48
20180914,小倉,81
20180914,高知,74
20180915,小倉,81
20180915,川崎,34
20180915,高知,74
20180915,前橋,22
20180915,久留米,83
20180916,奈良,53
20180916,川崎,34
20180916,久留米,83
20180916,高知,74
20180916,前橋,22
20180917,奈良,53
20180917,高知,74
20180917,川崎,34
20180917,久留米,83
20180917,前橋,22
20180918,青森,12
20180918,高松,71
20180918,奈良,53
20180918,和歌山,55
20180918,松戸,31
20180918,小田原,36
20180918,小倉,81
20180919,高松,71
20180919,和歌山,55
20180919,青森,12
20180919,松戸,31
20180919,弥彦,21
20180919,小倉,81
20180919,豊橋,45
20180919,小田原,36
20180920,青森,12
20180920,高松,71
20180920,弥彦,21
20180920,松戸,31
20180920,小田原,36
20180920,和歌山,55
20180920,小倉,81
20180920,豊橋,45
20180921,豊橋,45
20180921,弥彦,21
20180921,宇都宮,24
20180921,松山,75
20180921,函館,11
20180922,松山,75
20180922,別府,86
20180922,向日町,54
20180922,函館,11
20180922,宇都宮,24
20180922,静岡,38
20180922,名古屋,42
20180923,宇都宮,24
20180923,向日町,54
20180923,静岡,38
20180923,松山,75
20180923,別府,86
20180923,名古屋,42
20180923,函館,11
20180924,西武園,26
20180924,小倉,81
20180924,別府,86
20180924,名古屋,42
20180924,弥彦,21
20180924,静岡,38
20180924,向日町,54
20180925,弥彦,21
20180925,向日町,54
20180925,小倉,81
20180925,西武園,26
20180926,小倉,81
20180926,弥彦,21
20180926,西武園,26
20180926,奈良,53
20180926,富山,46
20180927,小松島,73
20180927,青森,12
20180927,奈良,53
20180927,富山,46
20180927,取手,23
20180927,平塚,35
20180928,青森,12
20180928,取手,23
20180928,平塚,35
20180928,小松島,73
20180928,富山,46
20180928,岐阜,43
20180928,奈良,53
20180929,別府,86
20180929,青森,12
20180929,平塚,35
20180929,取手,23
20180929,小松島,73
20180929,小倉,81
20180929,岐阜,43
20180930,岐阜,43
20180930,青森,12
20180930,小倉,81
20180930,別府,86
20181001,西武園,26
20181001,別府,86
20181001,向日町,54
20181001,豊橋,45
20181001,川崎,34
20181001,弥彦,21
20181001,小倉,81
20181002,川崎,34
20181002,高松,71
20181002,向日町,54
20181002,西武園,26
20181002,豊橋,45
20181002,弥彦,21
20181002,別府,86
20181003,川崎,34
20181003,武雄,84
20181003,向日町,54
20181003,高松,71
20181003,弥彦,21
20181003,豊橋,45
20181003,西武園,26
20181004,武雄,84
20181004,いわき平,13
20181004,松戸,31
20181004,大垣,44
20181004,高松,71
20181005,松戸,31
20181005,前橋,22
20181005,武雄,84
20181005,いわき平,13
20181005,大垣,44
20181006,小倉,81
20181006,広島,62
20181006,前橋,22
20181006,いわき平,13
20181006,大垣,44
20181006,松戸,31
20181007,西武園,26
20181007,四日市,48
20181007,広島,62
20181007,小倉,81
20181007,前橋,22
20181007,函館,11
20181008,西武園,26
20181008,前橋,22
20181008,函館,11
20181008,名古屋,42
20181008,広島,62
20181008,小倉,81
20181008,四日市,48
20181009,別府,86
20181009,函館,11
20181009,弥彦,21
20181009,西武園,26
20181009,奈良,53
20181009,名古屋,42
20181009,四日市,48
20181009,小倉,81
20181010,別府,86
20181010,名古屋,42
20181010,平塚,35
20181010,防府,63
20181010,弥彦,21
20181010,高松,71
20181010,奈良,53
20181010,青森,12
20181011,大垣,44
20181011,別府,86
20181011,奈良,53
20181011,平塚,35
20181011,防府,63
20181011,青森,12
20181011,高松,71
20181011,弥彦,21
20181012,宇都宮,24
20181012,向日町,54
20181012,青森,12
20181012,防府,63
20181012,高松,71
20181012,平塚,35
20181012,大垣,44
20181013,武雄,84
20181013,松山,75
20181013,立川,28
20181013,大垣,44
20181013,宇都宮,24
20181013,松戸,31
20181013,向日町,54
20181014,立川,28
20181014,宇都宮,24
20181014,松戸,31
20181014,松山,75
20181014,武雄,84
20181014,川崎,34
20181014,小倉,81
20181014,向日町,54
20181015,小倉,81
20181015,富山,46
20181015,青森,12
20181015,松山,75
20181015,武雄,84
20181015,立川,28
20181015,松戸,31
20181015,川崎,34
20181016,広島,62
20181016,松戸,31
20181016,川崎,34
20181016,富山,46
20181016,青森,12
20181016,小倉,81
20181016,函館,11
20181017,青森,12
20181017,函館,11
20181017,福井,51
20181017,広島,62
20181017,富山,46
20181018,広島,62
20181018,高知,74
20181018,久留米,83
20181018,福井,51
20181018,函館,11
20181019,富山,46
20181019,取手,23
20181019,伊東,37
20181019,高知,74
20181019,久留米,83
20181019,小倉,81
20181019,福井,51
20181019,防府,63
20181019,京王閣,27
20181020,久留米,83
20181020,伊東,37
20181020,青森,12
20181020,高知,74
20181020,小倉,81
20181020,京王閣,27
20181020,富山,46
20181020,和歌山,55
20181020,防府,63
20181020,取手,23
20181021,青森,12
20181021,防府,63
20181021,久留米,83
20181021,和歌山,55
20181021,取手,23
20181021,富山,46
20181021,京王閣,27
20181021,小倉,81
20181021,伊東,37
20181022,青森,12
20181022,弥彦,21
20181022,立川,28
20181022,和歌山,55
20181022,岐阜,43
20181023,立川,28
20181023,弥彦,21
20181023,松山,75
20181023,高知,74
20181023,岐阜,43
20181024,広島,62
20181024,立川,28
20181024,弥彦,21
20181024,岐阜,43
20181024,松山,75
20181024,高知,74
20181025,広島,62
20181025,青森,12
20181025,高知,74
20181025,松山,75
20181025,伊東,37
20181026,取手,23
20181026,大垣,44
20181026,伊東,37
20181026,広島,62
20181026,福井,51
20181026,青森,12
20181027,大垣,44
20181027,取手,23
20181027,豊橋,45
20181027,伊東,37
20181027,福井,51
20181027,小田原,36
20181027,別府,86
20181027,宇都宮,24
20181027,小松島,73
20181027,青森,12
20181028,宇都宮,24
20181028,小松島,73
20181028,小田原,36
20181028,大垣,44
20181028,取手,23
20181028,豊橋,45
20181028,別府,86
20181028,松戸,31
20181028,福井,51
20181029,別府,86
20181029,小田原,36
20181029,宇都宮,24
20181029,松戸,31
20181029,豊橋,45
20181029,小松島,73
20181030,松戸,31
20181030,小倉,81
20181030,豊橋,45
20181031,小倉,81
20181031,向日町,54
20181031,奈良,53
20181031,西武園,26
20181031,久留米,83
20181101,奈良,53
20181101,防府,63
20181101,小倉,81
20181101,久留米,83
20181101,西武園,26
20181101,向日町,54
20181102,武雄,84
20181102,奈良,53
20181102,向日町,54
20181102,防府,63
20181102,弥彦,21
20181102,久留米,83
20181102,西武園,26
20181103,静岡,38
20181103,防府,63
20181103,京王閣,27
20181103,武雄,84
20181103,弥彦,21
20181103,富山,46
20181103,平塚,35
20181103,玉野,61
20181104,武雄,84
20181104,平塚,35
20181104,弥彦,21
20181104,静岡,38
20181104,防府,63
20181104,玉野,61
20181104,小倉,81
20181104,富山,46
20181104,京王閣,27
20181105,富山,46
20181105,小倉,81
20181105,静岡,38
20181105,京王閣,27
20181105,平塚,35
20181105,広島,62
20181105,玉野,61
20181105,福井,51
20181106,久留米,83
20181106,小倉,81
20181106,広島,62
20181106,福井,51
20181106,立川,28
20181107,立川,28
20181107,和歌山,55
20181107,青森,12
20181107,宇都宮,24
20181107,福井,51
20181107,久留米,83
20181107,広島,62
20181107,豊橋,45
20181108,和歌山,55
20181108,豊橋,45
20181108,青森,12
20181108,前橋,22
20181108,宇都宮,24
20181108,立川,28
20181108,久留米,83
20181109,豊橋,45
20181109,前橋,22
20181109,青森,12
20181109,和歌山,55
20181109,宇都宮,24
20181109,富山,46
20181109,川崎,34
20181110,富山,46
20181110,武雄,84
20181110,川崎,34
20181110,取手,23
20181110,小松島,73
20181110,前橋,22
20181111,取手,23
20181111,富山,46
20181111,武雄,84
20181111,小倉,81
20181111,川崎,34
20181111,小松島,73
20181112,小倉,81
20181112,奈良,53
20181112,小松島,73
20181112,武雄,84
20181112,取手,23
20181112,玉野,61
20181113,奈良,53
20181113,広島,62
20181113,玉野,61
20181113,小倉,81
20181113,取手,23
20181114,奈良,53
20181114,西武園,26
20181114,松戸,31
20181114,広島,62
20181114,玉野,61
20181114,豊橋,45
20181115,西武園,26
20181115,広島,62
20181115,豊橋,45
20181115,松戸,31
20181116,防府,63
20181116,宇都宮,24
20181116,武雄,84
20181116,豊橋,45
20181116,西武園,26
20181116,松戸,31
20181117,防府,63
20181117,武雄,84
20181117,福井,51
20181117,富山,46
20181117,小田原,36
20181117,宇都宮,24
20181117,京王閣,27
20181118,奈良,53
20181118,福井,51
20181118,京王閣,27
20181118,防府,63
20181118,富山,46
20181118,小田原,36
20181118,宇都宮,24
20181118,武雄,84
20181119,奈良,53
20181119,福井,51
20181119,京王閣,27
20181119,小田原,36
20181119,富山,46
20181120,広島,62
20181120,静岡,38
20181120,西武園,26
20181120,岐阜,43
20181120,小倉,81
20181120,奈良,53
20181121,西武園,26
20181121,小倉,81
20181121,岐阜,43
20181121,広島,62
20181121,武雄,84
20181121,静岡,38
20181122,小倉,81
20181122,西武園,26
20181122,広島,62
20181122,岐阜,43
20181122,前橋,22
20181122,静岡,38
20181122,武雄,84
20181123,前橋,22
20181123,川崎,34
20181123,武雄,84
20181123,高松,71
20181123,小倉,81
20181124,高松,71
20181124,川崎,34
20181124,小倉,81
20181124,前橋,22
20181125,高松,71
20181125,高知,74
20181125,川崎,34
20181125,小倉,81
20181126,佐世保,85
20181126,奈良,53
20181126,小松島,73
20181126,小田原,36
20181126,岐阜,43
20181126,高知,74
20181127,小松島,73
20181127,岐阜,43
20181127,佐世保,85
20181127,和歌山,55
20181127,小田原,36
20181127,奈良,53
20181127,高知,74
20181128,佐世保,85
20181128,小松島,73
20181128,奈良,53
20181128,小田原,36
20181128,和歌山,55
20181128,岐阜,43
20181128,豊橋,45
20181129,川崎,34
20181129,和歌山,55
20181129,玉野,61
20181129,豊橋,45
20181129,西武園,26
20181130,西武園,26
20181130,福井,51
20181130,武雄,84
20181130,豊橋,45
20181130,玉野,61
20181130,取手,23
20181130,川崎,34
20181201,武雄,84
20181201,玉野,61
20181201,川崎,34
20181201,西武園,26
20181201,福井,51
20181201,取手,23
20181201,四日市,48
20181201,佐世保,85
20181202,小倉,81
20181202,福井,51
20181202,佐世保,85
20181202,武雄,84
20181202,取手,23
20181202,四日市,48
20181202,小田原,36
20181203,小田原,36
20181203,高知,74
20181203,佐世保,85
20181203,四日市,48
20181203,小倉,81
20181204,小倉,81
20181204,小田原,36
20181204,高知,74
20181204,四日市,48
20181205,岐阜,43
20181205,川崎,34
20181205,高知,74
20181205,前橋,22
20181205,武雄,84
20181206,西武園,26
20181206,前橋,22
20181206,岐阜,43
20181206,広島,62
20181206,武雄,84
20181206,川崎,34
20181207,岐阜,43
20181207,前橋,22
20181207,川崎,34
20181207,武雄,84
20181207,広島,62
20181207,西武園,26
20181208,松戸,31
20181208,岸和田,56
20181208,京王閣,27
20181208,西武園,26
20181208,広島,62
20181208,松阪,47
20181209,玉野,61
20181209,川崎,34
20181209,広島,62
20181209,岸和田,56
20181209,松戸,31
20181209,松阪,47
20181209,京王閣,27
20181210,川崎,34
20181210,岸和田,56
20181210,松戸,31
20181210,高松,71
20181210,豊橋,45
20181210,玉野,61
20181210,京王閣,27
20181210,松阪,47
20181210,宇都宮,24
20181211,奈良,53
20181211,豊橋,45
20181211,玉野,61
20181211,川崎,34
20181211,宇都宮,24
20181211,高松,71
20181211,小倉,81
20181212,武雄,84
20181212,高松,71
20181212,小倉,81
20181212,宇都宮,24
20181212,奈良,53
20181212,豊橋,45
20181213,武雄,84
20181213,松阪,47
20181213,伊東,37
20181213,小倉,81
20181213,小松島,73
20181213,奈良,53
20181214,武雄,84
20181214,防府,63
20181214,小松島,73
20181214,いわき平,13
20181214,伊東,37
20181214,立川,28
20181214,松阪,47
20181215,松阪,47
20181215,防府,63
20181215,小松島,73
20181215,伊東,37
20181215,いわき平,13
20181215,立川,28
20181216,防府,63
20181216,小倉,81
20181216,伊東,37
20181216,立川,28
20181216,いわき平,13
20181217,高知,74
20181217,小倉,81
20181217,岐阜,43
20181217,豊橋,45
20181217,久留米,83
20181217,取手,23
20181218,取手,23
20181218,岐阜,43
20181218,小倉,81
20181218,高知,74
20181218,久留米,83
20181218,豊橋,45
20181218,和歌山,55
20181219,和歌山,55
20181219,取手,23
20181219,久留米,83
20181219,岐阜,43
20181219,豊橋,45
20181219,高知,74
20181220,和歌山,55
20181220,四日市,48
20181220,奈良,53
20181220,高松,71
20181220,平塚,35
20181221,奈良,53
20181221,平塚,35
20181221,高松,71
20181221,小倉,81
20181221,四日市,48
20181221,佐世保,85
20181222,小倉,81
20181222,平塚,35
20181222,奈良,53
20181222,防府,63
20181222,伊東,37
20181222,大宮,25
20181222,四日市,48
20181222,佐世保,85
20181222,高松,71
20181223,和歌山,55
20181223,前橋,22
20181223,奈良,53
20181223,大宮,25
20181223,防府,63
20181223,佐世保,85
20181223,小倉,81
20181223,伊東,37
20181224,玉野,61
20181224,伊東,37
20181224,大宮,25
20181224,前橋,22
20181224,大垣,44
20181224,和歌山,55
20181224,佐世保,85
20181224,防府,63
20181225,前橋,22
20181225,玉野,61
20181225,和歌山,55
20181225,奈良,53
20181225,大垣,44
20181225,松阪,47
20181225,松戸,31
20181226,松阪,47
20181226,玉野,61
20181226,松山,75
20181226,奈良,53
20181226,大垣,44
20181226,松戸,31
20181227,松山,75
20181227,奈良,53
20181227,松阪,47
20181227,松戸,31
20181228,名古屋,42
20181228,静岡,38
20181228,前橋,22
20181228,佐世保,85
20181228,立川,28
20181228,松山,75
20181228,大宮,25
20181229,小倉,81
20181229,立川,28
20181229,久留米,83
20181229,静岡,38
20181229,名古屋,42
20181229,前橋,22
20181229,佐世保,85
20181229,大宮,25
20181230,佐世保,85
20181230,名古屋,42
20181230,静岡,38
20181230,大宮,25
20181230,久留米,83
20181230,小倉,81
20181230,立川,28
20181230,前橋,22
20181231,久留米,83
20181231,岸和田,56
20181231,広島,62
20181231,平塚,35
20181231,小倉,81
20190101,京王閣,27
20190101,岸和田,56
20190101,豊橋,45
20190101,岐阜,43
20190101,広島,62
20190101,宇都宮,24
20190101,平塚,35
20190102,平塚,35
20190102,いわき平,13
20190102,岐阜,43
20190102,京王閣,27
20190102,岸和田,56
20190102,宇都宮,24
20190102,高知,74
20190102,豊橋,45
20190102,広島,62
20190103,豊橋,45
20190103,別府,86
20190103,岐阜,43
20190103,いわき平,13
20190103,平塚,35
20190103,宇都宮,24
20190103,京王閣,27
20190103,小松島,73
20190103,高知,74
20190104,武雄,84
20190104,四日市,48
20190104,小松島,73
20190104,立川,28
20190104,高知,74
20190104,いわき平,13
20190104,別府,86
20190104,松戸,31
20190105,四日市,48
20190105,小松島,73
20190105,松戸,31
20190105,玉野,61
20190105,立川,28
20190105,武雄,84
20190105,別府,86
20190106,松戸,31
20190106,武雄,84
20190106,四日市,48
20190106,立川,28
20190106,玉野,61
20190106,小倉,81
20190107,静岡,38
20190107,別府,86
20190107,高知,74
20190107,立川,28
20190107,小倉,81
20190107,玉野,61
20190108,小倉,81
20190108,静岡,38
20190108,高知,74
20190108,別府,86
20190108,奈良,53
20190108,宇都宮,24
20190109,奈良,53
20190109,静岡,38
20190109,松戸,31
20190109,高知,74
20190109,別府,86
20190109,宇都宮,24
20190110,松戸,31
20190110,玉野,61
20190110,西武園,26
20190110,奈良,53
20190110,宇都宮,24
20190111,玉野,61
20190111,松阪,47
20190111,和歌山,55
20190111,西武園,26
20190111,松戸,31
20190112,和歌山,55
20190112,西武園,26
20190112,玉野,61
20190112,松阪,47
20190113,小倉,81
20190113,和歌山,55
20190113,取手,23
20190113,伊東,37
20190113,松阪,47
20190114,和歌山,55
20190114,小倉,81
20190114,伊東,37
20190114,取手,23
20190114,豊橋,45
20190115,大垣,44
20190115,取手,23
20190115,高知,74
20190115,別府,86
20190115,小倉,81
20190115,伊東,37
20190115,豊橋,45
20190116,佐世保,85
20190116,高知,74
20190116,別府,86
20190116,豊橋,45
20190116,大垣,44
20190117,別府,86
20190117,玉野,61
20190117,高知,74
20190117,佐世保,85
20190117,大宮,25
20190117,大垣,44
20190118,大宮,25
20190118,佐世保,85
20190118,川崎,34
20190118,奈良,53
20190118,玉野,61
20190118,小倉,81
20190119,大宮,25
20190119,小倉,81
20190119,奈良,53
20190119,四日市,48
20190119,玉野,61
20190119,川崎,34
20190120,奈良,53
20190120,大宮,25
20190120,小倉,81
20190120,伊東,37
20190120,川崎,34
20190120,四日市,48
20190121,伊東,37
20190121,松戸,31
20190121,岐阜,43
20190121,防府,63
20190121,四日市,48
20190122,伊東,37
20190122,岐阜,43
20190122,松戸,31
20190122,防府,63
20190122,久留米,83
20190122,佐世保,85
20190123,佐世保,85
20190123,防府,63
20190123,松戸,31
20190123,久留米,83
20190123,取手,23
20190123,岐阜,43
20190124,久留米,83
20190124,佐世保,85
20190124,向日町,54
20190124,松阪,47
20190124,取手,23
20190125,大宮,25
20190125,小倉,81
20190125,向日町,54
20190125,広島,62
20190125,取手,23
20190125,松阪,47
20190125,奈良,53
20190126,向日町,54
20190126,奈良,53
20190126,松阪,47
20190126,大宮,25
20190126,小田原,36
20190126,広島,62
20190126,別府,86
20190126,小倉,81
20190127,奈良,53
20190127,大宮,25
20190127,別府,86
20190127,松山,75
20190127,小倉,81
20190127,小田原,36
20190127,松阪,47
20190127,広島,62
20190128,防府,63
20190128,松山,75
20190128,別府,86
20190128,前橋,22
20190128,岸和田,56
20190128,小田原,36
20190129,岸和田,56
20190129,防府,63
20190129,松山,75
20190129,前橋,22
20190130,防府,63
20190130,岸和田,56
20190130,小田原,36
20190130,西武園,26
20190130,前橋,22
20190131,小田原,36
20190131,高松,71
20190131,西武園,26
20190131,伊東,37
20190201,伊東,37
20190201,小田原,36
20190201,玉野,61
20190201,西武園,26
20190201,高松,71
20190202,伊東,37
20190202,高松,71
20190202,和歌山,55
20190202,取手,23
20190202,玉野,61
20190203,和歌山,55
20190203,取手,23
20190203,豊橋,45
20190203,高松,71
20190203,小倉,81
20190203,玉野,61
20190204,豊橋,45
20190204,佐世保,85
20190204,小倉,81
20190204,大垣,44
20190204,和歌山,55
20190204,取手,23
20190205,川崎,34
20190205,高知,74
20190205,豊橋,45
20190205,佐世保,85
20190205,岸和田,56
20190205,大宮,25
20190205,大垣,44
20190205,小倉,81
20190206,佐世保,85
20190206,高知,74
20190206,川崎,34
20190206,大垣,44
20190206,岸和田,56
20190206,大宮,25
20190206,伊東,37
20190207,川崎,34
20190207,大宮,25
20190207,伊東,37
20190207,高知,74
20190207,岸和田,56
20190208,伊東,37
20190208,立川,28
20190208,大垣,44
20190208,別府,86
20190208,松阪,47
20190209,大垣,44
20190209,松山,75
20190209,松阪,47
20190209,別府,86
20190209,広島,62
20190209,小倉,81
20190209,立川,28
20190210,松山,75
20190210,別府,86
20190210,松阪,47
20190210,広島,62
20190210,大垣,44
20190210,立川,28
20190210,小倉,81
20190211,広島,62
20190211,別府,86
20190211,松山,75
20190211,小倉,81
20190212,豊橋,45
20190212,四日市,48
20190212,久留米,83
20190212,京王閣,27
20190213,豊橋,45
20190213,高松,71
20190213,和歌山,55
20190213,久留米,83
20190213,京王閣,27
20190213,四日市,48
20190213,伊東,37
20190213,松戸,31
20190214,高松,71
20190214,四日市,48
20190214,豊橋,45
20190214,和歌山,55
20190214,京王閣,27
20190214,松戸,31
20190214,伊東,37
20190214,久留米,83
20190214,取手,23
20190215,いわき平,13
20190215,西武園,26
20190215,松阪,47
20190215,和歌山,55
20190215,取手,23
20190215,高松,71
20190215,伊東,37
20190215,松戸,31
20190216,いわき平,13
20190216,小田原,36
20190216,高知,74
20190216,西武園,26
20190216,奈良,53
20190216,小倉,81
20190216,取手,23
20190216,松阪,47
20190217,西武園,26
20190217,松山,75
20190217,小倉,81
20190217,小田原,36
20190217,松阪,47
20190217,いわき平,13
20190217,奈良,53
20190217,高知,74
20190218,奈良,53
20190218,高知,74
20190218,名古屋,42
20190218,松山,75
20190218,小倉,81
20190218,小田原,36
20190218,玉野,61
20190219,玉野,61
20190219,松山,75
20190219,名古屋,42
20190219,奈良,53
20190220,玉野,61
20190220,大垣,44
20190220,名古屋,42
20190220,大宮,25
20190220,別府,86
20190220,川崎,34
20190221,川崎,34
20190221,別府,86
20190221,前橋,22
20190221,大垣,44
20190221,広島,62
20190221,大宮,25
20190221,佐世保,85
20190222,別府,86
20190222,大宮,25
20190222,川崎,34
20190222,前橋,22
20190222,岸和田,56
20190222,大垣,44
20190222,佐世保,85
20190222,広島,62
20190223,広島,62
20190223,佐世保,85
20190223,静岡,38
20190223,松阪,47
20190223,岸和田,56
20190223,前橋,22
20190224,小倉,81
20190224,松山,75
20190224,小松島,73
20190224,静岡,38
20190224,岸和田,56
20190224,松阪,47
20190225,松山,75
20190225,小松島,73
20190225,静岡,38
20190225,松阪,47
20190225,別府,86
20190225,小倉,81
20190225,名古屋,42
20190226,前橋,22
20190226,静岡,38
20190226,名古屋,42
20190226,別府,86
20190226,小松島,73
20190226,松山,75
20190226,小倉,81
20190227,前橋,22
20190227,別府,86
20190227,いわき平,13
20190227,宇都宮,24
20190227,平塚,35
20190227,松戸,31
20190227,名古屋,42
20190228,宇都宮,24
20190228,前橋,22
20190228,松戸,31
20190228,いわき平,13
20190228,平塚,35
20190228,奈良,53
20190228,玉野,61
20190228,佐世保,85
20190301,平塚,35
20190301,奈良,53
20190301,玉野,61
20190301,宇都宮,24
20190301,佐世保,85
20190301,松戸,31
20190301,いわき平,13
20190302,四日市,48
20190302,小倉,81
20190302,玉野,61
20190302,佐世保,85
20190302,奈良,53
20190303,小倉,81
20190303,四日市,48
20190303,玉野,61
20190303,岸和田,56
20190304,大宮,25
20190304,四日市,48
20190304,岐阜,43
20190304,岸和田,56
20190304,別府,86
20190304,広島,62
20190304,小倉,81
20190305,岸和田,56
20190305,別府,86
20190305,大宮,25
20190305,広島,62
20190305,川崎,34
20190305,岐阜,43
20190305,京王閣,27
20190306,別府,86
20190306,川崎,34
20190306,京王閣,27
20190306,佐世保,85
20190306,大宮,25
20190306,広島,62
20190306,岐阜,43
20190307,静岡,38
20190307,向日町,54
20190307,川崎,34
20190307,佐世保,85
20190307,松山,75
20190307,宇都宮,24
20190307,京王閣,27
20190308,静岡,38
20190308,別府,86
20190308,いわき平,13
20190308,佐世保,85
20190308,向日町,54
20190308,松山,75
20190308,宇都宮,24
20190309,松山,75
20190309,静岡,38
20190309,宇都宮,24
20190309,向日町,54
20190309,いわき平,13
20190309,別府,86
20190309,豊橋,45
20190310,松山,75
20190310,別府,86
20190310,豊橋,45
20190310,伊東,37
20190310,いわき平,13
20190311,豊橋,45
20190311,伊東,37
20190311,前橋,22
20190311,名古屋,42
20190311,小倉,81
20190312,平塚,35
20190312,小倉,81
20190312,前橋,22
20190312,名古屋,42
20190312,伊東,37
20190312,高松,71
20190313,名古屋,42
20190313,小倉,81
20190313,平塚,35
20190313,高松,71
20190313,前橋,22
20190314,高松,71
20190314,大宮,25
20190314,松阪,47
20190314,松戸,31
20190314,平塚,35
20190315,防府,63
20190315,武雄,84
20190315,松戸,31
20190315,大宮,25
20190315,松阪,47
20190316,武雄,84
20190316,松戸,31
20190316,松阪,47
20190316,小倉,81
20190316,大宮,25
20190316,防府,63
20190317,武雄,84
20190317,小倉,81
20190317,京王閣,27
20190317,防府,63
20190318,名古屋,42
20190318,取手,23
20190318,向日町,54
20190318,松山,75
20190318,小田原,36
20190318,京王閣,27
20190318,小倉,81
20190319,豊橋,45
20190319,小田原,36
20190319,京王閣,27
20190319,向日町,54
20190319,取手,23
20190319,松山,75
20190319,名古屋,42
20190320,豊橋,45
20190320,高知,74
20190320,取手,23
20190320,佐世保,85
20190320,名古屋,42
20190320,松山,75
20190320,向日町,54
20190320,小田原,36
20190321,高知,74
20190321,豊橋,45
20190321,大垣,44
20190321,佐世保,85
20190322,佐世保,85
20190322,防府,63
20190322,いわき平,13
20190322,高知,74
20190322,大垣,44
20190322,西武園,26
20190323,宇都宮,24
20190323,伊東,37
20190323,いわき平,13
20190323,西武園,26
20190323,大垣,44
20190323,防府,63
20190324,大垣,44
20190324,防府,63
20190324,いわき平,13
20190324,伊東,37
20190324,西武園,26
20190324,奈良,53
20190324,宇都宮,24
20190325,伊東,37
20190325,松阪,47
20190325,宇都宮,24
20190325,高知,74
20190325,奈良,53
20190326,松阪,47
20190326,福井,51
20190326,奈良,53
20190326,久留米,83
20190326,高知,74
20190327,前橋,22
20190327,高知,74
20190327,松阪,47
20190327,久留米,83
20190327,福井,51
20190328,久留米,83
20190328,前橋,22
20190328,豊橋,45
20190328,福井,51
20190329,立川,28
20190329,玉野,61
20190329,豊橋,45
20190329,前橋,22
20190329,別府,86
20190329,小倉,81
20190329,静岡,38
20190329,岸和田,56
20190330,別府,86
20190330,立川,28
20190330,豊橋,45
20190330,岸和田,56
20190330,静岡,38
20190330,玉野,61
20190330,小倉,81
20190331,静岡,38
20190331,別府,86
20190331,小倉,81
20190331,玉野,61
20190331,岸和田,56
20190331,立川,28
20190401,京王閣,27
20190401,防府,63
20190401,岸和田,56
20190401,松阪,47
20190401,大垣,44
20190402,高知,74
20190402,松阪,47
20190402,大垣,44
20190402,伊東,37
20190402,京王閣,27
20190402,岸和田,56
20190402,防府,63
20190403,高知,74
20190403,大垣,44
20190403,伊東,37
20190403,京王閣,27
20190403,岸和田,56
20190403,松阪,47
20190403,防府,63
20190404,高知,74
20190404,伊東,37
20190404,武雄,84
20190404,松山,75
20190405,宇都宮,24
20190405,松山,75
20190405,豊橋,45
20190405,岸和田,56
20190405,武雄,84
20190406,岸和田,56
20190406,宇都宮,24
20190406,静岡,38
20190406,豊橋,45
20190406,武雄,84
20190406,松阪,47
20190406,松山,75
20190407,武雄,84
20190407,松戸,31
20190407,宇都宮,24
20190407,岸和田,56
20190407,豊橋,45
20190407,松阪,47
20190407,静岡,38
20190408,静岡,38
20190408,松戸,31
20190408,松阪,47
20190408,福井,51
20190408,防府,63
20190409,松戸,31
20190409,防府,63
20190409,小田原,36
20190409,福井,51
20190410,小田原,36
20190410,福井,51
20190410,防府,63
20190410,小倉,81
20190410,前橋,22
20190411,小倉,81
20190411,大宮,25
20190411,高知,74
20190411,小田原,36
20190411,大垣,44
20190411,前橋,22
20190412,青森,12
20190412,前橋,22
20190412,大宮,25
20190412,佐世保,85
20190412,大垣,44
20190412,高知,74
20190412,小倉,81
20190413,久留米,83
20190413,大宮,25
20190413,大垣,44
20190413,佐世保,85
20190413,高知,74
20190413,青森,12
20190414,函館,11
20190414,奈良,53
20190414,青森,12
20190414,佐世保,85
20190414,久留米,83
20190414,小田原,36
20190414,高知,74
20190415,前橋,22
20190415,函館,11
20190415,四日市,48
20190415,奈良,53
20190415,小田原,36
20190415,広島,62
20190415,和歌山,55
20190415,久留米,83
20190416,四日市,48
20190416,広島,62
20190416,函館,11
20190416,和歌山,55
20190416,奈良,53
20190416,青森,12
20190416,前橋,22
20190416,小田原,36
20190417,青森,12
20190417,広島,62
20190417,前橋,22
20190417,四日市,48
20190417,小倉,81
20190417,和歌山,55
20190418,川崎,34
20190418,青森,12
20190418,小倉,81
20190418,静岡,38
20190418,松山,75
20190419,佐世保,85
20190419,広島,62
20190419,豊橋,45
20190419,弥彦,21
20190419,川崎,34
20190419,静岡,38
20190419,松山,75
20190419,小倉,81
20190420,広島,62
20190420,豊橋,45
20190420,弥彦,21
20190420,松山,75
20190420,静岡,38
20190420,川崎,34
20190420,佐世保,85
20190421,弥彦,21
20190421,佐世保,85
20190421,川崎,34
20190421,奈良,53
20190421,広島,62
20190421,豊橋,45
20190422,大垣,44
20190422,青森,12
20190422,平塚,35
20190422,奈良,53
20190422,西武園,26
20190423,函館,11
20190423,青森,12
20190423,西武園,26
20190423,大垣,44
20190423,奈良,53
20190423,平塚,35
20190424,大垣,44
20190424,函館,11
20190424,青森,12
20190424,平塚,35
20190424,防府,63
20190424,西武園,26
20190425,函館,11
20190425,伊東,37
20190425,久留米,83
20190425,防府,63
20190425,高知,74
20190425,小倉,81
20190425,岸和田,56
20190426,伊東,37
20190426,岸和田,56
20190426,防府,63
20190426,高知,74
20190426,久留米,83
20190426,小倉,81
20190427,小倉,81
20190427,久留米,83
20190427,取手,23
20190427,岸和田,56
20190427,小松島,73
20190427,伊東,37
20190427,富山,46
20190427,高知,74
20190428,取手,23
20190428,小松島,73
20190428,佐世保,85
20190428,富山,46
20190428,函館,11
20190428,松山,75
20190428,伊東,37
20190429,取手,23
20190429,函館,11
20190429,富山,46
20190429,向日町,54
20190429,立川,28
20190429,前橋,22
20190429,小松島,73
20190429,佐世保,85
20190429,松山,75
20190430,広島,62
20190430,佐世保,85
20190430,前橋,22
20190430,向日町,54
20190430,立川,28
20190430,松戸,31
20190430,函館,11
20190430,松山,75
20190501,前橋,22
20190501,向日町,54
20190501,久留米,83
20190501,広島,62
20190501,立川,28
20190501,松戸,31
20190502,広島,62
20190502,四日市,48
20190502,松戸,31
20190502,久留米,83
20190503,松戸,31
20190503,久留米,83
20190503,別府,86
20190503,四日市,48
20190503,函館,11
20190503,岸和田,56
20190504,函館,11
20190504,岸和田,56
20190504,別府,86
20190504,松戸,31
20190504,玉野,61
20190504,四日市,48
20190505,別府,86
20190505,松戸,31
20190505,函館,11
20190505,岸和田,56
20190505,玉野,61
20190506,小倉,81
20190506,奈良,53
20190506,前橋,22
20190506,玉野,61
20190506,岐阜,43
20190506,大垣,44
20190507,岐阜,43
20190507,大垣,44
20190507,小倉,81
20190507,奈良,53
20190507,西武園,26
20190507,前橋,22
20190508,静岡,38
20190508,小倉,81
20190508,大垣,44
20190508,岐阜,43
20190508,前橋,22
20190508,西武園,26
20190508,奈良,53
20190509,高知,74
20190509,西武園,26
20190509,静岡,38
20190509,青森,12
20190510,京王閣,27
20190510,静岡,38
20190510,高知,74
20190510,小松島,73
20190510,青森,12
20190510,四日市,48
20190510,函館,11
20190511,函館,11
20190511,岸和田,56
20190511,四日市,48
20190511,小松島,73
20190511,高知,74
20190511,京王閣,27
20190511,平塚,35
20190511,青森,12
20190512,四日市,48
20190512,小松島,73
20190512,岸和田,56
20190512,京王閣,27
20190512,函館,11
20190512,平塚,35
20190513,高松,71
20190513,奈良,53
20190513,岸和田,56
20190513,小倉,81
20190513,平塚,35
20190514,奈良,53
20190514,富山,46
20190514,弥彦,21
20190514,平塚,35
20190514,小倉,81
20190514,高松,71
20190515,弥彦,21
20190515,高松,71
20190515,小倉,81
20190515,岸和田,56
20190515,奈良,53
20190515,富山,46
20190516,岸和田,56
20190516,函館,11
20190516,宇都宮,24
20190516,富山,46
20190516,弥彦,21
20190517,青森,12
20190517,岸和田,56
20190517,大垣,44
20190517,宇都宮,24
20190517,別府,86
20190517,函館,11
20190518,青森,12
20190518,静岡,38
20190518,別府,86
20190518,大垣,44
20190518,宇都宮,24
20190518,函館,11
20190519,高知,74
20190519,別府,86
20190519,玉野,61
20190519,奈良,53
20190519,佐世保,85
20190519,宇都宮,24
20190519,青森,12
20190519,静岡,38
20190519,大垣,44
20190520,富山,46
20190520,佐世保,85
20190520,奈良,53
20190520,立川,28
20190520,高知,74
20190520,前橋,22
20190520,玉野,61
20190520,静岡,38
20190521,前橋,22
20190521,富山,46
20190521,立川,28
20190521,玉野,61
20190521,弥彦,21
20190521,佐世保,85
20190521,高知,74
20190521,奈良,53
20190522,富山,46
20190522,弥彦,21
20190522,前橋,22
20190522,立川,28
20190522,広島,62
20190522,久留米,83
20190522,伊東,37
20190523,岸和田,56
20190523,弥彦,21
20190523,伊東,37
20190523,久留米,83
20190523,函館,11
20190523,広島,62
20190524,久留米,83
20190524,岸和田,56
20190524,伊東,37
20190524,函館,11
20190524,大垣,44
20190524,広島,62
20190525,松山,75
20190525,奈良,53
20190525,岸和田,56
20190525,大垣,44
20190525,川崎,34
20190525,函館,11
20190526,大宮,25
20190526,川崎,34
20190526,奈良,53
20190526,大垣,44
20190526,松山,75
20190527,大宮,25
20190527,奈良,53
20190527,川崎,34
20190528,大宮,25
20190528,高知,74
20190528,前橋,22
20190528,別府,86
20190528,小倉,81
20190529,前橋,22
20190529,弥彦,21
20190529,小倉,81
20190529,豊橋,45
20190529,別府,86
20190529,高知,74
20190530,弥彦,21
20190530,豊橋,45
20190530,高知,74
20190530,前橋,22
20190530,別府,86
20190530,小倉,81
20190530,小田原,36
20190531,函館,11
20190531,岸和田,56
20190531,弥彦,21
20190531,小松島,73
20190531,小田原,36
20190531,豊橋,45
20190531,青森,12
20190601,青森,12
20190601,小松島,73
20190601,小田原,36
20190601,岸和田,56
20190601,名古屋,42
20190601,函館,11
20190601,奈良,53
20190601,取手,23
20190602,岸和田,56
20190602,奈良,53
20190602,小松島,73
20190602,名古屋,42
20190602,取手,23
20190602,函館,11
20190602,青森,12
20190603,奈良,53
20190603,名古屋,42
20190603,取手,23
20190603,川崎,34
20190604,取手,23
20190604,弥彦,21
20190604,武雄,84
20190604,川崎,34
20190605,川崎,34
20190605,弥彦,21
20190605,青森,12
20190605,武雄,84
20190606,高知,74
20190606,青森,12
20190606,四日市,48
20190606,静岡,38
20190606,弥彦,21
20190606,武雄,84
20190606,宇都宮,24
20190607,静岡,38
20190607,向日町,54
20190607,四日市,48
20190607,高知,74
20190607,宇都宮,24
20190607,青森,12
20190608,小倉,81
20190608,宇都宮,24
20190608,四日市,48
20190608,高知,74
20190608,静岡,38
20190608,向日町,54
20190608,玉野,61
20190609,玉野,61
20190609,四日市,48
20190609,向日町,54
20190609,小倉,81
20190609,弥彦,21
20190610,小倉,81
20190610,大垣,44
20190610,松戸,31
20190610,弥彦,21
20190610,立川,28
20190610,広島,62
20190610,別府,86
20190610,玉野,61
20190611,大垣,44
20190611,立川,28
20190611,松戸,31
20190611,広島,62
20190611,弥彦,21
20190611,青森,12
20190611,別府,86
20190612,奈良,53
20190612,青森,12
20190612,大垣,44
20190612,別府,86
20190612,立川,28
20190612,松戸,31
20190612,広島,62
20190613,伊東,37
20190613,取手,23
20190613,函館,11
20190613,奈良,53
20190613,岸和田,56
20190613,青森,12
20190614,岸和田,56
20190614,奈良,53
20190614,武雄,84
20190614,取手,23
20190614,伊東,37
20190614,函館,11
20190615,取手,23
20190615,豊橋,45
20190615,武雄,84
20190615,岸和田,56
20190615,伊東,37
20190615,函館,11
20190616,豊橋,45
20190616,岸和田,56
20190616,武雄,84
20190616,松山,75
20190616,四日市,48
20190616,西武園,26
20190617,四日市,48
20190617,松山,75
20190617,青森,12
20190617,小田原,36
20190617,西武園,26
20190617,豊橋,45
20190618,西武園,26
20190618,小田原,36
20190618,青森,12
20190618,松山,75
20190618,四日市,48
20190619,佐世保,85
20190619,小田原,36
20190619,高知,74
20190619,奈良,53
20190619,小倉,81
20190619,青森,12
20190620,奈良,53
20190620,取手,23
20190620,高知,74
20190620,小倉,81
20190620,佐世保,85
20190621,取手,23
20190621,高知,74
20190621,小倉,81
20190621,富山,46
20190621,佐世保,85
20190621,奈良,53
20190622,富山,46
20190622,西武園,26
20190622,函館,11
20190622,取手,23
20190622,立川,28
20190622,平塚,35
20190622,松山,75
20190623,大垣,44
20190623,立川,28
20190623,松山,75
20190623,函館,11
20190623,平塚,35
20190623,富山,46
20190623,西武園,26
20190624,松山,75
20190624,函館,11
20190624,立川,28
20190624,大垣,44
20190624,平塚,35
20190624,岸和田,56
20190624,西武園,26
20190625,高知,74
20190625,岸和田,56
20190625,弥彦,21
20190625,函館,11
20190625,大垣,44
20190625,小倉,81
20190626,高知,74
20190626,小倉,81
20190626,岸和田,56
20190626,奈良,53
20190626,弥彦,21
20190627,久留米,83
20190627,弥彦,21
20190627,高知,74
20190627,奈良,53
20190627,豊橋,45
20190627,松阪,47
20190627,小倉,81
20190628,久留米,83
20190628,松阪,47
20190628,豊橋,45
20190628,奈良,53
20190628,京王閣,27
20190628,防府,63
20190629,京王閣,27
20190629,豊橋,45
20190629,静岡,38
20190629,松阪,47
20190629,久留米,83
20190629,防府,63
20190630,小倉,81
20190630,京王閣,27
20190630,防府,63
20190630,静岡,38
20190630,久留米,83
20190630,弥彦,21
20190701,小倉,81
20190701,弥彦,21
20190701,玉野,61
20190701,青森,12
20190701,宇都宮,24
20190701,静岡,38
20190702,宇都宮,24
20190702,小倉,81
20190702,弥彦,21
20190702,青森,12
20190702,松戸,31
20190702,玉野,61
20190703,宇都宮,24
20190703,高知,74
20190703,松戸,31
20190703,青森,12
20190703,玉野,61
20190704,小松島,73
20190704,松戸,31
20190704,松阪,47
20190704,佐世保,85
20190704,高知,74
20190704,取手,23
20190705,武雄,84
20190705,いわき平,13
20190705,小松島,73
20190705,取手,23
20190705,松阪,47
20190705,高知,74
20190705,富山,46
20190705,佐世保,85
20190706,小松島,73
20190706,富山,46
20190706,松阪,47
20190706,伊東,37
20190706,佐世保,85
20190706,いわき平,13
20190706,取手,23
20190706,武雄,84
20190707,武雄,84
20190707,小倉,81
20190707,富山,46
20190707,いわき平,13
20190707,小松島,73
20190707,西武園,26
20190707,伊東,37
20190708,伊東,37
20190708,小倉,81
20190708,名古屋,42
20190708,西武園,26
20190708,奈良,53
20190708,高知,74
20190709,奈良,53
20190709,西武園,26
20190709,名古屋,42
20190709,弥彦,21
20190709,小倉,81
20190709,高知,74
20190710,奈良,53
20190710,青森,12
20190710,防府,63
20190710,名古屋,42
20190710,豊橋,45
20190710,高知,74
20190710,弥彦,21
20190711,豊橋,45
20190711,防府,63
20190711,青森,12
20190711,弥彦,21
20190712,防府,63
20190712,豊橋,45
20190712,青森,12
20190712,小倉,81
20190712,大宮,25
20190712,和歌山,55
20190713,函館,11
20190713,岐阜,43
20190713,大宮,25
20190713,小倉,81
20190713,川崎,34
20190713,別府,86
20190713,和歌山,55
20190713,小松島,73
20190714,川崎,34
20190714,小倉,81
20190714,小松島,73
20190714,函館,11
20190714,岐阜,43
20190714,和歌山,55
20190714,大宮,25
20190714,別府,86
20190715,岐阜,43
20190715,函館,11
20190715,別府,86
20190715,小松島,73
20190715,川崎,34
20190716,平塚,35
20190716,西武園,26
20190716,京王閣,27
20190716,名古屋,42
20190717,和歌山,55
20190717,京王閣,27
20190717,平塚,35
20190717,小倉,81
20190717,名古屋,42
20190717,西武園,26
20190718,名古屋,42
20190718,京王閣,27
20190718,高松,71
20190718,和歌山,55
20190718,西武園,26
20190718,平塚,35
20190718,小倉,81
20190719,和歌山,55
20190719,函館,11
20190719,佐世保,85
20190719,奈良,53
20190719,小倉,81
20190719,高松,71
20190720,佐世保,85
20190720,宇都宮,24
20190720,大垣,44
20190720,奈良,53
20190720,高知,74
20190720,函館,11
20190720,高松,71
20190721,大垣,44
20190721,小田原,36
20190721,高知,74
20190721,函館,11
20190721,奈良,53
20190721,佐世保,85
20190721,武雄,84
20190721,宇都宮,24
20190722,宇都宮,24
20190722,武雄,84
20190722,小田原,36
20190722,小倉,81
20190722,大垣,44
20190722,高知,74
20190723,小田原,36
20190723,大垣,44
20190723,武雄,84
20190723,小倉,81
20190724,小倉,81
20190724,玉野,61
20190724,奈良,53
20190725,高知,74
20190725,奈良,53
20190725,弥彦,21
20190725,富山,46
20190725,西武園,26
20190725,川崎,34
20190725,玉野,61
20190726,高知,74
20190726,弥彦,21
20190726,川崎,34
20190726,富山,46
20190726,青森,12
20190726,奈良,53
20190726,西武園,26
20190726,玉野,61
20190727,西武園,26
20190727,富山,46
20190727,福井,51
20190727,弥彦,21
20190727,川崎,34
20190727,高知,74
20190727,青森,12
20190727,静岡,38
20190728,弥彦,21
20190728,静岡,38
20190728,小倉,81
20190728,福井,51
20190728,高松,71
20190728,松阪,47
20190728,函館,11
20190728,青森,12
20190729,函館,11
20190729,高松,71
20190729,立川,28
20190729,武雄,84
20190729,静岡,38
20190729,福井,51
20190729,松阪,47
20190729,大垣,44
20190729,小倉,81
20190730,函館,11
20190730,大垣,44
20190730,武雄,84
20190730,小倉,81
20190730,立川,28
20190730,高松,71
20190730,松阪,47
20190731,いわき平,13
20190731,立川,28
20190731,武雄,84
20190731,大垣,44
20190801,玉野,61
20190801,西武園,26
20190801,いわき平,13
20190801,名古屋,42
20190801,静岡,38
20190802,いわき平,13
20190802,松阪,47
20190802,和歌山,55
20190802,静岡,38
20190802,玉野,61
20190802,西武園,26
20190802,名古屋,42
20190802,平塚,35
20190802,高知,74
20190803,静岡,38
20190803,名古屋,42
20190803,松阪,47
20190803,玉野,61
20190803,高知,74
20190803,和歌山,55
20190803,西武園,26
20190803,小倉,81
20190803,平塚,35
20190804,和歌山,55
20190804,松阪,47
20190804,西武園,26
20190804,高知,74
20190804,小倉,81
20190804,平塚,35
20190805,弥彦,21
20190805,小倉,81
20190805,佐世保,85
20190805,岐阜,43
20190806,静岡,38
20190806,弥彦,21
20190806,函館,11
20190806,玉野,61
20190806,京王閣,27
20190806,岐阜,43
20190806,佐世保,85
20190807,京王閣,27
20190807,函館,11
20190807,弥彦,21
20190807,佐世保,85
20190807,青森,12
20190807,和歌山,55
20190807,玉野,61
20190807,岐阜,43
20190807,静岡,38
20190808,青森,12
20190808,京王閣,27
20190808,函館,11
20190808,和歌山,55
20190808,玉野,61
20190808,静岡,38
20190809,四日市,48
20190809,岐阜,43
20190809,和歌山,55
20190809,川崎,34
20190809,宇都宮,24
20190809,青森,12
20190810,四日市,48
20190810,福井,51
20190810,宇都宮,24
20190810,岐阜,43
20190810,川崎,34
20190810,久留米,83
20190810,別府,86
20190810,広島,62
20190811,川崎,34
20190811,岐阜,43
20190811,広島,62
20190811,四日市,48
20190811,宇都宮,24
20190811,取手,23
20190811,福井,51
20190811,久留米,83
20190811,別府,86
20190812,広島,62
20190812,取手,23
20190812,福井,51
20190812,川崎,34
20190812,久留米,83
20190812,別府,86
20190813,小倉,81
20190813,函館,11
20190813,取手,23
20190814,小倉,81
20190814,函館,11
20190814,名古屋,42
20190814,大垣,44
20190815,大垣,44
20190815,名古屋,42
20190815,松戸,31
20190815,小倉,81
20190815,函館,11
20190816,松戸,31
20190816,川崎,34
20190816,名古屋,42
20190816,いわき平,13
20190816,大垣,44
20190816,大宮,25
20190816,武雄,84
20190817,いわき平,13
20190817,大垣,44
20190817,武雄,84
20190817,大宮,25
20190817,名古屋,42
20190817,佐世保,85
20190817,川崎,34
20190817,松戸,31
20190818,武雄,84
20190818,小倉,81
20190818,いわき平,13
20190818,佐世保,85
20190818,川崎,34
20190818,松戸,31
20190818,大宮,25
20190818,名古屋,42
20190819,高松,71
20190819,四日市,48
20190819,弥彦,21
20190819,佐世保,85
20190819,小倉,81
20190820,弥彦,21
20190820,高松,71
20190820,四日市,48
20190820,小倉,81
20190821,弥彦,21
20190821,高知,74
20190821,四日市,48
20190821,高松,71
20190822,向日町,54
20190822,取手,23
20190822,別府,86
20190822,高知,74
20190822,函館,11
20190823,高知,74
20190823,小松島,73
20190823,函館,11
20190823,向日町,54
20190823,松阪,47
20190823,別府,86
20190823,取手,23
20190824,別府,86
20190824,玉野,61
20190824,向日町,54
20190824,松阪,47
20190824,函館,11
20190824,小田原,36
20190824,小松島,73
20190824,取手,23
20190825,京王閣,27
20190825,小倉,81
20190825,玉野,61
20190825,福井,51
20190825,松阪,47
20190825,小田原,36
20190825,小松島,73
20190826,福井,51
20190826,京王閣,27
20190826,小田原,36
20190826,小倉,81
20190826,玉野,61
20190826,高知,74
20190826,岐阜,43
20190827,高知,74
20190827,小田原,36
20190827,福井,51
20190827,小倉,81
20190827,岐阜,43
20190827,京王閣,27
20190828,高知,74
20190828,武雄,84
20190828,函館,11
20190828,高松,71
20190828,岐阜,43
20190828,伊東,37
20190829,武雄,84
20190829,大垣,44
20190829,富山,46
20190829,高松,71
20190829,伊東,37
20190829,函館,11
20190830,伊東,37
20190830,立川,28
20190830,小倉,81
20190830,富山,46
20190830,武雄,84
20190830,大垣,44
20190830,高松,71
20190830,函館,11
20190831,武雄,84
20190831,久留米,83
20190831,小倉,81
20190831,いわき平,13
20190831,富山,46
20190831,大垣,44
20190831,立川,28
20190901,広島,62
20190901,久留米,83
20190901,富山,46
20190901,いわき平,13
20190901,小倉,81
20190901,立川,28
20190902,宇都宮,24
20190902,いわき平,13
20190902,広島,62
20190902,福井,51
20190902,久留米,83
20190902,松阪,47
20190902,大宮,25
20190903,大宮,25
20190903,伊東,37
20190903,広島,62
20190903,宇都宮,24
20190903,松阪,47
20190903,弥彦,21
20190903,福井,51
20190903,高知,74
20190904,福井,51
20190904,弥彦,21
20190904,松阪,47
20190904,高知,74
20190904,宇都宮,24
20190904,伊東,37
20190904,大宮,25
20190905,高知,74
20190905,弥彦,21
20190905,伊東,37
20190905,青森,12
20190906,立川,28
20190906,広島,62
20190906,青森,12
20190906,久留米,83
20190906,富山,46
20190906,武雄,84
20190906,川崎,34
20190907,青森,12
20190907,武雄,84
20190907,豊橋,45
20190907,広島,62
20190907,久留米,83
20190907,富山,46
20190907,川崎,34
20190907,立川,28
20190908,立川,28
20190908,久留米,83
20190908,豊橋,45
20190908,青森,12
20190908,広島,62
20190908,富山,46
20190908,川崎,34
20190908,武雄,84
20190909,平塚,35
20190909,岐阜,43
20190909,豊橋,45
20190909,福井,51
20190910,平塚,35
20190910,福井,51
20190910,防府,63
20190910,西武園,26
20190910,岐阜,43
20190911,岐阜,43
20190911,福井,51
20190911,玉野,61
20190911,平塚,35
20190911,防府,63
20190911,西武園,26
20190912,宇都宮,24
20190912,防府,63
20190912,函館,11
20190912,西武園,26
20190912,玉野,61
20190913,宇都宮,24
20190913,函館,11
20190913,玉野,61
20190913,松阪,47
20190914,松阪,47
20190914,函館,11
20190914,広島,62
20190914,川崎,34
20190914,宇都宮,24
20190915,弥彦,21
20190915,松阪,47
20190915,広島,62
20190915,武雄,84
20190915,川崎,34
20190915,大宮,25
20190916,川崎,34
20190916,松阪,47
20190916,玉野,61
20190916,弥彦,21
20190916,武雄,84
20190916,広島,62
20190916,大宮,25
20190917,玉野,61
20190917,小田原,36
20190917,大宮,25
20190917,富山,46
20190917,弥彦,21
20190917,武雄,84
20190917,名古屋,42
20190917,いわき平,13
20190917,向日町,54
20190918,別府,86
20190918,富山,46
20190918,名古屋,42
20190918,玉野,61
20190918,小田原,36
20190918,いわき平,13
20190918,高知,74
20190918,向日町,54
20190919,高知,74
20190919,向日町,54
20190919,小倉,81
20190919,別府,86
20190919,富山,46
20190919,いわき平,13
20190919,取手,23
20190919,名古屋,42
20190919,小田原,36
20190920,松戸,31
20190920,武雄,84
20190920,取手,23
20190920,別府,86
20190920,小倉,81
20190920,高知,74
20190921,小倉,81
20190921,和歌山,55
20190921,武雄,84
20190921,岐阜,43
20190921,取手,23
20190921,函館,11
20190921,松戸,31
20190922,岐阜,43
20190922,函館,11
20190922,武雄,84
20190922,和歌山,55
20190922,松戸,31
20190923,函館,11
20190923,高知,74
20190923,宇都宮,24
20190923,和歌山,55
20190923,岐阜,43
20190923,武雄,84
20190923,平塚,35
20190924,玉野,61
20190924,小倉,81
20190924,宇都宮,24
20190924,平塚,35
20190924,高知,74
20190924,岐阜,43
20190925,高知,74
20190925,宇都宮,24
20190925,玉野,61
20190925,平塚,35
20190925,小倉,81
20190925,弥彦,21
20190926,弥彦,21
20190926,小倉,81
20190926,玉野,61
20190926,向日町,54
20190926,四日市,48
20190927,防府,63
20190927,いわき平,13
20190927,弥彦,21
20190927,向日町,54
20190927,豊橋,45
20190927,四日市,48
20190928,前橋,22
20190928,いわき平,13
20190928,豊橋,45
20190928,防府,63
20190928,四日市,48
20190928,向日町,54
20190928,青森,12
20190929,小田原,36
20190929,青森,12
20190929,京王閣,27
20190929,前橋,22
20190929,向日町,54
20190929,防府,63
20190929,いわき平,13
20190929,豊橋,45
20190930,青森,12
20190930,前橋,22
20190930,京王閣,27
20190930,小田原,36
20191001,小田原,36
20191001,京王閣,27
20191001,西武園,26
20191001,豊橋,45
20191001,別府,86
20191001,小倉,81
20191002,豊橋,45
20191002,西武園,26
20191002,伊東,37
20191002,別府,86
20191002,小倉,81
20191003,西武園,26
20191003,別府,86
20191003,豊橋,45
20191003,伊東,37
20191003,松戸,31
20191003,小倉,81
20191004,富山,46
20191004,玉野,61
20191004,松戸,31
20191004,伊東,37
20191004,武雄,84
20191004,函館,11
20191005,青森,12
20191005,松戸,31
20191005,富山,46
20191005,武雄,84
20191005,宇都宮,24
20191005,函館,11
20191005,大宮,25
20191005,玉野,61
20191006,小倉,81
20191006,富山,46
20191006,宇都宮,24
20191006,福井,51
20191006,大宮,25
20191006,函館,11
20191006,青森,12
20191006,玉野,61
20191006,武雄,84
20191006,松戸,31
20191007,青森,12
20191007,函館,11
20191007,大宮,25
20191007,玉野,61
20191007,福井,51
20191007,武雄,84
20191007,宇都宮,24
20191007,富山,46
20191007,松戸,31
20191007,小倉,81
20191007,平塚,35
20191008,岐阜,43
20191008,松戸,31
20191008,福井,51
20191008,取手,23
20191008,向日町,54
20191008,小倉,81
20191008,広島,62
20191008,平塚,35
20191009,広島,62
20191009,取手,23
20191009,平塚,35
20191009,岐阜,43
20191009,向日町,54
20191009,弥彦,21
20191010,青森,12
20191010,弥彦,21
20191010,取手,23
20191010,向日町,54
20191010,岐阜,43
20191010,広島,62
20191010,別府,86
20191011,弥彦,21
20191011,別府,86
20191011,前橋,22
20191011,青森,12
20191012,名古屋,42
20191012,別府,86
20191012,防府,63
20191012,青森,12
20191012,前橋,22
20191013,佐世保,85
20191013,防府,63
20191013,向日町,54
20191013,名古屋,42
20191013,前橋,22
20191013,川崎,34
20191014,弥彦,21
20191014,名古屋,42
20191014,前橋,22
20191014,防府,63
20191014,向日町,54
20191014,佐世保,85
20191014,川崎,34
20191015,富山,46
20191015,川崎,34
20191015,弥彦,21
20191015,前橋,22
20191015,名古屋,42
20191015,向日町,54
20191015,取手,23
20191015,佐世保,85
20191016,函館,11
20191016,小田原,36
20191016,弥彦,21
20191016,川崎,34
20191016,取手,23
20191016,小倉,81
20191016,富山,46
20191017,富山,46
20191017,取手,23
20191017,宇都宮,24
20191017,小倉,81
20191017,函館,11
20191017,小田原,36
20191018,福井,51
20191018,宇都宮,24
20191018,小松島,73
20191018,小倉,81
20191018,小田原,36
20191018,玉野,61
20191018,函館,11
20191019,福井,51
20191019,小松島,73
20191019,青森,12
20191019,玉野,61
20191019,久留米,83
20191019,京王閣,27
20191019,四日市,48
20191019,宇都宮,24
20191020,平塚,35
20191020,小松島,73
20191020,玉野,61
20191020,京王閣,27
20191020,久留米,83
20191020,青森,12
20191020,福井,51
20191020,四日市,48
20191021,青森,12
20191021,大垣,44
20191021,平塚,35
20191021,久留米,83
20191021,四日市,48
20191021,京王閣,27
20191022,大垣,44
20191022,別府,86
20191022,京王閣,27
20191022,平塚,35
20191022,松山,75
20191023,川崎,34
20191023,松山,75
20191023,別府,86
20191023,福井,51
20191023,大垣,44
20191024,大宮,25
20191024,福井,51
20191024,富山,46
20191024,川崎,34
20191024,別府,86
20191024,松山,75
20191024,久留米,83
20191025,久留米,83
20191025,青森,12
20191025,川崎,34
20191025,大宮,25
20191025,玉野,61
20191025,前橋,22
20191025,富山,46
20191025,防府,63
20191025,福井,51
20191026,防府,63
20191026,小田原,36
20191026,佐世保,85
20191026,大宮,25
20191026,玉野,61
20191026,前橋,22
20191026,青森,12
20191026,富山,46
20191026,久留米,83
20191027,小田原,36
20191027,久留米,83
20191027,前橋,22
20191027,玉野,61
20191027,佐世保,85
20191027,弥彦,21
20191027,防府,63
20191027,青森,12
20191028,佐世保,85
20191028,広島,62
20191028,小田原,36
20191028,いわき平,13
20191028,弥彦,21
20191029,別府,86
20191029,大垣,44
20191029,宇都宮,24
20191029,四日市,48
20191029,いわき平,13
20191029,弥彦,21
20191029,広島,62
20191030,四日市,48
20191030,いわき平,13
20191030,宇都宮,24
20191030,別府,86
20191030,広島,62
20191030,大垣,44
20191031,福井,51
20191031,別府,86
20191031,宇都宮,24
20191031,四日市,48
20191031,大垣,44
20191101,小田原,36
20191101,富山,46
20191101,青森,12
20191101,伊東,37
20191101,玉野,61
20191101,防府,63
20191101,福井,51
20191101,前橋,22
20191102,小田原,36
20191102,武雄,84
20191102,伊東,37
20191102,前橋,22
20191102,富山,46
20191102,防府,63
20191102,松阪,47
20191102,福井,51
20191102,玉野,61
20191102,青森,12
20191103,松阪,47
20191103,防府,63
20191103,伊東,37
20191103,小田原,36
20191103,玉野,61
20191103,武雄,84
20191103,富山,46
20191103,宇都宮,24
20191103,青森,12
20191103,前橋,22
20191104,松阪,47
20191104,宇都宮,24
20191104,松山,75
20191104,武雄,84
20191104,防府,63
20191104,松戸,31
20191105,松山,75
20191105,宇都宮,24
20191105,小倉,81
20191105,岐阜,43
20191105,名古屋,42
20191105,松戸,31
20191106,小倉,81
20191106,松戸,31
20191106,松山,75
20191106,名古屋,42
20191106,岐阜,43
20191106,西武園,26
20191107,岐阜,43
20191107,名古屋,42
20191107,小倉,81
20191107,西武園,26
20191107,四日市,48
20191108,四日市,48
20191108,青森,12
20191108,別府,86
20191108,西武園,26
20191108,和歌山,55
20191108,玉野,61
20191108,小松島,73
20191109,取手,23
20191109,弥彦,21
20191109,小松島,73
20191109,和歌山,55
20191109,別府,86
20191109,玉野,61
20191109,四日市,48
20191109,松戸,31
20191109,青森,12
20191110,松戸,31
20191110,和歌山,55
20191110,四日市,48
20191110,別府,86
20191110,玉野,61
20191110,小松島,73
20191110,青森,12
20191110,弥彦,21
20191110,取手,23
20191111,佐世保,85
20191111,松戸,31
20191111,弥彦,21
20191111,取手,23
20191112,佐世保,85
20191112,平塚,35
20191112,富山,46
20191112,京王閣,27
20191113,京王閣,27
20191113,平塚,35
20191113,大垣,44
20191113,富山,46
20191113,玉野,61
20191113,佐世保,85
20191113,小松島,73
20191114,富山,46
20191114,玉野,61
20191114,大垣,44
20191114,京王閣,27
20191114,平塚,35
20191114,和歌山,55
20191114,小松島,73
20191115,小松島,73
20191115,大垣,44
20191115,玉野,61
20191115,武雄,84
20191115,いわき平,13
20191115,和歌山,55
20191115,防府,63
20191116,武雄,84
20191116,立川,28
20191116,別府,86
20191116,防府,63
20191116,松山,75
20191116,福井,51
20191116,伊東,37
20191116,和歌山,55
20191116,いわき平,13
20191117,福井,51
20191117,武雄,84
20191117,松山,75
20191117,立川,28
20191117,別府,86
20191117,防府,63
20191117,名古屋,42
20191117,いわき平,13
20191117,伊東,37
20191118,立川,28
20191118,松山,75
20191118,別府,86
20191118,名古屋,42
20191118,福井,51
20191118,伊東,37
20191119,小倉,81
20191119,久留米,83
20191119,大宮,25
20191119,名古屋,42
20191120,小倉,81
20191120,久留米,83
20191120,玉野,61
20191120,大宮,25
20191120,松戸,31
20191121,小倉,81
20191121,玉野,61
20191121,松戸,31
20191121,久留米,83
20191121,大宮,25
20191122,玉野,61
20191122,松戸,31
20191122,広島,62
20191122,平塚,35
20191122,豊橋,45
20191122,小倉,81
20191122,取手,23
20191123,平塚,35
20191123,豊橋,45
20191123,小倉,81
20191123,広島,62
20191123,前橋,22
20191123,取手,23
20191124,取手,23
20191124,小倉,81
20191124,平塚,35
20191124,大垣,44
20191124,広島,62
20191124,前橋,22
20191124,豊橋,45
20191125,向日町,54
20191125,別府,86
20191125,松戸,31
20191125,前橋,22
20191125,大垣,44
20191126,大垣,44
20191126,向日町,54
20191126,別府,86
20191126,松戸,31
20191127,小倉,81
20191127,別府,86
20191127,向日町,54
20191127,松戸,31
20191127,松阪,47
20191127,玉野,61
20191127,富山,46
20191128,大宮,25
20191128,松阪,47
20191128,玉野,61
20191128,いわき平,13
20191128,富山,46
20191128,小倉,81
20191128,川崎,34
20191129,川崎,34
20191129,小倉,81
20191129,大宮,25
20191129,玉野,61
20191129,富山,46
20191129,いわき平,13
20191129,松阪,47
20191130,別府,86
20191130,前橋,22
20191130,向日町,54
20191130,武雄,84
20191130,高松,71
20191130,大宮,25
20191130,川崎,34
20191130,いわき平,13
20191201,高松,71
20191201,松山,75
20191201,伊東,37
20191201,武雄,84
20191201,京王閣,27
20191201,別府,86
20191201,向日町,54
20191201,前橋,22
20191202,別府,86
20191202,伊東,37
20191202,平塚,35
20191202,松山,75
20191202,高松,71
20191202,向日町,54
20191202,前橋,22
20191202,京王閣,27
20191202,武雄,84
20191203,伊東,37
20191203,別府,86
20191203,平塚,35
20191203,京王閣,27
20191203,松山,75
20191204,豊橋,45
20191204,玉野,61
20191204,川崎,34
20191204,小倉,81
20191204,平塚,35
20191205,小倉,81
20191205,佐世保,85
20191205,豊橋,45
20191205,川崎,34
20191205,玉野,61
20191206,川崎,34
20191206,佐世保,85
20191206,立川,28
20191206,豊橋,45
20191206,小倉,81
20191206,玉野,61
20191206,小松島,73
20191207,別府,86
20191207,小松島,73
20191207,佐世保,85
20191207,松戸,31
20191207,立川,28
20191207,大垣,44
20191208,大垣,44
20191208,小松島,73
20191208,向日町,54
20191208,松戸,31
20191208,別府,86
20191208,立川,28
20191208,佐世保,85
20191208,松阪,47
20191209,大垣,44
20191209,名古屋,42
20191209,高松,71
20191209,向日町,54
20191209,松阪,47
20191209,別府,86
20191209,松戸,31
20191209,川崎,34
20191210,松阪,47
20191210,久留米,83
20191210,川崎,34
20191210,向日町,54
20191210,高松,71
20191210,名古屋,42
20191210,京王閣,27
20191211,高松,71
20191211,小倉,81
20191211,京王閣,27
20191211,名古屋,42
20191211,豊橋,45
20191211,和歌山,55
20191211,川崎,34
20191211,久留米,83
20191212,広島,62
20191212,豊橋,45
20191212,京王閣,27
20191212,久留米,83
20191212,和歌山,55
20191212,小倉,81
20191212,西武園,26
20191213,小倉,81
20191213,豊橋,45
20191213,川崎,34
20191213,武雄,84
20191213,和歌山,55
20191213,広島,62
20191213,西武園,26
20191214,奈良,53
20191214,別府,86
20191214,広島,62
20191214,岐阜,43
20191214,川崎,34
20191214,西武園,26
20191214,武雄,84
20191215,広島,62
20191215,別府,86
20191215,武雄,84
20191215,川崎,34
20191215,岐阜,43
20191215,名古屋,42
20191215,奈良,53
20191216,名古屋,42
20191216,岐阜,43
20191216,和歌山,55
20191216,別府,86
20191216,大宮,25
20191216,松山,75
20191216,奈良,53
20191217,名古屋,42
20191217,大宮,25
20191217,和歌山,55
20191217,松山,75
20191218,小倉,81
20191218,大宮,25
20191218,松山,75
20191218,和歌山,55
20191218,大垣,44
20191218,川崎,34
20191219,大垣,44
20191219,川崎,34
20191219,いわき平,13
20191219,取手,23
20191219,小倉,81
20191220,豊橋,45
20191220,取手,23
20191220,小倉,81
20191220,奈良,53
20191220,広島,62
20191220,川崎,34
20191220,いわき平,13
20191220,大垣,44
20191221,奈良,53
20191221,松山,75
20191221,伊東,37
20191221,広島,62
20191221,豊橋,45
20191221,いわき平,13
20191221,取手,23
20191222,久留米,83
20191222,武雄,84
20191222,松山,75
20191222,奈良,53
20191222,広島,62
20191222,豊橋,45
20191222,伊東,37
20191223,伊東,37
20191223,武雄,84
20191223,松阪,47
20191223,松山,75
20191223,久留米,83
20191224,松阪,47
20191224,久留米,83
20191224,玉野,61
20191224,武雄,84
20191224,伊東,37
20191224,大垣,44
20191225,小倉,81
20191225,玉野,61
20191225,奈良,53
20191225,大垣,44
20191225,松阪,47
20191225,前橋,22
20191225,防府,63
20191226,奈良,53
20191226,防府,63
20191226,玉野,61
20191226,前橋,22
20191226,小倉,81
20191226,大垣,44
20191227,防府,63
20191227,小倉,81
20191227,奈良,53
20191227,前橋,22
20191228,別府,86
20191228,立川,28
20191228,豊橋,45
20191228,松戸,31
20191229,西武園,26
20191229,別府,86
20191229,立川,28
20191229,松戸,31
20191229,豊橋,45
20191230,別府,86
20191230,豊橋,45
20191230,西武園,26
20191230,松戸,31
20191230,立川,28
20191231,佐世保,85
20191231,奈良,53
20191231,西武園,26
20191231,広島,62
20200101,取手,23
20200101,松阪,47
20200101,佐世保,85
20200101,奈良,53
20200101,広島,62
20200101,前橋,22
20200101,伊東,37
20200101,小倉,81
20200102,伊東,37
20200102,豊橋,45
20200102,佐世保,85
20200102,松阪,47
20200102,小倉,81
20200102,いわき平,13
20200102,奈良,53
20200102,広島,62
20200102,取手,23
20200102,前橋,22
20200103,四日市,48
20200103,いわき平,13
20200103,取手,23
20200103,伊東,37
20200103,前橋,22
20200103,小倉,81
20200103,小松島,73
20200103,松阪,47
20200103,豊橋,45
20200104,立川,28
20200104,豊橋,45
20200104,いわき平,13
20200104,四日市,48
20200104,小松島,73
20200105,西武園,26
20200105,四日市,48
20200105,立川,28
20200105,松戸,31
20200105,小松島,73
20200106,小倉,81
20200106,松戸,31
20200106,別府,86
20200106,立川,28
20200106,西武園,26
20200107,小倉,81
20200107,奈良,53
20200107,西武園,26
20200107,別府,86
20200107,立川,28
20200107,松戸,31
20200108,小倉,81
20200108,玉野,61
20200108,岐阜,43
20200108,取手,23
20200108,別府,86
20200108,奈良,53
20200108,小田原,36
20200109,小田原,36
20200109,四日市,48
20200109,奈良,53
20200109,岐阜,43
20200109,取手,23
20200109,玉野,61
20200109,松山,75
20200110,和歌山,55
20200110,四日市,48
20200110,松山,75
20200110,取手,23
20200110,玉野,61
20200110,岐阜,43
20200110,小田原,36
20200111,松山,75
20200111,高松,71
20200111,四日市,48
20200111,和歌山,55
20200112,宇都宮,24
20200112,小倉,81
20200112,奈良,53
20200112,高松,71
20200112,静岡,38
20200112,久留米,83
20200112,和歌山,55
20200113,小倉,81
20200113,宇都宮,24
20200113,久留米,83
20200113,静岡,38
20200113,奈良,53
20200113,高松,71
20200113,和歌山,55
20200114,宇都宮,24
20200114,静岡,38
20200114,久留米,83
20200114,小倉,81
20200114,奈良,53
20200115,川崎,34
20200115,松山,75
20200115,名古屋,42
20200116,和歌山,55
20200116,松山,75
20200116,川崎,34
20200116,大宮,25
20200116,名古屋,42
20200116,佐世保,85
20200117,小松島,73
20200117,名古屋,42
20200117,佐世保,85
20200117,川崎,34
20200117,和歌山,55
20200117,大宮,25
20200117,松山,75
20200118,佐世保,85
20200118,小松島,73
20200118,小倉,81
20200118,大宮,25
20200118,和歌山,55
20200119,奈良,53
20200119,大宮,25
20200119,向日町,54
20200119,岐阜,43
20200119,小倉,81
20200119,小松島,73
20200119,川崎,34
20200120,奈良,53
20200120,岐阜,43
20200120,川崎,34
20200120,向日町,54
20200120,小倉,81
20200121,伊東,37
20200121,奈良,53
20200121,岐阜,43
20200121,向日町,54
20200121,川崎,34
20200122,防府,63
20200122,松山,75
20200122,伊東,37
20200123,防府,63
20200123,いわき平,13
20200123,松阪,47
20200123,松山,75
20200123,伊東,37
20200124,いわき平,13
20200124,松山,75
20200124,別府,86
20200124,防府,63
20200124,名古屋,42
20200124,小倉,81
20200124,松阪,47
20200125,別府,86
20200125,静岡,38
20200125,小倉,81
20200125,奈良,53
20200125,松阪,47
20200125,いわき平,13
20200125,名古屋,42
20200126,別府,86
20200126,小倉,81
20200126,和歌山,55
20200126,西武園,26
20200126,いわき平,13
20200126,静岡,38
20200126,名古屋,42
20200126,奈良,53
20200127,京王閣,27
20200127,宇都宮,24
20200127,西武園,26
20200127,豊橋,45
20200127,静岡,38
20200127,奈良,53
20200127,和歌山,55
20200127,防府,63
20200128,和歌山,55
20200128,京王閣,27
20200128,防府,63
20200128,西武園,26
20200128,豊橋,45
20200128,宇都宮,24
20200129,豊橋,45
20200129,京王閣,27
20200129,宇都宮,24
20200129,防府,63
20200130,高松,71
20200130,久留米,83
20200130,前橋,22
20200131,高松,71
20200131,別府,86
20200131,久留米,83
20200131,前橋,22
20200131,大垣,44
20200201,別府,86
20200201,高松,71
20200201,久留米,83
20200201,静岡,38
20200201,松山,75
20200201,前橋,22
20200201,大垣,44
20200202,大宮,25
20200202,高松,71
20200202,別府,86
20200202,小倉,81
20200202,静岡,38
20200202,大垣,44
20200202,松山,75
20200203,玉野,61
20200203,奈良,53
20200203,小倉,81
20200203,平塚,35
20200203,静岡,38
20200203,松山,75
20200203,大宮,25
20200204,四日市,48
20200204,玉野,61
20200204,平塚,35
20200204,佐世保,85
20200204,小倉,81
20200204,大宮,25
20200204,奈良,53
20200205,伊東,37
20200205,玉野,61
20200205,佐世保,85
20200205,高松,71
20200205,平塚,35
20200205,奈良,53
20200205,岐阜,43
20200205,四日市,48
20200206,高松,71
20200206,伊東,37
20200206,岐阜,43
20200206,四日市,48
20200206,佐世保,85
20200207,岐阜,43
20200207,高松,71
20200207,伊東,37
20200207,宇都宮,24
20200207,いわき平,13
20200207,小倉,81
20200208,いわき平,13
20200208,小倉,81
20200208,奈良,53
20200208,広島,62
20200208,豊橋,45
20200208,京王閣,27
20200208,宇都宮,24
20200209,奈良,53
20200209,小倉,81
20200209,豊橋,45
20200209,広島,62
20200209,京王閣,27
20200209,宇都宮,24
20200209,いわき平,13
20200210,京王閣,27
20200210,奈良,53
20200210,広島,62
20200210,豊橋,45
20200211,松戸,31
20200211,玉野,61
20200211,佐世保,85
20200211,豊橋,45
20200212,松戸,31
20200212,小松島,73
20200212,西武園,26
20200212,佐世保,85
20200212,玉野,61
20200213,佐世保,85
20200213,松戸,31
20200213,玉野,61
20200213,小松島,73
20200213,西武園,26
20200214,小松島,73
20200214,小田原,36
20200214,西武園,26
20200214,京王閣,27
20200214,奈良,53
20200214,伊東,37
20200214,小倉,81
20200214,別府,86
20200215,奈良,53
20200215,小倉,81
20200215,小田原,36
20200215,京王閣,27
20200215,別府,86
20200215,伊東,37
20200215,名古屋,42
20200215,宇都宮,24
20200216,宇都宮,24
20200216,京王閣,27
20200216,小倉,81
20200216,小田原,36
20200216,奈良,53
20200216,伊東,37
20200216,名古屋,42
20200216,別府,86
20200217,立川,28
20200217,宇都宮,24
20200217,松山,75
20200217,名古屋,42
20200217,松阪,47
20200217,いわき平,13
20200218,松山,75
20200218,いわき平,13
20200218,松阪,47
20200218,立川,28
20200219,松山,75
20200219,いわき平,13
20200219,広島,62
20200219,向日町,54
20200219,松阪,47
20200219,立川,28
20200219,松戸,31
20200220,広島,62
20200220,松戸,31
20200220,小倉,81
20200220,向日町,54
20200220,名古屋,42
20200220,久留米,83
20200221,松戸,31
20200221,前橋,22
20200221,向日町,54
20200221,名古屋,42
20200221,久留米,83
20200221,静岡,38
20200221,広島,62
20200221,小倉,81
20200222,名古屋,42
20200222,前橋,22
20200222,小倉,81
20200222,久留米,83
20200222,西武園,26
20200222,和歌山,55
20200222,静岡,38
20200223,別府,86
20200223,前橋,22
20200223,西武園,26
20200223,玉野,61
20200223,松阪,47
20200223,和歌山,55
20200223,静岡,38
20200224,別府,86
20200224,松阪,47
20200224,静岡,38
20200224,和歌山,55
20200224,玉野,61
20200224,西武園,26
20200225,玉野,61
20200225,松阪,47
20200225,川崎,34
20200225,立川,28
20200225,別府,86
20200225,大垣,44
20200226,川崎,34
20200226,松山,75
20200226,松戸,31
20200226,大垣,44
20200226,小倉,81
20200226,立川,28
20200227,高松,71
20200227,川崎,34
20200227,立川,28
20200227,大垣,44
20200227,奈良,53
20200227,前橋,22
20200227,松山,75
20200227,小倉,81
20200227,松戸,31
20200228,前橋,22
20200228,高松,71
20200228,小倉,81
20200228,奈良,53
20200228,松山,75
20200228,松戸,31
20200229,平塚,35
20200229,豊橋,45
20200229,高松,71
20200229,大宮,25
20200229,前橋,22
20200229,奈良,53
20200301,川崎,34
20200301,佐世保,85
20200301,奈良,53
20200301,平塚,35
20200301,大宮,25
20200301,豊橋,45
20200302,大宮,25
20200302,川崎,34
20200302,平塚,35
20200302,佐世保,85
20200302,広島,62
20200302,別府,86
20200302,豊橋,45
20200302,立川,28
20200303,大垣,44
20200303,佐世保,85
20200303,立川,28
20200303,川崎,34
20200303,静岡,38
20200303,広島,62
20200303,別府,86
20200304,大垣,44
20200304,広島,62
20200304,静岡,38
20200304,立川,28
20200304,別府,86
20200304,武雄,84
20200305,玉野,61
20200305,西武園,26
20200305,小倉,81
20200305,静岡,38
20200305,武雄,84
20200305,大垣,44
20200305,松戸,31
20200306,松戸,31
20200306,玉野,61
20200306,四日市,48
20200306,小倉,81
20200306,西武園,26
20200306,武雄,84
20200307,玉野,61
20200307,四日市,48
20200307,松戸,31
20200307,西武園,26
20200307,小倉,81
20200307,奈良,53
20200308,奈良,53
20200308,玉野,61
20200308,佐世保,85
20200308,伊東,37
20200308,四日市,48
20200309,佐世保,85
20200309,大宮,25
20200309,向日町,54
20200309,伊東,37
20200309,防府,63
20200309,奈良,53
20200309,久留米,83
20200310,小田原,36
20200310,防府,63
20200310,伊東,37
20200310,佐世保,85
20200310,京王閣,27
20200310,久留米,83
20200310,向日町,54
20200310,大宮,25
20200311,武雄,84
20200311,久留米,83
20200311,川崎,34
20200311,小田原,36
20200311,向日町,54
20200311,大宮,25
20200311,京王閣,27
20200311,防府,63
20200312,松阪,47
20200312,京王閣,27
20200312,武雄,84
20200312,松山,75
20200312,小田原,36
20200312,川崎,34
20200312,別府,86
20200313,川崎,34
20200313,松山,75
20200313,いわき平,13
20200313,別府,86
20200313,武雄,84
20200313,松阪,47
20200314,松山,75
20200314,福井,51
20200314,いわき平,13
20200314,松阪,47
20200314,豊橋,45
20200314,静岡,38
20200314,前橋,22
20200314,別府,86
20200315,松山,75
20200315,前橋,22
20200315,豊橋,45
20200315,小倉,81
20200315,いわき平,13
20200315,福井,51
20200315,静岡,38
20200315,奈良,53
20200316,静岡,38
20200316,西武園,26
20200316,小倉,81
20200316,奈良,53
20200316,豊橋,45
20200316,大垣,44
20200316,前橋,22
20200316,福井,51
20200316,高松,71
20200317,佐世保,85
20200317,平塚,35
20200317,高松,71
20200317,大垣,44
20200317,奈良,53
20200317,西武園,26
20200317,小倉,81
20200318,高松,71
20200318,西武園,26
20200318,大垣,44
20200318,平塚,35
20200318,宇都宮,24
20200318,佐世保,85
20200319,平塚,35
20200319,武雄,84
20200319,宇都宮,24
20200319,佐世保,85
20200319,松阪,47
20200320,松戸,31
20200320,武雄,84
20200320,松阪,47
20200320,防府,63
20200320,宇都宮,24
20200320,久留米,83
20200321,松戸,31
20200321,武雄,84
20200321,久留米,83
20200321,松阪,47
20200321,防府,63
20200322,小倉,81
20200322,大宮,25
20200322,松戸,31
20200322,奈良,53
20200322,久留米,83
20200322,防府,63
20200322,川崎,34
20200323,小倉,81
20200323,奈良,53
20200323,川崎,34
20200323,玉野,61
20200323,名古屋,42
20200323,大宮,25
20200323,広島,62
20200323,立川,28
20200324,大宮,25
20200324,名古屋,42
20200324,川崎,34
20200324,奈良,53
20200324,広島,62
20200324,小倉,81
20200324,玉野,61
20200324,立川,28
20200325,名古屋,42
20200325,前橋,22
20200325,玉野,61
20200325,広島,62
20200325,立川,28
20200326,前橋,22
20200326,福井,51
20200326,宇都宮,24
20200326,川崎,34
20200327,福井,51
20200327,前橋,22
20200327,四日市,48
20200327,高松,71
20200327,宇都宮,24
20200327,川崎,34
20200328,四日市,48
20200328,宇都宮,24
20200328,福井,51
20200328,川崎,34
20200328,高松,71
20200329,別府,86
20200329,奈良,53
20200329,福井,51
20200329,高松,71
20200329,小倉,81
20200329,広島,62
20200329,四日市,48
20200330,別府,86
20200330,小倉,81
20200330,奈良,53
20200330,広島,62
20200331,小倉,81
20200331,奈良,53
20200331,広島,62
20200331,別府,86
20200401,伊東,37
20200401,小田原,36
20200401,京王閣,27
20200401,佐世保,85
20200402,京王閣,27
20200402,玉野,61
20200402,佐世保,85
20200402,小田原,36
20200402,高知,74
20200402,伊東,37
20200403,玉野,61
20200403,高知,74
20200403,和歌山,55
20200403,京王閣,27
20200403,佐世保,85
20200403,伊東,37
20200403,小田原,36
20200404,和歌山,55
20200404,奈良,53
20200404,川崎,34
20200404,高知,74
20200404,玉野,61
20200405,川崎,34
20200405,福井,51
20200405,和歌山,55
20200405,大垣,44
20200405,奈良,53
20200405,豊橋,45
20200405,高知,74
20200406,奈良,53
20200406,大垣,44
20200406,立川,28
20200406,川崎,34
20200406,豊橋,45
20200406,小松島,73
20200406,福井,51
20200407,小倉,81
20200407,立川,28
20200407,福井,51
20200407,大垣,44
20200407,豊橋,45
20200407,小松島,73
20200408,小倉,81
20200408,武雄,84
20200408,小松島,73
20200408,玉野,61
20200408,立川,28
20200408,名古屋,42
20200409,玉野,61
20200409,名古屋,42
20200409,大宮,25
20200409,武雄,84
20200409,小倉,81
20200409,平塚,35
20200410,平塚,35
20200410,松阪,47
20200410,名古屋,42
20200410,いわき平,13
20200410,玉野,61
20200410,武雄,84
20200410,大宮,25
20200410,奈良,53
20200411,松阪,47
20200411,大垣,44
20200411,大宮,25
20200411,奈良,53
20200411,いわき平,13
20200411,平塚,35
20200412,松阪,47
20200412,青森,12
20200412,大垣,44
20200412,小松島,73
20200412,いわき平,13
20200412,前橋,22
20200412,平塚,35
20200412,奈良,53
20200413,大垣,44
20200413,小松島,73
20200413,豊橋,45
20200413,久留米,83
20200413,弥彦,21
20200413,前橋,22
20200413,青森,12
20200414,久留米,83
20200414,弥彦,21
20200414,小松島,73
20200414,豊橋,45
20200414,青森,12
20200414,前橋,22
20200415,小倉,81
20200415,弥彦,21
20200415,豊橋,45
20200415,奈良,53
20200415,久留米,83
20200416,玉野,61
20200416,西武園,26
20200416,小倉,81
20200416,奈良,53
20200417,西武園,26
20200417,玉野,61
20200417,別府,86
20200417,奈良,53
20200417,川崎,34
20200417,小倉,81
20200417,豊橋,45
20200417,静岡,38
20200418,玉野,61
20200418,豊橋,45
20200418,別府,86
20200418,川崎,34
20200418,西武園,26
20200418,青森,12
20200418,静岡,38
20200419,函館,11
20200419,川崎,34
20200419,豊橋,45
20200419,青森,12
20200419,松山,75
20200419,静岡,38
20200419,西武園,26
20200419,別府,86
20200420,宇都宮,24
20200420,高松,71
20200420,松山,75
20200420,青森,12
20200420,函館,11
20200421,高松,71
20200421,宇都宮,24
20200421,和歌山,55
20200421,松山,75
20200421,函館,11
20200422,和歌山,55
20200422,宇都宮,24
20200422,川崎,34
20200422,四日市,48
20200422,高松,71
20200422,奈良,53
20200423,川崎,34
20200423,四日市,48
20200423,和歌山,55
20200423,奈良,53
20200423,武雄,84
20200423,高知,74
20200424,奈良,53
20200424,立川,28
20200424,武雄,84
20200424,四日市,48
20200424,向日町,54
20200424,いわき平,13
20200424,高知,74
20200424,岐阜,43
20200424,川崎,34
20200424,広島,62
20200425,高知,74
20200425,岐阜,43
20200425,立川,28
20200425,武雄,84
20200425,松戸,31
20200425,いわき平,13
20200425,向日町,54
20200425,玉野,61
20200425,広島,62
20200425,弥彦,21
20200426,向日町,54
20200426,弥彦,21
20200426,立川,28
20200426,広島,62
20200426,松戸,31
20200426,武雄,84
20200426,函館,11
20200426,岐阜,43
20200426,玉野,61
20200426,いわき平,13
20200427,函館,11
20200427,松戸,31
20200427,弥彦,21
20200427,小松島,73
20200427,玉野,61
20200428,小松島,73
20200428,函館,11
20200428,前橋,22
20200428,佐世保,85
20200429,前橋,22
20200429,佐世保,85
20200429,小倉,81
20200429,伊東,37
20200429,奈良,53
20200429,小松島,73
20200430,小倉,81
20200430,前橋,22
20200430,伊東,37
20200430,佐世保,85
20200430,奈良,53
20200501,奈良,53
20200501,大宮,25
20200501,広島,62
20200501,四日市,48
20200501,小倉,81
20200501,伊東,37
20200501,函館,11
20200502,四日市,48
20200502,大宮,25
20200502,函館,11
20200502,弥彦,21
20200502,広島,62
20200502,岐阜,43
20200503,大宮,25
20200503,弥彦,21
20200503,青森,12
20200503,四日市,48
20200503,広島,62
20200503,函館,11
20200503,岐阜,43
20200504,京王閣,27
20200504,岐阜,43
20200504,防府,63
20200504,青森,12
20200504,福井,51
20200504,弥彦,21
20200505,玉野,61
20200505,福井,51
20200505,静岡,38
20200505,京王閣,27
20200505,青森,12
20200505,防府,63
20200506,防府,63
20200506,松山,75
20200506,京王閣,27
20200506,玉野,61
20200506,静岡,38
20200506,福井,51
20200506,奈良,53
20200507,奈良,53
20200507,広島,62
20200507,松山,75
20200507,玉野,61
20200507,静岡,38
20200508,函館,11
20200508,西武園,26
20200508,別府,86
20200508,広島,62
20200508,静岡,38
20200508,松山,75
20200508,名古屋,42
20200508,奈良,53
20200509,名古屋,42
20200509,静岡,38
20200509,別府,86
20200509,西武園,26
20200509,武雄,84
20200509,函館,11
20200509,広島,62
20200510,武雄,84
20200510,静岡,38
20200510,名古屋,42
20200510,西武園,26
20200510,防府,63
20200510,奈良,53
20200510,函館,11
20200510,別府,86
20200511,防府,63
20200511,青森,12
20200511,立川,28
20200511,奈良,53
20200511,武雄,84
20200511,平塚,35
20200512,奈良,53
20200512,青森,12
20200512,立川,28
20200512,平塚,35
20200512,防府,63
20200513,玉野,61
20200513,向日町,54
20200513,富山,46
20200513,平塚,35
20200513,立川,28
20200513,青森,12
20200514,小倉,81
20200514,富山,46
20200514,玉野,61
20200514,弥彦,21
20200514,向日町,54
20200515,富山,46
20200515,弥彦,21
20200515,小倉,81
20200515,小松島,73
20200515,広島,62
20200515,久留米,83
20200515,玉野,61
20200515,前橋,22
20200515,向日町,54
20200516,小松島,73
20200516,前橋,22
20200516,広島,62
20200516,弥彦,21
20200516,函館,11
20200516,久留米,83
20200516,大垣,44
20200516,小倉,81
20200517,函館,11
20200517,久留米,83
20200517,広島,62
20200517,松戸,31
20200517,前橋,22
20200517,大垣,44
20200517,小松島,73
20200518,松戸,31
20200518,大垣,44
20200518,函館,11
20200518,和歌山,55
20200518,佐世保,85
20200518,川崎,34
20200519,函館,11
20200519,和歌山,55
20200519,佐世保,85
20200519,川崎,34
20200519,松戸,31
20200520,和歌山,55
20200520,川崎,34
20200520,佐世保,85
20200520,豊橋,45
20200521,大垣,44
20200521,宇都宮,24
20200521,小倉,81
20200521,豊橋,45
20200522,小倉,81
20200522,宇都宮,24
20200522,小松島,73
20200522,大垣,44
20200522,川崎,34
20200522,青森,12
20200522,豊橋,45
20200523,小倉,81
20200523,川崎,34
20200523,別府,86
20200523,小松島,73
20200523,宇都宮,24
20200523,大垣,44
20200523,青森,12
20200524,別府,86
20200524,小松島,73
20200524,川崎,34
20200524,名古屋,42
20200524,宇都宮,24
20200524,函館,11
20200524,青森,12
20200525,函館,11
20200525,向日町,54
20200525,名古屋,42
20200525,別府,86
20200525,弥彦,21
20200525,京王閣,27
20200526,弥彦,21
20200526,名古屋,42
20200526,函館,11
20200526,富山,46
20200526,京王閣,27
20200526,松戸,31
20200526,向日町,54
20200527,大垣,44
20200527,京王閣,27
20200527,富山,46
20200527,向日町,54
20200527,弥彦,21
20200527,松戸,31
20200527,川崎,34
20200528,富山,46
20200528,大宮,25
20200528,大垣,44
20200528,川崎,34
20200528,松戸,31
20200528,広島,62
20200529,川崎,34
20200529,小倉,81
20200529,いわき平,13
20200529,大宮,25
20200529,大垣,44
20200529,広島,62
20200530,小田原,36
20200530,いわき平,13
20200530,小倉,81
20200530,豊橋,45
20200530,広島,62
20200530,玉野,61
20200530,宇都宮,24
20200530,大宮,25
20200531,小倉,81
20200531,豊橋,45
20200531,小田原,36
20200531,宇都宮,24
20200531,玉野,61
20200531,いわき平,13
20200601,高知,74
20200601,小田原,36
20200601,武雄,84
20200601,玉野,61
20200601,宇都宮,24
20200601,松山,75
20200602,松山,75
20200602,前橋,22
20200602,青森,12
20200602,高知,74
20200602,武雄,84
20200603,前橋,22
20200603,松山,75
20200603,弥彦,21
20200603,高知,74
20200603,富山,46
20200603,青森,12
20200603,武雄,84
20200604,京王閣,27
20200604,前橋,22
20200604,富山,46
20200604,函館,11
20200604,弥彦,21
20200604,小田原,36
20200604,青森,12
20200605,弥彦,21
20200605,小田原,36
20200605,福井,51
20200605,函館,11
20200605,富山,46
20200605,京王閣,27
20200606,京王閣,27
20200606,小倉,81
20200606,松阪,47
20200606,久留米,83
20200606,福井,51
20200606,函館,11
20200606,松戸,31
20200606,小田原,36
20200607,小倉,81
20200607,玉野,61
20200607,松阪,47
20200607,松戸,31
20200607,四日市,48
20200607,福井,51
20200607,久留米,83
20200608,久留米,83
20200608,松戸,31
20200608,四日市,48
20200608,松阪,47
20200608,玉野,61
20200608,宇都宮,24
20200608,小倉,81
20200609,高知,74
20200609,四日市,48
20200609,久留米,83
20200609,宇都宮,24
20200609,玉野,61
20200610,宇都宮,24
20200610,大宮,25
20200610,松戸,31
20200610,高知,74
20200610,平塚,35
20200611,小倉,81
20200611,高知,74
20200611,青森,12
20200611,大宮,25
20200611,平塚,35
20200611,松戸,31
20200612,平塚,35
20200612,武雄,84
20200612,伊東,37
20200612,取手,23
20200612,大宮,25
20200612,向日町,54
20200612,小倉,81
20200612,青森,12
20200612,松戸,31
20200613,小倉,81
20200613,松山,75
20200613,武雄,84
20200613,玉野,61
20200613,大垣,44
20200613,伊東,37
20200613,向日町,54
20200613,取手,23
20200613,青森,12
20200614,青森,12
20200614,玉野,61
20200614,大垣,44
20200614,武雄,84
20200614,取手,23
20200614,伊東,37
20200614,松山,75
20200614,向日町,54
20200615,西武園,26
20200615,名古屋,42
20200615,松山,75
20200615,大垣,44
20200615,玉野,61
20200615,平塚,35
20200616,名古屋,42
20200616,小倉,81
20200616,弥彦,21
20200616,平塚,35
20200616,西武園,26
20200617,函館,11
20200617,名古屋,42
20200617,西武園,26
20200617,小倉,81
20200617,弥彦,21
20200617,平塚,35
20200618,小倉,81
20200618,函館,11
20200618,小松島,73
20200618,和歌山,55
20200618,弥彦,21
20200618,宇都宮,24
20200619,函館,11
20200619,いわき平,13
20200619,川崎,34
20200619,小松島,73
20200619,宇都宮,24
20200619,和歌山,55
20200620,和歌山,55
20200620,小松島,73
20200620,宇都宮,24
20200620,大垣,44
20200620,西武園,26
20200620,川崎,34
20200620,いわき平,13
20200621,大垣,44
20200621,西武園,26
20200621,和歌山,55
20200621,川崎,34
20200621,四日市,48
20200621,いわき平,13
20200622,伊東,37
20200622,松山,75
20200622,西武園,26
20200622,四日市,48
20200622,大垣,44
20200623,前橋,22
20200623,立川,28
20200623,伊東,37
20200623,四日市,48
20200623,松山,75
20200623,小倉,81
20200624,玉野,61
20200624,前橋,22
20200624,小倉,81
20200624,松山,75
20200624,松阪,47
20200624,伊東,37
20200624,立川,28
20200625,前橋,22
20200625,青森,12
20200625,松阪,47
20200625,小倉,81
20200625,立川,28
20200625,玉野,61
20200625,防府,63
20200626,青森,12
20200626,高知,74
20200626,富山,46
20200626,川崎,34
20200626,向日町,54
20200626,松阪,47
20200626,防府,63
20200626,玉野,61
20200627,富山,46
20200627,防府,63
20200627,取手,23
20200627,青森,12
20200627,静岡,38
20200627,向日町,54
20200627,川崎,34
20200627,高知,74
20200628,富山,46
20200628,向日町,54
20200628,佐世保,85
20200628,高知,74
20200628,静岡,38
20200628,川崎,34
20200628,函館,11
20200628,取手,23
20200629,取手,23
20200629,佐世保,85
20200629,小倉,81
20200629,静岡,38
20200629,松阪,47
20200629,福井,51
20200629,函館,11
20200630,佐世保,85
20200630,福井,51
20200630,小倉,81
20200630,取手,23
20200630,松阪,47
20200630,函館,11
20200701,別府,86
20200701,小倉,81
20200701,福井,51
20200701,松阪,47
20200701,青森,12
20200702,宇都宮,24
20200702,別府,86
20200702,武雄,84
20200702,小松島,73
20200702,青森,12
20200703,伊東,37
20200703,宇都宮,24
20200703,武雄,84
20200703,別府,86
20200703,小松島,73
20200703,富山,46
20200703,青森,12
20200704,川崎,34
20200704,小松島,73
20200704,伊東,37
20200704,富山,46
20200704,宇都宮,24
20200704,武雄,84
20200704,佐世保,85
20200705,富山,46
20200705,佐世保,85
20200705,小松島,73
20200705,伊東,37
20200705,川崎,34
20200706,青森,12
20200706,川崎,34
20200706,立川,28
20200706,大垣,44
20200706,松阪,47
20200706,佐世保,85
20200706,小倉,81
20200707,青森,12
20200707,立川,28
20200707,小倉,81
20200707,久留米,83
20200707,弥彦,21
20200707,松阪,47
20200707,豊橋,45
20200707,大垣,44
20200708,豊橋,45
20200708,松阪,47
20200708,弥彦,21
20200708,大垣,44
20200708,立川,28
20200708,久留米,83
20200708,青森,12
20200708,小倉,81
20200709,久留米,83
20200709,名古屋,42
20200709,弥彦,21
20200709,豊橋,45
20200709,福井,51
20200710,西武園,26
20200710,いわき平,13
20200710,静岡,38
20200710,福井,51
20200710,広島,62
20200710,名古屋,42
20200711,静岡,38
20200711,広島,62
20200711,名古屋,42
20200711,西武園,26
20200711,福井,51
20200711,いわき平,13
20200712,いわき平,13
20200712,広島,62
20200712,西武園,26
20200712,静岡,38
20200712,大垣,44
20200713,函館,11
20200713,大垣,44
20200713,高知,74
20200713,別府,86
20200713,和歌山,55
20200713,四日市,48
20200714,四日市,48
20200714,高知,74
20200714,別府,86
20200714,和歌山,55
20200714,函館,11
20200714,大垣,44
20200715,函館,11
20200715,和歌山,55
20200715,大宮,25
20200715,四日市,48
20200715,別府,86
20200715,高知,74
20200716,青森,12
20200716,富山,46
20200716,大宮,25
20200716,松戸,31
20200717,松戸,31
20200717,大宮,25
20200717,広島,62
20200717,玉野,61
20200717,平塚,35
20200717,青森,12
20200717,富山,46
20200718,富山,46
20200718,青森,12
20200718,武雄,84
20200718,弥彦,21
20200718,松戸,31
20200718,玉野,61
20200718,和歌山,55
20200718,平塚,35
20200718,広島,62
20200719,名古屋,42
20200719,広島,62
20200719,小倉,81
20200719,平塚,35
20200719,玉野,61
20200719,和歌山,55
20200719,武雄,84
20200719,弥彦,21
20200720,小倉,81
20200720,名古屋,42
20200720,別府,86
20200720,川崎,34
20200720,武雄,84
20200720,函館,11
20200720,弥彦,21
20200720,和歌山,55
20200721,名古屋,42
20200721,小倉,81
20200721,川崎,34
20200721,函館,11
20200721,弥彦,21
20200721,別府,86
20200722,函館,11
20200722,玉野,61
20200722,別府,86
20200722,岐阜,43
20200722,川崎,34
20200723,取手,23
20200723,佐世保,85
20200723,広島,62
20200723,岐阜,43
20200723,福井,51
20200723,静岡,38
20200723,玉野,61
20200724,福井,51
20200724,取手,23
20200724,佐世保,85
20200724,静岡,38
20200724,名古屋,42
20200724,広島,62
20200724,岐阜,43
20200724,玉野,61
20200725,福井,51
20200725,函館,11
20200725,小田原,36
20200725,広島,62
20200725,名古屋,42
20200725,取手,23
20200725,静岡,38
20200725,佐世保,85
20200726,函館,11
20200726,別府,86
20200726,名古屋,42
20200726,西武園,26
20200726,小田原,36
20200726,福井,51
20200727,函館,11
20200727,青森,12
20200727,四日市,48
20200727,高知,74
20200727,別府,86
20200727,高松,71
20200727,向日町,54
20200727,小田原,36
20200727,西武園,26
20200728,別府,86
20200728,久留米,83
20200728,高松,71
20200728,青森,12
20200728,西武園,26
20200728,向日町,54
20200728,四日市,48
20200728,高知,74
20200729,高松,71
20200729,久留米,83
20200729,高知,74
20200729,青森,12
20200729,向日町,54
20200729,四日市,48
20200730,久留米,83
20200730,防府,63
20200730,宇都宮,24
20200730,富山,46
20200731,宇都宮,24
20200731,別府,86
20200731,富山,46
20200731,玉野,61
20200731,防府,63
20200731,平塚,35
20200801,富山,46
20200801,宇都宮,24
20200801,別府,86
20200801,玉野,61
20200801,武雄,84
20200801,平塚,35
20200801,防府,63
20200802,平塚,35
20200802,別府,86
20200802,武雄,84
20200802,玉野,61
20200802,富山,46
20200802,取手,23
20200803,小倉,81
20200803,松阪,47
20200803,向日町,54
20200803,川崎,34
20200803,取手,23
20200803,武雄,84
20200803,岐阜,43
20200804,高松,71
20200804,岐阜,43
20200804,川崎,34
20200804,西武園,26
20200804,青森,12
20200804,取手,23
20200804,小倉,81
20200804,向日町,54
20200804,松阪,47
20200805,川崎,34
20200805,西武園,26
20200805,青森,12
20200805,松阪,47
20200805,高松,71
20200805,向日町,54
20200805,小倉,81
20200805,岐阜,43
20200806,青森,12
20200806,高松,71
20200806,富山,46
20200806,宇都宮,24
20200806,弥彦,21
20200806,西武園,26
20200807,富山,46
20200807,函館,11
20200807,松阪,47
20200807,宇都宮,24
20200807,弥彦,21
20200808,佐世保,85
20200808,弥彦,21
20200808,富山,46
20200808,函館,11
20200808,宇都宮,24
20200808,松阪,47
20200809,松阪,47
20200809,静岡,38
20200809,福井,51
20200809,函館,11
20200809,佐世保,85
20200809,青森,12
20200809,広島,62
20200810,青森,12
20200810,広島,62
20200810,静岡,38
20200810,西武園,26
20200810,函館,11
20200810,佐世保,85
20200810,福井,51
20200811,西武園,26
20200811,青森,12
20200811,福井,51
20200811,広島,62
20200811,別府,86
20200811,玉野,61
20200811,静岡,38
20200811,前橋,22
20200812,名古屋,42
20200812,小倉,81
20200812,西武園,26
20200812,玉野,61
20200812,別府,86
20200812,前橋,22
20200813,前橋,22
20200813,小倉,81
20200813,玉野,61
20200813,別府,86
20200813,名古屋,42
20200814,小倉,81
20200814,佐世保,85
20200814,京王閣,27
20200814,名古屋,42
20200814,函館,11
20200814,静岡,38
20200815,佐世保,85
20200815,静岡,38
20200815,函館,11
20200815,名古屋,42
20200815,いわき平,13
20200815,弥彦,21
20200815,京王閣,27
20200816,函館,11
20200816,佐世保,85
20200816,いわき平,13
20200816,弥彦,21
20200816,京王閣,27
20200816,名古屋,42
20200816,静岡,38
20200817,高知,74
20200817,弥彦,21
20200817,小倉,81
20200817,いわき平,13
20200817,和歌山,55
20200817,小田原,36
20200818,小倉,81
20200818,立川,28
20200818,和歌山,55
20200818,高知,74
20200818,伊東,37
20200818,小田原,36
20200819,立川,28
20200819,高知,74
20200819,伊東,37
20200819,函館,11
20200819,豊橋,45
20200819,小倉,81
20200819,松阪,47
20200819,和歌山,55
20200819,小田原,36
20200820,富山,46
20200820,伊東,37
20200820,別府,86
20200820,立川,28
20200820,松阪,47
20200820,豊橋,45
20200820,函館,11
20200821,広島,62
20200821,富山,46
20200821,松阪,47
20200821,函館,11
20200821,別府,86
20200821,豊橋,45
20200822,大宮,25
20200822,松戸,31
20200822,富山,46
20200822,別府,86
20200822,福井,51
20200822,広島,62
20200823,青森,12
20200823,玉野,61
20200823,大宮,25
20200823,松戸,31
20200823,福井,51
20200823,広島,62
20200824,弥彦,21
20200824,福井,51
20200824,松戸,31
20200824,青森,12
20200824,大宮,25
20200824,玉野,61
20200825,青森,12
20200825,弥彦,21
20200825,大垣,44
20200825,松戸,31
20200825,玉野,61
20200826,高知,74
20200826,佐世保,85
20200826,大垣,44
20200826,弥彦,21
20200826,小倉,81
20200827,大垣,44
20200827,佐世保,85
20200827,和歌山,55
20200827,小田原,36
20200827,豊橋,45
20200827,武雄,84
20200827,高知,74
20200827,小倉,81
20200828,和歌山,55
20200828,武雄,84
20200828,佐世保,85
20200828,小倉,81
20200828,高知,74
20200828,豊橋,45
20200828,前橋,22
20200828,小田原,36
20200829,四日市,48
20200829,豊橋,45
20200829,和歌山,55
20200829,武雄,84
20200829,前橋,22
20200829,小田原,36
20200830,小田原,36
20200830,松阪,47
20200830,高松,71
20200830,前橋,22
20200830,松山,75
20200830,四日市,48
20200831,四日市,48
20200831,高松,71
20200831,久留米,83
20200831,松阪,47
20200831,取手,23
20200831,防府,63
20200831,松山,75
20200831,弥彦,21
20200901,久留米,83
20200901,松山,75
20200901,取手,23
20200901,高松,71
20200901,松阪,47
20200901,静岡,38
20200901,豊橋,45
20200901,防府,63
20200901,弥彦,21
20200902,防府,63
20200902,取手,23
20200902,静岡,38
20200902,豊橋,45
20200902,弥彦,21
20200902,大垣,44
20200902,久留米,83
20200902,青森,12
20200903,豊橋,45
20200903,広島,62
20200903,玉野,61
20200903,青森,12
20200903,大垣,44
20200903,向日町,54
20200903,静岡,38
20200904,川崎,34
20200904,青森,12
20200904,京王閣,27
20200904,向日町,54
20200904,玉野,61
20200904,広島,62
20200904,大垣,44
20200905,向日町,54
20200905,広島,62
20200905,京王閣,27
20200905,玉野,61
20200905,川崎,34
20200906,向日町,54
20200906,小倉,81
20200906,防府,63
20200906,川崎,34
20200906,京王閣,27
20200906,弥彦,21
20200907,松阪,47
20200907,取手,23
20200907,小倉,81
20200907,和歌山,55
20200907,防府,63
20200907,いわき平,13
20200907,弥彦,21
20200908,小倉,81
20200908,いわき平,13
20200908,取手,23
20200908,松阪,47
20200908,和歌山,55
20200908,防府,63
20200908,弥彦,21
20200909,別府,86
20200909,伊東,37
20200909,松阪,47
20200909,和歌山,55
20200909,いわき平,13
20200909,取手,23
20200909,防府,63
20200910,和歌山,55
20200910,佐世保,85
20200910,岐阜,43
20200910,別府,86
20200910,伊東,37
20200910,宇都宮,24
20200911,岐阜,43
20200911,前橋,22
20200911,別府,86
20200911,松戸,31
20200911,宇都宮,24
20200911,佐世保,85
20200911,伊東,37
20200912,岐阜,43
20200912,宇都宮,24
20200912,松戸,31
20200912,佐世保,85
20200912,前橋,22
20200913,高知,74
20200913,前橋,22
20200913,函館,11
20200913,防府,63
20200913,松戸,31
20200913,岐阜,43
20200913,小倉,81
20200914,防府,63
20200914,小倉,81
20200914,高知,74
20200914,松阪,47
20200914,小田原,36
20200914,函館,11
20200915,小田原,36
20200915,小倉,81
20200915,大宮,25
20200915,高知,74
20200915,松阪,47
20200915,函館,11
20200915,名古屋,42
20200915,防府,63
20200916,別府,86
20200916,松阪,47
20200916,名古屋,42
20200916,小田原,36
20200916,大宮,25
20200916,玉野,61
20200917,大宮,25
20200917,別府,86
20200917,名古屋,42
20200917,大垣,44
20200917,玉野,61
20200918,伊東,37
20200918,大垣,44
20200918,玉野,61
20200918,いわき平,13
20200918,別府,86
20200919,松阪,47
20200919,いわき平,13
20200919,大垣,44
20200919,武雄,84
20200919,伊東,37
20200919,防府,63
20200920,西武園,26
20200920,いわき平,13
20200920,松阪,47
20200920,名古屋,42
20200920,武雄,84
20200920,防府,63
20200920,伊東,37
20200921,松阪,47
20200921,伊東,37
20200921,函館,11
20200921,西武園,26
20200921,防府,63
20200921,名古屋,42
20200921,武雄,84
20200922,西武園,26
20200922,高松,71
20200922,弥彦,21
20200922,函館,11
20200922,和歌山,55
20200922,名古屋,42
20200922,富山,46
20200922,久留米,83
20200923,久留米,83
20200923,弥彦,21
20200923,高松,71
20200923,豊橋,45
20200923,富山,46
20200923,函館,11
20200923,和歌山,55
20200924,豊橋,45
20200924,和歌山,55
20200924,高松,71
20200924,弥彦,21
20200924,久留米,83
20200924,富山,46
20200924,小倉,81
20200925,福井,51
20200925,松戸,31
20200925,豊橋,45
20200925,小倉,81
20200925,立川,28
20200925,岐阜,43
20200925,玉野,61
20200926,青森,12
20200926,岐阜,43
20200926,玉野,61
20200926,松戸,31
20200926,福井,51
20200926,立川,28
20200926,小倉,81
20200927,青森,12
20200927,岐阜,43
20200927,武雄,84
20200927,松戸,31
20200927,福井,51
20200927,立川,28
20200927,玉野,61
20200928,青森,12
20200928,松山,75
20200928,平塚,35
20200928,武雄,84
20200928,豊橋,45
20200929,豊橋,45
20200929,平塚,35
20200929,青森,12
20200929,取手,23
20200929,松山,75
20200929,武雄,84
20200930,取手,23
20200930,平塚,35
20200930,豊橋,45
20200930,松山,75
20201001,松阪,47
20201001,向日町,54
20201001,取手,23
20201001,防府,63
20201001,久留米,83
20201001,伊東,37
20201001,函館,11
20201002,伊東,37
20201002,向日町,54
20201002,防府,63
20201002,松阪,47
20201002,函館,11
20201002,大宮,25
20201002,松山,75
20201002,久留米,83
20201003,川崎,34
20201003,松山,75
20201003,向日町,54
20201003,久留米,83
20201003,大宮,25
20201003,松阪,47
20201003,伊東,37
20201003,防府,63
20201003,函館,11
20201004,松山,75
20201004,久留米,83
20201004,宇都宮,24
20201004,大宮,25
20201004,川崎,34
20201005,宇都宮,24
20201005,高松,71
20201005,名古屋,42
20201005,武雄,84
20201005,川崎,34
20201005,小田原,36
20201005,富山,46
20201006,向日町,54
20201006,武雄,84
20201006,小田原,36
20201006,富山,46
20201006,青森,12
20201006,名古屋,42
20201006,高松,71
20201006,宇都宮,24
20201007,名古屋,42
20201007,武雄,84
20201007,小田原,36
20201007,高松,71
20201007,向日町,54
20201007,青森,12
20201007,富山,46
20201008,大垣,44
20201008,松戸,31
20201008,向日町,54
20201008,青森,12
20201009,大垣,44
20201009,別府,86
20201009,西武園,26
20201009,弥彦,21
20201009,防府,63
20201009,松戸,31
20201010,別府,86
20201010,弥彦,21
20201010,大垣,44
20201010,防府,63
20201010,松戸,31
20201010,西武園,26
20201010,宇都宮,24
20201011,防府,63
20201011,松戸,31
20201011,宇都宮,24
20201011,別府,86
20201011,西武園,26
20201011,弥彦,21
20201012,高松,71
20201012,久留米,83
20201012,小田原,36
20201012,青森,12
20201012,宇都宮,24
20201013,高松,71
20201013,久留米,83
20201013,四日市,48
20201013,高知,74
20201013,青森,12
20201013,小田原,36
20201014,青森,12
20201014,久留米,83
20201014,小田原,36
20201014,佐世保,85
20201014,四日市,48
20201014,高知,74
20201014,高松,71
20201015,佐世保,85
20201015,高知,74
20201015,川崎,34
20201015,四日市,48
20201015,前橋,22
20201016,佐世保,85
20201016,川崎,34
20201016,青森,12
20201016,和歌山,55
20201016,前橋,22
20201017,青森,12
20201017,川崎,34
20201017,伊東,37
20201017,和歌山,55
20201017,武雄,84
20201017,前橋,22
20201018,青森,12
20201018,前橋,22
20201018,伊東,37
20201018,和歌山,55
20201018,武雄,84
20201018,高知,74
20201019,函館,11
20201019,弥彦,21
20201019,武雄,84
20201019,伊東,37
20201019,富山,46
20201019,高知,74
20201019,別府,86
20201020,弥彦,21
20201020,別府,86
20201020,函館,11
20201020,西武園,26
20201020,富山,46
20201020,高知,74
20201021,前橋,22
20201021,西武園,26
20201021,別府,86
20201021,函館,11
20201021,富山,46
20201021,小田原,36
20201021,弥彦,21
20201021,松阪,47
20201022,前橋,22
20201022,青森,12
20201022,西武園,26
20201022,小田原,36
20201022,佐世保,85
20201022,松阪,47
20201023,前橋,22
20201023,松山,75
20201023,佐世保,85
20201023,小田原,36
20201023,松阪,47
20201023,青森,12
20201024,青森,12
20201024,防府,63
20201024,伊東,37
20201024,松山,75
20201024,京王閣,27
20201024,大垣,44
20201024,佐世保,85
20201025,京王閣,27
20201025,防府,63
20201025,松山,75
20201025,四日市,48
20201025,伊東,37
20201025,大垣,44
20201026,伊東,37
20201026,四日市,48
20201026,防府,63
20201026,大垣,44
20201026,高松,71
20201026,京王閣,27
20201027,岐阜,43
20201027,青森,12
20201027,京王閣,27
20201027,別府,86
20201027,松阪,47
20201027,四日市,48
20201027,高松,71
20201028,高松,71
20201028,青森,12
20201028,岐阜,43
20201028,松戸,31
20201028,松阪,47
20201028,和歌山,55
20201028,立川,28
20201028,別府,86
20201029,別府,86
20201029,松阪,47
20201029,立川,28
20201029,松戸,31
20201029,岐阜,43
20201029,青森,12
20201029,和歌山,55
20201030,松山,75
20201030,立川,28
20201030,いわき平,13
20201030,松戸,31
20201030,和歌山,55
20201031,小田原,36
20201031,佐世保,85
20201031,松山,75
20201031,いわき平,13
20201031,防府,63
20201031,宇都宮,24
20201031,大宮,25
20201101,宇都宮,24
20201101,青森,12
20201101,大宮,25
20201101,岐阜,43
20201101,小田原,36
20201101,松山,75
20201101,いわき平,13
20201101,防府,63
20201101,佐世保,85
20201102,小田原,36
20201102,佐世保,85
20201102,大宮,25
20201102,京王閣,27
20201102,岐阜,43
20201102,福井,51
20201102,防府,63
20201102,青森,12
20201102,宇都宮,24
20201103,小倉,81
20201103,福井,51
20201103,京王閣,27
20201103,防府,63
20201103,青森,12
20201103,岐阜,43
20201104,富山,46
20201104,武雄,84
20201104,福井,51
20201104,和歌山,55
20201104,京王閣,27
20201104,小倉,81
20201104,取手,23
20201105,取手,23
20201105,四日市,48
20201105,小倉,81
20201105,富山,46
20201105,和歌山,55
20201105,武雄,84
20201106,富山,46
20201106,取手,23
20201106,四日市,48
20201106,和歌山,55
20201106,武雄,84
20201106,青森,12
20201107,宇都宮,24
20201107,青森,12
20201107,高松,71
20201107,四日市,48
20201107,弥彦,21
20201108,弥彦,21
20201108,小倉,81
20201108,四日市,48
20201108,宇都宮,24
20201108,青森,12
20201108,高松,71
20201109,久留米,83
20201109,平塚,35
20201109,高松,71
20201109,弥彦,21
20201109,小倉,81
20201109,宇都宮,24
20201110,富山,46
20201110,小倉,81
20201110,平塚,35
20201110,久留米,83
20201110,防府,63
20201111,富山,46
20201111,防府,63
20201111,福井,51
20201111,平塚,35
20201111,久留米,83
20201112,福井,51
20201112,富山,46
20201112,伊東,37
20201112,弥彦,21
20201112,小倉,81
20201112,西武園,26
20201112,防府,63
20201113,弥彦,21
20201113,福井,51
20201113,西武園,26
20201113,小倉,81
20201113,伊東,37
20201113,別府,86
20201114,別府,86
20201114,伊東,37
20201114,小倉,81
20201114,弥彦,21
20201114,西武園,26
20201114,和歌山,55
20201114,いわき平,13
20201115,いわき平,13
20201115,別府,86
20201115,高知,74
20201115,和歌山,55
20201115,松山,75
20201115,佐世保,85
20201115,立川,28
20201115,小田原,36
20201115,大垣,44
20201115,名古屋,42
20201116,小田原,36
20201116,松山,75
20201116,いわき平,13
20201116,大垣,44
20201116,和歌山,55
20201116,佐世保,85
20201116,高知,74
20201116,立川,28
20201116,名古屋,42
20201117,佐世保,85
20201117,立川,28
20201117,高知,74
20201117,小田原,36
20201117,大垣,44
20201117,松山,75
20201117,名古屋,42
20201118,高松,71
20201118,松阪,47
20201118,小倉,81
20201118,西武園,26
20201118,福井,51
20201119,福井,51
20201119,川崎,34
20201119,松阪,47
20201119,小倉,81
20201119,西武園,26
20201119,高松,71
20201120,高松,71
20201120,福井,51
20201120,松阪,47
20201120,小倉,81
20201120,川崎,34
20201120,西武園,26
20201121,川崎,34
20201121,いわき平,13
20201121,大垣,44
20201121,前橋,22
20201121,松山,75
20201121,小倉,81
20201122,松山,75
20201122,宇都宮,24
20201122,小倉,81
20201122,前橋,22
20201122,大垣,44
20201122,伊東,37
20201122,いわき平,13
20201123,宇都宮,24
20201123,大垣,44
20201123,いわき平,13
20201123,伊東,37
20201123,松山,75
20201123,小倉,81
20201123,前橋,22
20201124,久留米,83
20201124,宇都宮,24
20201124,伊東,37
20201124,松阪,47
20201124,松戸,31
20201124,京王閣,27
20201124,防府,63
20201125,小倉,81
20201125,久留米,83
20201125,京王閣,27
20201125,高知,74
20201125,松戸,31
20201125,防府,63
20201125,松阪,47
20201126,高知,74
20201126,京王閣,27
20201126,松戸,31
20201126,小倉,81
20201126,松阪,47
20201126,久留米,83
20201126,防府,63
20201127,福井,51
20201127,高松,71
20201127,平塚,35
20201127,小倉,81
20201127,高知,74
20201127,富山,46
20201128,豊橋,45
20201128,松戸,31
20201128,富山,46
20201128,大宮,25
20201128,武雄,84
20201128,高松,71
20201128,平塚,35
20201128,取手,23
20201128,福井,51
20201129,大宮,25
20201129,高松,71
20201129,取手,23
20201129,武雄,84
20201129,福井,51
20201129,平塚,35
20201129,松戸,31
20201129,豊橋,45
20201129,富山,46
20201130,和歌山,55
20201130,取手,23
20201130,松戸,31
20201130,大宮,25
20201130,武雄,84
20201130,大垣,44
20201130,小倉,81
20201130,豊橋,45
20201201,名古屋,42
20201201,小倉,81
20201201,高知,74
20201201,和歌山,55
20201201,大垣,44
20201202,大垣,44
20201202,小倉,81
20201202,名古屋,42
20201202,高知,74
20201202,和歌山,55
20201203,別府,86
20201203,松山,75
20201203,名古屋,42
20201203,京王閣,27
20201203,高知,74
20201203,取手,23
20201204,京王閣,27
20201204,取手,23
20201204,別府,86
20201204,松山,75
20201204,大垣,44
20201204,平塚,35
20201205,松山,75
20201205,京王閣,27
20201205,取手,23
20201205,別府,86
20201205,宇都宮,24
20201205,和歌山,55
20201205,大垣,44
20201205,平塚,35
20201206,別府,86
20201206,和歌山,55
20201206,伊東,37
20201206,宇都宮,24
20201206,平塚,35
20201206,大垣,44
20201207,豊橋,45
20201207,和歌山,55
20201207,高松,71
20201207,伊東,37
20201207,宇都宮,24
20201207,西武園,26
20201208,伊東,37
20201208,小倉,81
20201208,松山,75
20201208,西武園,26
20201208,高松,71
20201208,豊橋,45
20201209,松山,75
20201209,小倉,81
20201209,西武園,26
20201209,久留米,83
20201209,高松,71
20201209,豊橋,45
20201210,松山,75
20201210,大垣,44
20201210,小倉,81
20201210,和歌山,55
20201210,松戸,31
20201210,久留米,83
20201210,高知,74
20201211,高知,74
20201211,奈良,53
20201211,大垣,44
20201211,和歌山,55
20201211,久留米,83
20201211,松戸,31
20201212,別府,86
20201212,奈良,53
20201212,京王閣,27
20201212,高知,74
20201212,大垣,44
20201212,松戸,31
20201212,和歌山,55
20201213,松戸,31
20201213,別府,86
20201213,京王閣,27
20201213,奈良,53
20201213,小倉,81
20201214,別府,86
20201214,川崎,34
20201214,大宮,25
20201214,京王閣,27
20201214,小倉,81
20201215,小倉,81
20201215,前橋,22
20201215,川崎,34
20201215,松山,75
20201215,大宮,25
20201216,川崎,34
20201216,大宮,25
20201216,松山,75
20201216,大垣,44
20201216,前橋,22
20201217,大垣,44
20201217,前橋,22
20201217,奈良,53
20201217,佐世保,85
20201217,松山,75
20201217,名古屋,42
20201217,取手,23
20201218,奈良,53
20201218,松戸,31
20201218,広島,62
20201218,取手,23
20201218,小田原,36
20201218,佐世保,85
20201218,大垣,44
20201218,名古屋,42
20201219,取手,23
20201219,佐世保,85
20201219,広島,62
20201219,名古屋,42
20201219,松戸,31
20201219,奈良,53
20201219,大垣,44
20201219,小田原,36
20201219,高知,74
20201219,小倉,81
20201220,広島,62
20201220,佐世保,85
20201220,高知,74
20201220,小倉,81
20201220,松戸,31
20201220,小田原,36
20201220,西武園,26
20201221,小倉,81
20201221,西武園,26
20201221,高松,71
20201221,いわき平,13
20201221,別府,86
20201221,高知,74
20201222,武雄,84
20201222,高松,71
20201222,大垣,44
20201222,西武園,26
20201222,いわき平,13
20201222,別府,86
20201223,武雄,84
20201223,いわき平,13
20201223,大垣,44
20201223,高松,71
20201223,別府,86
20201224,武雄,84
20201224,大垣,44
20201224,川崎,34
20201224,広島,62
20201224,宇都宮,24
20201224,前橋,22
20201225,川崎,34
20201225,広島,62
20201225,宇都宮,24
20201225,前橋,22
20201225,奈良,53
20201225,松阪,47
20201225,小倉,81
20201226,奈良,53
20201226,前橋,22
20201226,広島,62
20201226,松阪,47
20201226,小倉,81
20201226,川崎,34
20201226,宇都宮,24
20201227,別府,86
20201227,武雄,84
20201227,小倉,81
20201227,松阪,47
20201227,広島,62
20201227,奈良,53
20201228,西武園,26
20201228,別府,86
20201228,立川,28
20201228,武雄,84
20201228,岐阜,43
20201228,松戸,31
20201228,平塚,35
20201229,別府,86
20201229,松戸,31
20201229,高知,74
20201229,西武園,26
20201229,武雄,84
20201229,岐阜,43
20201229,立川,28
20201229,平塚,35
20201230,西武園,26
20201230,立川,28
20201230,平塚,35
20201230,岐阜,43
20201230,広島,62
20201230,高知,74
20201230,豊橋,45
20201230,松戸,31
20201231,広島,62
20201231,奈良,53
20201231,高知,74
20201231,静岡,38
20201231,豊橋,45
20210101,静岡,38
20210101,京王閣,27
20210101,小倉,81
20210101,前橋,22
20210101,宇都宮,24
20210101,広島,62
20210101,奈良,53
20210101,豊橋,45
20210102,奈良,53
20210102,宇都宮,24
20210102,前橋,22
20210102,静岡,38
20210102,小倉,81
20210102,別府,86
20210102,京王閣,27
20210102,いわき平,13
20210102,久留米,83
20210103,久留米,83
20210103,静岡,38
20210103,広島,62
20210103,小倉,81
20210103,京王閣,27
20210103,宇都宮,24
20210103,いわき平,13
20210103,前橋,22
20210103,別府,86
20210104,広島,62
20210104,高知,74
20210104,久留米,83
20210104,いわき平,13
20210104,豊橋,45
20210104,別府,86
20210104,立川,28
20210105,豊橋,45
20210105,高知,74
20210105,立川,28
20210105,四日市,48
20210105,広島,62
20210105,奈良,53
20210106,豊橋,45
20210106,四日市,48
20210106,立川,28
20210106,高知,74
20210106,奈良,53
20210107,奈良,53
20210107,立川,28
20210107,四日市,48
20210107,松山,75
20210108,小田原,36
20210108,西武園,26
20210108,松山,75
20210108,小倉,81
20210108,岐阜,43
20210108,京王閣,27
20210109,和歌山,55
20210109,西武園,26
20210109,取手,23
20210109,岐阜,43
20210109,京王閣,27
20210109,小田原,36
20210109,松山,75
20210109,小倉,81
20210109,広島,62
20210110,伊東,37
20210110,取手,23
20210110,小倉,81
20210110,和歌山,55
20210110,西武園,26
20210110,京王閣,27
20210110,広島,62
20210110,小田原,36
20210110,岐阜,43
20210111,豊橋,45
20210111,広島,62
20210111,別府,86
20210111,伊東,37
20210111,取手,23
20210111,和歌山,55
20210112,岐阜,43
20210112,豊橋,45
20210112,伊東,37
20210112,松山,75
20210112,別府,86
20210112,和歌山,55
20210113,四日市,48
20210113,川崎,34
20210113,豊橋,45
20210113,いわき平,13
20210113,松山,75
20210113,岐阜,43
20210113,別府,86
20210114,四日市,48
20210114,奈良,53
20210114,岐阜,43
20210114,大宮,25
20210114,松山,75
20210114,川崎,34
20210114,いわき平,13
20210115,大宮,25
20210115,いわき平,13
20210115,奈良,53
20210115,松阪,47
20210115,四日市,48
20210115,川崎,34
20210115,松戸,31
20210115,小倉,81
20210116,大宮,25
20210116,奈良,53
20210116,小倉,81
20210116,松戸,31
20210116,松阪,47
20210116,久留米,83
20210117,小倉,81
20210117,松阪,47
20210117,伊東,37
20210117,大宮,25
20210117,高知,74
20210117,松戸,31
20210117,久留米,83
20210118,久留米,83
20210118,高知,74
20210118,伊東,37
20210118,岐阜,43
20210118,小田原,36
20210118,名古屋,42
20210119,小田原,36
20210119,前橋,22
20210119,岐阜,43
20210119,名古屋,42
20210119,伊東,37
20210119,高知,74
20210119,奈良,53
20210120,小倉,81
20210120,前橋,22
20210120,奈良,53
20210120,岐阜,43
20210120,小田原,36
20210120,名古屋,42
20210121,小倉,81
20210121,前橋,22
20210121,取手,23
20210121,奈良,53
20210121,松山,75
20210122,松山,75
20210122,取手,23
20210122,西武園,26
20210122,小倉,81
20210123,別府,86
20210123,松山,75
20210123,松阪,47
20210123,四日市,48
20210123,西武園,26
20210123,取手,23
20210123,静岡,38
20210124,松山,75
20210124,西武園,26
20210124,四日市,48
20210124,静岡,38
20210124,別府,86
20210124,松阪,47
20210125,静岡,38
20210125,広島,62
20210125,向日町,54
20210125,別府,86
20210125,松阪,47
20210125,前橋,22
20210125,四日市,48
20210126,小倉,81
20210126,奈良,53
20210126,向日町,54
20210126,久留米,83
20210126,前橋,22
20210126,広島,62
20210127,久留米,83
20210127,前橋,22
20210127,向日町,54
20210127,奈良,53
20210127,広島,62
20210127,小倉,81
20210128,久留米,83
20210128,豊橋,45
20210128,奈良,53
20210128,小倉,81
20210128,平塚,35
20210128,大宮,25
20210129,平塚,35
20210129,松戸,31
20210129,大宮,25
20210129,豊橋,45
20210129,高松,71
20210129,松山,75
20210130,大宮,25
20210130,高松,71
20210130,松山,75
20210130,豊橋,45
20210130,佐世保,85
20210130,平塚,35
20210130,松戸,31
20210131,高松,71
20210131,松山,75
20210131,松戸,31
20210131,豊橋,45
20210131,佐世保,85
20210201,佐世保,85
20210201,武雄,84
20210201,川崎,34
20210201,名古屋,42
20210201,宇都宮,24
20210201,防府,63
20210201,奈良,53
20210202,松阪,47
20210202,小倉,81
20210202,川崎,34
20210202,武雄,84
20210202,奈良,53
20210202,名古屋,42
20210202,防府,63
20210202,宇都宮,24
20210203,名古屋,42
20210203,松阪,47
20210203,小倉,81
20210203,宇都宮,24
20210203,奈良,53
20210203,防府,63
20210203,川崎,34
20210203,武雄,84
20210204,高松,71
20210204,小倉,81
20210204,別府,86
20210204,静岡,38
20210204,西武園,26
20210204,松阪,47
20210205,別府,86
20210205,西武園,26
20210205,高松,71
20210205,静岡,38
20210205,平塚,35
20210205,佐世保,85
20210206,別府,86
20210206,名古屋,42
20210206,静岡,38
20210206,高松,71
20210206,西武園,26
20210206,奈良,53
20210206,佐世保,85
20210206,平塚,35
20210207,小倉,81
20210207,佐世保,85
20210207,平塚,35
20210207,名古屋,42
20210207,高松,71
20210207,奈良,53
20210207,前橋,22
20210208,名古屋,42
20210208,高知,74
20210208,奈良,53
20210208,松阪,47
20210208,前橋,22
20210208,立川,28
20210208,小倉,81
20210209,小倉,81
20210209,前橋,22
20210209,別府,86
20210209,立川,28
20210209,高知,74
20210209,松阪,47
20210209,松山,75
20210210,別府,86
20210210,立川,28
20210210,松阪,47
20210210,川崎,34
20210210,高知,74
20210210,松山,75
20210211,別府,86
20210211,奈良,53
20210211,広島,62
20210211,松山,75
20210211,川崎,34
20210211,静岡,38
20210212,川崎,34
20210212,奈良,53
20210212,静岡,38
20210212,豊橋,45
20210212,大垣,44
20210212,広島,62
20210213,豊橋,45
20210213,前橋,22
20210213,四日市,48
20210213,奈良,53
20210213,小倉,81
20210213,広島,62
20210213,静岡,38
20210213,大垣,44
20210214,四日市,48
20210214,前橋,22
20210214,小倉,81
20210214,大宮,25
20210214,豊橋,45
20210214,大垣,44
20210214,奈良,53
20210215,大宮,25
20210215,小倉,81
20210215,立川,28
20210215,前橋,22
20210215,松戸,31
20210215,高知,74
20210215,四日市,48
20210216,大宮,25
20210216,立川,28
20210216,松戸,31
20210216,佐世保,85
20210216,高知,74
20210217,向日町,54
20210217,立川,28
20210217,大垣,44
20210217,高知,74
20210217,松戸,31
20210217,佐世保,85
20210218,佐世保,85
20210218,向日町,54
20210218,小倉,81
20210218,大垣,44
20210218,四日市,48
20210218,取手,23
20210219,大垣,44
20210219,名古屋,42
20210219,小倉,81
20210219,向日町,54
20210219,取手,23
20210219,四日市,48
20210220,奈良,53
20210220,川崎,34
20210220,四日市,48
20210220,取手,23
20210220,松山,75
20210220,名古屋,42
20210220,小倉,81
20210221,前橋,22
20210221,名古屋,42
20210221,川崎,34
20210221,松山,75
20210221,広島,62
20210221,奈良,53
20210221,松阪,47
20210221,別府,86
20210222,松山,75
20210222,西武園,26
20210222,松阪,47
20210222,川崎,34
20210222,奈良,53
20210222,広島,62
20210222,別府,86
20210222,前橋,22
20210223,川崎,34
20210223,西武園,26
20210223,前橋,22
20210223,広島,62
20210223,別府,86
20210223,松阪,47
20210223,佐世保,85
20210224,防府,63
20210224,伊東,37
20210224,佐世保,85
20210224,高知,74
20210224,西武園,26
20210225,小倉,81
20210225,佐世保,85
20210225,高知,74
20210225,いわき平,13
20210225,防府,63
20210225,奈良,53
20210225,伊東,37
20210226,いわき平,13
20210226,立川,28
20210226,奈良,53
20210226,小倉,81
20210226,小田原,36
20210226,四日市,48
20210226,防府,63
20210226,伊東,37
20210226,高知,74
20210227,小倉,81
20210227,奈良,53
20210227,別府,86
20210227,四日市,48
20210227,高松,71
20210227,いわき平,13
20210227,立川,28
20210227,小田原,36
20210228,豊橋,45
20210228,小田原,36
20210228,前橋,22
20210228,四日市,48
20210228,立川,28
20210228,別府,86
20210228,高松,71
20210228,いわき平,13
20210301,小倉,81
20210301,向日町,54
20210301,取手,23
20210301,豊橋,45
20210301,別府,86
20210301,高松,71
20210301,前橋,22
20210302,前橋,22
20210302,静岡,38
20210302,豊橋,45
20210302,小倉,81
20210302,取手,23
20210302,向日町,54
20210303,静岡,38
20210303,取手,23
20210303,向日町,54
20210303,小倉,81
20210304,西武園,26
20210304,広島,62
20210304,静岡,38
20210304,奈良,53
20210305,武雄,84
20210305,西武園,26
20210305,大垣,44
20210305,奈良,53
20210305,松山,75
20210305,久留米,83
20210305,いわき平,13
20210305,広島,62
20210305,小田原,36
20210306,奈良,53
20210306,松山,75
20210306,武雄,84
20210306,大垣,44
20210306,広島,62
20210306,久留米,83
20210306,小田原,36
20210306,いわき平,13
20210306,西武園,26
20210307,小田原,36
20210307,松山,75
20210307,武雄,84
20210307,久留米,83
20210307,いわき平,13
20210307,大垣,44
20210307,広島,62
20210308,松阪,47
20210308,防府,63
20210308,福井,51
20210308,静岡,38
20210308,高知,74
20210308,小倉,81
20210309,福井,51
20210309,松阪,47
20210309,小倉,81
20210309,静岡,38
20210309,高知,74
20210309,防府,63
20210310,静岡,38
20210310,防府,63
20210310,高知,74
20210310,福井,51
20210310,小倉,81
20210310,松阪,47
20210310,奈良,53
20210311,取手,23
20210311,大垣,44
20210311,京王閣,27
20210311,松山,75
20210311,奈良,53
20210312,大垣,44
20210312,奈良,53
20210312,武雄,84
20210312,取手,23
20210312,前橋,22
20210312,松山,75
20210312,広島,62
20210312,伊東,37
20210312,京王閣,27
20210313,大垣,44
20210313,広島,62
20210313,京王閣,27
20210313,取手,23
20210313,松山,75
20210313,平塚,35
20210313,武雄,84
20210313,前橋,22
20210313,伊東,37
20210314,前橋,22
20210314,武雄,84
20210314,伊東,37
20210314,平塚,35
20210314,広島,62
20210314,大垣,44
20210314,小倉,81
20210315,小倉,81
20210315,大宮,25
20210315,奈良,53
20210315,平塚,35
20210315,松阪,47
20210316,別府,86
20210316,松阪,47
20210316,広島,62
20210316,奈良,53
20210316,岐阜,43
20210316,大宮,25
20210316,小倉,81
20210317,大宮,25
20210317,松阪,47
20210317,別府,86
20210317,奈良,53
20210317,広島,62
20210317,岐阜,43
20210317,松山,75
20210318,松山,75
20210318,別府,86
20210318,広島,62
20210318,小田原,36
20210318,岐阜,43
20210319,防府,63
20210319,松山,75
20210319,前橋,22
20210319,宇都宮,24
20210319,大垣,44
20210319,小田原,36
20210319,松戸,31
20210320,小田原,36
20210320,大垣,44
20210320,防府,63
20210320,宇都宮,24
20210320,松戸,31
20210320,小倉,81
20210320,前橋,22
20210321,宇都宮,24
20210321,松戸,31
20210321,名古屋,42
20210321,前橋,22
20210321,大垣,44
20210321,防府,63
20210321,小倉,81
20210322,高知,74
20210322,別府,86
20210322,佐世保,85
20210322,立川,28
20210322,小倉,81
20210322,松山,75
20210322,名古屋,42
20210323,松山,75
20210323,立川,28
20210323,別府,86
20210323,名古屋,42
20210323,川崎,34
20210323,高知,74
20210323,佐世保,85
20210324,別府,86
20210324,立川,28
20210324,川崎,34
20210324,松山,75
20210324,佐世保,85
20210324,高知,74
20210325,大垣,44
20210325,小倉,81
20210325,松阪,47
20210325,川崎,34
20210325,広島,62
20210326,松阪,47
20210326,大垣,44
20210326,京王閣,27
20210326,小倉,81
20210326,いわき平,13
20210326,伊東,37
20210326,広島,62
20210327,小倉,81
20210327,伊東,37
20210327,広島,62
20210327,いわき平,13
20210327,京王閣,27
20210327,大垣,44
20210327,松阪,47
20210328,京王閣,27
20210328,松阪,47
20210328,伊東,37
20210328,川崎,34
20210328,いわき平,13
20210329,広島,62
20210329,前橋,22
20210329,川崎,34
20210329,別府,86
20210329,宇都宮,24
20210329,豊橋,45
20210330,別府,86
20210330,広島,62
20210330,豊橋,45
20210330,川崎,34
20210330,前橋,22
20210330,宇都宮,24
20210331,豊橋,45
20210331,別府,86
20210331,宇都宮,24
20210331,前橋,22
20210331,広島,62
20210401,武雄,84
20210401,大垣,44
20210401,福井,51
20210401,京王閣,27
20210401,小倉,81
20210402,大宮,25
20210402,京王閣,27
20210402,小田原,36
20210402,大垣,44
20210402,小倉,81
20210402,武雄,84
20210402,福井,51
20210403,小田原,36
20210403,京王閣,27
20210403,大垣,44
20210403,四日市,48
20210403,大宮,25
20210403,福井,51
20210403,小倉,81
20210403,武雄,84
20210403,高知,74
20210404,別府,86
20210404,高知,74
20210404,小田原,36
20210404,大宮,25
20210404,宇都宮,24
20210404,伊東,37
20210404,四日市,48
20210405,別府,86
20210405,高知,74
20210405,四日市,48
20210405,宇都宮,24
20210405,いわき平,13
20210405,佐世保,85
20210405,伊東,37
20210406,小田原,36
20210406,別府,86
20210406,いわき平,13
20210406,宇都宮,24
20210406,四日市,48
20210406,佐世保,85
20210406,高松,71
20210406,伊東,37
20210407,名古屋,42
20210407,小田原,36
20210407,和歌山,55
20210407,高松,71
20210407,小倉,81
20210407,前橋,22
20210407,佐世保,85
20210407,いわき平,13
20210408,名古屋,42
20210408,和歌山,55
20210408,小倉,81
20210408,小田原,36
20210408,川崎,34
20210408,高松,71
20210408,前橋,22
20210409,和歌山,55
20210409,名古屋,42
20210409,川崎,34
20210409,豊橋,45
20210409,小倉,81
20210409,前橋,22
20210410,防府,63
20210410,川崎,34
20210410,豊橋,45
20210410,松山,75
20210410,大垣,44
20210411,防府,63
20210411,豊橋,45
20210411,大垣,44
20210411,川崎,34
20210411,松山,75
20210412,大垣,44
20210412,松山,75
20210412,松戸,31
20210412,防府,63
20210412,小倉,81
20210412,奈良,53
20210412,宇都宮,24
20210413,小倉,81
20210413,弥彦,21
20210413,宇都宮,24
20210413,松戸,31
20210413,高知,74
20210413,奈良,53
20210413,広島,62
20210414,松戸,31
20210414,小倉,81
20210414,宇都宮,24
20210414,広島,62
20210414,奈良,53
20210414,高知,74
20210414,弥彦,21
20210415,弥彦,21
20210415,名古屋,42
20210415,函館,11
20210415,久留米,83
20210415,高知,74
20210415,西武園,26
20210415,広島,62
20210416,大垣,44
20210416,函館,11
20210416,名古屋,42
20210416,久留米,83
20210416,小倉,81
20210416,小田原,36
20210416,松阪,47
20210416,西武園,26
20210417,小倉,81
20210417,松阪,47
20210417,函館,11
20210417,小田原,36
20210417,久留米,83
20210417,大垣,44
20210417,西武園,26
20210417,名古屋,42
20210418,松山,75
20210418,大垣,44
20210418,松阪,47
20210418,西武園,26
20210418,小田原,36
20210418,小倉,81
20210418,別府,86
20210419,広島,62
20210419,別府,86
20210419,青森,12
20210419,松戸,31
20210419,松山,75
20210419,和歌山,55
20210420,和歌山,55
20210420,青森,12
20210420,広島,62
20210420,松戸,31
20210420,別府,86
20210420,松山,75
20210421,和歌山,55
20210421,松戸,31
20210421,四日市,48
20210421,青森,12
20210421,広島,62
20210422,小倉,81
20210422,四日市,48
20210422,前橋,22
20210422,武雄,84
20210422,取手,23
20210422,小田原,36
20210423,松山,75
20210423,小倉,81
20210423,武雄,84
20210423,取手,23
20210423,向日町,54
20210423,前橋,22
20210423,小田原,36
20210423,四日市,48
20210424,前橋,22
20210424,武雄,84
20210424,小倉,81
20210424,取手,23
20210424,豊橋,45
20210424,松山,75
20210424,小田原,36
20210424,向日町,54
20210425,松山,75
20210425,函館,11
20210425,武雄,84
20210425,松戸,31
20210425,豊橋,45
20210425,向日町,54
20210425,青森,12
20210426,松戸,31
20210426,豊橋,45
20210426,弥彦,21
20210426,福井,51
20210426,函館,11
20210426,青森,12
20210426,小倉,81
20210427,小倉,81
20210427,青森,12
20210427,弥彦,21
20210427,岐阜,43
20210427,松戸,31
20210427,福井,51
20210427,函館,11
20210428,武雄,84
20210428,佐世保,85
20210428,弥彦,21
20210428,宇都宮,24
20210428,福井,51
20210428,小倉,81
20210428,岐阜,43
20210428,平塚,35
20210429,奈良,53
20210429,岐阜,43
20210429,佐世保,85
20210429,平塚,35
20210429,宇都宮,24
20210429,武雄,84
20210429,立川,28
20210430,武雄,84
20210430,平塚,35
20210430,宇都宮,24
20210430,和歌山,55
20210430,奈良,53
20210430,立川,28
20210430,佐世保,85
20210501,西武園,26
20210501,和歌山,55
20210501,立川,28
20210501,静岡,38
20210501,名古屋,42
20210501,大垣,44
20210501,奈良,53
20210501,前橋,22
20210501,函館,11
20210501,小倉,81
20210502,小倉,81
20210502,和歌山,55
20210502,奈良,53
20210502,前橋,22
20210502,西武園,26
20210502,大垣,44
20210502,函館,11
20210502,静岡,38
20210502,名古屋,42
20210503,前橋,22
20210503,西武園,26
20210503,函館,11
20210503,名古屋,42
20210503,大垣,44
20210503,福井,51
20210503,小倉,81
20210503,静岡,38
20210504,別府,86
20210504,川崎,34
20210504,京王閣,27
20210504,富山,46
20210504,佐世保,85
20210504,松山,75
20210504,福井,51
20210505,川崎,34
20210505,京王閣,27
20210505,福井,51
20210505,別府,86
20210505,富山,46
20210505,佐世保,85
20210505,四日市,48
20210505,松山,75
20210506,富山,46
20210506,佐世保,85
20210506,別府,86
20210506,京王閣,27
20210506,松山,75
20210506,四日市,48
20210506,川崎,34
20210507,防府,63
20210507,伊東,37
20210507,弥彦,21
20210507,四日市,48
20210507,京王閣,27
20210507,函館,11
20210508,小倉,81
20210508,伊東,37
20210508,名古屋,42
20210508,弥彦,21
20210508,防府,63
20210508,函館,11
20210508,京王閣,27
20210509,京王閣,27
20210509,函館,11
20210509,名古屋,42
20210509,小倉,81
20210509,防府,63
20210509,弥彦,21
20210509,伊東,37
20210510,青森,12
20210510,名古屋,42
20210510,小倉,81
20210510,向日町,54
20210510,岐阜,43
20210510,広島,62
20210511,青森,12
20210511,向日町,54
20210511,広島,62
20210511,岐阜,43
20210512,川崎,34
20210512,高知,74
20210512,広島,62
20210512,青森,12
20210512,松阪,47
20210512,大宮,25
20210512,岐阜,43
20210512,向日町,54
20210512,武雄,84
20210513,松阪,47
20210513,高松,71
20210513,大宮,25
20210513,川崎,34
20210513,高知,74
20210513,武雄,84
20210514,松阪,47
20210514,川崎,34
20210514,高知,74
20210514,武雄,84
20210514,弥彦,21
20210514,大宮,25
20210514,高松,71
20210514,福井,51
20210515,松山,75
20210515,函館,11
20210515,弥彦,21
20210515,高松,71
20210515,豊橋,45
20210515,小倉,81
20210515,福井,51
20210516,弥彦,21
20210516,豊橋,45
20210516,松山,75
20210516,福井,51
20210516,函館,11
20210516,宇都宮,24
20210516,小倉,81
20210517,松山,75
20210517,函館,11
20210517,豊橋,45
20210517,宇都宮,24
20210517,平塚,35
20210517,小倉,81
20210518,別府,86
20210518,函館,11
20210518,宇都宮,24
20210518,防府,63
20210518,奈良,53
20210518,平塚,35
20210519,別府,86
20210519,平塚,35
20210519,奈良,53
20210519,防府,63
20210519,大垣,44
20210520,奈良,53
20210520,静岡,38
20210520,大垣,44
20210520,前橋,22
20210520,防府,63
20210520,別府,86
20210521,久留米,83
20210521,函館,11
20210521,大宮,25
20210521,青森,12
20210521,前橋,22
20210521,大垣,44
20210521,静岡,38
20210521,川崎,34
20210522,青森,12
20210522,大宮,25
20210522,前橋,22
20210522,福井,51
20210522,久留米,83
20210522,函館,11
20210522,川崎,34
20210522,静岡,38
20210523,広島,62
20210523,前橋,22
20210523,大宮,25
20210523,久留米,83
20210523,函館,11
20210523,福井,51
20210523,青森,12
20210523,川崎,34
20210524,豊橋,45
20210524,松阪,47
20210524,広島,62
20210524,福井,51
20210524,弥彦,21
20210524,小倉,81
20210525,小倉,81
20210525,弥彦,21
20210525,広島,62
20210525,向日町,54
20210525,豊橋,45
20210525,松阪,47
20210526,立川,28
20210526,青森,12
20210526,向日町,54
20210526,弥彦,21
20210526,小倉,81
20210526,豊橋,45
20210526,松阪,47
20210527,取手,23
20210527,松戸,31
20210527,奈良,53
20210527,立川,28
20210527,向日町,54
20210527,青森,12
20210527,大垣,44
20210528,取手,23
20210528,立川,28
20210528,青森,12
20210528,大垣,44
20210528,松戸,31
20210528,奈良,53
20210529,いわき平,13
20210529,大垣,44
20210529,別府,86
20210529,取手,23
20210529,奈良,53
20210529,松戸,31
20210529,広島,62
20210530,別府,86
20210530,前橋,22
20210530,小倉,81
20210530,川崎,34
20210530,いわき平,13
20210530,広島,62
20210531,川崎,34
20210531,小倉,81
20210531,前橋,22
20210531,静岡,38
20210531,岸和田,56
20210531,別府,86
20210531,いわき平,13
20210601,静岡,38
20210601,岸和田,56
20210601,川崎,34
20210601,京王閣,27
20210601,小倉,81
20210601,前橋,22
20210602,京王閣,27
20210602,松阪,47
20210602,静岡,38
20210602,松戸,31
20210602,小田原,36
20210602,岸和田,56
20210602,広島,62
20210603,青森,12
20210603,松阪,47
20210603,京王閣,27
20210603,豊橋,45
20210603,広島,62
20210603,小田原,36
20210603,松戸,31
20210604,広島,62
20210604,松戸,31
20210604,豊橋,45
20210604,小田原,36
20210604,和歌山,55
20210604,松阪,47
20210604,青森,12
20210604,前橋,22
20210605,松山,75
20210605,和歌山,55
20210605,豊橋,45
20210605,高松,71
20210605,青森,12
20210605,小倉,81
20210605,前橋,22
20210605,別府,86
20210606,小倉,81
20210606,和歌山,55
20210606,高松,71
20210606,松山,75
20210606,前橋,22
20210606,四日市,48
20210606,別府,86
20210607,松山,75
20210607,高松,71
20210607,大宮,25
20210607,別府,86
20210607,川崎,34
20210607,小倉,81
20210607,四日市,48
20210608,四日市,48
20210608,別府,86
20210608,大垣,44
20210608,川崎,34
20210608,大宮,25
20210608,取手,23
20210608,青森,12
20210609,大垣,44
20210609,大宮,25
20210609,青森,12
20210609,取手,23
20210609,川崎,34
20210609,岸和田,56
20210610,岸和田,56
20210610,武雄,84
20210610,取手,23
20210610,松山,75
20210610,福井,51
20210610,青森,12
20210610,大垣,44
20210611,福井,51
20210611,岸和田,56
20210611,武雄,84
20210611,弥彦,21
20210611,松戸,31
20210611,広島,62
20210611,松山,75
20210611,小倉,81
20210612,福井,51
20210612,武雄,84
20210612,広島,62
20210612,松山,75
20210612,弥彦,21
20210612,小倉,81
20210612,松戸,31
20210613,松戸,31
20210613,松山,75
20210613,弥彦,21
20210613,福井,51
20210613,小倉,81
20210613,広島,62
20210614,西武園,26
20210614,大垣,44
20210614,高松,71
20210614,名古屋,42
20210614,佐世保,85
20210614,青森,12
20210615,平塚,35
20210615,名古屋,42
20210615,大垣,44
20210615,高松,71
20210615,西武園,26
20210615,佐世保,85
20210615,青森,12
20210616,佐世保,85
20210616,高松,71
20210616,青森,12
20210616,平塚,35
20210616,名古屋,42
20210616,大垣,44
20210616,西武園,26
20210617,小倉,81
20210617,広島,62
20210617,前橋,22
20210617,いわき平,13
20210617,平塚,35
20210617,岸和田,56
20210618,岸和田,56
20210618,小倉,81
20210618,松山,75
20210618,前橋,22
20210618,取手,23
20210618,いわき平,13
20210618,広島,62
20210619,岸和田,56
20210619,広島,62
20210619,いわき平,13
20210619,取手,23
20210619,松山,75
20210619,小倉,81
20210619,前橋,22
20210620,松山,75
20210620,岸和田,56
20210620,弥彦,21
20210620,別府,86
20210620,取手,23
20210620,富山,46
20210620,伊東,37
20210620,大垣,44
20210621,伊東,37
20210621,大垣,44
20210621,川崎,34
20210621,別府,86
20210621,富山,46
20210621,小倉,81
20210621,名古屋,42
20210621,弥彦,21
20210622,大垣,44
20210622,名古屋,42
20210622,弥彦,21
20210622,小倉,81
20210622,別府,86
20210622,伊東,37
20210622,川崎,34
20210622,富山,46
20210623,松山,75
20210623,名古屋,42
20210623,小倉,81
20210623,川崎,34
20210623,高知,74
20210623,西武園,26
20210623,青森,12
20210624,松山,75
20210624,向日町,54
20210624,西武園,26
20210624,青森,12
20210624,高知,74
20210624,松阪,47
20210624,宇都宮,24
20210625,宇都宮,24
20210625,西武園,26
20210625,小倉,81
20210625,高知,74
20210625,松阪,47
20210625,高松,71
20210625,青森,12
20210625,松山,75
20210625,向日町,54
20210626,向日町,54
20210626,高松,71
20210626,久留米,83
20210626,宇都宮,24
20210626,奈良,53
20210626,松阪,47
20210626,小倉,81
20210627,小倉,81
20210627,久留米,83
20210627,大垣,44
20210627,弥彦,21
20210627,奈良,53
20210627,高松,71
20210628,立川,28
20210628,奈良,53
20210628,青森,12
20210628,大垣,44
20210628,いわき平,13
20210628,久留米,83
20210628,弥彦,21
20210629,久留米,83
20210629,立川,28
20210629,青森,12
20210629,いわき平,13
20210629,弥彦,21
20210629,大垣,44
20210630,松阪,47
20210630,いわき平,13
20210630,立川,28
20210630,向日町,54
20210630,川崎,34
20210630,青森,12
20210701,岸和田,56
20210701,前橋,22
20210701,小松島,73
20210701,松阪,47
20210701,小倉,81
20210701,向日町,54
20210701,川崎,34
20210702,富山,46
20210702,佐世保,85
20210702,向日町,54
20210702,岸和田,56
20210702,前橋,22
20210702,松阪,47
20210702,小倉,81
20210702,川崎,34
20210702,小松島,73
20210702,京王閣,27
20210703,前橋,22
20210703,岸和田,56
20210703,弥彦,21
20210703,佐世保,85
20210703,小松島,73
20210703,小倉,81
20210703,青森,12
20210703,京王閣,27
20210703,富山,46
20210704,青森,12
20210704,小松島,73
20210704,弥彦,21
20210704,京王閣,27
20210704,佐世保,85
20210704,富山,46
20210704,奈良,53
20210705,小田原,36
20210705,青森,12
20210705,奈良,53
20210705,名古屋,42
20210705,久留米,83
20210705,取手,23
20210705,弥彦,21
20210706,小田原,36
20210706,奈良,53
20210706,名古屋,42
20210706,静岡,38
20210706,取手,23
20210706,久留米,83
20210707,小田原,36
20210707,函館,11
20210707,静岡,38
20210707,久留米,83
20210707,名古屋,42
20210707,取手,23
20210707,高知,74
20210708,静岡,38
20210708,函館,11
20210708,佐世保,85
20210708,高知,74
20210708,立川,28
20210708,防府,63
20210708,福井,51
20210709,函館,11
20210709,高知,74
20210709,松阪,47
20210709,立川,28
20210709,防府,63
20210709,福井,51
20210709,佐世保,85
20210710,福井,51
20210710,佐世保,85
20210710,大垣,44
20210710,松阪,47
20210710,立川,28
20210710,防府,63
20210710,いわき平,13
20210710,西武園,26
20210711,松阪,47
20210711,大垣,44
20210711,松山,75
20210711,福井,51
20210711,いわき平,13
20210711,青森,12
20210711,西武園,26
20210712,大垣,44
20210712,青森,12
20210712,西武園,26
20210712,松山,75
20210712,いわき平,13
20210712,富山,46
20210713,青森,12
20210713,富山,46
20210713,宇都宮,24
20210713,和歌山,55
20210713,松山,75
20210713,武雄,84
20210714,富山,46
20210714,武雄,84
20210714,和歌山,55
20210714,宇都宮,24
20210714,伊東,37
20210714,小松島,73
20210715,小松島,73
20210715,和歌山,55
20210715,伊東,37
20210715,武雄,84
20210715,宇都宮,24
20210716,小松島,73
20210716,小田原,36
20210716,伊東,37
20210716,函館,11
20210717,松阪,47
20210717,弥彦,21
20210717,大宮,25
20210717,松山,75
20210717,小田原,36
20210717,函館,11
20210718,弥彦,21
20210718,函館,11
20210718,松阪,47
20210718,松山,75
20210718,大宮,25
20210718,小田原,36
20210718,富山,46
20210719,弥彦,21
20210719,岐阜,43
20210719,奈良,53
20210719,大宮,25
20210719,富山,46
20210719,松阪,47
20210719,松山,75
20210719,武雄,84
20210720,奈良,53
20210720,武雄,84
20210720,取手,23
20210720,岐阜,43
20210720,富山,46
20210720,青森,12
20210720,伊東,37
20210721,高松,71
20210721,伊東,37
20210721,武雄,84
20210721,岐阜,43
20210721,青森,12
20210721,奈良,53
20210721,函館,11
20210721,取手,23
20210722,松戸,31
20210722,函館,11
20210722,伊東,37
20210722,高松,71
20210722,取手,23
20210722,青森,12
20210723,佐世保,85
20210723,函館,11
20210723,松戸,31
20210723,富山,46
20210723,高松,71
20210723,立川,28
20210723,大垣,44
20210724,佐世保,85
20210724,立川,28
20210724,別府,86
20210724,松戸,31
20210724,富山,46
20210724,松山,75
20210724,大垣,44
20210725,佐世保,85
20210725,別府,86
20210725,松山,75
20210725,函館,11
20210725,富山,46
20210725,立川,28
20210725,岸和田,56
20210725,大垣,44
20210726,小松島,73
20210726,富山,46
20210726,別府,86
20210726,岸和田,56
20210726,松山,75
20210726,函館,11
20210727,小松島,73
20210727,岸和田,56
20210727,前橋,22
20210727,豊橋,45
20210727,函館,11
20210727,平塚,35
20210728,久留米,83
20210728,小松島,73
20210728,平塚,35
20210728,弥彦,21
20210728,前橋,22
20210728,豊橋,45
20210729,高知,74
20210729,久留米,83
20210729,静岡,38
20210729,弥彦,21
20210729,前橋,22
20210729,西武園,26
20210729,豊橋,45
20210729,平塚,35
20210730,高知,74
20210730,静岡,38
20210730,佐世保,85
20210730,西武園,26
20210730,弥彦,21
20210730,久留米,83
20210731,松阪,47
20210731,静岡,38
20210731,佐世保,85
20210731,青森,12
20210731,西武園,26
20210731,高知,74
20210801,青森,12
20210801,小田原,36
20210801,松阪,47
20210801,奈良,53
20210801,高知,74
20210801,佐世保,85
20210802,松阪,47
20210802,奈良,53
20210802,青森,12
20210802,別府,86
20210802,岐阜,43
20210802,小田原,36
20210803,小田原,36
20210803,小松島,73
20210803,岐阜,43
20210803,向日町,54
20210803,奈良,53
20210803,松山,75
20210803,別府,86
20210803,弥彦,21
20210804,弥彦,21
20210804,岐阜,43
20210804,別府,86
20210804,取手,23
20210804,松山,75
20210804,小松島,73
20210804,向日町,54
20210805,取手,23
20210805,小松島,73
20210805,向日町,54
20210805,松山,75
20210805,弥彦,21
20210805,川崎,34
20210806,前橋,22
20210806,函館,11
20210806,四日市,48
20210806,取手,23
20210806,川崎,34
20210807,広島,62
20210807,高知,74
20210807,川崎,34
20210807,四日市,48
20210807,岐阜,43
20210807,函館,11
20210807,前橋,22
20210808,前橋,22
20210808,川崎,34
20210808,岐阜,43
20210808,広島,62
20210808,高知,74
20210808,函館,11
20210808,四日市,48
20210809,岐阜,43
20210809,松山,75
20210809,広島,62
20210809,高知,74
20210809,奈良,53
20210810,いわき平,13
20210810,別府,86
20210810,松山,75
20210810,西武園,26
20210810,防府,63
20210810,奈良,53
20210811,防府,63
20210811,西武園,26
20210811,松山,75
20210811,別府,86
20210811,奈良,53
20210811,いわき平,13
20210812,豊橋,45
20210812,防府,63
20210812,宇都宮,24
20210812,別府,86
20210812,いわき平,13
20210812,西武園,26
20210813,宇都宮,24
20210813,向日町,54
20210813,いわき平,13
20210813,青森,12
20210813,豊橋,45
20210813,武雄,84
20210814,豊橋,45
20210814,いわき平,13
20210814,宇都宮,24
20210814,武雄,84
20210814,向日町,54
20210814,青森,12
20210815,いわき平,13
20210815,武雄,84
20210815,向日町,54
20210815,青森,12
20210815,川崎,34
20210816,岸和田,56
20210816,防府,63
20210816,川崎,34
20210816,京王閣,27
20210816,西武園,26
20210817,西武園,26
20210817,京王閣,27
20210817,岸和田,56
20210817,防府,63
20210817,川崎,34
20210818,防府,63
20210818,西武園,26
20210818,函館,11
20210818,伊東,37
20210818,岸和田,56
20210818,四日市,48
20210818,京王閣,27
20210819,函館,11
20210819,四日市,48
20210819,伊東,37
20210819,別府,86
20210819,平塚,35
20210820,平塚,35
20210820,四日市,48
20210820,松山,75
20210820,佐世保,85
20210820,函館,11
20210820,和歌山,55
20210820,伊東,37
20210820,別府,86
20210821,和歌山,55
20210821,別府,86
20210821,松戸,31
20210821,平塚,35
20210821,富山,46
20210821,小松島,73
20210821,松山,75
20210821,佐世保,85
20210821,武雄,84
20210822,和歌山,55
20210822,富山,46
20210822,武雄,84
20210822,大宮,25
20210822,松戸,31
20210822,佐世保,85
20210822,青森,12
20210822,松山,75
20210822,小松島,73
20210823,富山,46
20210823,函館,11
20210823,武雄,84
20210823,松戸,31
20210823,大宮,25
20210823,小松島,73
20210823,松阪,47
20210823,青森,12
20210824,函館,11
20210824,松阪,47
20210824,松戸,31
20210824,高知,74
20210824,大宮,25
20210824,青森,12
20210825,函館,11
20210825,高知,74
20210825,宇都宮,24
20210825,名古屋,42
20210825,福井,51
20210825,松阪,47
20210826,宇都宮,24
20210826,松山,75
20210826,小田原,36
20210826,福井,51
20210826,高知,74
20210826,取手,23
20210826,名古屋,42
20210827,名古屋,42
20210827,武雄,84
20210827,松山,75
20210827,小田原,36
20210827,四日市,48
20210827,福井,51
20210827,取手,23
20210827,宇都宮,24
20210828,佐世保,85
20210828,小田原,36
20210828,岸和田,56
20210828,松山,75
20210828,武雄,84
20210828,取手,23
20210828,四日市,48
20210828,小松島,73
20210829,武雄,84
20210829,佐世保,85
20210829,弥彦,21
20210829,富山,46
20210829,小田原,36
20210829,四日市,48
20210829,岸和田,56
20210829,小松島,73
20210830,岸和田,56
20210830,弥彦,21
20210830,富山,46
20210830,別府,86
20210830,佐世保,85
20210830,小松島,73
20210830,川崎,34
20210830,立川,28
20210831,別府,86
20210831,弥彦,21
20210831,川崎,34
20210831,函館,11
20210831,青森,12
20210831,富山,46
20210831,立川,28
20210901,青森,12
20210901,函館,11
20210901,高知,74
20210901,立川,28
20210901,川崎,34
20210901,別府,86
20210902,松山,75
20210902,高知,74
20210902,青森,12
20210902,函館,11
20210902,向日町,54
20210903,小田原,36
20210903,向日町,54
20210903,静岡,38
20210903,西武園,26
20210903,名古屋,42
20210903,高知,74
20210903,松山,75
20210903,久留米,83
20210904,向日町,54
20210904,西武園,26
20210904,静岡,38
20210904,名古屋,42
20210904,小田原,36
20210904,松山,75
20210904,久留米,83
20210905,名古屋,42
20210905,西武園,26
20210905,富山,46
20210905,小田原,36
20210905,久留米,83
20210905,向日町,54
20210905,静岡,38
20210906,弥彦,21
20210906,伊東,37
20210906,富山,46
20210906,佐世保,85
20210906,防府,63
20210906,川崎,34
20210907,川崎,34
20210907,奈良,53
20210907,富山,46
20210907,防府,63
20210907,弥彦,21
20210907,佐世保,85
20210907,伊東,37
20210908,佐世保,85
20210908,奈良,53
20210908,川崎,34
20210908,伊東,37
20210908,弥彦,21
20210908,防府,63
20210909,宇都宮,24
20210909,奈良,53
20210909,久留米,83
20210909,松阪,47
20210909,青森,12
20210909,取手,23
20210910,松阪,47
20210910,小田原,36
20210910,取手,23
20210910,高知,74
20210910,宇都宮,24
20210910,函館,11
20210910,久留米,83
20210910,青森,12
20210911,取手,23
20210911,高知,74
20210911,青森,12
20210911,松阪,47
20210911,久留米,83
20210911,函館,11
20210911,宇都宮,24
20210911,小田原,36
20210912,松阪,47
20210912,函館,11
20210912,小田原,36
20210912,松山,75
20210912,静岡,38
20210912,高知,74
20210912,向日町,54
20210913,向日町,54
20210913,防府,63
20210913,松山,75
20210913,静岡,38
20210913,富山,46
20210913,豊橋,45
20210913,岸和田,56
20210914,京王閣,27
20210914,岸和田,56
20210914,防府,63
20210914,静岡,38
20210914,西武園,26
20210914,松山,75
20210914,向日町,54
20210914,豊橋,45
20210914,富山,46
20210915,富山,46
20210915,川崎,34
20210915,別府,86
20210915,岸和田,56
20210915,京王閣,27
20210915,西武園,26
20210915,防府,63
20210915,函館,11
20210915,豊橋,45
20210916,函館,11
20210916,別府,86
20210916,川崎,34
20210916,京王閣,27
20210916,西武園,26
20210917,別府,86
20210917,平塚,35
20210917,岐阜,43
20210917,函館,11
20210917,川崎,34
20210918,別府,86
20210918,弥彦,21
20210918,宇都宮,24
20210918,岐阜,43
20210918,防府,63
20210918,平塚,35
20210918,武雄,84
20210918,松山,75
20210919,宇都宮,24
20210919,防府,63
20210919,弥彦,21
20210919,武雄,84
20210919,平塚,35
20210919,松山,75
20210919,岐阜,43
20210920,弥彦,21
20210920,松山,75
20210920,武雄,84
20210920,岐阜,43
20210920,防府,63
20210920,いわき平,13
20210920,宇都宮,24
20210921,和歌山,55
20210921,伊東,37
20210921,佐世保,85
20210921,いわき平,13
20210921,名古屋,42
20210922,名古屋,42
20210922,和歌山,55
20210922,いわき平,13
20210922,伊東,37
20210922,別府,86
20210922,佐世保,85
20210923,松山,75
20210923,別府,86
20210923,伊東,37
20210923,名古屋,42
20210923,佐世保,85
20210923,青森,12
20210923,和歌山,55
20210924,別府,86
20210924,松山,75
20210924,青森,12
20210924,大宮,25
20210924,武雄,84
20210924,宇都宮,24
20210925,豊橋,45
20210925,宇都宮,24
20210925,武雄,84
20210925,松山,75
20210925,青森,12
20210925,静岡,38
20210925,奈良,53
20210925,大宮,25
20210926,青森,12
20210926,武雄,84
20210926,豊橋,45
20210926,静岡,38
20210926,奈良,53
20210926,宇都宮,24
20210926,大宮,25
20210926,松戸,31
20210927,静岡,38
20210927,取手,23
20210927,奈良,53
20210927,弥彦,21
20210927,小松島,73
20210927,松戸,31
20210927,豊橋,45
20210928,弥彦,21
20210928,函館,11
20210928,向日町,54
20210928,松戸,31
20210928,名古屋,42
20210928,小松島,73
20210928,取手,23
20210929,別府,86
20210929,小松島,73
20210929,函館,11
20210929,取手,23
20210929,弥彦,21
20210929,向日町,54
20210929,名古屋,42
20210930,別府,86
20210930,平塚,35
20210930,函館,11
20210930,向日町,54
20210930,名古屋,42
20211001,久留米,83
20211001,奈良,53
20211001,平塚,35
20211001,広島,62
20211001,松山,75
20211001,青森,12
20211001,別府,86
20211002,平塚,35
20211002,久留米,83
20211002,青森,12
20211002,広島,62
20211002,京王閣,27
20211002,松山,75
20211002,奈良,53
20211003,京王閣,27
20211003,久留米,83
20211003,松山,75
20211003,奈良,53
20211003,広島,62
20211003,青森,12
20211003,平塚,35
20211004,京王閣,27
20211004,函館,11
20211004,平塚,35
20211004,岐阜,43
20211004,大宮,25
20211004,佐世保,85
20211004,静岡,38
20211005,高知,74
20211005,大宮,25
20211005,福井,51
20211005,函館,11
20211005,岐阜,43
20211005,佐世保,85
20211005,静岡,38
20211006,函館,11
20211006,松戸,31
20211006,岐阜,43
20211006,高知,74
20211006,大宮,25
20211006,福井,51
20211006,佐世保,85
20211006,静岡,38
20211007,取手,23
20211007,富山,46
20211007,高知,74
20211007,松戸,31
20211007,久留米,83
20211007,福井,51
20211008,松戸,31
20211008,奈良,53
20211008,富山,46
20211008,宇都宮,24
20211008,取手,23
20211008,久留米,83
20211008,松山,75
20211009,取手,23
20211009,富山,46
20211009,松山,75
20211009,久留米,83
20211009,奈良,53
20211009,青森,12
20211009,防府,63
20211009,宇都宮,24
20211010,奈良,53
20211010,松山,75
20211010,防府,63
20211010,小田原,36
20211010,久留米,83
20211010,宇都宮,24
20211010,青森,12
20211010,立川,28
20211011,小田原,36
20211011,防府,63
20211011,川崎,34
20211011,青森,12
20211011,立川,28
20211011,別府,86
20211012,川崎,34
20211012,別府,86
20211012,豊橋,45
20211012,小松島,73
20211012,小田原,36
20211012,立川,28
20211012,和歌山,55
20211013,小松島,73
20211013,武雄,84
20211013,川崎,34
20211013,豊橋,45
20211013,別府,86
20211013,和歌山,55
20211014,和歌山,55
20211014,小松島,73
20211014,豊橋,45
20211014,前橋,22
20211014,富山,46
20211014,武雄,84
20211015,武雄,84
20211015,大宮,25
20211015,高知,74
20211015,伊東,37
20211015,前橋,22
20211015,富山,46
20211016,高知,74
20211016,福井,51
20211016,防府,63
20211016,伊東,37
20211016,大宮,25
20211016,前橋,22
20211016,富山,46
20211017,福井,51
20211017,防府,63
20211017,大宮,25
20211017,高知,74
20211017,前橋,22
20211017,伊東,37
20211018,防府,63
20211018,高松,71
20211018,福井,51
20211018,松阪,47
20211018,青森,12
20211018,函館,11
20211018,別府,86
20211019,函館,11
20211019,平塚,35
20211019,松阪,47
20211019,広島,62
20211019,高松,71
20211019,別府,86
20211019,青森,12
20211020,平塚,35
20211020,松阪,47
20211020,高松,71
20211020,青森,12
20211020,広島,62
20211020,函館,11
20211020,別府,86
20211021,広島,62
20211021,松戸,31
20211021,武雄,84
20211021,弥彦,21
20211021,平塚,35
20211022,武雄,84
20211022,松山,75
20211022,京王閣,27
20211022,弥彦,21
20211022,松戸,31
20211022,松阪,47
20211022,伊東,37
20211023,松戸,31
20211023,松阪,47
20211023,武雄,84
20211023,伊東,37
20211023,弥彦,21
20211023,京王閣,27
20211023,松山,75
20211024,函館,11
20211024,伊東,37
20211024,弥彦,21
20211024,松山,75
20211024,松阪,47
20211024,京王閣,27
20211025,福井,51
20211025,函館,11
20211025,広島,62
20211025,別府,86
20211025,四日市,48
20211025,大宮,25
20211025,奈良,53
20211025,青森,12
20211026,別府,86
20211026,大宮,25
20211026,函館,11
20211026,四日市,48
20211026,福井,51
20211026,青森,12
20211026,広島,62
20211026,奈良,53
20211027,広島,62
20211027,四日市,48
20211027,青森,12
20211027,宇都宮,24
20211027,福井,51
20211027,別府,86
20211027,大宮,25
20211027,奈良,53
20211028,松阪,47
20211028,平塚,35
20211028,武雄,84
20211028,立川,28
20211028,松山,75
20211028,弥彦,21
20211028,宇都宮,24
20211029,松山,75
20211029,武雄,84
20211029,平塚,35
20211029,立川,28
20211029,弥彦,21
20211029,松阪,47
20211029,宇都宮,24
20211030,松山,75
20211030,平塚,35
20211030,立川,28
20211030,弥彦,21
20211030,松阪,47
20211030,四日市,48
20211030,武雄,84
20211031,別府,86
20211031,取手,23
20211031,防府,63
20211031,四日市,48
20211031,奈良,53
20211031,松戸,31
20211101,取手,23
20211101,静岡,38
20211101,防府,63
20211101,奈良,53
20211101,四日市,48
20211101,別府,86
20211101,松戸,31
20211102,防府,63
20211102,奈良,53
20211102,取手,23
20211102,大宮,25
20211102,別府,86
20211102,静岡,38
20211102,松戸,31
20211103,松阪,47
20211103,静岡,38
20211103,和歌山,55
20211103,大宮,25
20211103,防府,63
20211103,小田原,36
20211103,いわき平,13
20211103,小倉,81
20211103,佐世保,85
20211104,松阪,47
20211104,大宮,25
20211104,小倉,81
20211104,佐世保,85
20211104,いわき平,13
20211104,小田原,36
20211104,和歌山,55
20211105,伊東,37
20211105,いわき平,13
20211105,和歌山,55
20211105,佐世保,85
20211105,小田原,36
20211105,小倉,81
20211105,松阪,47
20211106,別府,86
20211106,伊東,37
20211106,松山,75
20211106,久留米,83
20211106,四日市,48
20211107,伊東,37
20211107,富山,46
20211107,松山,75
20211107,別府,86
20211107,久留米,83
20211107,岸和田,56
20211107,四日市,48
20211108,別府,86
20211108,四日市,48
20211108,岸和田,56
20211108,松山,75
20211108,富山,46
20211108,久留米,83
20211108,宇都宮,24
20211109,小倉,81
20211109,取手,23
20211109,富山,46
20211109,宇都宮,24
20211109,四日市,48
20211109,奈良,53
20211109,岸和田,56
20211110,宇都宮,24
20211110,福井,51
20211110,平塚,35
20211110,奈良,53
20211110,小倉,81
20211110,大宮,25
20211110,取手,23
20211111,大宮,25
20211111,平塚,35
20211111,小倉,81
20211111,広島,62
20211111,福井,51
20211111,取手,23
20211111,奈良,53
20211112,豊橋,45
20211112,大宮,25
20211112,平塚,35
20211112,岐阜,43
20211112,弥彦,21
20211112,別府,86
20211112,福井,51
20211112,広島,62
20211113,宇都宮,24
20211113,広島,62
20211113,弥彦,21
20211113,佐世保,85
20211113,岐阜,43
20211113,豊橋,45
20211113,別府,86
20211114,岐阜,43
20211114,弥彦,21
20211114,佐世保,85
20211114,宇都宮,24
20211114,別府,86
20211114,豊橋,45
20211114,小松島,73
20211115,宇都宮,24
20211115,武雄,84
20211115,静岡,38
20211115,佐世保,85
20211115,福井,51
20211115,小松島,73
20211115,富山,46
20211116,小松島,73
20211116,静岡,38
20211116,富山,46
20211116,武雄,84
20211116,福井,51
20211117,武雄,84
20211117,静岡,38
20211117,福井,51
20211117,高知,74
20211117,富山,46
20211117,松阪,47
20211118,小倉,81
20211118,広島,62
20211118,佐世保,85
20211118,松戸,31
20211118,松阪,47
20211118,高知,74
20211119,広島,62
20211119,富山,46
20211119,高知,74
20211119,松阪,47
20211119,佐世保,85
20211119,小倉,81
20211119,松戸,31
20211120,富山,46
20211120,松山,75
20211120,広島,62
20211120,佐世保,85
20211120,小倉,81
20211120,西武園,26
20211120,松戸,31
20211121,松山,75
20211121,小倉,81
20211121,別府,86
20211121,平塚,35
20211121,富山,46
20211121,豊橋,45
20211121,西武園,26
20211122,平塚,35
20211122,松山,75
20211122,豊橋,45
20211122,小倉,81
20211122,西武園,26
20211122,別府,86
20211123,小倉,81
20211123,別府,86
20211123,豊橋,45
20211123,平塚,35
20211123,松阪,47
20211124,松阪,47
20211124,京王閣,27
20211124,小田原,36
20211124,小松島,73
20211124,いわき平,13
20211124,高知,74
20211125,小田原,36
20211125,いわき平,13
20211125,武雄,84
20211125,京王閣,27
20211125,高知,74
20211125,小松島,73
20211125,松阪,47
20211126,武雄,84
20211126,いわき平,13
20211126,京王閣,27
20211126,高知,74
20211126,小倉,81
20211126,小田原,36
20211126,小松島,73
20211126,岸和田,56
20211127,武雄,84
20211127,広島,62
20211127,小倉,81
20211127,松山,75
20211127,岸和田,56
20211127,久留米,83
20211127,豊橋,45
20211128,久留米,83
20211128,小倉,81
20211128,広島,62
20211128,豊橋,45
20211128,松山,75
20211128,武雄,84
20211128,岸和田,56
20211128,小田原,36
20211129,小田原,36
20211129,松山,75
20211129,広島,62
20211129,立川,28
20211129,松戸,31
20211129,久留米,83
20211129,豊橋,45
20211129,名古屋,42
20211130,松戸,31
20211130,防府,63
20211130,向日町,54
20211130,いわき平,13
20211130,立川,28
20211130,名古屋,42
20211130,小田原,36
20211130,伊東,37
20211201,立川,28
20211201,名古屋,42
20211201,西武園,26
20211201,防府,63
20211201,向日町,54
20211201,松戸,31
20211201,いわき平,13
20211201,伊東,37
20211202,伊東,37
20211202,向日町,54
20211202,西武園,26
20211202,松山,75
20211202,岐阜,43
20211202,防府,63
20211202,別府,86
20211202,いわき平,13
20211203,奈良,53
20211203,松山,75
20211203,岐阜,43
20211203,平塚,35
20211203,別府,86
20211203,西武園,26
20211203,松戸,31
20211203,取手,23
20211204,平塚,35
20211204,奈良,53
20211204,別府,86
20211204,取手,23
20211204,松戸,31
20211204,松山,75
20211204,岐阜,43
20211205,小倉,81
20211205,豊橋,45
20211205,平塚,35
20211205,奈良,53
20211205,松戸,31
20211205,松山,75
20211205,取手,23
20211206,豊橋,45
20211206,武雄,84
20211206,防府,63
20211206,小倉,81
20211206,高知,74
20211206,和歌山,55
20211207,豊橋,45
20211207,小倉,81
20211207,西武園,26
20211207,向日町,54
20211207,防府,63
20211207,和歌山,55
20211207,武雄,84
20211207,高知,74
20211208,防府,63
20211208,西武園,26
20211208,武雄,84
20211208,高知,74
20211208,和歌山,55
20211208,向日町,54
20211209,小倉,81
20211209,広島,62
20211209,名古屋,42
20211209,西武園,26
20211209,小田原,36
20211209,向日町,54
20211209,いわき平,13
20211209,別府,86
20211210,名古屋,42
20211210,いわき平,13
20211210,京王閣,27
20211210,広島,62
20211210,小田原,36
20211210,小倉,81
20211210,別府,86
20211211,名古屋,42
20211211,広島,62
20211211,別府,86
20211211,いわき平,13
20211211,京王閣,27
20211211,小田原,36
20211211,小倉,81
20211212,京王閣,27
20211212,松戸,31
20211212,佐世保,85
20211212,松阪,47
20211212,豊橋,45
20211212,広島,62
20211213,豊橋,45
20211213,立川,28
20211213,高知,74
20211213,松戸,31
20211213,佐世保,85
20211213,松阪,47
20211213,向日町,54
20211214,高知,74
20211214,松戸,31
20211214,向日町,54
20211214,豊橋,45
20211214,佐世保,85
20211214,立川,28
20211214,松阪,47
20211215,西武園,26
20211215,小倉,81
20211215,立川,28
20211215,高知,74
20211215,向日町,54
20211215,松山,75
20211215,防府,63
20211216,防府,63
20211216,松山,75
20211216,伊東,37
20211216,西武園,26
20211216,取手,23
20211216,小倉,81
20211216,岸和田,56
20211217,岸和田,56
20211217,取手,23
20211217,防府,63
20211217,西武園,26
20211217,松山,75
20211217,松阪,47
20211217,小倉,81
20211217,伊東,37
20211218,高松,71
20211218,奈良,53
20211218,岸和田,56
20211218,松阪,47
20211218,伊東,37
20211218,取手,23
20211219,高松,71
20211219,奈良,53
20211219,武雄,84
20211219,松阪,47
20211219,伊東,37
20211220,高松,71
20211220,川崎,34
20211220,武雄,84
20211220,京王閣,27
20211220,奈良,53
20211220,高知,74
20211221,高知,74
20211221,川崎,34
20211221,名古屋,42
20211221,京王閣,27
20211221,武雄,84
20211221,小松島,73
20211222,小倉,81
20211222,高知,74
20211222,小松島,73
20211222,京王閣,27
20211222,西武園,26
20211222,名古屋,42
20211222,川崎,34
20211223,松戸,31
20211223,小松島,73
20211223,西武園,26
20211223,小倉,81
20211223,佐世保,85
20211223,名古屋,42
20211224,西武園,26
20211224,小倉,81
20211224,松戸,31
20211224,大垣,44
20211224,佐世保,85
20211224,小田原,36
20211225,松戸,31
20211225,小田原,36
20211225,佐世保,85
20211225,松山,75
20211225,防府,63
20211225,前橋,22
20211225,宇都宮,24
20211225,大垣,44
20211226,松山,75
20211226,奈良,53
20211226,大垣,44
20211226,防府,63
20211226,宇都宮,24
20211226,小田原,36
20211226,佐世保,85
20211226,前橋,22
20211227,前橋,22
20211227,奈良,53
20211227,別府,86
20211227,防府,63
20211227,松山,75
20211227,宇都宮,24
20211228,立川,28
20211228,別府,86
20211228,小倉,81
20211228,岐阜,43
20211228,奈良,53
20211228,静岡,38
20211229,立川,28
20211229,別府,86
20211229,久留米,83
20211229,小倉,81
20211229,松戸,31
20211229,岐阜,43
20211229,静岡,38
20211230,広島,62
20211230,岐阜,43
20211230,立川,28
20211230,松戸,31
20211230,小倉,81
20211230,久留米,83
20211230,静岡,38
20211231,久留米,83
20211231,松戸,31
20211231,岸和田,56
20211231,広島,62
20220101,宇都宮,24
20220101,大垣,44
20220101,松阪,47
20220101,岸和田,56
20220101,広島,62
20220101,高松,71
20220101,別府,86
20220101,伊東,37
20220101,前橋,22
20220102,岸和田,56
20220102,大垣,44
20220102,いわき平,13
20220102,伊東,37
20220102,松阪,47
20220102,別府,86
20220102,前橋,22
20220102,高松,71
20220102,宇都宮,24
20220102,小田原,36
20220103,いわき平,13
20220103,小田原,36
20220103,前橋,22
20220103,大垣,44
20220103,高松,71
20220103,松阪,47
20220103,伊東,37
20220103,宇都宮,24
20220103,別府,86
20220104,高知,74
20220104,小倉,81
20220104,四日市,48
20220104,向日町,54
20220104,小田原,36
20220104,いわき平,13
20220104,立川,28
20220105,小倉,81
20220105,四日市,48
20220105,向日町,54
20220105,立川,28
20220105,高知,74
20220105,広島,62
20220106,小倉,81
20220106,松山,75
20220106,向日町,54
20220106,高知,74
20220106,広島,62
20220106,立川,28
20220106,四日市,48
20220107,西武園,26
20220107,広島,62
20220107,松山,75
20220107,佐世保,85
20220107,大垣,44
20220107,立川,28
20220108,西武園,26
20220108,大垣,44
20220108,佐世保,85
20220108,高松,71
20220108,平塚,35
20220108,名古屋,42
20220108,松山,75
20220109,佐世保,85
20220109,名古屋,42
20220109,高松,71
20220109,静岡,38
20220109,和歌山,55
20220109,大垣,44
20220109,平塚,35
20220109,西武園,26
20220110,静岡,38
20220110,平塚,35
20220110,和歌山,55
20220110,京王閣,27
20220110,取手,23
20220110,高松,71
20220110,小倉,81
20220110,名古屋,42
20220111,取手,23
20220111,京王閣,27
20220111,和歌山,55
20220111,前橋,22
20220111,小倉,81
20220111,静岡,38
20220111,小松島,73
20220112,小松島,73
20220112,前橋,22
20220112,京王閣,27
20220112,小倉,81
20220112,松山,75
20220112,和歌山,55
20220112,取手,23
20220113,松山,75
20220113,前橋,22
20220113,小松島,73
20220113,大垣,44
20220114,大垣,44
20220114,四日市,48
20220114,小倉,81
20220114,別府,86
20220114,松山,75
20220114,伊東,37
20220114,岸和田,56
20220115,四日市,48
20220115,岸和田,56
20220115,別府,86
20220115,伊東,37
20220115,大宮,25
20220115,大垣,44
20220115,小倉,81
20220116,別府,86
20220116,久留米,83
20220116,岸和田,56
20220116,四日市,48
20220116,伊東,37
20220116,大宮,25
20220116,小倉,81
20220117,奈良,53
20220117,久留米,83
20220117,防府,63
20220117,川崎,34
20220117,大宮,25
20220117,大垣,44
20220118,奈良,53
20220118,防府,63
20220118,川崎,34
20220118,大宮,25
20220118,久留米,83
20220118,大垣,44
20220119,小田原,36
20220119,防府,63
20220119,前橋,22
20220119,大垣,44
20220119,川崎,34
20220119,奈良,53
20220120,前橋,22
20220120,小倉,81
20220120,小田原,36
20220120,高知,74
20220120,豊橋,45
20220120,松戸,31
20220121,小田原,36
20220121,豊橋,45
20220121,松戸,31
20220121,小倉,81
20220121,高知,74
20220121,前橋,22
20220122,豊橋,45
20220122,高知,74
20220122,別府,86
20220122,小倉,81
20220122,松戸,31
20220123,伊東,37
20220123,豊橋,45
20220123,別府,86
20220123,宇都宮,24
20220123,小田原,36
20220124,松山,75
20220124,宇都宮,24
20220124,小田原,36
20220124,西武園,26
20220124,伊東,37
20220124,和歌山,55
20220124,向日町,54
20220124,別府,86
20220125,松山,75
20220125,伊東,37
20220125,宇都宮,24
20220125,西武園,26
20220125,和歌山,55
20220125,小田原,36
20220125,向日町,54
20220126,松山,75
20220126,和歌山,55
20220126,向日町,54
20220126,西武園,26
20220126,川崎,34
20220127,立川,28
20220127,久留米,83
20220127,高松,71
20220127,大垣,44
20220127,小倉,81
20220127,川崎,34
20220128,久留米,83
20220128,小倉,81
20220128,高松,71
20220128,大垣,44
20220128,立川,28
20220128,川崎,34
20220129,小倉,81
20220129,大垣,44
20220129,高松,71
20220129,松戸,31
20220129,立川,28
20220129,久留米,83
20220129,別府,86
20220130,別府,86
20220130,高松,71
20220130,四日市,48
20220130,前橋,22
20220130,松戸,31
20220130,奈良,53
20220131,別府,86
20220131,松戸,31
20220131,四日市,48
20220131,前橋,22
20220131,大宮,25
20220131,広島,62
20220131,取手,23
20220131,奈良,53
20220201,奈良,53
20220201,広島,62
20220201,取手,23
20220201,高知,74
20220201,四日市,48
20220201,大垣,44
20220201,前橋,22
20220201,小倉,81
20220201,大宮,25
20220202,大垣,44
20220202,高知,74
20220202,大宮,25
20220202,向日町,54
20220202,広島,62
20220202,小倉,81
20220202,取手,23
20220203,名古屋,42
20220203,大垣,44
20220203,静岡,38
20220203,小倉,81
20220203,高知,74
20220203,松山,75
20220203,向日町,54
20220204,向日町,54
20220204,高松,71
20220204,松山,75
20220204,前橋,22
20220204,名古屋,42
20220204,静岡,38
20220205,松山,75
20220205,名古屋,42
20220205,静岡,38
20220205,高松,71
20220205,和歌山,55
20220205,前橋,22
20220206,前橋,22
20220206,佐世保,85
20220206,四日市,48
20220206,小倉,81
20220206,川崎,34
20220206,静岡,38
20220206,高松,71
20220206,和歌山,55
20220207,川崎,34
20220207,和歌山,55
20220207,小倉,81
20220207,四日市,48
20220207,高知,74
20220207,佐世保,85
20220207,西武園,26
20220207,小田原,36
20220208,佐世保,85
20220208,高知,74
20220208,西武園,26
20220208,小倉,81
20220208,四日市,48
20220208,小田原,36
20220208,川崎,34
20220209,西武園,26
20220209,高知,74
20220209,大垣,44
20220209,前橋,22
20220209,小田原,36
20220209,松山,75
20220209,伊東,37
20220209,別府,86
20220210,大垣,44
20220210,奈良,53
20220210,伊東,37
20220210,立川,28
20220210,広島,62
20220210,別府,86
20220210,松山,75
20220210,前橋,22
20220211,奈良,53
20220211,大垣,44
20220211,前橋,22
20220211,立川,28
20220211,松山,75
20220211,広島,62
20220211,伊東,37
20220211,別府,86
20220212,松戸,31
20220212,広島,62
20220212,小倉,81
20220212,豊橋,45
20220212,奈良,53
20220212,立川,28
20220213,奈良,53
20220213,小松島,73
20220213,豊橋,45
20220213,高知,74
20220213,小倉,81
20220213,大垣,44
20220213,松戸,31
20220214,小倉,81
20220214,西武園,26
20220214,松戸,31
20220214,平塚,35
20220214,小松島,73
20220214,岐阜,43
20220214,豊橋,45
20220214,大垣,44
20220214,高知,74
20220215,大垣,44
20220215,岐阜,43
20220215,小松島,73
20220215,久留米,83
20220215,西武園,26
20220215,高知,74
20220215,京王閣,27
20220215,平塚,35
20220216,岐阜,43
20220216,西武園,26
20220216,平塚,35
20220216,別府,86
20220216,久留米,83
20220216,京王閣,27
20220217,名古屋,42
20220217,防府,63
20220217,向日町,54
20220217,久留米,83
20220217,いわき平,13
20220217,京王閣,27
20220217,別府,86
20220217,和歌山,55
20220218,防府,63
20220218,和歌山,55
20220218,いわき平,13
20220218,別府,86
20220218,小倉,81
20220218,四日市,48
20220218,京王閣,27
20220218,名古屋,42
20220218,向日町,54
20220219,小倉,81
20220219,四日市,48
20220219,防府,63
20220219,名古屋,42
20220219,小松島,73
20220219,和歌山,55
20220219,向日町,54
20220219,いわき平,13
20220219,平塚,35
20220220,平塚,35
20220220,取手,23
20220220,松山,75
20220220,小倉,81
20220220,四日市,48
20220220,小松島,73
20220221,伊東,37
20220221,大垣,44
20220221,小松島,73
20220221,佐世保,85
20220221,前橋,22
20220221,松山,75
20220221,岸和田,56
20220221,取手,23
20220221,平塚,35
20220222,前橋,22
20220222,佐世保,85
20220222,広島,62
20220222,取手,23
20220222,伊東,37
20220222,大垣,44
20220222,松山,75
20220222,岸和田,56
20220223,佐世保,85
20220223,大垣,44
20220223,広島,62
20220223,前橋,22
20220223,伊東,37
20220223,岸和田,56
20220223,取手,23
20220224,四日市,48
20220224,奈良,53
20220224,大宮,25
20220224,小倉,81
20220224,広島,62
20220225,向日町,54
20220225,名古屋,42
20220225,小倉,81
20220225,大宮,25
20220225,四日市,48
20220225,奈良,53
20220226,四日市,48
20220226,向日町,54
20220226,高知,74
20220226,小倉,81
20220226,大宮,25
20220226,静岡,38
20220226,名古屋,42
20220226,奈良,53
20220227,名古屋,42
20220227,静岡,38
20220227,川崎,34
20220227,高知,74
20220227,向日町,54
20220227,玉野,61
20220227,大垣,44
20220228,大垣,44
20220228,豊橋,45
20220228,静岡,38
20220228,川崎,34
20220228,玉野,61
20220228,高知,74
20220301,大垣,44
20220301,川崎,34
20220301,玉野,61
20220301,高知,74
20220301,武雄,84
20220301,豊橋,45
20220302,小倉,81
20220302,武雄,84
20220302,奈良,53
20220302,宇都宮,24
20220302,豊橋,45
20220303,松山,75
20220303,別府,86
20220303,武雄,84
20220303,小倉,81
20220303,宇都宮,24
20220303,奈良,53
20220303,名古屋,42
20220304,小倉,81
20220304,松阪,47
20220304,奈良,53
20220304,伊東,37
20220304,松山,75
20220304,名古屋,42
20220304,宇都宮,24
20220304,別府,86
20220305,別府,86
20220305,松山,75
20220305,向日町,54
20220305,松阪,47
20220305,伊東,37
20220305,名古屋,42
20220305,西武園,26
20220306,伊東,37
20220306,名古屋,42
20220306,高知,74
20220306,小倉,81
20220306,防府,63
20220306,西武園,26
20220306,松阪,47
20220306,向日町,54
20220307,平塚,35
20220307,小倉,81
20220307,福井,51
20220307,向日町,54
20220307,防府,63
20220307,高知,74
20220307,西武園,26
20220308,前橋,22
20220308,平塚,35
20220308,高知,74
20220308,小倉,81
20220308,防府,63
20220308,福井,51
20220308,玉野,61
20220309,玉野,61
20220309,前橋,22
20220309,久留米,83
20220309,福井,51
20220309,別府,86
20220309,平塚,35
20220310,別府,86
20220310,玉野,61
20220310,久留米,83
20220310,前橋,22
20220310,大垣,44
20220311,久留米,83
20220311,西武園,26
20220311,高松,71
20220311,伊東,37
20220311,別府,86
20220311,小倉,81
20220311,大垣,44
20220312,西武園,26
20220312,小倉,81
20220312,大垣,44
20220312,防府,63
20220312,伊東,37
20220312,高松,71
20220313,西武園,26
20220313,防府,63
20220313,大垣,44
20220313,伊東,37
20220313,小倉,81
20220313,高松,71
20220314,四日市,48
20220314,防府,63
20220314,高知,74
20220314,久留米,83
20220314,川崎,34
20220315,立川,28
20220315,久留米,83
20220315,高知,74
20220315,四日市,48
20220315,向日町,54
20220315,川崎,34
20220316,川崎,34
20220316,高知,74
20220316,四日市,48
20220316,久留米,83
20220316,大垣,44
20220316,松山,75
20220316,向日町,54
20220316,立川,28
20220317,豊橋,45
20220317,向日町,54
20220317,松山,75
20220317,小倉,81
20220317,大垣,44
20220317,立川,28
20220318,宇都宮,24
20220318,小倉,81
20220318,豊橋,45
20220318,岸和田,56
20220318,小田原,36
20220318,大垣,44
20220318,松山,75
20220319,宇都宮,24
20220319,岸和田,56
20220319,小倉,81
20220319,京王閣,27
20220319,豊橋,45
20220319,岐阜,43
20220319,小田原,36
20220319,いわき平,13
20220320,京王閣,27
20220320,宇都宮,24
20220320,大垣,44
20220320,小田原,36
20220320,いわき平,13
20220320,岐阜,43
20220320,岸和田,56
20220320,久留米,83
20220321,岐阜,43
20220321,久留米,83
20220321,宇都宮,24
20220321,大垣,44
20220321,いわき平,13
20220321,京王閣,27
20220321,松阪,47
20220322,松山,75
20220322,岸和田,56
20220322,久留米,83
20220322,大垣,44
20220322,松阪,47
20220323,小倉,81
20220323,岸和田,56
20220323,前橋,22
20220323,名古屋,42
20220323,松阪,47
20220323,松山,75
20220324,松戸,31
20220324,名古屋,42
20220324,大宮,25
20220324,静岡,38
20220324,前橋,22
20220324,岸和田,56
20220324,小倉,81
20220324,松山,75
20220325,小倉,81
20220325,松戸,31
20220325,前橋,22
20220325,名古屋,42
20220325,豊橋,45
20220325,大宮,25
20220325,静岡,38
20220326,松戸,31
20220326,静岡,38
20220326,玉野,61
20220326,岐阜,43
20220326,久留米,83
20220326,豊橋,45
20220326,大垣,44
20220326,大宮,25
20220327,久留米,83
20220327,川崎,34
20220327,岐阜,43
20220327,豊橋,45
20220327,武雄,84
20220327,玉野,61
20220327,大垣,44
20220328,武雄,84
20220328,久留米,83
20220328,玉野,61
20220328,川崎,34
20220328,大垣,44
20220328,岐阜,43
20220329,武雄,84
20220329,取手,23
20220329,いわき平,13
20220329,松阪,47
20220329,川崎,34
20220329,小倉,81
20220329,玉野,61
20220330,小倉,81
20220330,松阪,47
20220330,取手,23
20220330,いわき平,13
20220331,取手,23
20220331,小倉,81
20220331,松阪,47
20220331,いわき平,13
20220401,大垣,44
20220401,福井,51
20220401,川崎,34
20220401,松戸,31
20220401,伊東,37
20220401,岸和田,56
20220401,京王閣,27
20220402,別府,86
20220402,伊東,37
20220402,岐阜,43
20220402,大垣,44
20220402,川崎,34
20220402,岸和田,56
20220402,松戸,31
20220402,福井,51
20220402,京王閣,27
20220402,高知,74
20220403,松戸,31
20220403,別府,86
20220403,伊東,37
20220403,岐阜,43
20220403,高知,74
20220403,川崎,34
20220403,大垣,44
20220403,福井,51
20220403,京王閣,27
20220403,岸和田,56
20220404,岐阜,43
20220404,高知,74
20220404,別府,86
20220407,平塚,35
20220407,佐世保,85
20220407,高知,74
20220407,宇都宮,24
20220408,平塚,35
20220408,高知,74
20220408,松阪,47
20220408,佐世保,85
20220408,岸和田,56
20220408,防府,63
20220408,宇都宮,24
20220409,平塚,35
20220409,高知,74
20220409,松阪,47
20220409,岸和田,56
20220409,防府,63
20220409,佐世保,85
20220409,別府,86
20220409,宇都宮,24
20220410,岸和田,56
20220410,防府,63
20220410,立川,28
20220410,平塚,35
20220410,松阪,47
20220410,西武園,26
20220410,向日町,54
20220410,別府,86
20220411,向日町,54
20220411,静岡,38
20220411,立川,28
20220411,西武園,26
20220411,大垣,44
20220411,別府,86
20220411,前橋,22
20220412,大垣,44
20220412,静岡,38
20220412,前橋,22
20220412,佐世保,85
20220412,西武園,26
20220412,立川,28
20220412,向日町,54
20220413,大垣,44
20220413,高知,74
20220413,前橋,22
20220413,函館,11
20220413,松阪,47
20220413,静岡,38
20220413,佐世保,85
20220414,松阪,47
20220414,函館,11
20220414,青森,12
20220414,佐世保,85
20220414,高知,74
20220414,川崎,34
20220415,岐阜,43
20220415,防府,63
20220415,松阪,47
20220415,四日市,48
20220415,岸和田,56
20220415,青森,12
20220415,高知,74
20220415,弥彦,21
20220415,函館,11
20220415,川崎,34
20220416,青森,12
20220416,防府,63
20220416,四日市,48
20220416,弥彦,21
20220416,川崎,34
20220416,武雄,84
20220416,岐阜,43
20220416,玉野,61
20220416,岸和田,56
20220417,防府,63
20220417,弥彦,21
20220417,川崎,34
20220417,四日市,48
20220417,玉野,61
20220417,武雄,84
20220417,岸和田,56
20220417,岐阜,43
20220417,久留米,83
20220418,玉野,61
20220418,武雄,84
20220418,久留米,83
20220418,豊橋,45
20220418,取手,23
20220419,久留米,83
20220419,函館,11
20220419,豊橋,45
20220419,取手,23
20220419,伊東,37
20220419,松阪,47
20220420,高知,74
20220420,青森,12
20220420,取手,23
20220420,伊東,37
20220420,松阪,47
20220420,西武園,26
20220420,函館,11
20220420,豊橋,45
20220421,西武園,26
20220421,青森,12
20220421,向日町,54
20220421,伊東,37
20220421,松阪,47
20220421,函館,11
20220421,高知,74
20220422,青森,12
20220422,高知,74
20220422,玉野,61
20220422,西武園,26
20220422,前橋,22
20220422,四日市,48
20220422,向日町,54
20220423,静岡,38
20220423,前橋,22
20220423,玉野,61
20220423,向日町,54
20220423,武雄,84
20220423,四日市,48
20220423,別府,86
20220424,別府,86
20220424,武雄,84
20220424,玉野,61
20220424,弥彦,21
20220424,四日市,48
20220424,前橋,22
20220424,静岡,38
20220424,松戸,31
20220425,函館,11
20220425,静岡,38
20220425,弥彦,21
20220425,小田原,36
20220425,松戸,31
20220425,小松島,73
20220425,武雄,84
20220425,別府,86
20220425,久留米,83
20220425,宇都宮,24
20220426,久留米,83
20220426,小田原,36
20220426,武雄,84
20220426,弥彦,21
20220426,函館,11
20220426,宇都宮,24
20220426,松戸,31
20220426,小松島,73
20220427,和歌山,55
20220427,小田原,36
20220427,久留米,83
20220427,伊東,37
20220427,宇都宮,24
20220427,函館,11
20220427,小松島,73
20220428,伊東,37
20220428,松阪,47
20220428,向日町,54
20220428,和歌山,55
20220428,青森,12
20220428,大宮,25
20220429,大宮,25
20220429,別府,86
20220429,青森,12
20220429,伊東,37
20220429,和歌山,55
20220429,松阪,47
20220429,向日町,54
20220430,防府,63
20220430,松戸,31
20220430,松阪,47
20220430,大宮,25
20220430,向日町,54
20220430,青森,12
20220430,別府,86
20220430,取手,23
20220430,富山,46
20220501,富山,46
20220501,弥彦,21
20220501,防府,63
20220501,青森,12
20220501,松山,75
20220501,大垣,44
20220501,松戸,31
20220501,取手,23
20220501,別府,86
20220502,大垣,44
20220502,富山,46
20220502,取手,23
20220502,弥彦,21
20220502,松山,75
20220502,伊東,37
20220502,松戸,31
20220502,防府,63
20220503,立川,28
20220503,弥彦,21
20220503,松山,75
20220503,高知,74
20220503,四日市,48
20220503,大垣,44
20220503,いわき平,13
20220503,伊東,37
20220503,福井,51
20220504,立川,28
20220504,前橋,22
20220504,いわき平,13
20220504,四日市,48
20220504,福井,51
20220504,高知,74
20220504,武雄,84
20220504,別府,86
20220504,伊東,37
20220505,四日市,48
20220505,高知,74
20220505,立川,28
20220505,佐世保,85
20220505,前橋,22
20220505,別府,86
20220505,福井,51
20220505,武雄,84
20220505,いわき平,13
20220506,前橋,22
20220506,別府,86
20220506,佐世保,85
20220506,武雄,84
20220506,いわき平,13
20220506,岸和田,56
20220507,いわき平,13
20220507,大垣,44
20220507,豊橋,45
20220507,岸和田,56
20220507,青森,12
20220507,松山,75
20220507,佐世保,85
20220507,川崎,34
20220508,岸和田,56
20220508,豊橋,45
20220508,防府,63
20220508,大垣,44
20220508,松山,75
20220508,いわき平,13
20220508,川崎,34
20220508,青森,12
20220509,大垣,44
20220509,大宮,25
20220509,豊橋,45
20220509,松山,75
20220509,青森,12
20220509,川崎,34
20220509,松阪,47
20220509,防府,63
20220510,大宮,25
20220510,松阪,47
20220510,防府,63
20220511,佐世保,85
20220511,大宮,25
20220511,弥彦,21
20220511,平塚,35
20220511,前橋,22
20220511,高知,74
20220511,松阪,47
20220512,佐世保,85
20220512,平塚,35
20220512,弥彦,21
20220512,別府,86
20220512,前橋,22
20220512,高知,74
20220512,和歌山,55
20220513,佐世保,85
20220513,前橋,22
20220513,別府,86
20220513,和歌山,55
20220513,弥彦,21
20220513,平塚,35
20220513,高知,74
20220514,広島,62
20220514,松阪,47
20220514,和歌山,55
20220514,岐阜,43
20220514,函館,11
20220514,伊東,37
20220514,別府,86
20220515,松阪,47
20220515,岐阜,43
20220515,函館,11
20220515,伊東,37
20220515,西武園,26
20220515,福井,51
20220515,広島,62
20220516,福井,51
20220516,広島,62
20220516,松阪,47
20220516,函館,11
20220516,西武園,26
20220516,岐阜,43
20220516,伊東,37
20220517,函館,11
20220517,西武園,26
20220517,福井,51
20220517,弥彦,21
20220517,高知,74
20220517,青森,12
20220518,武雄,84
20220518,川崎,34
20220518,高知,74
20220518,大垣,44
20220518,青森,12
20220518,弥彦,21
20220519,青森,12
20220519,弥彦,21
20220519,宇都宮,24
20220519,広島,62
20220519,高知,74
20220519,大垣,44
20220519,武雄,84
20220519,川崎,34
20220520,川崎,34
20220520,別府,86
20220520,広島,62
20220520,武雄,84
20220520,大垣,44
20220520,松山,75
20220520,宇都宮,24
20220520,函館,11
20220521,宇都宮,24
20220521,函館,11
20220521,富山,46
20220521,広島,62
20220521,松山,75
20220521,別府,86
20220522,宇都宮,24
20220522,福井,51
20220522,別府,86
20220522,函館,11
20220522,富山,46
20220522,小田原,36
20220522,松山,75
20220523,弥彦,21
20220523,小田原,36
20220523,久留米,83
20220523,富山,46
20220523,小松島,73
20220523,福井,51
20220523,青森,12
20220524,小松島,73
20220524,岐阜,43
20220524,青森,12
20220524,久留米,83
20220524,弥彦,21
20220524,豊橋,45
20220524,福井,51
20220524,小田原,36
20220525,弥彦,21
20220525,岐阜,43
20220525,小松島,73
20220525,川崎,34
20220525,青森,12
20220525,大宮,25
20220525,豊橋,45
20220525,函館,11
20220525,久留米,83
20220526,函館,11
20220526,高知,74
20220526,川崎,34
20220526,伊東,37
20220526,岐阜,43
20220526,大宮,25
20220526,大垣,44
20220526,豊橋,45
20220527,高知,74
20220527,別府,86
20220527,川崎,34
20220527,大宮,25
20220527,大垣,44
20220527,四日市,48
20220527,伊東,37
20220527,函館,11
20220528,青森,12
20220528,佐世保,85
20220528,大垣,44
20220528,四日市,48
20220528,伊東,37
20220528,高知,74
20220528,別府,86
20220529,岐阜,43
20220529,佐世保,85
20220529,別府,86
20220529,高松,71
20220529,松戸,31
20220529,四日市,48
20220529,松山,75
20220529,青森,12
20220529,京王閣,27
20220530,松戸,31
20220530,高松,71
20220530,松山,75
20220530,岐阜,43
20220530,青森,12
20220530,和歌山,55
20220530,京王閣,27
20220531,松戸,31
20220531,京王閣,27
20220531,高松,71
20220531,松山,75
20220531,岐阜,43
20220531,和歌山,55
20220601,名古屋,42
20220601,広島,62
20220601,玉野,61
20220601,向日町,54
20220601,和歌山,55
20220601,川崎,34
20220602,向日町,54
20220602,広島,62
20220602,玉野,61
20220602,高知,74
20220602,川崎,34
20220602,名古屋,42
20220602,武雄,84
20220603,向日町,54
20220603,松阪,47
20220603,名古屋,42
20220603,玉野,61
20220603,広島,62
20220603,川崎,34
20220603,武雄,84
20220603,立川,28
20220603,函館,11
20220603,高知,74
20220604,立川,28
20220604,函館,11
20220604,松阪,47
20220604,青森,12
20220604,取手,23
20220604,武雄,84
20220604,松山,75
20220604,高知,74
20220605,岸和田,56
20220605,函館,11
20220605,取手,23
20220605,立川,28
20220605,青森,12
20220605,松山,75
20220605,松阪,47
20220606,小田原,36
20220606,別府,86
20220606,川崎,34
20220606,広島,62
20220606,取手,23
20220606,青森,12
20220606,岸和田,56
20220606,松山,75
20220607,宇都宮,24
20220607,取手,23
20220607,広島,62
20220607,別府,86
20220607,久留米,83
20220607,小田原,36
20220607,川崎,34
20220607,岸和田,56
20220608,別府,86
20220608,富山,46
20220608,久留米,83
20220608,佐世保,85
20220608,小田原,36
20220608,広島,62
20220608,川崎,34
20220608,宇都宮,24
20220609,佐世保,85
20220609,和歌山,55
20220609,久留米,83
20220609,松戸,31
20220609,富山,46
20220609,宇都宮,24
20220610,和歌山,55
20220610,松戸,31
20220610,佐世保,85
20220610,富山,46
20220610,松山,75
20220610,函館,11
20220611,和歌山,55
20220611,函館,11
20220611,大宮,25
20220611,奈良,53
20220611,松戸,31
20220611,松山,75
20220612,函館,11
20220612,奈良,53
20220612,松山,75
20220612,大宮,25
20220612,松戸,31
20220612,防府,63
20220613,防府,63
20220613,奈良,53
20220613,小田原,36
20220613,佐世保,85
20220613,豊橋,45
20220613,岐阜,43
20220613,取手,23
20220613,大宮,25
20220613,弥彦,21
20220614,岐阜,43
20220614,防府,63
20220614,川崎,34
20220614,佐世保,85
20220614,取手,23
20220614,小田原,36
20220614,弥彦,21
20220614,豊橋,45
20220615,取手,23
20220615,佐世保,85
20220615,小田原,36
20220615,豊橋,45
20220615,川崎,34
20220615,岐阜,43
20220615,弥彦,21
20220616,高知,74
20220616,別府,86
20220616,広島,62
20220616,四日市,48
20220616,岸和田,56
20220616,川崎,34
20220617,いわき平,13
20220617,四日市,48
20220617,高知,74
20220617,京王閣,27
20220617,別府,86
20220617,広島,62
20220617,青森,12
20220617,岸和田,56
20220618,いわき平,13
20220618,高知,74
20220618,広島,62
20220618,岸和田,56
20220618,青森,12
20220618,京王閣,27
20220618,宇都宮,24
20220618,別府,86
20220618,四日市,48
20220619,松阪,47
20220619,いわき平,13
20220619,宇都宮,24
20220619,青森,12
20220619,武雄,84
20220619,川崎,34
20220619,岸和田,56
20220619,京王閣,27
20220620,伊東,37
20220620,宇都宮,24
20220620,弥彦,21
20220620,高松,71
20220620,松阪,47
20220620,川崎,34
20220620,武雄,84
20220621,弥彦,21
20220621,川崎,34
20220621,高松,71
20220621,伊東,37
20220621,武雄,84
20220621,西武園,26
20220621,松阪,47
20220622,福井,51
20220622,伊東,37
20220622,高知,74
20220622,高松,71
20220622,西武園,26
20220622,弥彦,21
20220622,豊橋,45
20220622,四日市,48
20220622,函館,11
20220623,松山,75
20220623,高知,74
20220623,西武園,26
20220623,別府,86
20220623,福井,51
20220623,函館,11
20220623,豊橋,45
20220623,四日市,48
20220624,高知,74
20220624,四日市,48
20220624,別府,86
20220624,福井,51
20220624,松山,75
20220624,豊橋,45
20220624,函館,11
20220625,久留米,83
20220625,向日町,54
20220625,別府,86
20220625,立川,28
20220625,玉野,61
20220625,松山,75
20220625,青森,12
20220626,久留米,83
20220626,青森,12
20220626,立川,28
20220626,防府,63
20220626,向日町,54
20220626,玉野,61
20220626,前橋,22
20220627,青森,12
20220627,立川,28
20220627,向日町,54
20220627,久留米,83
20220627,前橋,22
20220627,四日市,48
20220627,玉野,61
20220627,防府,63
20220628,四日市,48
20220628,久留米,83
20220628,前橋,22
20220628,向日町,54
20220628,弥彦,21
20220628,伊東,37
20220628,西武園,26
20220628,防府,63
20220629,西武園,26
20220629,伊東,37
20220629,弥彦,21
20220629,取手,23
20220629,四日市,48
20220629,平塚,35
20220630,小松島,73
20220630,西武園,26
20220630,平塚,35
20220630,弥彦,21
20220630,伊東,37
20220630,取手,23
20220630,奈良,53
20220701,青森,12
20220701,奈良,53
20220701,平塚,35
20220701,玉野,61
20220701,取手,23
20220701,小松島,73
20220701,岐阜,43
20220701,別府,86
20220701,松阪,47
20220702,川崎,34
20220702,別府,86
20220702,青森,12
20220702,玉野,61
20220702,奈良,53
20220702,小松島,73
20220702,佐世保,85
20220702,松阪,47
20220702,岐阜,43
20220703,別府,86
20220703,川崎,34
20220703,玉野,61
20220703,伊東,37
20220703,小松島,73
20220703,弥彦,21
20220703,岐阜,43
20220703,青森,12
20220703,松阪,47
20220703,佐世保,85
20220704,弥彦,21
20220704,川崎,34
20220704,豊橋,45
20220704,防府,63
20220704,岸和田,56
20220704,伊東,37
20220704,佐世保,85
20220705,伊東,37
20220705,防府,63
20220705,岸和田,56
20220705,豊橋,45
20220705,函館,11
20220705,京王閣,27
20220705,弥彦,21
20220706,豊橋,45
20220706,京王閣,27
20220706,岸和田,56
20220706,函館,11
20220706,防府,63
20220706,松山,75
20220707,松山,75
20220707,佐世保,85
20220707,函館,11
20220707,青森,12
20220707,福井,51
20220707,京王閣,27
20220708,松山,75
20220708,前橋,22
20220708,静岡,38
20220708,福井,51
20220708,富山,46
20220708,広島,62
20220708,青森,12
20220708,佐世保,85
20220709,静岡,38
20220709,富山,46
20220709,福井,51
20220709,佐世保,85
20220709,広島,62
20220709,青森,12
20220709,前橋,22
20220710,前橋,22
20220710,福井,51
20220710,富山,46
20220710,静岡,38
20220710,四日市,48
20220710,奈良,53
20220710,広島,62
20220711,函館,11
20220711,奈良,53
20220711,高松,71
20220711,四日市,48
20220711,弥彦,21
20220712,弥彦,21
20220712,四日市,48
20220712,函館,11
20220712,奈良,53
20220712,高松,71
20220713,高松,71
20220713,大宮,25
20220713,弥彦,21
20220713,函館,11
20220713,久留米,83
20220713,川崎,34
20220713,名古屋,42
20220713,松戸,31
20220713,前橋,22
20220714,久留米,83
20220714,前橋,22
20220714,名古屋,42
20220714,松戸,31
20220714,川崎,34
20220714,大宮,25
20220715,名古屋,42
20220715,大宮,25
20220715,川崎,34
20220715,久留米,83
20220715,松戸,31
20220715,前橋,22
20220716,防府,63
20220716,武雄,84
20220716,宇都宮,24
20220716,函館,11
20220716,富山,46
20220716,玉野,61
20220717,防府,63
20220717,武雄,84
20220717,玉野,61
20220717,富山,46
20220717,函館,11
20220717,宇都宮,24
20220718,防府,63
20220718,富山,46
20220718,函館,11
20220718,武雄,84
20220718,宇都宮,24
20220718,玉野,61
20220718,伊東,37
20220719,別府,86
20220719,青森,12
20220719,広島,62
20220719,和歌山,55
20220719,伊東,37
20220719,松阪,47
20220720,伊東,37
20220720,広島,62
20220720,松阪,47
20220720,別府,86
20220720,青森,12
20220720,和歌山,55
20220721,青森,12
20220721,別府,86
20220721,和歌山,55
20220721,広島,62
20220721,高松,71
20220721,大宮,25
20220721,川崎,34
20220721,松阪,47
20220722,岐阜,43
20220722,川崎,34
20220722,高松,71
20220722,小松島,73
20220722,いわき平,13
20220722,大宮,25
20220722,岸和田,56
20220723,いわき平,13
20220723,川崎,34
20220723,岐阜,43
20220723,大宮,25
20220723,宇都宮,24
20220723,佐世保,85
20220723,小松島,73
20220723,岸和田,56
20220723,高松,71
20220724,別府,86
20220724,豊橋,45
20220724,宇都宮,24
20220724,岐阜,43
20220724,佐世保,85
20220724,小松島,73
20220724,岸和田,56
20220724,いわき平,13
20220725,小田原,36
20220725,函館,11
20220725,佐世保,85
20220725,前橋,22
20220725,豊橋,45
20220725,別府,86
20220725,宇都宮,24
20220726,小田原,36
20220726,佐世保,85
20220726,防府,63
20220726,豊橋,45
20220726,函館,11
20220726,別府,86
20220726,前橋,22
20220727,函館,11
20220727,小田原,36
20220727,防府,63
20220727,玉野,61
20220727,岸和田,56
20220727,前橋,22
20220728,弥彦,21
20220728,小倉,81
20220728,取手,23
20220728,岸和田,56
20220728,防府,63
20220728,川崎,34
20220728,玉野,61
20220729,小倉,81
20220729,岐阜,43
20220729,川崎,34
20220729,取手,23
20220729,岸和田,56
20220729,松阪,47
20220729,弥彦,21
20220729,玉野,61
20220730,向日町,54
20220730,川崎,34
20220730,岐阜,43
20220730,松阪,47
20220730,小倉,81
20220730,取手,23
20220730,弥彦,21
20220731,岐阜,43
20220731,奈良,53
20220731,宇都宮,24
20220731,向日町,54
20220731,弥彦,21
20220731,松阪,47
20220731,防府,63
20220731,いわき平,13
20220801,宇都宮,24
20220801,小倉,81
20220801,松山,75
20220801,防府,63
20220801,向日町,54
20220801,静岡,38
20220801,いわき平,13
20220801,奈良,53
20220802,松阪,47
20220802,静岡,38
20220802,いわき平,13
20220802,富山,46
20220802,奈良,53
20220802,宇都宮,24
20220802,防府,63
20220802,松山,75
20220802,小倉,81
20220803,小倉,81
20220803,松阪,47
20220803,富山,46
20220803,松山,75
20220803,静岡,38
20220803,武雄,84
20220803,名古屋,42
20220804,岸和田,56
20220804,松阪,47
20220804,武雄,84
20220804,富山,46
20220804,名古屋,42
20220804,函館,11
20220805,名古屋,42
20220805,小松島,73
20220805,函館,11
20220805,岐阜,43
20220805,岸和田,56
20220805,武雄,84
20220806,川崎,34
20220806,岐阜,43
20220806,小倉,81
20220806,別府,86
20220806,函館,11
20220806,宇都宮,24
20220806,小松島,73
20220806,岸和田,56
20220807,小倉,81
20220807,函館,11
20220807,川崎,34
20220807,宇都宮,24
20220807,小松島,73
20220807,松山,75
20220807,岐阜,43
20220807,岸和田,56
20220807,別府,86
20220808,川崎,34
20220808,別府,86
20220808,小倉,81
20220808,松山,75
20220808,宇都宮,24
20220809,高松,71
20220809,松山,75
20220809,弥彦,21
20220809,奈良,53
20220809,平塚,35
20220809,西武園,26
20220810,弥彦,21
20220810,高松,71
20220810,平塚,35
20220810,奈良,53
20220810,青森,12
20220810,西武園,26
20220811,西武園,26
20220811,平塚,35
20220811,奈良,53
20220811,青森,12
20220811,弥彦,21
20220811,高松,71
20220812,小倉,81
20220812,青森,12
20220812,西武園,26
20220812,防府,63
20220812,岐阜,43
20220812,佐世保,85
20220812,静岡,38
20220813,静岡,38
20220813,岐阜,43
20220813,佐世保,85
20220813,西武園,26
20220813,防府,63
20220813,小倉,81
20220814,防府,63
20220814,小倉,81
20220814,岐阜,43
20220814,静岡,38
20220814,西武園,26
20220814,佐世保,85
20220815,取手,23
20220815,函館,11
20220815,西武園,26
20220815,青森,12
20220815,松阪,47
20220815,奈良,53
20220816,取手,23
20220816,函館,11
20220816,青森,12
20220816,松阪,47
20220816,奈良,53
20220817,函館,11
20220817,松阪,47
20220817,福井,51
20220817,京王閣,27
20220817,奈良,53
20220817,小倉,81
20220817,宇都宮,24
20220817,取手,23
20220817,青森,12
20220818,宇都宮,24
20220818,福井,51
20220818,高松,71
20220818,京王閣,27
20220818,小倉,81
20220819,福井,51
20220819,小倉,81
20220819,弥彦,21
20220819,平塚,35
20220819,高松,71
20220819,京王閣,27
20220819,宇都宮,24
20220820,弥彦,21
20220820,松戸,31
20220820,平塚,35
20220820,武雄,84
20220820,高松,71
20220820,富山,46
20220821,平塚,35
20220821,富山,46
20220821,弥彦,21
20220821,松戸,31
20220821,武雄,84
20220822,久留米,83
20220822,立川,28
20220822,武雄,84
20220822,別府,86
20220822,富山,46
20220822,松戸,31
20220822,青森,12
20220822,和歌山,55
20220822,小松島,73
20220823,小松島,73
20220823,和歌山,55
20220823,立川,28
20220823,久留米,83
20220823,別府,86
20220823,青森,12
20220823,富山,46
20220824,松阪,47
20220824,別府,86
20220824,青森,12
20220824,小松島,73
20220824,和歌山,55
20220824,久留米,83
20220824,立川,28
20220825,松阪,47
20220825,小倉,81
20220825,向日町,54
20220825,小田原,36
20220825,函館,11
20220825,防府,63
20220825,弥彦,21
20220826,小倉,81
20220826,函館,11
20220826,小田原,36
20220826,松阪,47
20220826,弥彦,21
20220826,防府,63
20220826,大宮,25
20220826,向日町,54
20220826,玉野,61
20220827,小田原,36
20220827,大宮,25
20220827,向日町,54
20220827,武雄,84
20220827,玉野,61
20220827,弥彦,21
20220827,防府,63
20220827,函館,11
20220827,小倉,81
20220827,名古屋,42
20220828,武雄,84
20220828,大宮,25
20220828,青森,12
20220828,小田原,36
20220828,小松島,73
20220828,玉野,61
20220828,名古屋,42
20220829,名古屋,42
20220829,小松島,73
20220829,松阪,47
20220829,青森,12
20220829,平塚,35
20220829,取手,23
20220829,武雄,84
20220830,別府,86
20220830,小松島,73
20220830,青森,12
20220830,防府,63
20220830,取手,23
20220830,向日町,54
20220830,平塚,35
20220830,松阪,47
20220831,防府,63
20220831,別府,86
20220831,大垣,44
20220831,向日町,54
20220831,小倉,81
20220831,平塚,35
20220831,松阪,47
20220831,奈良,53
20220831,取手,23
20220901,向日町,54
20220901,大垣,44
20220901,岐阜,43
20220901,防府,63
20220901,小倉,81
20220901,武雄,84
20220901,いわき平,13
20220901,奈良,53
20220901,別府,86
20220902,前橋,22
20220902,いわき平,13
20220902,武雄,84
20220902,小倉,81
20220902,奈良,53
20220902,岐阜,43
20220902,京王閣,27
20220902,大垣,44
20220902,玉野,61
20220903,函館,11
20220903,京王閣,27
20220903,岐阜,43
20220903,武雄,84
20220903,宇都宮,24
20220903,前橋,22
20220903,玉野,61
20220903,いわき平,13
20220904,宇都宮,24
20220904,前橋,22
20220904,函館,11
20220904,和歌山,55
20220904,岐阜,43
20220904,京王閣,27
20220904,川崎,34
20220904,玉野,61
20220905,川崎,34
20220905,防府,63
20220905,和歌山,55
20220905,函館,11
20220905,宇都宮,24
20220906,川崎,34
20220906,防府,63
20220906,和歌山,55
20220906,西武園,26
20220906,小倉,81
20220906,岸和田,56
20220906,大垣,44
20220906,豊橋,45
20220907,豊橋,45
20220907,西武園,26
20220907,大垣,44
20220907,佐世保,85
20220907,防府,63
20220907,小倉,81
20220907,岸和田,56
20220908,小倉,81
20220908,青森,12
20220908,大垣,44
20220908,佐世保,85
20220908,西武園,26
20220908,豊橋,45
20220908,玉野,61
20220908,岸和田,56
20220909,玉野,61
20220909,広島,62
20220909,川崎,34
20220909,弥彦,21
20220909,奈良,53
20220909,青森,12
20220909,佐世保,85
20220910,奈良,53
20220910,広島,62
20220910,松阪,47
20220910,玉野,61
20220910,川崎,34
20220910,青森,12
20220910,弥彦,21
20220911,青森,12
20220911,松阪,47
20220911,奈良,53
20220911,松山,75
20220911,広島,62
20220911,和歌山,55
20220911,川崎,34
20220911,弥彦,21
20220912,松山,75
20220912,武雄,84
20220912,小田原,36
20220912,西武園,26
20220912,和歌山,55
20220912,松阪,47
20220913,四日市,48
20220913,武雄,84
20220913,和歌山,55
20220913,小田原,36
20220913,西武園,26
20220913,福井,51
20220913,松山,75
20220914,福井,51
20220914,小倉,81
20220914,武雄,84
20220914,四日市,48
20220914,西武園,26
20220914,奈良,53
20220914,小田原,36
20220915,奈良,53
20220915,小倉,81
20220915,青森,12
20220915,四日市,48
20220915,福井,51
20220915,高松,71
20220916,青森,12
20220916,奈良,53
20220916,いわき平,13
20220916,小倉,81
20220916,名古屋,42
20220916,高松,71
20220916,防府,63
20220917,前橋,22
20220917,いわき平,13
20220917,高松,71
20220917,青森,12
20220917,平塚,35
20220917,名古屋,42
20220917,防府,63
20220918,武雄,84
20220918,平塚,35
20220918,松戸,31
20220918,防府,63
20220918,前橋,22
20220918,いわき平,13
20220918,名古屋,42
20220918,宇都宮,24
20220919,武雄,84
20220919,平塚,35
20220919,宇都宮,24
20220919,松戸,31
20220919,大宮,25
20220919,前橋,22
20220919,名古屋,42
20220920,武雄,84
20220920,川崎,34
20220920,松戸,31
20220920,富山,46
20220920,大宮,25
20220920,小松島,73
20220920,宇都宮,24
20220921,小松島,73
20220921,武雄,84
20220921,富山,46
20220921,福井,51
20220921,岸和田,56
20220921,川崎,34
20220921,函館,11
20220921,大宮,25
20220922,静岡,38
20220922,小松島,73
20220922,函館,11
20220922,小倉,81
20220922,弥彦,21
20220922,川崎,34
20220922,福井,51
20220922,富山,46
20220922,松阪,47
20220922,岸和田,56
20220923,函館,11
20220923,弥彦,21
20220923,岸和田,56
20220923,福井,51
20220923,静岡,38
20220923,松阪,47
20220923,小倉,81
20220924,高松,71
20220924,青森,12
20220924,向日町,54
20220924,静岡,38
20220924,弥彦,21
20220924,松阪,47
20220924,大垣,44
20220924,小倉,81
20220925,青森,12
20220925,向日町,54
20220925,西武園,26
20220925,高松,71
20220925,大垣,44
20220925,平塚,35
20220926,西武園,26
20220926,平塚,35
20220926,武雄,84
20220926,向日町,54
20220926,青森,12
20220926,高松,71
20220926,大垣,44
20220927,西武園,26
20220927,武雄,84
20220927,平塚,35
20220927,佐世保,85
20220927,向日町,54
20220927,広島,62
20220927,四日市,48
20220928,函館,11
20220928,広島,62
20220928,武雄,84
20220928,立川,28
20220928,佐世保,85
20220928,四日市,48
20220928,富山,46
20220929,佐世保,85
20220929,青森,12
20220929,立川,28
20220929,函館,11
20220929,松山,75
20220929,富山,46
20220929,広島,62
20220929,四日市,48
20220930,函館,11
20220930,青森,12
20220930,富山,46
20220930,松山,75
20220930,西武園,26
20220930,立川,28
20220930,大垣,44
20221001,奈良,53
20221001,大垣,44
20221001,青森,12
20221001,弥彦,21
20221001,西武園,26
20221001,小田原,36
20221001,松山,75
20221001,久留米,83
20221002,弥彦,21
20221002,奈良,53
20221002,小田原,36
20221002,大垣,44
20221002,西武園,26
20221002,防府,63
20221002,久留米,83
20221003,久留米,83
20221003,小田原,36
20221003,静岡,38
20221003,高松,71
20221003,弥彦,21
20221003,防府,63
20221003,豊橋,45
20221003,奈良,53
20221004,高松,71
20221004,久留米,83
20221004,静岡,38
20221004,豊橋,45
20221004,防府,63
20221004,立川,28
20221005,高松,71
20221005,小倉,81
20221005,和歌山,55
20221005,豊橋,45
20221005,立川,28
20221005,静岡,38
20221006,青森,12
20221006,広島,62
20221006,和歌山,55
20221006,武雄,84
20221006,小倉,81
20221006,弥彦,21
20221006,平塚,35
20221006,立川,28
20221007,松阪,47
20221007,青森,12
20221007,広島,62
20221007,和歌山,55
20221007,武雄,84
20221007,弥彦,21
20221007,平塚,35
20221007,小倉,81
20221008,西武園,26
20221008,平塚,35
20221008,武雄,84
20221008,弥彦,21
20221008,広島,62
20221008,松阪,47
20221008,青森,12
20221009,静岡,38
20221009,防府,63
20221009,佐世保,85
20221009,西武園,26
20221009,玉野,61
20221009,小松島,73
20221009,松阪,47
20221010,防府,63
20221010,佐世保,85
20221010,松阪,47
20221010,小松島,73
20221010,玉野,61
20221010,静岡,38
20221010,西武園,26
20221010,函館,11
20221011,佐世保,85
20221011,静岡,38
20221011,弥彦,21
20221011,名古屋,42
20221011,岸和田,56
20221011,玉野,61
20221011,函館,11
20221011,防府,63
20221011,小松島,73
20221012,奈良,53
20221012,宇都宮,24
20221012,名古屋,42
20221012,函館,11
20221012,弥彦,21
20221012,岸和田,56
20221013,奈良,53
20221013,岸和田,56
20221013,松山,75
20221013,名古屋,42
20221013,宇都宮,24
20221013,弥彦,21
20221014,宇都宮,24
20221014,静岡,38
20221014,防府,63
20221014,奈良,53
20221014,松山,75
20221015,防府,63
20221015,松山,75
20221015,静岡,38
20221015,京王閣,27
20221015,西武園,26
20221015,大垣,44
20221016,松山,75
20221016,富山,46
20221016,小田原,36
20221016,防府,63
20221016,西武園,26
20221016,静岡,38
20221016,京王閣,27
20221016,大垣,44
20221016,青森,12
20221017,福井,51
20221017,青森,12
20221017,小田原,36
20221017,西武園,26
20221017,大垣,44
20221017,松阪,47
20221017,富山,46
20221017,武雄,84
20221017,京王閣,27
20221018,小田原,36
20221018,青森,12
20221018,富山,46
20221018,武雄,84
20221018,福井,51
20221018,松阪,47
20221019,奈良,53
20221019,高松,71
20221019,福井,51
20221019,函館,11
20221019,武雄,84
20221019,松阪,47
20221020,大宮,25
20221020,高松,71
20221020,奈良,53
20221020,函館,11
20221020,前橋,22
20221021,宇都宮,24
20221021,名古屋,42
20221021,大宮,25
20221021,前橋,22
20221021,奈良,53
20221021,高松,71
20221021,函館,11
20221022,前橋,22
20221022,松阪,47
20221022,武雄,84
20221022,宇都宮,24
20221022,名古屋,42
20221022,大宮,25
20221022,福井,51
20221023,立川,28
20221023,宇都宮,24
20221023,松阪,47
20221023,名古屋,42
20221023,前橋,22
20221023,福井,51
20221023,武雄,84
20221024,福井,51
20221024,武雄,84
20221024,立川,28
20221024,伊東,37
20221024,松阪,47
20221024,青森,12
20221025,伊東,37
20221025,小倉,81
20221025,青森,12
20221025,松戸,31
20221025,奈良,53
20221025,立川,28
20221026,青森,12
20221026,松戸,31
20221026,富山,46
20221026,伊東,37
20221026,小倉,81
20221026,奈良,53
20221027,富山,46
20221027,松戸,31
20221027,広島,62
20221027,奈良,53
20221027,小倉,81
20221027,松阪,47
20221027,平塚,35
20221028,松阪,47
20221028,富山,46
20221028,平塚,35
20221028,青森,12
20221028,向日町,54
20221028,広島,62
20221029,武雄,84
20221029,向日町,54
20221029,平塚,35
20221029,広島,62
20221029,京王閣,27
20221029,青森,12
20221029,松阪,47
20221030,京王閣,27
20221030,武雄,84
20221030,いわき平,13
20221030,青森,12
20221030,高松,71
20221030,向日町,54
20221030,玉野,61
20221031,福井,51
20221031,西武園,26
20221031,小倉,81
20221031,富山,46
20221031,武雄,84
20221031,玉野,61
20221031,松戸,31
20221031,高松,71
20221031,いわき平,13
20221031,京王閣,27
20221101,京王閣,27
20221101,名古屋,42
20221101,西武園,26
20221101,富山,46
20221101,福井,51
20221101,玉野,61
20221101,高松,71
20221101,松戸,31
20221101,いわき平,13
20221101,小倉,81
20221102,西武園,26
20221102,富山,46
20221102,名古屋,42
20221102,松戸,31
20221102,四日市,48
20221102,福井,51
20221102,小倉,81
20221102,小田原,36
20221103,名古屋,42
20221103,伊東,37
20221103,防府,63
20221103,向日町,54
20221103,久留米,83
20221103,宇都宮,24
20221103,小田原,36
20221103,四日市,48
20221104,四日市,48
20221104,向日町,54
20221104,小田原,36
20221104,防府,63
20221104,宇都宮,24
20221104,伊東,37
20221104,久留米,83
20221105,防府,63
20221105,武雄,84
20221105,久留米,83
20221105,宇都宮,24
20221105,向日町,54
20221105,伊東,37
20221106,松阪,47
20221106,福井,51
20221106,防府,63
20221106,武雄,84
20221106,取手,23
20221106,西武園,26
20221107,取手,23
20221107,西武園,26
20221107,和歌山,55
20221107,平塚,35
20221107,松阪,47
20221107,福井,51
20221107,立川,28
20221107,富山,46
20221107,武雄,84
20221108,平塚,35
20221108,福井,51
20221108,富山,46
20221108,西武園,26
20221108,立川,28
20221108,和歌山,55
20221108,松阪,47
20221108,取手,23
20221109,和歌山,55
20221109,富山,46
20221109,立川,28
20221109,小松島,73
20221109,平塚,35
20221109,小倉,81
20221109,松戸,31
20221110,小倉,81
20221110,四日市,48
20221110,小松島,73
20221110,高松,71
20221110,松戸,31
20221111,松戸,31
20221111,豊橋,45
20221111,高松,71
20221111,小倉,81
20221111,小松島,73
20221111,静岡,38
20221111,四日市,48
20221111,大宮,25
20221112,大宮,25
20221112,四日市,48
20221112,武雄,84
20221112,岸和田,56
20221112,豊橋,45
20221112,玉野,61
20221112,高松,71
20221112,静岡,38
20221113,豊橋,45
20221113,岸和田,56
20221113,武雄,84
20221113,玉野,61
20221113,四日市,48
20221113,静岡,38
20221113,大宮,25
20221114,岸和田,56
20221114,玉野,61
20221114,小倉,81
20221114,武雄,84
20221114,京王閣,27
20221114,大垣,44
20221114,小田原,36
20221115,広島,62
20221115,小田原,36
20221115,大垣,44
20221115,京王閣,27
20221115,福井,51
20221115,小倉,81
20221116,向日町,54
20221116,広島,62
20221116,取手,23
20221116,小田原,36
20221116,福井,51
20221116,大垣,44
20221116,小倉,81
20221116,京王閣,27
20221116,久留米,83
20221117,取手,23
20221117,向日町,54
20221117,いわき平,13
20221117,富山,46
20221117,久留米,83
20221117,広島,62
20221117,福井,51
20221118,いわき平,13
20221118,取手,23
20221118,向日町,54
20221118,玉野,61
20221118,富山,46
20221118,久留米,83
20221119,小松島,73
20221119,いわき平,13
20221119,平塚,35
20221119,別府,86
20221119,玉野,61
20221119,西武園,26
20221119,武雄,84
20221119,富山,46
20221119,和歌山,55
20221120,武雄,84
20221120,小松島,73
20221120,平塚,35
20221120,和歌山,55
20221120,富山,46
20221120,西武園,26
20221120,別府,86
20221120,玉野,61
20221121,広島,62
20221121,西武園,26
20221121,別府,86
20221121,平塚,35
20221121,和歌山,55
20221121,小松島,73
20221121,武雄,84
20221122,広島,62
20221122,富山,46
20221122,取手,23
20221122,小倉,81
20221122,高松,71
20221122,奈良,53
20221122,福井,51
20221123,福井,51
20221123,高松,71
20221123,小倉,81
20221123,広島,62
20221123,取手,23
20221123,富山,46
20221123,大宮,25
20221123,奈良,53
20221124,小倉,81
20221124,福井,51
20221124,富山,46
20221124,大宮,25
20221124,取手,23
20221124,奈良,53
20221124,高松,71
20221124,別府,86
20221125,小田原,36
20221125,豊橋,45
20221125,別府,86
20221125,和歌山,55
20221125,大宮,25
20221125,小倉,81
20221125,前橋,22
20221126,和歌山,55
20221126,小田原,36
20221126,豊橋,45
20221126,別府,86
20221126,前橋,22
20221126,広島,62
20221126,小倉,81
20221127,和歌山,55
20221127,豊橋,45
20221127,小倉,81
20221127,前橋,22
20221127,広島,62
20221127,小田原,36
20221128,玉野,61
20221128,広島,62
20221128,富山,46
20221128,松山,75
20221128,大宮,25
20221128,伊東,37
20221129,松山,75
20221129,大宮,25
20221129,久留米,83
20221129,伊東,37
20221129,奈良,53
20221129,富山,46
20221129,玉野,61
20221130,富山,46
20221130,久留米,83
20221130,大宮,25
20221130,伊東,37
20221130,玉野,61
20221130,奈良,53
20221130,松山,75
20221130,いわき平,13
20221201,いわき平,13
20221201,松戸,31
20221201,奈良,53
20221201,久留米,83
20221201,豊橋,45
20221201,小田原,36
20221201,別府,86
20221201,取手,23
20221202,別府,86
20221202,取手,23
20221202,松戸,31
20221202,小田原,36
20221202,立川,28
20221202,豊橋,45
20221202,岸和田,56
20221202,いわき平,13
20221203,名古屋,42
20221203,岸和田,56
20221203,松戸,31
20221203,豊橋,45
20221203,向日町,54
20221203,立川,28
20221203,小田原,36
20221203,大垣,44
20221203,高松,71
20221203,取手,23
20221203,別府,86
20221204,高松,71
20221204,名古屋,42
20221204,伊東,37
20221204,立川,28
20221204,岸和田,56
20221204,大垣,44
20221204,向日町,54
20221205,小倉,81
20221205,名古屋,42
20221205,大宮,25
20221205,大垣,44
20221205,伊東,37
20221205,久留米,83
20221205,平塚,35
20221205,高松,71
20221205,向日町,54
20221206,久留米,83
20221206,平塚,35
20221206,大宮,25
20221206,伊東,37
20221206,小倉,81
20221206,高松,71
20221207,小倉,81
20221207,平塚,35
20221207,和歌山,55
20221207,久留米,83
20221207,大宮,25
20221208,松戸,31
20221208,松山,75
20221208,静岡,38
20221208,和歌山,55
20221208,岸和田,56
20221209,松山,75
20221209,静岡,38
20221209,和歌山,55
20221209,岸和田,56
20221209,広島,62
20221209,別府,86
20221209,松戸,31
20221210,岸和田,56
20221210,松山,75
20221210,松戸,31
20221210,別府,86
20221210,広島,62
20221210,静岡,38
20221211,名古屋,42
20221211,奈良,53
20221211,小倉,81
20221211,別府,86
20221211,広島,62
20221211,松戸,31
20221212,名古屋,42
20221212,小倉,81
20221212,京王閣,27
20221212,奈良,53
20221212,小松島,73
20221213,名古屋,42
20221213,豊橋,45
20221213,京王閣,27
20221213,小松島,73
20221213,奈良,53
20221213,小倉,81
20221214,大垣,44
20221214,豊橋,45
20221214,京王閣,27
20221214,小松島,73
20221214,西武園,26
20221214,小田原,36
20221215,豊橋,45
20221215,小田原,36
20221215,静岡,38
20221215,大垣,44
20221215,広島,62
20221215,西武園,26
20221216,取手,23
20221216,広島,62
20221216,小田原,36
20221216,いわき平,13
20221216,岸和田,56
20221216,西武園,26
20221216,静岡,38
20221216,大垣,44
20221217,小倉,81
20221217,広島,62
20221217,立川,28
20221217,松戸,31
20221217,取手,23
20221217,岸和田,56
20221217,いわき平,13
20221217,静岡,38
20221218,取手,23
20221218,いわき平,13
20221218,立川,28
20221218,岸和田,56
20221218,広島,62
20221218,松戸,31
20221218,久留米,83
20221218,小倉,81
20221219,向日町,54
20221219,西武園,26
20221219,小倉,81
20221219,松戸,31
20221219,立川,28
20221219,久留米,83
20221219,豊橋,45
20221220,前橋,22
20221220,西武園,26
20221220,久留米,83
20221220,名古屋,42
20221220,向日町,54
20221220,豊橋,45
20221221,向日町,54
20221221,別府,86
20221221,西武園,26
20221221,松山,75
20221221,前橋,22
20221221,豊橋,45
20221221,名古屋,42
20221222,松山,75
20221222,前橋,22
20221222,伊東,37
20221222,名古屋,42
20221222,別府,86
20221223,松山,75
20221223,久留米,83
20221223,別府,86
20221223,小倉,81
20221223,伊東,37
20221223,大垣,44
20221224,久留米,83
20221224,小倉,81
20221224,大垣,44
20221224,取手,23
20221224,伊東,37
20221224,豊橋,45
20221224,西武園,26
20221225,大垣,44
20221225,久留米,83
20221225,小松島,73
20221225,伊東,37
20221225,取手,23
20221225,小倉,81
20221225,宇都宮,24
20221225,西武園,26
20221225,豊橋,45
20221226,取手,23
20221226,名古屋,42
20221226,玉野,61
20221226,別府,86
20221226,宇都宮,24
20221226,小松島,73
20221226,西武園,26
20221226,豊橋,45
20221227,宇都宮,24
20221227,名古屋,42
20221227,別府,86
20221227,玉野,61
20221227,小松島,73
20221227,奈良,53
20221228,立川,28
20221228,奈良,53
20221228,名古屋,42
20221228,別府,86
20221228,平塚,35
20221228,玉野,61
20221228,松山,75
20221229,小倉,81
20221229,豊橋,45
20221229,平塚,35
20221229,松山,75
20221229,松戸,31
20221229,立川,28
20221229,奈良,53
20221229,前橋,22
20221230,前橋,22
20221230,広島,62
20221230,松戸,31
20221230,立川,28
20221230,松山,75
20221230,平塚,35
20221230,豊橋,45
20221230,小倉,81
20221231,前橋,22
20221231,小倉,81
20221231,豊橋,45
20221231,広島,62
20221231,岸和田,56
20221231,別府,86
20221231,松戸,31
20230101,岸和田,56
20230101,玉野,61
20230101,京王閣,27
20230101,取手,23
20230101,広島,62
20230101,向日町,54
20230101,別府,86
20230101,いわき平,13
20230101,大垣,44
20230102,向日町,54
20230102,別府,86
20230102,京王閣,27
20230102,玉野,61
20230102,岸和田,56
20230102,いわき平,13
20230102,取手,23
20230102,小田原,36
20230102,名古屋,42
20230102,大垣,44
20230103,静岡,38
20230103,京王閣,27
20230103,小田原,36
20230103,名古屋,42
20230103,大垣,44
20230103,向日町,54
20230103,いわき平,13
20230103,取手,23
20230103,玉野,61
20230103,高松,71
20230104,高松,71
20230104,立川,28
20230104,名古屋,42
20230104,久留米,83
20230104,小田原,36
20230104,静岡,38
20230105,立川,28
20230105,久留米,83
20230105,小倉,81
20230105,高松,71
20230105,静岡,38
20230105,松戸,31
20230106,立川,28
20230106,松戸,31
20230106,平塚,35
20230106,久留米,83
20230106,大垣,44
20230106,広島,62
20230106,小倉,81
20230106,別府,86
20230107,広島,62
20230107,小倉,81
20230107,豊橋,45
20230107,大垣,44
20230107,平塚,35
20230107,別府,86
20230107,立川,28
20230107,松戸,31
20230108,大垣,44
20230108,別府,86
20230108,伊東,37
20230108,西武園,26
20230108,小松島,73
20230108,豊橋,45
20230108,平塚,35
20230108,奈良,53
20230108,広島,62
20230109,小松島,73
20230109,豊橋,45
20230109,小倉,81
20230109,奈良,53
20230109,伊東,37
20230109,西武園,26
20230110,松山,75
20230110,西武園,26
20230110,小倉,81
20230110,奈良,53
20230110,伊東,37
20230110,小松島,73
20230111,名古屋,42
20230111,宇都宮,24
20230111,小倉,81
20230111,松山,75
20230111,京王閣,27
20230111,久留米,83
20230112,和歌山,55
20230112,松山,75
20230112,名古屋,42
20230112,宇都宮,24
20230112,久留米,83
20230112,京王閣,27
20230113,小田原,36
20230113,名古屋,42
20230113,和歌山,55
20230113,京王閣,27
20230113,いわき平,13
20230113,宇都宮,24
20230113,久留米,83
20230113,大垣,44
20230114,小倉,81
20230114,前橋,22
20230114,和歌山,55
20230114,いわき平,13
20230114,伊東,37
20230114,小田原,36
20230114,大垣,44
20230115,大垣,44
20230115,和歌山,55
20230115,小倉,81
20230115,前橋,22
20230115,小田原,36
20230115,伊東,37
20230115,いわき平,13
20230115,広島,62
20230116,小倉,81
20230116,伊東,37
20230116,名古屋,42
20230116,取手,23
20230116,広島,62
20230116,松山,75
20230116,前橋,22
20230117,取手,23
20230117,別府,86
20230117,広島,62
20230117,名古屋,42
20230117,松戸,31
20230117,岸和田,56
20230117,松山,75
20230118,岸和田,56
20230118,松山,75
20230118,名古屋,42
20230118,別府,86
20230118,取手,23
20230118,小松島,73
20230118,松戸,31
20230119,大宮,25
20230119,岸和田,56
20230119,豊橋,45
20230119,小松島,73
20230119,松戸,31
20230119,別府,86
20230120,高松,71
20230120,豊橋,45
20230120,小松島,73
20230120,小倉,81
20230120,向日町,54
20230120,平塚,35
20230120,大宮,25
20230121,向日町,54
20230121,豊橋,45
20230121,平塚,35
20230121,高松,71
20230121,小倉,81
20230121,大宮,25
20230122,大宮,25
20230122,高松,71
20230122,向日町,54
20230122,小倉,81
20230122,平塚,35
20230122,宇都宮,24
20230122,伊東,37
20230123,伊東,37
20230123,久留米,83
20230123,小松島,73
20230123,和歌山,55
20230123,大垣,44
20230123,宇都宮,24
20230123,別府,86
20230123,京王閣,27
20230124,久留米,83
20230124,別府,86
20230124,小松島,73
20230124,伊東,37
20230124,京王閣,27
20230124,宇都宮,24
20230124,大垣,44
20230124,和歌山,55
20230125,小松島,73
20230125,京王閣,27
20230125,和歌山,55
20230125,松山,75
20230125,大垣,44
20230125,久留米,83
20230125,別府,86
20230126,豊橋,45
20230126,小田原,36
20230126,小倉,81
20230126,大垣,44
20230126,久留米,83
20230126,別府,86
20230126,松山,75
20230126,岸和田,56
20230126,和歌山,55
20230127,豊橋,45
20230127,向日町,54
20230127,小田原,36
20230127,松山,75
20230127,小倉,81
20230127,岸和田,56
20230128,小田原,36
20230128,小倉,81
20230128,岸和田,56
20230128,前橋,22
20230128,向日町,54
20230128,豊橋,45
20230128,広島,62
20230129,前橋,22
20230129,京王閣,27
20230129,広島,62
20230129,伊東,37
20230129,向日町,54
20230129,豊橋,45
20230129,久留米,83
20230130,久留米,83
20230130,京王閣,27
20230130,松戸,31
20230130,広島,62
20230130,伊東,37
20230130,前橋,22
20230131,別府,86
20230131,小倉,81
20230131,松戸,31
20230131,京王閣,27
20230131,久留米,83
20230131,伊東,37
20230201,大垣,44
20230201,小倉,81
20230201,豊橋,45
20230201,松戸,31
20230201,別府,86
20230201,前橋,22
20230202,平塚,35
20230202,大垣,44
20230202,佐世保,85
20230202,別府,86
20230202,豊橋,45
20230202,小倉,81
20230202,前橋,22
20230202,奈良,53
20230202,松山,75
20230202,高知,74
20230203,大垣,44
20230203,豊橋,45
20230203,奈良,53
20230203,平塚,35
20230203,高知,74
20230203,前橋,22
20230203,佐世保,85
20230203,松山,75
20230204,平塚,35
20230204,佐世保,85
20230204,高知,74
20230204,奈良,53
20230204,京王閣,27
20230204,松山,75
20230205,奈良,53
20230205,四日市,48
20230205,松戸,31
20230205,京王閣,27
20230205,宇都宮,24
20230205,小倉,81
20230206,小倉,81
20230206,名古屋,42
20230206,松戸,31
20230206,宇都宮,24
20230206,京王閣,27
20230206,向日町,54
20230206,広島,62
20230206,豊橋,45
20230206,四日市,48
20230207,いわき平,13
20230207,小倉,81
20230207,四日市,48
20230207,向日町,54
20230207,広島,62
20230207,豊橋,45
20230207,名古屋,42
20230207,宇都宮,24
20230207,西武園,26
20230207,松戸,31
20230208,佐世保,85
20230208,大垣,44
20230208,いわき平,13
20230208,名古屋,42
20230208,向日町,54
20230208,豊橋,45
20230208,広島,62
20230208,西武園,26
20230209,久留米,83
20230209,大垣,44
20230209,西武園,26
20230209,いわき平,13
20230209,静岡,38
20230209,岸和田,56
20230209,佐世保,85
20230210,岸和田,56
20230210,玉野,61
20230210,大垣,44
20230210,前橋,22
20230210,久留米,83
20230210,佐世保,85
20230210,小田原,36
20230210,静岡,38
20230211,岸和田,56
20230211,玉野,61
20230211,久留米,83
20230211,豊橋,45
20230211,静岡,38
20230211,前橋,22
20230211,高知,74
20230211,小田原,36
20230212,前橋,22
20230212,豊橋,45
20230212,静岡,38
20230212,小田原,36
20230212,玉野,61
20230212,小倉,81
20230212,高知,74
20230213,小松島,73
20230213,小倉,81
20230213,立川,28
20230213,豊橋,45
20230213,大垣,44
20230213,高知,74
20230214,小松島,73
20230214,岸和田,56
20230214,名古屋,42
20230214,大垣,44
20230214,小倉,81
20230214,立川,28
20230215,名古屋,42
20230215,奈良,53
20230215,佐世保,85
20230215,小松島,73
20230215,別府,86
20230215,前橋,22
20230215,大垣,44
20230215,立川,28
20230215,岸和田,56
20230216,佐世保,85
20230216,前橋,22
20230216,名古屋,42
20230216,別府,86
20230216,伊東,37
20230216,奈良,53
20230216,岸和田,56
20230216,高知,74
20230217,前橋,22
20230217,奈良,53
20230217,松戸,31
20230217,高知,74
20230217,別府,86
20230217,佐世保,85
20230217,取手,23
20230217,小田原,36
20230217,伊東,37
20230218,小田原,36
20230218,久留米,83
20230218,伊東,37
20230218,取手,23
20230218,松戸,31
20230218,大垣,44
20230218,高知,74
20230218,四日市,48
20230218,小倉,81
20230219,松戸,31
20230219,小倉,81
20230219,四日市,48
20230219,大垣,44
20230219,伊東,37
20230219,久留米,83
20230219,小田原,36
20230219,取手,23
20230220,久留米,83
20230220,名古屋,42
20230220,小倉,81
20230220,四日市,48
20230220,大垣,44
20230220,西武園,26
20230220,玉野,61
20230221,名古屋,42
20230221,伊東,37
20230221,西武園,26
20230221,京王閣,27
20230221,奈良,53
20230221,玉野,61
20230222,玉野,61
20230222,西武園,26
20230222,京王閣,27
20230222,伊東,37
20230222,名古屋,42
20230222,奈良,53
20230223,奈良,53
20230223,高知,74
20230223,松戸,31
20230223,伊東,37
20230223,和歌山,55
20230223,京王閣,27
20230224,松戸,31
20230224,高知,74
20230224,佐世保,85
20230224,前橋,22
20230224,和歌山,55
20230224,名古屋,42
20230224,別府,86
20230225,佐世保,85
20230225,別府,86
20230225,名古屋,42
20230225,立川,28
20230225,高知,74
20230225,松戸,31
20230225,前橋,22
20230225,和歌山,55
20230226,前橋,22
20230226,佐世保,85
20230226,名古屋,42
20230226,高知,74
20230226,別府,86
20230226,立川,28
20230226,豊橋,45
20230227,西武園,26
20230227,豊橋,45
20230227,向日町,54
20230227,伊東,37
20230227,立川,28
20230227,小松島,73
20230227,小倉,81
20230227,大垣,44
20230228,豊橋,45
20230228,小松島,73
20230228,向日町,54
20230228,大垣,44
20230228,伊東,37
20230228,西武園,26
20230228,小倉,81
20230301,小松島,73
20230301,取手,23
20230301,小倉,81
20230301,西武園,26
20230301,久留米,83
20230301,向日町,54
20230301,伊東,37
20230301,大垣,44
20230302,前橋,22
20230302,久留米,83
20230302,奈良,53
20230302,高松,71
20230302,取手,23
20230303,京王閣,27
20230303,高松,71
20230303,取手,23
20230303,久留米,83
20230303,前橋,22
20230303,奈良,53
20230304,玉野,61
20230304,京王閣,27
20230304,奈良,53
20230304,大垣,44
20230304,前橋,22
20230304,高松,71
20230304,別府,86
20230305,玉野,61
20230305,京王閣,27
20230305,松戸,31
20230305,大垣,44
20230305,小田原,36
20230305,別府,86
20230305,高知,74
20230306,高知,74
20230306,松戸,31
20230306,玉野,61
20230306,別府,86
20230306,小倉,81
20230306,岸和田,56
20230306,小田原,36
20230306,大垣,44
20230307,松戸,31
20230307,大垣,44
20230307,小田原,36
20230307,佐世保,85
20230307,小倉,81
20230307,岸和田,56
20230307,高知,74
20230308,宇都宮,24
20230308,小倉,81
20230308,佐世保,85
20230308,大宮,25
20230308,岸和田,56
20230308,奈良,53
20230309,宇都宮,24
20230309,名古屋,42
20230309,取手,23
20230309,奈良,53
20230309,佐世保,85
20230309,松山,75
20230309,大宮,25
20230310,奈良,53
20230310,名古屋,42
20230310,松山,75
20230310,取手,23
20230310,大宮,25
20230310,宇都宮,24
20230311,四日市,48
20230311,松山,75
20230311,久留米,83
20230311,平塚,35
20230311,取手,23
20230311,名古屋,42
20230312,松山,75
20230312,四日市,48
20230312,久留米,83
20230312,福井,51
20230312,平塚,35
20230313,久留米,83
20230313,四日市,48
20230313,福井,51
20230313,向日町,54
20230313,平塚,35
20230313,いわき平,13
20230313,静岡,38
20230314,福井,51
20230314,高知,74
20230314,いわき平,13
20230314,大宮,25
20230314,小倉,81
20230314,向日町,54
20230314,大垣,44
20230314,佐世保,85
20230314,静岡,38
20230315,高松,71
20230315,立川,28
20230315,いわき平,13
20230315,大垣,44
20230315,向日町,54
20230315,大宮,25
20230315,高知,74
20230315,佐世保,85
20230315,静岡,38
20230315,小倉,81
20230316,大宮,25
20230316,小倉,81
20230316,立川,28
20230316,高知,74
20230316,四日市,48
20230316,大垣,44
20230316,佐世保,85
20230316,高松,71
20230317,松山,75
20230317,伊東,37
20230317,四日市,48
20230317,立川,28
20230317,平塚,35
20230317,高松,71
20230318,別府,86
20230318,伊東,37
20230318,四日市,48
20230318,平塚,35
20230318,松山,75
20230319,前橋,22
20230319,高知,74
20230319,平塚,35
20230319,別府,86
20230319,小倉,81
20230319,岸和田,56
20230319,松山,75
20230319,伊東,37
20230320,前橋,22
20230320,大垣,44
20230320,高知,74
20230320,静岡,38
20230320,別府,86
20230320,西武園,26
20230320,岸和田,56
20230320,小倉,81
20230321,前橋,22
20230321,岸和田,56
20230321,西武園,26
20230321,高知,74
20230321,大垣,44
20230321,静岡,38
20230321,別府,86
20230321,小倉,81
20230322,西武園,26
20230322,松戸,31
20230322,大垣,44
20230322,静岡,38
20230322,高松,71
20230322,宇都宮,24
20230323,松山,75
20230323,宇都宮,24
20230323,小倉,81
20230323,高松,71
20230323,松戸,31
20230323,福井,51
20230324,高松,71
20230324,松山,75
20230324,松戸,31
20230324,四日市,48
20230324,宇都宮,24
20230324,福井,51
20230324,小倉,81
20230324,大宮,25
20230325,小倉,81
20230325,いわき平,13
20230325,小田原,36
20230325,大宮,25
20230325,松山,75
20230325,福井,51
20230325,四日市,48
20230326,いわき平,13
20230326,小田原,36
20230326,玉野,61
20230326,大宮,25
20230326,京王閣,27
20230326,四日市,48
20230326,大垣,44
20230327,佐世保,85
20230327,別府,86
20230327,大垣,44
20230327,玉野,61
20230327,京王閣,27
20230327,いわき平,13
20230327,小田原,36
20230328,四日市,48
20230328,京王閣,27
20230328,別府,86
20230328,玉野,61
20230328,佐世保,85
20230328,大垣,44
20230329,名古屋,42
20230329,伊東,37
20230329,四日市,48
20230329,別府,86
20230329,小倉,81
20230329,玉野,61
20230329,前橋,22
20230329,小田原,36
20230329,佐世保,85
20230330,伊東,37
20230330,前橋,22
20230330,四日市,48
20230330,小倉,81
20230330,名古屋,42
20230330,小田原,36
20230331,伊東,37
20230331,名古屋,42
20230331,小倉,81
20230331,前橋,22
20230331,小田原,36
20230401,京王閣,27
20230401,四日市,48
20230401,岸和田,56
20230401,松戸,31
20230401,佐世保,85
20230401,久留米,83
20230401,福井,51
20230402,岸和田,56
20230402,久留米,83
20230402,京王閣,27
20230402,松戸,31
20230402,福井,51
20230402,四日市,48
20230402,佐世保,85
20230403,高松,71
20230403,玉野,61
20230403,岸和田,56
20230403,京王閣,27
20230403,福井,51
20230403,佐世保,85
20230403,久留米,83
20230403,松戸,31
20230403,四日市,48
20230404,伊東,37
20230404,高松,71
20230404,玉野,61
20230404,四日市,48
20230404,前橋,22
20230405,立川,28
20230405,奈良,53
20230405,玉野,61
20230405,伊東,37
20230405,前橋,22
20230405,高松,71
20230406,名古屋,42
20230406,奈良,53
20230406,立川,28
20230406,高知,74
20230406,伊東,37
20230406,前橋,22
20230407,奈良,53
20230407,名古屋,42
20230407,立川,28
20230407,大垣,44
20230407,西武園,26
20230407,高知,74
20230407,別府,86
20230408,西武園,26
20230408,いわき平,13
20230408,名古屋,42
20230408,大垣,44
20230408,高知,74
20230408,武雄,84
20230408,別府,86
20230409,西武園,26
20230409,前橋,22
20230409,武雄,84
20230409,いわき平,13
20230409,別府,86
20230409,高知,74
20230409,富山,46
20230409,大垣,44
20230410,松戸,31
20230410,取手,23
20230410,富山,46
20230410,武雄,84
20230410,高松,71
20230410,福井,51
20230410,前橋,22
20230410,いわき平,13
20230410,小倉,81
20230411,富山,46
20230411,福井,51
20230411,前橋,22
20230411,小倉,81
20230411,奈良,53
20230411,松戸,31
20230411,高松,71
20230411,取手,23
20230412,四日市,48
20230412,小倉,81
20230412,松戸,31
20230412,取手,23
20230412,奈良,53
20230412,高松,71
20230412,福井,51
20230413,四日市,48
20230413,松山,75
20230413,奈良,53
20230413,岸和田,56
20230413,小田原,36
20230413,函館,11
20230413,西武園,26
20230414,小松島,73
20230414,西武園,26
20230414,小田原,36
20230414,函館,11
20230414,四日市,48
20230414,岸和田,56
20230414,松山,75
20230415,西武園,26
20230415,京王閣,27
20230415,小田原,36
20230415,岸和田,56
20230415,松山,75
20230415,小松島,73
20230415,名古屋,42
20230415,函館,11
20230416,名古屋,42
20230416,玉野,61
20230416,小松島,73
20230416,京王閣,27
20230416,武雄,84
20230416,小田原,36
20230416,別府,86
20230417,京王閣,27
20230417,小倉,81
20230417,別府,86
20230417,いわき平,13
20230417,玉野,61
20230417,武雄,84
20230417,名古屋,42
20230418,玉野,61
20230418,いわき平,13
20230418,別府,86
20230418,武雄,84
20230418,伊東,37
20230418,小倉,81
20230418,奈良,53
20230419,前橋,22
20230419,小倉,81
20230419,西武園,26
20230419,奈良,53
20230419,函館,11
20230419,いわき平,13
20230419,伊東,37
20230420,奈良,53
20230420,伊東,37
20230420,松山,75
20230420,西武園,26
20230420,富山,46
20230420,函館,11
20230420,前橋,22
20230421,前橋,22
20230421,富山,46
20230421,名古屋,42
20230421,西武園,26
20230421,松山,75
20230421,函館,11
20230422,富山,46
20230422,武雄,84
20230422,名古屋,42
20230422,平塚,35
20230422,松山,75
20230422,向日町,54
20230422,小倉,81
20230423,宇都宮,24
20230423,武雄,84
20230423,小倉,81
20230423,名古屋,42
20230423,平塚,35
20230423,向日町,54
20230423,玉野,61
20230424,向日町,54
20230424,平塚,35
20230424,小倉,81
20230424,取手,23
20230424,宇都宮,24
20230424,玉野,61
20230424,武雄,84
20230425,伊東,37
20230425,宇都宮,24
20230425,取手,23
20230425,玉野,61
20230425,西武園,26
20230425,奈良,53
20230425,武雄,84
20230425,大垣,44
20230426,高松,71
20230426,奈良,53
20230426,伊東,37
20230426,大垣,44
20230426,名古屋,42
20230426,西武園,26
20230426,取手,23
20230426,和歌山,55
20230427,和歌山,55
20230427,奈良,53
20230427,西武園,26
20230427,高松,71
20230427,名古屋,42
20230427,伊東,37
20230427,函館,11
20230427,久留米,83
20230427,大垣,44
20230428,函館,11
20230428,別府,86
20230428,松戸,31
20230428,玉野,61
20230428,名古屋,42
20230428,和歌山,55
20230428,高松,71
20230428,久留米,83
20230428,四日市,48
20230429,別府,86
20230429,静岡,38
20230429,玉野,61
20230429,四日市,48
20230429,函館,11
20230429,松戸,31
20230429,久留米,83
20230430,別府,86
20230430,宇都宮,24
20230430,松山,75
20230430,久留米,83
20230430,静岡,38
20230430,四日市,48
20230430,松戸,31
20230430,玉野,61
20230501,松山,75
20230501,立川,28
20230501,静岡,38
20230501,名古屋,42
20230501,富山,46
20230501,和歌山,55
20230501,武雄,84
20230501,宇都宮,24
20230501,函館,11
20230502,宇都宮,24
20230502,立川,28
20230502,平塚,35
20230502,函館,11
20230502,武雄,84
20230502,松山,75
20230502,富山,46
20230502,佐世保,85
20230502,和歌山,55
20230502,名古屋,42
20230503,名古屋,42
20230503,平塚,35
20230503,和歌山,55
20230503,立川,28
20230503,小松島,73
20230503,武雄,84
20230503,佐世保,85
20230503,富山,46
20230503,函館,11
20230504,向日町,54
20230504,小松島,73
20230504,平塚,35
20230504,前橋,22
20230504,佐世保,85
20230504,小倉,81
20230505,向日町,54
20230505,平塚,35
20230505,小倉,81
20230505,岸和田,56
20230505,前橋,22
20230505,いわき平,13
20230505,四日市,48
20230505,小松島,73
20230506,岸和田,56
20230506,向日町,54
20230506,立川,28
20230506,前橋,22
20230506,平塚,35
20230506,いわき平,13
20230506,小倉,81
20230506,四日市,48
20230507,立川,28
20230507,岸和田,56
20230507,四日市,48
20230507,名古屋,42
20230507,久留米,83
20230507,平塚,35
20230507,いわき平,13
20230507,松山,75
20230508,松山,75
20230508,奈良,53
20230508,立川,28
20230508,久留米,83
20230508,武雄,84
20230508,伊東,37
20230508,大垣,44
20230508,名古屋,42
20230509,伊東,37
20230509,久留米,83
20230509,奈良,53
20230509,松山,75
20230509,名古屋,42
20230509,大垣,44
20230509,武雄,84
20230510,大垣,44
20230510,武雄,84
20230510,高松,71
20230510,伊東,37
20230510,奈良,53
20230510,西武園,26
20230511,富山,46
20230511,西武園,26
20230511,高松,71
20230511,小松島,73
20230511,別府,86
20230511,前橋,22
20230512,富山,46
20230512,静岡,38
20230512,別府,86
20230512,西武園,26
20230512,前橋,22
20230512,高松,71
20230512,小松島,73
20230513,京王閣,27
20230513,富山,46
20230513,福井,51
20230513,静岡,38
20230513,小松島,73
20230513,小倉,81
20230513,函館,11
20230513,別府,86
20230513,前橋,22
20230514,京王閣,27
20230514,福井,51
20230514,高知,74
20230514,佐世保,85
20230514,小倉,81
20230514,函館,11
20230514,静岡,38
20230515,福井,51
20230515,高知,74
20230515,佐世保,85
20230515,四日市,48
20230515,小倉,81
20230515,函館,11
20230515,京王閣,27
20230515,小田原,36
20230516,小田原,36
20230516,高知,74
20230516,西武園,26
20230516,松山,75
20230516,佐世保,85
20230516,函館,11
20230516,四日市,48
20230517,四日市,48
20230517,小田原,36
20230517,前橋,22
20230517,西武園,26
20230517,名古屋,42
20230517,松山,75
20230518,西武園,26
20230518,宇都宮,24
20230518,玉野,61
20230518,別府,86
20230518,名古屋,42
20230518,前橋,22
20230518,武雄,84
20230518,松山,75
20230519,岸和田,56
20230519,前橋,22
20230519,武雄,84
20230519,別府,86
20230519,大垣,44
20230519,名古屋,42
20230519,宇都宮,24
20230519,玉野,61
20230520,宇都宮,24
20230520,小倉,81
20230520,玉野,61
20230520,武雄,84
20230520,松戸,31
20230520,岸和田,56
20230520,四日市,48
20230520,別府,86
20230520,大垣,44
20230521,岸和田,56
20230521,宇都宮,24
20230521,大垣,44
20230521,松戸,31
20230521,四日市,48
20230521,小倉,81
20230521,いわき平,13
20230522,福井,51
20230522,四日市,48
20230522,いわき平,13
20230522,名古屋,42
20230522,小倉,81
20230522,松戸,31
20230523,高知,74
20230523,別府,86
20230523,静岡,38
20230523,いわき平,13
20230523,松山,75
20230523,函館,11
20230523,福井,51
20230523,京王閣,27
20230523,名古屋,42
20230524,静岡,38
20230524,別府,86
20230524,松山,75
20230524,京王閣,27
20230524,函館,11
20230524,高知,74
20230524,福井,51
20230524,名古屋,42
20230525,静岡,38
20230525,高知,74
20230525,松山,75
20230525,別府,86
20230525,西武園,26
20230525,京王閣,27
20230525,函館,11
20230526,取手,23
20230526,小倉,81
20230526,久留米,83
20230526,松戸,31
20230526,西武園,26
20230526,宇都宮,24
20230527,小倉,81
20230527,取手,23
20230527,宇都宮,24
20230527,松戸,31
20230527,西武園,26
20230527,久留米,83
20230527,富山,46
20230528,佐世保,85
20230528,取手,23
20230528,小倉,81
20230528,久留米,83
20230528,宇都宮,24
20230528,松戸,31
20230528,和歌山,55
20230528,富山,46
20230529,玉野,61
20230529,平塚,35
20230529,岸和田,56
20230529,伊東,37
20230529,和歌山,55
20230529,佐世保,85
20230530,平塚,35
20230530,伊東,37
20230530,佐世保,85
20230530,和歌山,55
20230530,岸和田,56
20230530,玉野,61
20230531,伊東,37
20230531,平塚,35
20230531,岸和田,56
20230531,大宮,25
20230531,玉野,61
20230531,小松島,73
20230601,向日町,54
20230601,小松島,73
20230601,大宮,25
20230601,名古屋,42
20230601,別府,86
20230601,福井,51
20230601,松戸,31
20230602,小松島,73
20230602,大宮,25
20230602,名古屋,42
20230602,小田原,36
20230602,別府,86
20230602,松戸,31
20230602,福井,51
20230602,向日町,54
20230603,函館,11
20230603,小田原,36
20230603,松戸,31
20230603,名古屋,42
20230603,福井,51
20230603,大垣,44
20230603,別府,86
20230603,向日町,54
20230604,小田原,36
20230604,岸和田,56
20230604,函館,11
20230604,宇都宮,24
20230604,大垣,44
20230604,武雄,84
20230604,京王閣,27
20230605,武雄,84
20230605,宇都宮,24
20230605,大垣,44
20230605,青森,12
20230605,伊東,37
20230605,京王閣,27
20230605,函館,11
20230605,岸和田,56
20230606,宇都宮,24
20230606,玉野,61
20230606,京王閣,27
20230606,伊東,37
20230606,岸和田,56
20230606,大垣,44
20230606,青森,12
20230606,武雄,84
20230607,高知,74
20230607,青森,12
20230607,名古屋,42
20230607,玉野,61
20230607,伊東,37
20230607,弥彦,21
20230607,奈良,53
20230608,小倉,81
20230608,高知,74
20230608,函館,11
20230608,名古屋,42
20230608,弥彦,21
20230608,奈良,53
20230608,玉野,61
20230608,向日町,54
20230609,静岡,38
20230609,奈良,53
20230609,高知,74
20230609,弥彦,21
20230609,名古屋,42
20230609,函館,11
20230609,小倉,81
20230609,向日町,54
20230610,向日町,54
20230610,静岡,38
20230610,高松,71
20230610,小倉,81
20230610,函館,11
20230610,別府,86
20230610,青森,12
20230610,大垣,44
20230611,別府,86
20230611,高松,71
20230611,宇都宮,24
20230611,大垣,44
20230611,静岡,38
20230611,向日町,54
20230611,青森,12
20230612,宇都宮,24
20230612,大垣,44
20230612,名古屋,42
20230612,別府,86
20230612,青森,12
20230612,高松,71
20230613,函館,11
20230613,宇都宮,24
20230613,岸和田,56
20230613,名古屋,42
20230613,前橋,22
20230613,佐世保,85
20230613,弥彦,21
20230614,佐世保,85
20230614,岸和田,56
20230614,弥彦,21
20230614,名古屋,42
20230614,前橋,22
20230614,函館,11
20230614,松戸,31
20230615,岸和田,56
20230615,函館,11
20230615,松戸,31
20230615,佐世保,85
20230615,弥彦,21
20230615,前橋,22
20230615,大宮,25
20230616,小松島,73
20230616,四日市,48
20230616,平塚,35
20230616,大宮,25
20230616,松戸,31
20230616,岸和田,56
20230616,静岡,38
20230617,岸和田,56
20230617,小松島,73
20230617,四日市,48
20230617,平塚,35
20230617,静岡,38
20230617,青森,12
20230617,大宮,25
20230618,岸和田,56
20230618,静岡,38
20230618,平塚,35
20230618,小松島,73
20230618,青森,12
20230618,四日市,48
20230619,名古屋,42
20230619,青森,12
20230619,弥彦,21
20230619,小倉,81
20230619,京王閣,27
20230619,大垣,44
20230619,高松,71
20230620,京王閣,27
20230620,弥彦,21
20230620,小倉,81
20230620,高松,71
20230620,名古屋,42
20230620,大垣,44
20230620,別府,86
20230621,小倉,81
20230621,大垣,44
20230621,京王閣,27
20230621,別府,86
20230621,弥彦,21
20230621,名古屋,42
20230621,高松,71
20230621,伊東,37
20230622,和歌山,55
20230622,伊東,37
20230622,高知,74
20230622,別府,86
20230622,立川,28
20230622,函館,11
20230622,青森,12
20230623,高知,74
20230623,青森,12
20230623,立川,28
20230623,和歌山,55
20230623,伊東,37
20230623,函館,11
20230624,青森,12
20230624,高知,74
20230624,立川,28
20230624,和歌山,55
20230624,函館,11
20230624,名古屋,42
20230624,久留米,83
20230625,久留米,83
20230625,武雄,84
20230625,弥彦,21
20230625,名古屋,42
20230625,高松,71
20230625,西武園,26
20230625,玉野,61
20230626,弥彦,21
20230626,高松,71
20230626,名古屋,42
20230626,取手,23
20230626,玉野,61
20230626,久留米,83
20230626,西武園,26
20230626,武雄,84
20230627,弥彦,21
20230627,松戸,31
20230627,西武園,26
20230627,久留米,83
20230627,武雄,84
20230627,青森,12
20230627,玉野,61
20230627,取手,23
20230627,高松,71
20230628,小倉,81
20230628,函館,11
20230628,富山,46
20230628,青森,12
20230628,松戸,31
20230628,取手,23
20230629,函館,11
20230629,松戸,31
20230629,四日市,48
20230629,小倉,81
20230629,富山,46
20230629,前橋,22
20230629,青森,12
20230629,向日町,54
20230630,富山,46
20230630,四日市,48
20230630,別府,86
20230630,函館,11
20230630,前橋,22
20230630,向日町,54
20230630,小倉,81
20230630,伊東,37
20230701,大垣,44
20230701,四日市,48
20230701,向日町,54
20230701,伊東,37
20230701,高知,74
20230701,前橋,22
20230701,武雄,84
20230701,別府,86
20230702,高知,74
20230702,前橋,22
20230702,武雄,84
20230702,青森,12
20230702,別府,86
20230702,伊東,37
20230702,高松,71
20230702,大垣,44
20230703,青森,12
20230703,高松,71
20230703,大垣,44
20230703,弥彦,21
20230703,武雄,84
20230703,高知,74
20230704,弥彦,21
20230704,松戸,31
20230704,名古屋,42
20230704,青森,12
20230704,岸和田,56
20230704,高松,71
20230705,岸和田,56
20230705,弥彦,21
20230705,小田原,36
20230705,名古屋,42
20230705,向日町,54
20230705,松戸,31
20230706,松戸,31
20230706,向日町,54
20230706,富山,46
20230706,岸和田,56
20230706,小松島,73
20230706,武雄,84
20230706,小田原,36
20230706,大宮,25
20230706,名古屋,42
20230707,大垣,44
20230707,武雄,84
20230707,小田原,36
20230707,別府,86
20230707,大宮,25
20230707,小松島,73
20230707,静岡,38
20230707,富山,46
20230707,向日町,54
20230707,函館,11
20230708,小松島,73
20230708,函館,11
20230708,武雄,84
20230708,大垣,44
20230708,大宮,25
20230708,静岡,38
20230708,富山,46
20230708,別府,86
20230709,函館,11
20230709,小松島,73
20230709,大垣,44
20230709,立川,28
20230709,青森,12
20230709,静岡,38
20230709,別府,86
20230710,久留米,83
20230710,玉野,61
20230710,向日町,54
20230710,青森,12
20230710,立川,28
20230710,前橋,22
20230710,和歌山,55
20230711,久留米,83
20230711,立川,28
20230711,玉野,61
20230711,青森,12
20230711,和歌山,55
20230711,前橋,22
20230711,向日町,54
20230712,玉野,61
20230712,和歌山,55
20230712,向日町,54
20230712,久留米,83
20230712,小田原,36
20230712,前橋,22
20230712,武雄,84
20230712,富山,46
20230712,京王閣,27
20230713,小田原,36
20230713,富山,46
20230713,別府,86
20230713,京王閣,27
20230713,武雄,84
20230713,名古屋,42
20230714,小田原,36
20230714,武雄,84
20230714,名古屋,42
20230714,別府,86
20230714,静岡,38
20230714,富山,46
20230714,京王閣,27
20230715,名古屋,42
20230715,高松,71
20230715,佐世保,85
20230715,別府,86
20230715,静岡,38
20230715,函館,11
20230716,静岡,38
20230716,高知,74
20230716,函館,11
20230716,高松,71
20230716,佐世保,85
20230716,弥彦,21
20230717,小田原,36
20230717,弥彦,21
20230717,大宮,25
20230717,高松,71
20230717,函館,11
20230717,佐世保,85
20230717,高知,74
20230718,大宮,25
20230718,小田原,36
20230718,大垣,44
20230718,久留米,83
20230718,高知,74
20230718,伊東,37
20230718,弥彦,21
20230718,和歌山,55
20230719,和歌山,55
20230719,伊東,37
20230719,大垣,44
20230719,名古屋,42
20230719,青森,12
20230719,久留米,83
20230719,小田原,36
20230719,大宮,25
20230720,玉野,61
20230720,久留米,83
20230720,和歌山,55
20230720,青森,12
20230720,取手,23
20230720,伊東,37
20230720,大垣,44
20230720,名古屋,42
20230721,青森,12
20230721,平塚,35
20230721,立川,28
20230721,玉野,61
20230721,取手,23
20230721,函館,11
20230721,名古屋,42
20230722,函館,11
20230722,取手,23
20230722,立川,28
20230722,富山,46
20230722,玉野,61
20230722,福井,51
20230722,武雄,84
20230722,平塚,35
20230722,弥彦,21
20230722,高松,71
20230723,函館,11
20230723,高松,71
20230723,弥彦,21
20230723,平塚,35
20230723,小倉,81
20230723,立川,28
20230723,武雄,84
20230723,福井,51
20230723,富山,46
20230724,小倉,81
20230724,青森,12
20230724,富山,46
20230724,高松,71
20230724,福井,51
20230724,弥彦,21
20230724,武雄,84
20230725,青森,12
20230725,伊東,37
20230725,四日市,48
20230725,小倉,81
20230725,福井,51
20230725,小田原,36
20230726,青森,12
20230726,玉野,61
20230726,岸和田,56
20230726,四日市,48
20230726,宇都宮,24
20230726,伊東,37
20230726,小田原,36
20230727,松戸,31
20230727,佐世保,85
20230727,小田原,36
20230727,大宮,25
20230727,四日市,48
20230727,宇都宮,24
20230727,名古屋,42
20230727,岸和田,56
20230727,玉野,61
20230727,伊東,37
20230728,松戸,31
20230728,宇都宮,24
20230728,佐世保,85
20230728,大宮,25
20230728,名古屋,42
20230728,岸和田,56
20230728,玉野,61
20230728,前橋,22
20230729,大宮,25
20230729,名古屋,42
20230729,小倉,81
20230729,函館,11
20230729,高松,71
20230729,佐世保,85
20230729,前橋,22
20230729,松戸,31
20230730,函館,11
20230730,名古屋,42
20230730,青森,12
20230730,前橋,22
20230730,高松,71
20230730,小倉,81
20230731,福井,51
20230731,小倉,81
20230731,高松,71
20230731,函館,11
20230731,玉野,61
20230731,青森,12
20230731,小田原,36
20230801,弥彦,21
20230801,玉野,61
20230801,青森,12
20230801,武雄,84
20230801,奈良,53
20230801,福井,51
20230801,小田原,36
20230802,福井,51
20230802,小田原,36
20230802,奈良,53
20230802,岸和田,56
20230802,久留米,83
20230802,玉野,61
20230802,弥彦,21
20230802,武雄,84
20230802,いわき平,13
20230803,富山,46
20230803,奈良,53
20230803,岸和田,56
20230803,弥彦,21
20230803,いわき平,13
20230803,平塚,35
20230803,久留米,83
20230803,武雄,84
20230804,豊橋,45
20230804,富山,46
20230804,久留米,83
20230804,岸和田,56
20230804,平塚,35
20230804,高知,74
20230804,いわき平,13
20230805,前橋,22
20230805,高知,74
20230805,平塚,35
20230805,富山,46
20230805,小倉,81
20230805,豊橋,45
20230805,高松,71
20230806,富山,46
20230806,豊橋,45
20230806,高松,71
20230806,高知,74
20230806,立川,28
20230806,小倉,81
20230806,小田原,36
20230806,前橋,22
20230807,立川,28
20230807,大垣,44
20230807,小田原,36
20230807,高松,71
20230807,前橋,22
20230807,小倉,81
20230807,岸和田,56
20230807,青森,12
20230808,青森,12
20230808,玉野,61
20230808,立川,28
20230808,岸和田,56
20230808,大垣,44
20230808,小田原,36
20230809,佐世保,85
20230809,松戸,31
20230809,岸和田,56
20230809,宇都宮,24
20230809,大垣,44
20230809,青森,12
20230809,玉野,61
20230810,宇都宮,24
20230810,松戸,31
20230810,和歌山,55
20230810,玉野,61
20230810,佐世保,85
20230810,京王閣,27
20230811,武雄,84
20230811,和歌山,55
20230811,富山,46
20230811,佐世保,85
20230811,宇都宮,24
20230811,松戸,31
20230811,京王閣,27
20230812,青森,12
20230812,和歌山,55
20230812,武雄,84
20230812,佐世保,85
20230812,富山,46
20230812,豊橋,45
20230812,静岡,38
20230812,函館,11
20230812,京王閣,27
20230813,豊橋,45
20230813,富山,46
20230813,静岡,38
20230813,和歌山,55
20230813,京王閣,27
20230813,武雄,84
20230813,函館,11
20230813,青森,12
20230814,豊橋,45
20230814,青森,12
20230814,静岡,38
20230814,小田原,36
20230814,函館,11
20230815,小田原,36
20230815,小倉,81
20230815,奈良,53
20230815,宇都宮,24
20230815,別府,86
20230815,西武園,26
20230816,西武園,26
20230816,小田原,36
20230816,別府,86
20230816,高知,74
20230816,宇都宮,24
20230816,奈良,53
20230816,小倉,81
20230817,別府,86
20230817,高知,74
20230817,西武園,26
20230817,宇都宮,24
20230817,奈良,53
20230817,小倉,81
20230818,前橋,22
20230818,伊東,37
20230818,豊橋,45
20230818,高知,74
20230818,西武園,26
20230818,奈良,53
20230818,佐世保,85
20230819,前橋,22
20230819,佐世保,85
20230819,伊東,37
20230819,豊橋,45
20230819,西武園,26
20230819,青森,12
20230820,前橋,22
20230820,豊橋,45
20230820,佐世保,85
20230820,青森,12
20230820,西武園,26
20230820,伊東,37
20230821,小松島,73
20230821,玉野,61
20230821,青森,12
20230821,宇都宮,24
20230821,向日町,54
20230821,福井,51
20230821,久留米,83
20230822,向日町,54
20230822,久留米,83
20230822,玉野,61
20230822,宇都宮,24
20230822,福井,51
20230822,小松島,73
20230823,久留米,83
20230823,大垣,44
20230823,玉野,61
20230823,函館,11
20230823,小松島,73
20230823,福井,51
20230823,向日町,54
20230823,宇都宮,24
20230824,奈良,53
20230824,大宮,25
20230824,小倉,81
20230824,豊橋,45
20230824,大垣,44
20230824,函館,11
20230825,函館,11
20230825,静岡,38
20230825,奈良,53
20230825,富山,46
20230825,岸和田,56
20230825,小倉,81
20230825,大垣,44
20230825,豊橋,45
20230825,弥彦,21
20230825,大宮,25
20230826,弥彦,21
20230826,富山,46
20230826,松戸,31
20230826,静岡,38
20230826,豊橋,45
20230826,大宮,25
20230826,青森,12
20230826,小倉,81
20230826,奈良,53
20230826,岸和田,56
20230827,富山,46
20230827,岸和田,56
20230827,静岡,38
20230827,弥彦,21
20230827,青森,12
20230827,松戸,31
20230827,宇都宮,24
20230827,高松,71
20230828,松戸,31
20230828,高知,74
20230828,高松,71
20230828,青森,12
20230828,前橋,22
20230828,宇都宮,24
20230829,前橋,22
20230829,高知,74
20230829,高松,71
20230829,宇都宮,24
20230829,別府,86
20230829,松戸,31
20230830,伊東,37
20230830,大垣,44
20230830,前橋,22
20230830,佐世保,85
20230830,高知,74
20230830,函館,11
20230830,別府,86
20230831,別府,86
20230831,函館,11
20230831,伊東,37
20230831,大垣,44
20230831,富山,46
20230831,向日町,54
20230831,取手,23
20230831,佐世保,85
20230901,函館,11
20230901,伊東,37
20230901,取手,23
20230901,向日町,54
20230901,富山,46
20230901,佐世保,85
20230901,大垣,44
20230901,青森,12
20230902,取手,23
20230902,京王閣,27
20230902,青森,12
20230902,久留米,83
20230902,向日町,54
20230902,富山,46
20230903,京王閣,27
20230903,別府,86
20230903,久留米,83
20230903,向日町,54
20230903,青森,12
20230903,弥彦,21
20230904,京王閣,27
20230904,別府,86
20230904,久留米,83
20230904,和歌山,55
20230904,平塚,35
20230904,弥彦,21
20230905,平塚,35
20230905,伊東,37
20230905,小松島,73
20230905,四日市,48
20230905,和歌山,55
20230905,弥彦,21
20230905,函館,11
20230905,別府,86
20230906,函館,11
20230906,伊東,37
20230906,松阪,47
20230906,和歌山,55
20230906,平塚,35
20230906,小松島,73
20230906,四日市,48
20230907,函館,11
20230907,小松島,73
20230907,伊東,37
20230907,松阪,47
20230907,四日市,48
20230907,立川,28
20230907,豊橋,45
20230907,玉野,61
20230908,豊橋,45
20230908,高知,74
20230908,松阪,47
20230908,松戸,31
20230908,立川,28
20230908,玉野,61
20230908,佐世保,85
20230908,高松,71
20230909,佐世保,85
20230909,高松,71
20230909,豊橋,45
20230909,松戸,31
20230909,立川,28
20230909,玉野,61
20230909,高知,74
20230910,高知,74
20230910,静岡,38
20230910,高松,71
20230910,佐世保,85
20230910,立川,28
20230910,いわき平,13
20230910,松戸,31
20230910,向日町,54
20230911,静岡,38
20230911,四日市,48
20230911,いわき平,13
20230911,向日町,54
20230911,函館,11
20230912,函館,11
20230912,四日市,48
20230912,静岡,38
20230912,宇都宮,24
20230912,向日町,54
20230912,いわき平,13
20230913,四日市,48
20230913,豊橋,45
20230913,別府,86
20230913,宇都宮,24
20230913,函館,11
20230914,平塚,35
20230914,奈良,53
20230914,豊橋,45
20230914,宇都宮,24
20230914,別府,86
20230915,豊橋,45
20230915,平塚,35
20230915,大宮,25
20230915,別府,86
20230915,久留米,83
20230915,青森,12
20230915,奈良,53
20230916,奈良,53
20230916,弥彦,21
20230916,久留米,83
20230916,前橋,22
20230916,大宮,25
20230916,平塚,35
20230916,青森,12
20230917,伊東,37
20230917,高知,74
20230917,大宮,25
20230917,久留米,83
20230917,青森,12
20230917,前橋,22
20230917,弥彦,21
20230918,伊東,37
20230918,前橋,22
20230918,弥彦,21
20230918,高松,71
20230918,高知,74
20230918,青森,12
20230918,いわき平,13
20230919,向日町,54
20230919,いわき平,13
20230919,高知,74
20230919,高松,71
20230919,別府,86
20230919,伊東,37
20230919,小田原,36
20230920,小田原,36
20230920,向日町,54
20230920,大垣,44
20230920,高松,71
20230920,別府,86
20230920,武雄,84
20230920,いわき平,13
20230920,豊橋,45
20230921,向日町,54
20230921,弥彦,21
20230921,小田原,36
20230921,武雄,84
20230921,福井,51
20230921,豊橋,45
20230921,別府,86
20230921,大垣,44
20230922,静岡,38
20230922,福井,51
20230922,弥彦,21
20230922,豊橋,45
20230922,大垣,44
20230922,武雄,84
20230923,佐世保,85
20230923,高松,71
20230923,玉野,61
20230923,静岡,38
20230923,弥彦,21
20230923,福井,51
20230923,宇都宮,24
20230923,青森,12
20230923,松阪,47
20230924,静岡,38
20230924,佐世保,85
20230924,高松,71
20230924,青森,12
20230924,松戸,31
20230924,玉野,61
20230924,宇都宮,24
20230924,松阪,47
20230925,松阪,47
20230925,松戸,31
20230925,玉野,61
20230925,高松,71
20230925,青森,12
20230925,宇都宮,24
20230925,佐世保,85
20230925,大宮,25
20230925,取手,23
20230926,松戸,31
20230926,大宮,25
20230926,久留米,83
20230926,松阪,47
20230926,奈良,53
20230926,函館,11
20230926,取手,23
20230927,平塚,35
20230927,函館,11
20230927,取手,23
20230927,大宮,25
20230927,奈良,53
20230927,久留米,83
20230928,弥彦,21
20230928,函館,11
20230928,武雄,84
20230928,久留米,83
20230928,奈良,53
20230928,豊橋,45
20230928,高知,74
20230928,平塚,35
20230929,京王閣,27
20230929,豊橋,45
20230929,青森,12
20230929,大垣,44
20230929,小松島,73
20230929,弥彦,21
20230929,和歌山,55
20230929,平塚,35
20230929,武雄,84
20230929,高知,74
20230930,弥彦,21
20230930,和歌山,55
20230930,豊橋,45
20230930,京王閣,27
20230930,高知,74
20230930,大垣,44
20230930,高松,71
20230930,青森,12
20230930,武雄,84
20230930,小松島,73
20231001,京王閣,27
20231001,小松島,73
20231001,大垣,44
20231001,高松,71
20231001,豊橋,45
20231001,青森,12
20231001,和歌山,55
20231002,別府,86
20231002,宇都宮,24
20231002,高松,71
20231002,松戸,31
20231002,福井,51
20231003,松戸,31
20231003,大宮,25
20231003,宇都宮,24
20231003,武雄,84
20231003,福井,51
20231003,別府,86
20231004,大宮,25
20231004,松戸,31
20231004,武雄,84
20231004,宇都宮,24
20231004,別府,86
20231004,福井,51
20231005,武雄,84
20231005,玉野,61
20231005,松阪,47
20231005,高知,74
20231005,大宮,25
20231005,和歌山,55
20231005,静岡,38
20231006,和歌山,55
20231006,静岡,38
20231006,久留米,83
20231006,玉野,61
20231006,松阪,47
20231006,高知,74
20231006,弥彦,21
20231007,久留米,83
20231007,弥彦,21
20231007,松阪,47
20231007,和歌山,55
20231007,静岡,38
20231007,玉野,61
20231007,高知,74
20231007,川崎,34
20231008,川崎,34
20231008,青森,12
20231008,久留米,83
20231008,前橋,22
20231008,豊橋,45
20231008,向日町,54
20231008,弥彦,21
20231009,和歌山,55
20231009,豊橋,45
20231009,青森,12
20231009,川崎,34
20231009,久留米,83
20231009,前橋,22
20231009,向日町,54
20231010,奈良,53
20231010,和歌山,55
20231010,前橋,22
20231010,西武園,26
20231010,豊橋,45
20231010,武雄,84
20231010,向日町,54
20231010,富山,46
20231010,青森,12
20231011,奈良,53
20231011,和歌山,55
20231011,西武園,26
20231011,京王閣,27
20231011,武雄,84
20231011,小松島,73
20231011,富山,46
20231012,京王閣,27
20231012,奈良,53
20231012,小松島,73
20231012,青森,12
20231012,小田原,36
20231012,西武園,26
20231012,武雄,84
20231012,富山,46
20231013,京王閣,27
20231013,小田原,36
20231013,青森,12
20231013,小松島,73
20231013,佐世保,85
20231014,小田原,36
20231014,前橋,22
20231014,佐世保,85
20231014,和歌山,55
20231014,松阪,47
20231014,青森,12
20231015,松阪,47
20231015,富山,46
20231015,小田原,36
20231015,前橋,22
20231015,武雄,84
20231015,大宮,25
20231015,和歌山,55
20231015,玉野,61
20231015,佐世保,85
20231016,松阪,47
20231016,富山,46
20231016,高松,71
20231016,和歌山,55
20231016,玉野,61
20231016,前橋,22
20231016,大宮,25
20231016,武雄,84
20231016,取手,23
20231017,高知,74
20231017,小倉,81
20231017,武雄,84
20231017,高松,71
20231017,富山,46
20231017,川崎,34
20231017,玉野,61
20231017,取手,23
20231017,大宮,25
20231018,高松,71
20231018,高知,74
20231018,小倉,81
20231018,別府,86
20231018,取手,23
20231018,川崎,34
20231019,別府,86
20231019,川崎,34
20231019,弥彦,21
20231019,松阪,47
20231019,高知,74
20231019,小倉,81
20231020,平塚,35
20231020,松戸,31
20231020,宇都宮,24
20231020,福井,51
20231020,向日町,54
20231020,松阪,47
20231020,弥彦,21
20231020,青森,12
20231020,別府,86
20231020,静岡,38
20231021,宇都宮,24
20231021,弥彦,21
20231021,松戸,31
20231021,平塚,35
20231021,青森,12
20231021,松阪,47
20231021,福井,51
20231021,向日町,54
20231021,静岡,38
20231022,向日町,54
20231022,青森,12
20231022,福井,51
20231022,平塚,35
20231022,静岡,38
20231022,弥彦,21
20231022,宇都宮,24
20231022,松戸,31
20231023,松阪,47
20231023,前橋,22
20231023,久留米,83
20231023,大宮,25
20231023,函館,11
20231023,和歌山,55
20231024,大宮,25
20231024,松阪,47
20231024,和歌山,55
20231024,前橋,22
20231024,久留米,83
20231024,函館,11
20231025,函館,11
20231025,松阪,47
20231025,和歌山,55
20231025,久留米,83
20231025,別府,86
20231025,大宮,25
20231025,前橋,22
20231025,松戸,31
20231026,別府,86
20231026,武雄,84
20231026,小松島,73
20231026,川崎,34
20231026,玉野,61
20231026,松戸,31
20231027,松戸,31
20231027,玉野,61
20231027,小松島,73
20231027,別府,86
20231027,川崎,34
20231027,武雄,84
20231027,向日町,54
20231028,小松島,73
20231028,向日町,54
20231028,玉野,61
20231028,武雄,84
20231028,京王閣,27
20231028,川崎,34
20231028,青森,12
20231029,向日町,54
20231029,青森,12
20231029,豊橋,45
20231029,大垣,44
20231029,久留米,83
20231029,京王閣,27
20231030,大垣,44
20231030,豊橋,45
20231030,久留米,83
20231030,伊東,37
20231030,高松,71
20231030,京王閣,27
20231030,青森,12
20231031,伊東,37
20231031,豊橋,45
20231031,久留米,83
20231031,京王閣,27
20231031,高松,71
20231031,大垣,44
20231101,高松,71
20231101,松阪,47
20231101,奈良,53
20231101,前橋,22
20231101,富山,46
20231101,小倉,81
20231101,伊東,37
20231102,小倉,81
20231102,取手,23
20231102,玉野,61
20231102,奈良,53
20231102,前橋,22
20231102,松阪,47
20231102,福井,51
20231102,富山,46
20231103,富山,46
20231103,取手,23
20231103,向日町,54
20231103,玉野,61
20231103,小倉,81
20231103,青森,12
20231103,奈良,53
20231103,福井,51
20231103,前橋,22
20231103,松阪,47
20231103,静岡,38
20231104,福井,51
20231104,大宮,25
20231104,大垣,44
20231104,静岡,38
20231104,向日町,54
20231104,青森,12
20231104,玉野,61
20231104,いわき平,13
20231104,取手,23
20231105,青森,12
20231105,玉野,61
20231105,いわき平,13
20231105,大垣,44
20231105,大宮,25
20231105,向日町,54
20231105,静岡,38
20231106,大宮,25
20231106,豊橋,45
20231106,小松島,73
20231106,いわき平,13
20231106,別府,86
20231106,平塚,35
20231106,大垣,44
20231107,豊橋,45
20231107,前橋,22
20231107,平塚,35
20231107,小松島,73
20231107,別府,86
20231107,佐世保,85
20231108,別府,86
20231108,佐世保,85
20231108,松戸,31
20231108,豊橋,45
20231108,奈良,53
20231108,平塚,35
20231108,小松島,73
20231108,前橋,22
20231109,佐世保,85
20231109,高松,71
20231109,四日市,48
20231109,松戸,31
20231109,前橋,22
20231109,取手,23
20231109,奈良,53
20231110,四日市,48
20231110,奈良,53
20231110,岸和田,56
20231110,高松,71
20231110,松戸,31
20231110,取手,23
20231110,京王閣,27
20231111,京王閣,27
20231111,取手,23
20231111,小倉,81
20231111,岸和田,56
20231111,四日市,48
20231111,玉野,61
20231111,高松,71
20231111,川崎,34
20231112,岸和田,56
20231112,玉野,61
20231112,川崎,34
20231112,別府,86
20231112,四日市,48
20231112,京王閣,27
20231112,小倉,81
20231113,川崎,34
20231113,豊橋,45
20231113,別府,86
20231113,福井,51
20231113,いわき平,13
20231113,玉野,61
20231113,弥彦,21
20231113,小倉,81
20231114,高知,74
20231114,いわき平,13
20231114,岸和田,56
20231114,福井,51
20231114,弥彦,21
20231114,別府,86
20231114,平塚,35
20231114,静岡,38
20231114,豊橋,45
20231115,弥彦,21
20231115,高知,74
20231115,福井,51
20231115,静岡,38
20231115,岸和田,56
20231115,平塚,35
20231115,豊橋,45
20231115,いわき平,13
20231116,高知,74
20231116,静岡,38
20231116,奈良,53
20231116,岸和田,56
20231116,大垣,44
20231116,平塚,35
20231117,松阪,47
20231117,奈良,53
20231117,大垣,44
20231117,小松島,73
20231117,前橋,22
20231117,西武園,26
20231118,前橋,22
20231118,川崎,34
20231118,大垣,44
20231118,奈良,53
20231118,小松島,73
20231118,玉野,61
20231118,松阪,47
20231118,西武園,26
20231119,前橋,22
20231119,別府,86
20231119,玉野,61
20231119,川崎,34
20231119,小松島,73
20231119,大垣,44
20231119,松阪,47
20231119,西武園,26
20231120,伊東,37
20231120,玉野,61
20231120,豊橋,45
20231120,別府,86
20231120,川崎,34
20231121,豊橋,45
20231121,別府,86
20231121,松戸,31
20231121,伊東,37
20231121,小倉,81
20231121,高知,74
20231122,伊東,37
20231122,豊橋,45
20231122,高知,74
20231122,松阪,47
20231122,松戸,31
20231122,小倉,81
20231123,松阪,47
20231123,松戸,31
20231123,前橋,22
20231123,高松,71
20231123,大垣,44
20231123,高知,74
20231123,小倉,81
20231124,いわき平,13
20231124,高松,71
20231124,小倉,81
20231124,前橋,22
20231124,松阪,47
20231124,川崎,34
20231124,佐世保,85
20231124,大垣,44
20231124,西武園,26
20231125,大垣,44
20231125,川崎,34
20231125,佐世保,85
20231125,西武園,26
20231125,小倉,81
20231125,いわき平,13
20231125,高松,71
20231125,前橋,22
20231126,川崎,34
20231126,松阪,47
20231126,京王閣,27
20231126,西武園,26
20231126,小倉,81
20231126,佐世保,85
20231126,いわき平,13
20231127,京王閣,27
20231127,豊橋,45
20231127,別府,86
20231127,松阪,47
20231127,玉野,61
20231128,別府,86
20231128,和歌山,55
20231128,豊橋,45
20231128,京王閣,27
20231128,玉野,61
20231128,松阪,47
20231128,福井,51
20231129,別府,86
20231129,取手,23
20231129,川崎,34
20231129,豊橋,45
20231129,四日市,48
20231129,玉野,61
20231129,小倉,81
20231129,福井,51
20231129,和歌山,55
20231129,久留米,83
20231130,小倉,81
20231130,取手,23
20231130,久留米,83
20231130,福井,51
20231130,和歌山,55
20231130,高知,74
20231130,四日市,48
20231130,川崎,34
20231201,取手,23
20231201,川崎,34
20231201,松阪,47
20231201,高知,74
20231201,四日市,48
20231201,久留米,83
20231201,小倉,81
20231202,松阪,47
20231202,京王閣,27
20231202,大宮,25
20231202,岸和田,56
20231202,伊東,37
20231202,高知,74
20231202,高松,71
20231203,岸和田,56
20231203,伊東,37
20231203,松阪,47
20231203,京王閣,27
20231203,大宮,25
20231203,高松,71
20231204,伊東,37
20231204,豊橋,45
20231204,高松,71
20231204,奈良,53
20231204,京王閣,27
20231204,大宮,25
20231204,岸和田,56
20231204,玉野,61
20231205,豊橋,45
20231205,奈良,53
20231205,伊東,37
20231205,大垣,44
20231205,玉野,61
20231205,小倉,81
20231206,川崎,34
20231206,大垣,44
20231206,豊橋,45
20231206,奈良,53
20231206,小倉,81
20231206,玉野,61
20231207,高知,74
20231207,小倉,81
20231207,別府,86
20231207,大垣,44
20231207,取手,23
20231207,川崎,34
20231208,岸和田,56
20231208,高知,74
20231208,川崎,34
20231208,松阪,47
20231208,取手,23
20231208,別府,86
20231208,西武園,26
20231209,松阪,47
20231209,岸和田,56
20231209,高知,74
20231209,取手,23
20231209,別府,86
20231209,立川,28
20231209,西武園,26
20231210,立川,28
20231210,松阪,47
20231210,平塚,35
20231210,高松,71
20231210,別府,86
20231210,西武園,26
20231210,松山,75
20231210,岸和田,56
20231210,和歌山,55
20231211,和歌山,55
20231211,高松,71
20231211,立川,28
20231211,松山,75
20231211,伊東,37
20231211,平塚,35
20231211,久留米,83
20231211,玉野,61
20231211,大垣,44
20231212,久留米,83
20231212,大垣,44
20231212,高松,71
20231212,松山,75
20231212,和歌山,55
20231212,平塚,35
20231212,玉野,61
20231212,伊東,37
20231213,伊東,37
20231213,玉野,61
20231213,川崎,34
20231213,高知,74
20231213,大垣,44
20231213,久留米,83
20231214,豊橋,45
20231214,別府,86
20231214,川崎,34
20231214,向日町,54
20231214,高知,74
20231214,いわき平,13
20231214,佐世保,85
20231215,別府,86
20231215,向日町,54
20231215,高知,74
20231215,いわき平,13
20231215,佐世保,85
20231215,京王閣,27
20231215,豊橋,45
20231215,川崎,34
20231216,豊橋,45
20231216,京王閣,27
20231216,別府,86
20231216,佐世保,85
20231216,松山,75
20231216,西武園,26
20231216,向日町,54
20231216,いわき平,13
20231217,西武園,26
20231217,小松島,73
20231217,佐世保,85
20231217,平塚,35
20231217,京王閣,27
20231217,松山,75
20231218,松山,75
20231218,平塚,35
20231218,小松島,73
20231218,静岡,38
20231218,西武園,26
20231218,奈良,53
20231219,久留米,83
20231219,平塚,35
20231219,小松島,73
20231219,奈良,53
20231219,静岡,38
20231219,別府,86
20231220,松阪,47
20231220,久留米,83
20231220,奈良,53
20231220,前橋,22
20231220,静岡,38
20231220,別府,86
20231220,豊橋,45
20231221,小倉,81
20231221,川崎,34
20231221,松阪,47
20231221,玉野,61
20231221,豊橋,45
20231221,前橋,22
20231221,久留米,83
20231221,別府,86
20231222,豊橋,45
20231222,前橋,22
20231222,松阪,47
20231222,玉野,61
20231222,小倉,81
20231222,取手,23
20231222,川崎,34
20231223,玉野,61
20231223,宇都宮,24
20231223,西武園,26
20231223,小倉,81
20231223,川崎,34
20231223,大垣,44
20231223,奈良,53
20231223,佐世保,85
20231223,取手,23
20231224,久留米,83
20231224,佐世保,85
20231224,取手,23
20231224,宇都宮,24
20231224,四日市,48
20231224,大垣,44
20231224,西武園,26
20231224,玉野,61
20231224,奈良,53
20231225,久留米,83
20231225,四日市,48
20231225,奈良,53
20231225,宇都宮,24
20231225,大垣,44
20231225,佐世保,85
20231225,西武園,26
20231225,高松,71
20231225,小松島,73
20231226,川崎,34
20231226,松山,75
20231226,四日市,48
20231226,久留米,83
20231226,高松,71
20231226,小松島,73
20231226,松戸,31
20231227,川崎,34
20231227,松戸,31
20231227,小松島,73
20231227,高松,71
20231227,松山,75
20231228,松戸,31
20231228,別府,86
20231228,川崎,34
20231228,立川,28
20231228,松山,75
20231228,松阪,47
20231229,立川,28
20231229,別府,86
20231229,いわき平,13
20231229,向日町,54
20231229,小倉,81
20231229,松阪,47
20231230,立川,28
20231230,いわき平,13
20231230,小倉,81
20231230,別府,86
20231230,向日町,54
20231230,松阪,47
20231231,いわき平,13
20231231,久留米,83
20231231,岸和田,56
20231231,向日町,54
20231231,小松島,73
20231231,大垣,44
20231231,小倉,81
20240101,岸和田,56
20240101,大垣,44
20240101,宇都宮,24
20240101,静岡,38
20240101,京王閣,27
20240101,佐世保,85
20240101,小松島,73
20240101,松阪,47
20240101,久留米,83
20240101,平塚,35
20240102,久留米,83
20240102,小松島,73
20240102,静岡,38
20240102,京王閣,27
20240102,平塚,35
20240102,宇都宮,24
20240102,大垣,44
20240102,岸和田,56
20240102,佐世保,85
20240102,松阪,47
20240103,豊橋,45
20240103,佐世保,85
20240103,宇都宮,24
20240103,静岡,38
20240103,岸和田,56
20240103,松阪,47
20240103,平塚,35
20240103,別府,86
20240103,京王閣,27
20240103,高知,74
20240104,小倉,81
20240104,高知,74
20240104,玉野,61
20240104,豊橋,45
20240104,別府,86
20240104,平塚,35
20240105,高知,74
20240105,豊橋,45
20240105,玉野,61
20240105,小倉,81
20240105,大宮,25
20240105,別府,86
20240106,伊東,37
20240106,高松,71
20240106,玉野,61
20240106,小倉,81
20240106,大宮,25
20240107,大宮,25
20240107,松阪,47
20240107,岸和田,56
20240107,大垣,44
20240107,高松,71
20240107,松戸,31
20240107,伊東,37
20240108,松山,75
20240108,高松,71
20240108,松戸,31
20240108,松阪,47
20240108,岸和田,56
20240108,大宮,25
20240108,伊東,37
20240108,大垣,44
20240109,大垣,44
20240109,別府,86
20240109,松山,75
20240109,松阪,47
20240109,岸和田,56
20240109,松戸,31
20240110,玉野,61
20240110,松山,75
20240110,久留米,83
20240110,別府,86
20240110,小田原,36
20240111,小田原,36
20240111,四日市,48
20240111,玉野,61
20240111,和歌山,55
20240111,別府,86
20240111,久留米,83
20240112,静岡,38
20240112,玉野,61
20240112,久留米,83
20240112,取手,23
20240112,小田原,36
20240112,和歌山,55
20240112,四日市,48
20240113,松阪,47
20240113,和歌山,55
20240113,四日市,48
20240113,取手,23
20240113,小倉,81
20240113,静岡,38
20240113,宇都宮,24
20240113,小松島,73
20240114,静岡,38
20240114,取手,23
20240114,松阪,47
20240114,小松島,73
20240114,和歌山,55
20240114,小倉,81
20240114,高松,71
20240114,宇都宮,24
20240115,小田原,36
20240115,高松,71
20240115,小倉,81
20240115,松阪,47
20240115,宇都宮,24
20240115,小松島,73
20240116,小田原,36
20240116,高松,71
20240116,豊橋,45
20240116,いわき平,13
20240116,西武園,26
20240117,西武園,26
20240117,立川,28
20240117,いわき平,13
20240117,豊橋,45
20240117,小田原,36
20240118,いわき平,13
20240118,豊橋,45
20240118,佐世保,85
20240118,大垣,44
20240118,立川,28
20240118,奈良,53
20240118,西武園,26
20240118,川崎,34
20240119,佐世保,85
20240119,玉野,61
20240119,向日町,54
20240119,奈良,53
20240119,川崎,34
20240119,大垣,44
20240119,前橋,22
20240119,立川,28
20240120,佐世保,85
20240120,向日町,54
20240120,川崎,34
20240120,奈良,53
20240120,玉野,61
20240120,大垣,44
20240120,前橋,22
20240121,川崎,34
20240121,小松島,73
20240121,名古屋,42
20240121,前橋,22
20240121,玉野,61
20240121,大宮,25
20240121,小倉,81
20240121,向日町,54
20240122,松山,75
20240122,宇都宮,24
20240122,小松島,73
20240122,小倉,81
20240122,名古屋,42
20240122,大宮,25
20240122,松阪,47
20240123,松阪,47
20240123,小松島,73
20240123,大宮,25
20240123,松戸,31
20240123,名古屋,42
20240123,宇都宮,24
20240123,小倉,81
20240123,松山,75
20240124,松戸,31
20240124,小田原,36
20240124,宇都宮,24
20240124,松阪,47
20240124,松山,75
20240125,高松,71
20240125,小田原,36
20240125,岐阜,43
20240125,いわき平,13
20240125,松戸,31
20240125,奈良,53
20240126,川崎,34
20240126,久留米,83
20240126,小田原,36
20240126,いわき平,13
20240126,岐阜,43
20240126,奈良,53
20240126,高松,71
20240127,奈良,53
20240127,いわき平,13
20240127,西武園,26
20240127,久留米,83
20240127,岐阜,43
20240127,川崎,34
20240127,高松,71
20240128,松戸,31
20240128,西武園,26
20240128,川崎,34
20240128,いわき平,13
20240128,佐世保,85
20240128,名古屋,42
20240128,取手,23
20240128,久留米,83
20240129,西武園,26
20240129,岸和田,56
20240129,名古屋,42
20240129,佐世保,85
20240129,平塚,35
20240129,松戸,31
20240129,取手,23
20240130,松戸,31
20240130,岸和田,56
20240130,佐世保,85
20240130,別府,86
20240130,平塚,35
20240130,名古屋,42
20240130,取手,23
20240131,岸和田,56
20240131,小倉,81
20240131,松阪,47
20240131,平塚,35
20240131,別府,86
20240131,前橋,22
20240201,前橋,22
20240201,松阪,47
20240201,小倉,81
20240201,立川,28
20240201,静岡,38
20240201,岐阜,43
20240201,小松島,73
20240201,別府,86
20240202,立川,28
20240202,岐阜,43
20240202,松阪,47
20240202,静岡,38
20240202,小松島,73
20240202,小倉,81
20240202,前橋,22
20240202,いわき平,13
20240203,立川,28
20240203,小松島,73
20240203,いわき平,13
20240203,松山,75
20240203,四日市,48
20240203,静岡,38
20240203,奈良,53
20240203,岐阜,43
20240204,いわき平,13
20240204,静岡,38
20240204,四日市,48
20240204,小田原,36
20240204,西武園,26
20240204,松山,75
20240204,奈良,53
20240205,岸和田,56
20240205,四日市,48
20240205,小田原,36
20240205,西武園,26
20240205,松山,75
20240205,宇都宮,24
20240205,豊橋,45
20240205,奈良,53
20240206,小田原,36
20240206,小松島,73
20240206,豊橋,45
20240206,京王閣,27
20240206,岸和田,56
20240206,西武園,26
20240206,宇都宮,24
20240206,小倉,81
20240207,小倉,81
20240207,豊橋,45
20240207,岸和田,56
20240207,別府,86
20240207,小松島,73
20240207,京王閣,27
20240207,宇都宮,24
20240207,西武園,26
20240207,川崎,34
20240208,小松島,73
20240208,小倉,81
20240208,玉野,61
20240208,向日町,54
20240208,京王閣,27
20240208,別府,86
20240208,川崎,34
20240209,岐阜,43
20240209,松山,75
20240209,川崎,34
20240209,別府,86
20240209,玉野,61
20240209,久留米,83
20240209,立川,28
20240209,向日町,54
20240210,向日町,54
20240210,岐阜,43
20240210,松山,75
20240210,久留米,83
20240210,立川,28
20240210,玉野,61
20240210,取手,23
20240210,小田原,36
20240210,松戸,31
20240211,久留米,83
20240211,取手,23
20240211,岐阜,43
20240211,小倉,81
20240211,松戸,31
20240211,松山,75
20240211,小田原,36
20240211,立川,28
20240212,名古屋,42
20240212,小田原,36
20240212,別府,86
20240212,松戸,31
20240212,岐阜,43
20240212,取手,23
20240212,小倉,81
20240213,伊東,37
20240213,別府,86
20240213,奈良,53
20240213,小倉,81
20240213,西武園,26
20240213,名古屋,42
20240214,別府,86
20240214,西武園,26
20240214,奈良,53
20240214,玉野,61
20240214,名古屋,42
20240214,伊東,37
20240215,奈良,53
20240215,西武園,26
20240215,玉野,61
20240215,佐世保,85
20240215,伊東,37
20240216,玉野,61
20240216,川崎,34
20240216,小田原,36
20240216,大垣,44
20240216,佐世保,85
20240217,佐世保,85
20240217,いわき平,13
20240217,小田原,36
20240217,豊橋,45
20240217,高松,71
20240217,大垣,44
20240217,川崎,34
20240218,いわき平,13
20240218,小田原,36
20240218,川崎,34
20240218,高松,71
20240218,前橋,22
20240218,大垣,44
20240218,豊橋,45
20240219,小倉,81
20240219,別府,86
20240219,豊橋,45
20240219,前橋,22
20240219,西武園,26
20240219,いわき平,13
20240219,高松,71
20240219,和歌山,55
20240220,和歌山,55
20240220,前橋,22
20240220,小倉,81
20240220,高松,71
20240220,西武園,26
20240220,四日市,48
20240220,別府,86
20240221,和歌山,55
20240221,小倉,81
20240221,四日市,48
20240221,小田原,36
20240221,別府,86
20240221,西武園,26
20240222,奈良,53
20240222,小田原,36
20240222,立川,28
20240222,四日市,48
20240222,伊東,37
20240222,大垣,44
20240223,松山,75
20240223,立川,28
20240223,伊東,37
20240223,奈良,53
20240223,小田原,36
20240223,大垣,44
20240224,大垣,44
20240224,川崎,34
20240224,伊東,37
20240224,立川,28
20240224,松山,75
20240224,奈良,53
20240225,松山,75
20240225,小倉,81
20240225,久留米,83
20240225,川崎,34
20240225,前橋,22
20240225,高松,71
20240225,岐阜,43
20240225,松阪,47
20240225,奈良,53
20240226,前橋,22
20240226,川崎,34
20240226,高松,71
20240226,岐阜,43
20240226,松阪,47
20240226,小倉,81
20240226,久留米,83
20240226,西武園,26
20240227,岐阜,43
20240227,京王閣,27
20240227,松阪,47
20240227,久留米,83
20240227,小倉,81
20240227,前橋,22
20240227,高松,71
20240227,向日町,54
20240227,西武園,26
20240228,奈良,53
20240228,川崎,34
20240228,西武園,26
20240228,佐世保,85
20240228,京王閣,27
20240228,向日町,54
20240228,小田原,36
20240229,川崎,34
20240229,小田原,36
20240229,玉野,61
20240229,向日町,54
20240229,佐世保,85
20240229,奈良,53
20240229,京王閣,27
20240301,玉野,61
20240301,佐世保,85
20240301,大宮,25
20240301,小田原,36
20240301,川崎,34
20240301,岐阜,43
20240301,別府,86
20240301,いわき平,13
20240301,奈良,53
20240302,岐阜,43
20240302,いわき平,13
20240302,武雄,84
20240302,別府,86
20240302,大宮,25
20240302,玉野,61
20240302,名古屋,42
20240302,小倉,81
20240303,大宮,25
20240303,名古屋,42
20240303,別府,86
20240303,岐阜,43
20240303,玉野,61
20240303,武雄,84
20240303,いわき平,13
20240303,小倉,81
20240304,福井,51
20240304,京王閣,27
20240304,高知,74
20240304,小田原,36
20240304,名古屋,42
20240304,武雄,84
20240304,向日町,54
20240304,小倉,81
20240305,向日町,54
20240305,小田原,36
20240305,京王閣,27
20240305,高知,74
20240305,川崎,34
20240305,松阪,47
20240305,福井,51
20240306,京王閣,27
20240306,福井,51
20240306,取手,23
20240306,向日町,54
20240306,松阪,47
20240306,小田原,36
20240306,小倉,81
20240306,高知,74
20240306,川崎,34
20240307,取手,23
20240307,松阪,47
20240307,松山,75
20240307,小倉,81
20240307,川崎,34
20240308,武雄,84
20240308,立川,28
20240308,松山,75
20240308,西武園,26
20240308,小倉,81
20240308,取手,23
20240308,名古屋,42
20240309,松山,75
20240309,四日市,48
20240309,武雄,84
20240309,西武園,26
20240309,立川,28
20240309,小田原,36
20240309,名古屋,42
20240310,立川,28
20240310,名古屋,42
20240310,西武園,26
20240310,川崎,34
20240310,小田原,36
20240310,武雄,84
20240310,松山,75
20240310,四日市,48
20240311,川崎,34
20240311,福井,51
20240311,高松,71
20240311,別府,86
20240311,小倉,81
20240311,小田原,36
20240311,四日市,48
20240312,岐阜,43
20240312,取手,23
20240312,川崎,34
20240312,高松,71
20240312,小倉,81
20240312,別府,86
20240312,福井,51
20240313,福井,51
20240313,玉野,61
20240313,小倉,81
20240313,岐阜,43
20240313,取手,23
20240313,別府,86
20240313,高松,71
20240314,玉野,61
20240314,西武園,26
20240314,岐阜,43
20240314,伊東,37
20240314,取手,23
20240314,松阪,47
20240315,伊東,37
20240315,前橋,22
20240315,玉野,61
20240315,松阪,47
20240315,和歌山,55
20240315,西武園,26
20240316,西武園,26
20240316,松阪,47
20240316,前橋,22
20240316,伊東,37
20240316,和歌山,55
20240317,前橋,22
20240317,宇都宮,24
20240317,和歌山,55
20240317,高知,74
20240317,別府,86
20240317,岐阜,43
20240317,伊東,37
20240318,高知,74
20240318,小倉,81
20240318,宇都宮,24
20240318,平塚,35
20240318,大宮,25
20240318,別府,86
20240318,岐阜,43
20240319,高知,74
20240319,宇都宮,24
20240319,平塚,35
20240319,小倉,81
20240319,別府,86
20240319,松阪,47
20240319,岐阜,43
20240319,大宮,25
20240320,松山,75
20240320,大宮,25
20240320,松阪,47
20240320,小倉,81
20240320,大垣,44
20240320,平塚,35
20240321,松阪,47
20240321,福井,51
20240321,取手,23
20240321,川崎,34
20240321,松山,75
20240321,大垣,44
20240322,岐阜,43
20240322,松山,75
20240322,武雄,84
20240322,取手,23
20240322,大垣,44
20240322,福井,51
20240322,川崎,34
20240323,岸和田,56
20240323,川崎,34
20240323,取手,23
20240323,いわき平,13
20240323,武雄,84
20240323,小倉,81
20240323,岐阜,43
20240323,福井,51
20240324,岸和田,56
20240324,小倉,81
20240324,いわき平,13
20240324,取手,23
20240324,岐阜,43
20240324,武雄,84
20240324,高松,71
20240325,いわき平,13
20240325,四日市,48
20240325,岸和田,56
20240325,宇都宮,24
20240325,玉野,61
20240325,小倉,81
20240325,高松,71
20240326,宇都宮,24
20240326,四日市,48
20240326,玉野,61
20240326,大垣,44
20240326,佐世保,85
20240326,高松,71
20240326,福井,51
20240326,川崎,34
20240327,四日市,48
20240327,佐世保,85
20240327,大垣,44
20240327,福井,51
20240327,玉野,61
20240327,宇都宮,24
20240327,川崎,34
20240328,川崎,34
20240328,佐世保,85
20240328,武雄,84
20240328,岸和田,56
20240328,福井,51
20240328,大垣,44
20240329,松阪,47
20240329,松山,75
20240329,岸和田,56
20240329,伊東,37
20240329,小松島,73
20240329,立川,28
20240329,前橋,22
20240329,武雄,84
20240330,前橋,22
20240330,伊東,37
20240330,武雄,84
20240330,松山,75
20240330,小松島,73
20240330,岸和田,56
20240330,立川,28
20240330,松阪,47
20240331,前橋,22
20240331,立川,28
20240331,武雄,84
20240331,伊東,37
20240331,松阪,47
20240331,小松島,73
20240331,松山,75
20240401,福井,51
20240401,平塚,35
20240401,松戸,31
20240401,宇都宮,24
20240401,小倉,81
20240401,大垣,44
20240401,佐世保,85
20240402,平塚,35
20240402,宇都宮,24
20240402,松戸,31
20240402,福井,51
20240402,高松,71
20240402,玉野,61
20240402,大垣,44
20240402,小倉,81
20240402,佐世保,85
20240403,佐世保,85
20240403,福井,51
20240403,平塚,35
20240403,小倉,81
20240403,玉野,61
20240403,宇都宮,24
20240403,松戸,31
20240403,大垣,44
20240403,高松,71
20240404,高知,74
20240404,高松,71
20240404,和歌山,55
20240404,奈良,53
20240404,川崎,34
20240404,松阪,47
20240404,前橋,22
20240404,玉野,61
20240405,川崎,34
20240405,西武園,26
20240405,奈良,53
20240405,和歌山,55
20240405,高知,74
20240405,松阪,47
20240405,前橋,22
20240405,いわき平,13
20240406,和歌山,55
20240406,川崎,34
20240406,高知,74
20240406,松阪,47
20240406,前橋,22
20240406,松山,75
20240406,奈良,53
20240406,西武園,26
20240406,いわき平,13
20240407,松山,75
20240407,高松,71
20240407,川崎,34
20240407,宇都宮,24
20240407,いわき平,13
20240407,西武園,26
20240408,小田原,36
20240408,四日市,48
20240408,高松,71
20240408,岸和田,56
20240408,佐世保,85
20240408,松山,75
20240408,宇都宮,24
20240408,立川,28
20240409,立川,28
20240409,小田原,36
20240409,佐世保,85
20240409,岸和田,56
20240409,高松,71
20240409,宇都宮,24
20240409,四日市,48
20240409,武雄,84
20240410,小倉,81
20240410,取手,23
20240410,大垣,44
20240410,小田原,36
20240410,武雄,84
20240410,佐世保,85
20240410,岸和田,56
20240410,立川,28
20240410,四日市,48
20240411,大垣,44
20240411,小倉,81
20240411,松阪,47
20240411,武雄,84
20240411,高知,74
20240411,取手,23
20240411,奈良,53
20240412,松阪,47
20240412,小倉,81
20240412,大垣,44
20240412,奈良,53
20240412,取手,23
20240412,高知,74
20240413,松阪,47
20240413,久留米,83
20240413,奈良,53
20240413,高知,74
20240413,函館,11
20240413,弥彦,21
20240413,小田原,36
20240414,小田原,36
20240414,函館,11
20240414,弥彦,21
20240414,久留米,83
20240414,前橋,22
20240414,高知,74
20240415,大宮,25
20240415,函館,11
20240415,向日町,54
20240415,久留米,83
20240415,小田原,36
20240415,前橋,22
20240415,弥彦,21
20240415,別府,86
20240416,武雄,84
20240416,四日市,48
20240416,向日町,54
20240416,大宮,25
20240416,別府,86
20240416,前橋,22
20240416,小松島,73
20240417,四日市,48
20240417,向日町,54
20240417,別府,86
20240417,小松島,73
20240417,松山,75
20240417,武雄,84
20240417,大宮,25
20240418,岸和田,56
20240418,小松島,73
20240418,松山,75
20240418,武雄,84
20240418,福井,51
20240418,函館,11
20240418,四日市,48
20240419,福井,51
20240419,平塚,35
20240419,大垣,44
20240419,函館,11
20240419,伊東,37
20240419,岸和田,56
20240419,松山,75
20240420,岐阜,43
20240420,大垣,44
20240420,岸和田,56
20240420,函館,11
20240420,西武園,26
20240420,福井,51
20240420,伊東,37
20240420,平塚,35
20240421,西武園,26
20240421,別府,86
20240421,大垣,44
20240421,平塚,35
20240421,伊東,37
20240421,岐阜,43
20240422,西武園,26
20240422,別府,86
20240422,向日町,54
20240422,岐阜,43
20240422,佐世保,85
20240422,玉野,61
20240423,函館,11
20240423,いわき平,13
20240423,佐世保,85
20240423,玉野,61
20240423,別府,86
20240423,平塚,35
20240423,向日町,54
20240423,西武園,26
20240424,佐世保,85
20240424,函館,11
20240424,いわき平,13
20240424,玉野,61
20240424,平塚,35
20240424,向日町,54
20240424,高知,74
20240424,福井,51
20240425,平塚,35
20240425,小倉,81
20240425,いわき平,13
20240425,函館,11
20240425,福井,51
20240425,宇都宮,24
20240425,青森,12
20240425,高知,74
20240425,弥彦,21
20240426,伊東,37
20240426,宇都宮,24
20240426,福井,51
20240426,高松,71
20240426,久留米,83
20240426,青森,12
20240426,弥彦,21
20240426,高知,74
20240426,小倉,81
20240427,富山,46
20240427,小田原,36
20240427,伊東,37
20240427,宇都宮,24
20240427,久留米,83
20240427,弥彦,21
20240427,大宮,25
20240427,青森,12
20240427,高松,71
20240427,小倉,81
20240428,平塚,35
20240428,久留米,83
20240428,高松,71
20240428,大宮,25
20240428,小田原,36
20240428,伊東,37
20240428,富山,46
20240428,岸和田,56
20240429,向日町,54
20240429,平塚,35
20240429,大宮,25
20240429,富山,46
20240429,京王閣,27
20240429,岸和田,56
20240429,小田原,36
20240430,いわき平,13
20240430,高知,74
20240430,岸和田,56
20240430,京王閣,27
20240430,向日町,54
20240430,平塚,35
20240430,四日市,48
20240501,京王閣,27
20240501,四日市,48
20240501,前橋,22
20240501,向日町,54
20240501,玉野,61
20240501,いわき平,13
20240501,高知,74
20240501,高松,71
20240501,函館,11
20240501,武雄,84
20240502,四日市,48
20240502,函館,11
20240502,高知,74
20240502,武雄,84
20240502,高松,71
20240502,いわき平,13
20240502,前橋,22
20240502,玉野,61
20240503,いわき平,13
20240503,宇都宮,24
20240503,前橋,22
20240503,武雄,84
20240503,川崎,34
20240503,富山,46
20240503,高松,71
20240503,久留米,83
20240503,玉野,61
20240503,函館,11
20240504,福井,51
20240504,川崎,34
20240504,岐阜,43
20240504,いわき平,13
20240504,別府,86
20240504,平塚,35
20240504,久留米,83
20240504,宇都宮,24
20240504,富山,46
20240505,宇都宮,24
20240505,岐阜,43
20240505,平塚,35
20240505,川崎,34
20240505,いわき平,13
20240505,別府,86
20240505,福井,51
20240505,久留米,83
20240505,富山,46
20240506,取手,23
20240506,小倉,81
20240506,平塚,35
20240506,小田原,36
20240506,別府,86
20240506,和歌山,55
20240506,福井,51
20240506,岐阜,43
20240506,玉野,61
20240506,京王閣,27
20240507,和歌山,55
20240507,玉野,61
20240507,小倉,81
20240507,小田原,36
20240507,京王閣,27
20240507,取手,23
20240508,京王閣,27
20240508,小倉,81
20240508,松山,75
20240508,玉野,61
20240508,和歌山,55
20240508,向日町,54
20240508,取手,23
20240508,小田原,36
20240509,函館,11
20240509,松山,75
20240509,向日町,54
20240509,大垣,44
20240509,高松,71
20240510,大垣,44
20240510,平塚,35
20240510,松山,75
20240510,函館,11
20240510,向日町,54
20240510,高松,71
20240511,京王閣,27
20240511,武雄,84
20240511,大垣,44
20240511,函館,11
20240511,高松,71
20240511,松戸,31
20240511,平塚,35
20240511,青森,12
20240512,武雄,84
20240512,松戸,31
20240512,奈良,53
20240512,富山,46
20240512,青森,12
20240512,京王閣,27
20240512,平塚,35
20240513,武雄,84
20240513,青森,12
20240513,松戸,31
20240513,玉野,61
20240513,京王閣,27
20240513,奈良,53
20240513,弥彦,21
20240513,富山,46
20240514,大宮,25
20240514,玉野,61
20240514,奈良,53
20240514,富山,46
20240514,高知,74
20240514,弥彦,21
20240514,四日市,48
20240514,武雄,84
20240515,玉野,61
20240515,高知,74
20240515,和歌山,55
20240515,四日市,48
20240515,大宮,25
20240515,弥彦,21
20240516,四日市,48
20240516,高知,74
20240516,函館,11
20240516,大宮,25
20240516,別府,86
20240516,和歌山,55
20240517,別府,86
20240517,久留米,83
20240517,和歌山,55
20240517,函館,11
20240517,岐阜,43
20240518,小田原,36
20240518,岐阜,43
20240518,久留米,83
20240518,函館,11
20240518,別府,86
20240519,岐阜,43
20240519,函館,11
20240519,武雄,84
20240519,小田原,36
20240519,久留米,83
20240519,大垣,44
20240519,玉野,61
20240520,西武園,26
20240520,玉野,61
20240520,小田原,36
20240520,武雄,84
20240520,青森,12
20240520,大垣,44
20240520,高松,71
20240520,奈良,53
20240521,玉野,61
20240521,武雄,84
20240521,青森,12
20240521,高松,71
20240521,奈良,53
20240521,西武園,26
20240521,大垣,44
20240522,奈良,53
20240522,西武園,26
20240522,高松,71
20240522,松山,75
20240522,青森,12
20240522,小田原,36
20240523,小田原,36
20240523,別府,86
20240523,前橋,22
20240523,小倉,81
20240523,和歌山,55
20240523,福井,51
20240523,伊東,37
20240523,松山,75
20240524,取手,23
20240524,松山,75
20240524,岐阜,43
20240524,伊東,37
20240524,前橋,22
20240524,和歌山,55
20240524,小倉,81
20240524,福井,51
20240524,別府,86
20240524,小田原,36
20240524,函館,11
20240525,和歌山,55
20240525,岐阜,43
20240525,小倉,81
20240525,取手,23
20240525,高知,74
20240525,函館,11
20240525,福井,51
20240525,伊東,37
20240525,別府,86
20240525,前橋,22
20240526,函館,11
20240526,岸和田,56
20240526,松阪,47
20240526,高知,74
20240526,武雄,84
20240526,岐阜,43
20240526,取手,23
20240527,大宮,25
20240527,岸和田,56
20240527,松戸,31
20240527,武雄,84
20240527,向日町,54
20240527,松阪,47
20240528,玉野,61
20240528,岸和田,56
20240528,松戸,31
20240528,武雄,84
20240528,佐世保,85
20240528,松阪,47
20240528,大宮,25
20240528,向日町,54
20240529,佐世保,85
20240529,函館,11
20240529,松戸,31
20240529,弥彦,21
20240529,向日町,54
20240529,玉野,61
20240529,富山,46
20240529,小倉,81
20240529,大宮,25
20240530,玉野,61
20240530,函館,11
20240530,富山,46
20240530,弥彦,21
20240530,佐世保,85
20240530,伊東,37
20240530,小倉,81
20240531,小倉,81
20240531,小田原,36
20240531,伊東,37
20240531,富山,46
20240531,弥彦,21
20240531,函館,11
20240531,松山,75
20240601,岐阜,43
20240601,前橋,22
20240601,松山,75
20240601,四日市,48
20240601,奈良,53
20240601,伊東,37
20240601,小田原,36
20240601,向日町,54
20240601,青森,12
20240601,別府,86
20240601,京王閣,27
20240602,奈良,53
20240602,京王閣,27
20240602,前橋,22
20240602,向日町,54
20240602,青森,12
20240602,松山,75
20240602,四日市,48
20240602,岐阜,43
20240602,小田原,36
20240602,別府,86
20240603,前橋,22
20240603,四日市,48
20240603,岐阜,43
20240603,奈良,53
20240603,京王閣,27
20240603,小倉,81
20240603,向日町,54
20240603,玉野,61
20240603,青森,12
20240603,別府,86
20240604,玉野,61
20240604,武雄,84
20240604,高松,71
20240604,前橋,22
20240604,川崎,34
20240604,小倉,81
20240605,小倉,81
20240605,大垣,44
20240605,高松,71
20240605,川崎,34
20240605,武雄,84
20240605,玉野,61
20240605,小田原,36
20240606,函館,11
20240606,川崎,34
20240606,奈良,53
20240606,武雄,84
20240606,高松,71
20240606,小田原,36
20240606,大垣,44
20240607,奈良,53
20240607,大垣,44
20240607,豊橋,45
20240607,富山,46
20240607,松山,75
20240607,小田原,36
20240607,函館,11
20240608,豊橋,45
20240608,松山,75
20240608,奈良,53
20240608,函館,11
20240608,宇都宮,24
20240608,富山,46
20240608,大宮,25
20240609,豊橋,45
20240609,大宮,25
20240609,宇都宮,24
20240609,函館,11
20240609,奈良,53
20240609,富山,46
20240609,松山,75
20240610,久留米,83
20240610,高松,71
20240610,大宮,25
20240610,宇都宮,24
20240610,松戸,31
20240610,青森,12
20240611,四日市,48
20240611,久留米,83
20240611,松戸,31
20240611,青森,12
20240611,高松,71
20240611,岸和田,56
20240612,四日市,48
20240612,岸和田,56
20240612,松戸,31
20240612,青森,12
20240612,高松,71
20240612,久留米,83
20240613,川崎,34
20240613,岐阜,43
20240613,岸和田,56
20240613,立川,28
20240613,四日市,48
20240614,岐阜,43
20240614,岸和田,56
20240614,玉野,61
20240614,弥彦,21
20240614,川崎,34
20240614,立川,28
20240615,川崎,34
20240615,弥彦,21
20240615,立川,28
20240615,松山,75
20240615,西武園,26
20240615,岐阜,43
20240615,玉野,61
20240615,岸和田,56
20240616,岸和田,56
20240616,いわき平,13
20240616,玉野,61
20240616,西武園,26
20240616,弥彦,21
20240616,松山,75
20240616,小倉,81
20240617,松山,75
20240617,西武園,26
20240617,佐世保,85
20240617,小倉,81
20240617,いわき平,13
20240617,大垣,44
20240617,伊東,37
20240618,小倉,81
20240618,別府,86
20240618,いわき平,13
20240618,大垣,44
20240618,伊東,37
20240618,佐世保,85
20240619,弥彦,21
20240619,佐世保,85
20240619,別府,86
20240619,福井,51
20240619,伊東,37
20240619,青森,12
20240619,前橋,22
20240619,小田原,36
20240619,大垣,44
20240619,松阪,47
20240620,弥彦,21
20240620,松阪,47
20240620,高松,71
20240620,小田原,36
20240620,青森,12
20240620,別府,86
20240620,前橋,22
20240620,四日市,48
20240620,福井,51
20240621,小田原,36
20240621,松戸,31
20240621,青森,12
20240621,四日市,48
20240621,高松,71
20240621,松阪,47
20240621,弥彦,21
20240621,前橋,22
20240621,福井,51
20240622,京王閣,27
20240622,松戸,31
20240622,高松,71
20240622,小倉,81
20240622,西武園,26
20240622,久留米,83
20240622,四日市,48
20240622,伊東,37
20240623,小倉,81
20240623,久留米,83
20240623,京王閣,27
20240623,伊東,37
20240623,松戸,31
20240623,和歌山,55
20240623,西武園,26
20240624,久留米,83
20240624,小田原,36
20240624,伊東,37
20240624,小倉,81
20240624,豊橋,45
20240624,京王閣,27
20240624,西武園,26
20240624,和歌山,55
20240625,久留米,83
20240625,小田原,36
20240625,和歌山,55
20240625,別府,86
20240625,弥彦,21
20240625,豊橋,45
20240625,奈良,53
20240626,青森,12
20240626,小倉,81
20240626,弥彦,21
20240626,小田原,36
20240626,別府,86
20240626,小松島,73
20240626,奈良,53
20240626,向日町,54
20240626,豊橋,45
20240627,小倉,81
20240627,奈良,53
20240627,取手,23
20240627,別府,86
20240627,向日町,54
20240627,川崎,34
20240627,弥彦,21
20240627,小松島,73
20240627,青森,12
20240627,武雄,84
20240628,岸和田,56
20240628,武雄,84
20240628,松戸,31
20240628,川崎,34
20240628,青森,12
20240628,小松島,73
20240628,取手,23
20240628,向日町,54
20240628,富山,46
20240628,松山,75
20240628,小倉,81
20240629,岸和田,56
20240629,取手,23
20240629,いわき平,13
20240629,川崎,34
20240629,富山,46
20240629,松山,75
20240629,武雄,84
20240629,松戸,31
20240630,岸和田,56
20240630,いわき平,13
20240630,奈良,53
20240630,高松,71
20240630,福井,51
20240630,富山,46
20240630,松戸,31
20240630,取手,23
20240630,松山,75
20240701,別府,86
20240701,奈良,53
20240701,福井,51
20240701,高松,71
20240701,小倉,81
20240701,弥彦,21
20240701,いわき平,13
20240701,豊橋,45
20240701,伊東,37
20240702,伊東,37
20240702,小倉,81
20240702,奈良,53
20240702,豊橋,45
20240702,高松,71
20240702,福井,51
20240702,弥彦,21
20240702,別府,86
20240703,弥彦,21
20240703,伊東,37
20240703,小倉,81
20240703,豊橋,45
20240703,別府,86
20240703,宇都宮,24
20240704,久留米,83
20240704,名古屋,42
20240704,小松島,73
20240704,大宮,25
20240704,宇都宮,24
20240704,向日町,54
20240704,青森,12
20240705,大宮,25
20240705,名古屋,42
20240705,向日町,54
20240705,京王閣,27
20240705,小倉,81
20240705,和歌山,55
20240705,久留米,83
20240705,小松島,73
20240705,大垣,44
20240705,青森,12
20240705,宇都宮,24
20240706,大垣,44
20240706,名古屋,42
20240706,京王閣,27
20240706,和歌山,55
20240706,青森,12
20240706,久留米,83
20240706,向日町,54
20240706,小倉,81
20240706,小松島,73
20240706,大宮,25
20240707,小倉,81
20240707,和歌山,55
20240707,京王閣,27
20240707,小松島,73
20240707,いわき平,13
20240707,弥彦,21
20240707,佐世保,85
20240707,大垣,44
20240708,別府,86
20240708,弥彦,21
20240708,いわき平,13
20240708,前橋,22
20240708,佐世保,85
20240708,小田原,36
20240709,小田原,36
20240709,いわき平,13
20240709,別府,86
20240709,佐世保,85
20240709,前橋,22
20240709,岐阜,43
20240709,弥彦,21
20240709,向日町,54
20240710,豊橋,45
20240710,前橋,22
20240710,小田原,36
20240710,岐阜,43
20240710,久留米,83
20240710,別府,86
20240710,青森,12
20240710,高知,74
20240710,向日町,54
20240711,岐阜,43
20240711,豊橋,45
20240711,青森,12
20240711,高知,74
20240711,向日町,54
20240711,久留米,83
20240712,久留米,83
20240712,豊橋,45
20240712,青森,12
20240712,西武園,26
20240712,高知,74
20240713,玉野,61
20240713,大垣,44
20240713,宇都宮,24
20240713,松戸,31
20240713,奈良,53
20240713,名古屋,42
20240713,西武園,26
20240714,宇都宮,24
20240714,奈良,53
20240714,西武園,26
20240714,名古屋,42
20240714,松戸,31
20240714,大垣,44
20240714,玉野,61
20240715,奈良,53
20240715,松戸,31
20240715,宇都宮,24
20240715,玉野,61
20240715,伊東,37
20240715,名古屋,42
20240715,大垣,44
20240716,青森,12
20240716,佐世保,85
20240716,小松島,73
20240716,川崎,34
20240716,立川,28
20240716,伊東,37
20240717,立川,28
20240717,小松島,73
20240717,向日町,54
20240717,川崎,34
20240717,青森,12
20240717,岐阜,43
20240717,伊東,37
20240717,佐世保,85
20240718,高知,74
20240718,立川,28
20240718,川崎,34
20240718,向日町,54
20240718,小松島,73
20240718,岐阜,43
20240718,佐世保,85
20240718,青森,12
20240718,高松,71
20240719,大宮,25
20240719,高知,74
20240719,宇都宮,24
20240719,向日町,54
20240719,大垣,44
20240719,高松,71
20240719,岐阜,43
20240719,平塚,35
20240720,福井,51
20240720,平塚,35
20240720,高知,74
20240720,熊本,87
20240720,大宮,25
20240720,宇都宮,24
20240720,高松,71
20240720,大垣,44
20240721,熊本,87
20240721,宇都宮,24
20240721,大垣,44
20240721,弥彦,21
20240721,富山,46
20240721,福井,51
20240721,大宮,25
20240721,平塚,35
20240722,岐阜,43
20240722,弥彦,21
20240722,富山,46
20240722,伊東,37
20240722,武雄,84
20240722,小田原,36
20240722,福井,51
20240722,佐世保,85
20240722,熊本,87
20240723,伊東,37
20240723,武雄,84
20240723,佐世保,85
20240723,小松島,73
20240723,岐阜,43
20240723,小田原,36
20240723,弥彦,21
20240723,福井,51
20240723,富山,46
20240724,小松島,73
20240724,佐世保,85
20240724,武雄,84
20240724,岐阜,43
20240724,大宮,25
20240724,伊東,37
20240724,小田原,36
20240725,いわき平,13
20240725,大宮,25
20240725,別府,86
20240725,松阪,47
20240725,高知,74
20240725,豊橋,45
20240725,小松島,73
20240725,玉野,61
20240726,大宮,25
20240726,青森,12
20240726,高知,74
20240726,豊橋,45
20240726,いわき平,13
20240726,熊本,87
20240726,別府,86
20240726,松阪,47
20240726,玉野,61
20240727,青森,12
20240727,松阪,47
20240727,いわき平,13
20240727,豊橋,45
20240727,別府,86
20240727,和歌山,55
20240727,高知,74
20240727,熊本,87
20240727,小田原,36
20240727,玉野,61
20240728,別府,86
20240728,青森,12
20240728,大垣,44
20240728,和歌山,55
20240728,熊本,87
20240728,奈良,53
20240728,小田原,36
20240729,奈良,53
20240729,大垣,44
20240729,弥彦,21
20240729,和歌山,55
20240729,小田原,36
20240729,川崎,34
20240730,豊橋,45
20240730,大垣,44
20240730,川崎,34
20240730,弥彦,21
20240730,取手,23
20240730,奈良,53
20240731,川崎,34
20240731,松山,75
20240731,取手,23
20240731,武雄,84
20240731,豊橋,45
20240731,青森,12
20240731,福井,51
20240731,熊本,87
20240731,弥彦,21
20240801,青森,12
20240801,福井,51
20240801,松戸,31
20240801,豊橋,45
20240801,高知,74
20240801,富山,46
20240801,松山,75
20240801,取手,23
20240801,武雄,84
20240801,久留米,83
20240801,熊本,87
20240802,高知,74
20240802,久留米,83
20240802,青森,12
20240802,松戸,31
20240802,福井,51
20240802,松山,75
20240802,熊本,87
20240802,富山,46
20240802,武雄,84
20240803,宇都宮,24
20240803,松戸,31
20240803,高知,74
20240803,向日町,54
20240803,岸和田,56
20240803,高松,71
20240803,名古屋,42
20240803,久留米,83
20240803,富山,46
20240804,岸和田,56
20240804,向日町,54
20240804,宇都宮,24
20240804,高松,71
20240804,玉野,61
20240804,立川,28
20240804,名古屋,42
20240804,松戸,31
20240804,函館,11
20240804,別府,86
20240805,別府,86
20240805,岸和田,56
20240805,宇都宮,24
20240805,立川,28
20240805,向日町,54
20240805,高松,71
20240805,玉野,61
20240805,函館,11
20240805,名古屋,42
20240806,立川,28
20240806,玉野,61
20240806,小田原,36
20240806,別府,86
20240806,函館,11
20240807,小田原,36
20240807,豊橋,45
20240807,佐世保,85
20240807,平塚,35
20240808,福井,51
20240808,いわき平,13
20240808,小田原,36
20240808,豊橋,45
20240808,平塚,35
20240808,佐世保,85
20240808,松山,75
20240809,大垣,44
20240809,佐世保,85
20240809,平塚,35
20240809,松山,75
20240809,いわき平,13
20240809,福井,51
20240809,豊橋,45
20240810,松阪,47
20240810,京王閣,27
20240810,大垣,44
20240810,西武園,26
20240810,松山,75
20240810,取手,23
20240810,いわき平,13
20240810,函館,11
20240810,福井,51
20240810,川崎,34
20240811,松阪,47
20240811,川崎,34
20240811,函館,11
20240811,取手,23
20240811,京王閣,27
20240811,松山,75
20240811,大垣,44
20240811,西武園,26
20240812,川崎,34
20240812,取手,23
20240812,函館,11
20240812,西武園,26
20240812,松阪,47
20240812,京王閣,27
20240813,平塚,35
20240813,小松島,73
20240813,豊橋,45
20240813,佐世保,85
20240813,青森,12
20240813,福井,51
20240814,佐世保,85
20240814,豊橋,45
20240814,平塚,35
20240814,青森,12
20240814,小松島,73
20240814,福井,51
20240815,豊橋,45
20240815,佐世保,85
20240815,小松島,73
20240815,福井,51
20240815,平塚,35
20240815,青森,12
20240816,前橋,22
20240816,玉野,61
20240816,名古屋,42
20240816,平塚,35
20240816,武雄,84
20240816,弥彦,21
20240817,前橋,22
20240817,弥彦,21
20240817,玉野,61
20240817,名古屋,42
20240817,平塚,35
20240817,武雄,84
20240818,玉野,61
20240818,武雄,84
20240818,平塚,35
20240818,名古屋,42
20240818,弥彦,21
20240818,前橋,22
20240819,函館,11
20240819,京王閣,27
20240819,青森,12
20240819,別府,86
20240819,岸和田,56
20240820,函館,11
20240820,川崎,34
20240820,別府,86
20240820,富山,46
20240820,青森,12
20240820,京王閣,27
20240820,岸和田,56
20240820,高知,74
20240821,岸和田,56
20240821,川崎,34
20240821,函館,11
20240821,別府,86
20240821,高知,74
20240821,京王閣,27
20240821,青森,12
20240821,富山,46
20240821,取手,23
20240822,取手,23
20240822,富山,46
20240822,佐世保,85
20240822,高知,74
20240822,川崎,34
20240822,向日町,54
20240822,小松島,73
20240822,岐阜,43
20240822,西武園,26
20240823,岐阜,43
20240823,取手,23
20240823,松阪,47
20240823,向日町,54
20240823,西武園,26
20240823,小松島,73
20240823,佐世保,85
20240823,名古屋,42
20240824,小松島,73
20240824,高松,71
20240824,青森,12
20240824,向日町,54
20240824,小田原,36
20240824,佐世保,85
20240824,弥彦,21
20240824,松阪,47
20240824,名古屋,42
20240824,岐阜,43
20240824,西武園,26
20240825,函館,11
20240825,弥彦,21
20240825,青森,12
20240825,高松,71
20240825,名古屋,42
20240825,松阪,47
20240825,小田原,36
20240825,奈良,53
20240825,京王閣,27
20240826,高松,71
20240826,青森,12
20240826,弥彦,21
20240826,小田原,36
20240826,奈良,53
20240826,京王閣,27
20240826,函館,11
20240827,京王閣,27
20240827,奈良,53
20240827,熊本,87
20240827,武雄,84
20240827,小田原,36
20240827,函館,11
20240828,宇都宮,24
20240828,武雄,84
20240828,小松島,73
20240828,熊本,87
20240828,西武園,26
20240828,玉野,61
20240828,川崎,34
20240829,武雄,84
20240829,熊本,87
20240829,玉野,61
20240829,小松島,73
20240829,宇都宮,24
20240829,西武園,26
20240829,川崎,34
20240829,富山,46
20240830,宇都宮,24
20240830,西武園,26
20240830,立川,28
20240830,川崎,34
20240830,伊東,37
20240830,青森,12
20240830,富山,46
20240830,小松島,73
20240830,玉野,61
20240831,平塚,35
20240831,富山,46
20240831,青森,12
20240831,立川,28
20240831,別府,86
20240831,奈良,53
20240831,伊東,37
20240831,和歌山,55
20240831,高松,71
20240901,別府,86
20240901,前橋,22
20240901,高松,71
20240901,和歌山,55
20240901,青森,12
20240901,取手,23
20240901,伊東,37
20240901,奈良,53
20240901,立川,28
20240901,富山,46
20240901,松山,75
20240901,平塚,35
20240902,奈良,53
20240902,和歌山,55
20240902,前橋,22
20240902,取手,23
20240902,松山,75
20240902,高松,71
20240902,平塚,35
20240902,熊本,87
20240902,別府,86
20240903,名古屋,42
20240903,函館,11
20240903,熊本,87
20240903,前橋,22
20240903,玉野,61
20240903,弥彦,21
20240903,松山,75
20240903,取手,23
20240904,玉野,61
20240904,名古屋,42
20240904,函館,11
20240904,弥彦,21
20240904,熊本,87
20240904,青森,12
20240905,弥彦,21
20240905,向日町,54
20240905,青森,12
20240905,名古屋,42
20240905,玉野,61
20240905,高松,71
20240905,函館,11
20240906,向日町,54
20240906,立川,28
20240906,別府,86
20240906,小松島,73
20240906,青森,12
20240906,松阪,47
20240906,高松,71
20240906,いわき平,13
20240907,別府,86
20240907,立川,28
20240907,向日町,54
20240907,小松島,73
20240907,いわき平,13
20240907,高松,71
20240907,松阪,47
20240908,立川,28
20240908,伊東,37
20240908,小田原,36
20240908,いわき平,13
20240908,小松島,73
20240908,別府,86
20240908,向日町,54
20240908,松阪,47
20240909,弥彦,21
20240909,小田原,36
20240909,伊東,37
20240909,青森,12
20240909,玉野,61
20240909,福井,51
20240909,豊橋,45
20240910,豊橋,45
20240910,青森,12
20240910,玉野,61
20240910,伊東,37
20240910,富山,46
20240910,弥彦,21
20240910,小田原,36
20240910,福井,51
20240910,武雄,84
20240911,武雄,84
20240911,福井,51
20240911,玉野,61
20240911,富山,46
20240911,豊橋,45
20240911,弥彦,21
20240911,松戸,31
20240911,青森,12
20240912,富山,46
20240912,武雄,84
20240912,函館,11
20240912,松戸,31
20240912,松阪,47
20240912,久留米,83
20240912,熊本,87
20240913,函館,11
20240913,久留米,83
20240913,宇都宮,24
20240913,松戸,31
20240913,松阪,47
20240913,熊本,87
20240914,函館,11
20240914,前橋,22
20240914,久留米,83
20240914,熊本,87
20240914,松阪,47
20240914,高松,71
20240914,いわき平,13
20240914,宇都宮,24
20240915,いわき平,13
20240915,青森,12
20240915,伊東,37
20240915,前橋,22
20240915,平塚,35
20240915,宇都宮,24
20240915,高松,71
20240916,宇都宮,24
20240916,平塚,35
20240916,伊東,37
20240916,いわき平,13
20240916,高松,71
20240916,青森,12
20240916,前橋,22
20240917,松阪,47
20240917,青森,12
20240917,京王閣,27
20240917,高知,74
20240917,平塚,35
20240917,伊東,37
20240917,富山,46
20240918,富山,46
20240918,松戸,31
20240918,福井,51
20240918,大宮,25
20240918,高知,74
20240918,函館,11
20240918,松阪,47
20240918,京王閣,27
20240919,京王閣,27
20240919,大宮,25
20240919,松戸,31
20240919,福井,51
20240919,松阪,47
20240919,富山,46
20240919,高知,74
20240919,函館,11
20240920,松山,75
20240920,福井,51
20240920,松戸,31
20240920,大宮,25
20240920,佐世保,85
20240920,函館,11
20240921,熊本,87
20240921,松山,75
20240921,小田原,36
20240921,別府,86
20240921,岐阜,43
20240921,宇都宮,24
20240921,佐世保,85
20240922,宇都宮,24
20240922,熊本,87
20240922,佐世保,85
20240922,松山,75
20240922,別府,86
20240922,小田原,36
20240922,小松島,73
20240922,岐阜,43
20240923,小田原,36
20240923,小松島,73
20240923,熊本,87
20240923,弥彦,21
20240923,宇都宮,24
20240923,別府,86
20240923,函館,11
20240923,岐阜,43
20240924,小松島,73
20240924,高松,71
20240924,岐阜,43
20240924,川崎,34
20240924,弥彦,21
20240924,豊橋,45
20240924,函館,11
20240925,立川,28
20240925,高松,71
20240925,福井,51
20240925,弥彦,21
20240925,豊橋,45
20240925,函館,11
20240925,川崎,34
20240926,別府,86
20240926,高松,71
20240926,青森,12
20240926,四日市,48
20240926,平塚,35
20240926,福井,51
20240926,立川,28
20240926,川崎,34
20240926,豊橋,45
20240927,岸和田,56
20240927,四日市,48
20240927,福井,51
20240927,立川,28
20240927,別府,86
20240927,松阪,47
20240927,平塚,35
20240927,青森,12
20240928,岸和田,56
20240928,和歌山,55
20240928,平塚,35
20240928,四日市,48
20240928,青森,12
20240928,別府,86
20240928,松阪,47
20240929,名古屋,42
20240929,川崎,34
20240929,小松島,73
20240929,松阪,47
20240929,和歌山,55
20240929,青森,12
20240929,久留米,83
20240929,弥彦,21
20240929,岸和田,56
20240930,豊橋,45
20240930,小松島,73
20240930,川崎,34
20240930,弥彦,21
20240930,松山,75
20240930,名古屋,42
20240930,別府,86
20240930,久留米,83
20240930,和歌山,55
20240930,小田原,36
20241001,松阪,47
20241001,小田原,36
20241001,川崎,34
20241001,名古屋,42
20241001,豊橋,45
20241001,弥彦,21
20241001,別府,86
20241001,立川,28
20241001,函館,11
20241001,久留米,83
20241001,松山,75
20241001,小松島,73
20241002,松山,75
20241002,豊橋,45
20241002,小田原,36
20241002,別府,86
20241002,函館,11
20241002,松阪,47
20241002,立川,28
20241003,松阪,47
20241003,岸和田,56
20241003,高松,71
20241003,熊本,87
20241003,立川,28
20241003,青森,12
20241003,名古屋,42
20241003,宇都宮,24
20241003,函館,11
20241004,宇都宮,24
20241004,取手,23
20241004,熊本,87
20241004,高松,71
20241004,名古屋,42
20241004,岸和田,56
20241004,青森,12
20241005,高松,71
20241005,取手,23
20241005,宇都宮,24
20241005,岸和田,56
20241005,青森,12
20241005,熊本,87
20241005,名古屋,42
20241006,富山,46
20241006,四日市,48
20241006,久留米,83
20241006,平塚,35
20241006,熊本,87
20241006,取手,23
20241007,小田原,36
20241007,平塚,35
20241007,西武園,26
20241007,富山,46
20241007,玉野,61
20241007,四日市,48
20241007,久留米,83
20241008,富山,46
20241008,久留米,83
20241008,平塚,35
20241008,和歌山,55
20241008,玉野,61
20241008,四日市,48
20241008,小田原,36
20241008,西武園,26
20241008,小倉,81
20241009,和歌山,55
20241009,松阪,47
20241009,小田原,36
20241009,宇都宮,24
20241009,玉野,61
20241009,西武園,26
20241009,小倉,81
20241009,防府,63
20241010,松阪,47
20241010,小倉,81
20241010,和歌山,55
20241010,宇都宮,24
20241010,防府,63
20241011,宇都宮,24
20241011,川崎,34
20241011,福井,51
20241011,松阪,47
20241011,防府,63
20241011,別府,86
20241012,福井,51
20241012,松山,75
20241012,いわき平,13
20241012,西武園,26
20241012,川崎,34
20241012,別府,86
20241013,富山,46
20241013,川崎,34
20241013,福井,51
20241013,松山,75
20241013,いわき平,13
20241013,別府,86
20241013,西武園,26
20241014,松山,75
20241014,玉野,61
20241014,富山,46
20241014,西武園,26
20241014,いわき平,13
20241014,別府,86
20241014,川崎,34
20241014,名古屋,42
20241015,富山,46
20241015,四日市,48
20241015,玉野,61
20241015,佐世保,85
20241015,和歌山,55
20241015,青森,12
20241015,松戸,31
20241015,名古屋,42
20241016,佐世保,85
20241016,名古屋,42
20241016,和歌山,55
20241016,青森,12
20241016,松戸,31
20241016,玉野,61
20241016,四日市,48
20241017,四日市,48
20241017,和歌山,55
20241017,青森,12
20241017,佐世保,85
20241017,武雄,84
20241017,松戸,31
20241017,弥彦,21
20241018,函館,11
20241018,松山,75
20241018,弥彦,21
20241018,熊本,87
20241018,武雄,84
20241018,奈良,53
20241018,岸和田,56
20241018,宇都宮,24
20241019,奈良,53
20241019,函館,11
20241019,岸和田,56
20241019,高松,71
20241019,松山,75
20241019,武雄,84
20241019,弥彦,21
20241019,宇都宮,24
20241019,熊本,87
20241020,奈良,53
20241020,高松,71
20241020,宇都宮,24
20241020,松山,75
20241020,熊本,87
20241020,弥彦,21
20241020,岸和田,56
20241020,函館,11
20241021,防府,63
20241021,高松,71
20241021,岐阜,43
20241021,久留米,83
20241021,西武園,26
20241022,松戸,31
20241022,西武園,26
20241022,防府,63
20241022,久留米,83
20241022,立川,28
20241022,岐阜,43
20241023,青森,12
20241023,西武園,26
20241023,防府,63
20241023,岐阜,43
20241023,松戸,31
20241023,久留米,83
20241023,立川,28
20241024,武雄,84
20241024,松山,75
20241024,松阪,47
20241024,立川,28
20241024,松戸,31
20241024,青森,12
20241024,熊本,87
20241025,熊本,87
20241025,松阪,47
20241025,富山,46
20241025,松山,75
20241025,小松島,73
20241025,青森,12
20241025,平塚,35
20241025,武雄,84
20241026,小松島,73
20241026,松阪,47
20241026,富山,46
20241026,平塚,35
20241026,京王閣,27
20241026,豊橋,45
20241026,松山,75
20241026,熊本,87
20241026,武雄,84
20241027,奈良,53
20241027,豊橋,45
20241027,平塚,35
20241027,久留米,83
20241027,京王閣,27
20241027,小松島,73
20241027,伊東,37
20241027,富山,46
20241028,青森,12
20241028,京王閣,27
20241028,奈良,53
20241028,豊橋,45
20241028,函館,11
20241028,伊東,37
20241028,久留米,83
20241029,京王閣,27
20241029,高松,71
20241029,久留米,83
20241029,奈良,53
20241029,函館,11
20241029,伊東,37
20241029,富山,46
20241029,青森,12
20241030,弥彦,21
20241030,松戸,31
20241030,青森,12
20241030,松阪,47
20241030,函館,11
20241030,四日市,48
20241030,高松,71
20241030,富山,46
20241030,前橋,22
20241031,弥彦,21
20241031,高松,71
20241031,松戸,31
20241031,富山,46
20241031,松阪,47
20241031,四日市,48
20241031,和歌山,55
20241031,前橋,22
20241101,名古屋,42
20241101,松阪,47
20241101,弥彦,21
20241101,佐世保,85
20241101,四日市,48
20241101,和歌山,55
20241101,前橋,22
20241101,松戸,31
20241101,西武園,26
20241101,防府,63
20241102,西武園,26
20241102,防府,63
20241102,小倉,81
20241102,京王閣,27
20241102,和歌山,55
20241102,佐世保,85
20241102,名古屋,42
20241102,伊東,37
20241103,京王閣,27
20241103,佐世保,85
20241103,小倉,81
20241103,名古屋,42
20241103,西武園,26
20241103,防府,63
20241103,伊東,37
20241104,松阪,47
20241104,伊東,37
20241104,京王閣,27
20241104,小倉,81
20241104,平塚,35
20241104,防府,63
20241104,青森,12
20241105,平塚,35
20241105,青森,12
20241105,武雄,84
20241105,松戸,31
20241105,大垣,44
20241105,松阪,47
20241105,弥彦,21
20241105,岸和田,56
20241106,平塚,35
20241106,青森,12
20241106,松戸,31
20241106,別府,86
20241106,大垣,44
20241106,岸和田,56
20241106,武雄,84
20241106,松阪,47
20241106,弥彦,21
20241107,弥彦,21
20241107,武雄,84
20241107,別府,86
20241107,松戸,31
20241107,四日市,48
20241107,岸和田,56
20241107,大垣,44
20241108,別府,86
20241108,熊本,87
20241108,四日市,48
20241108,高松,71
20241108,平塚,35
20241108,玉野,61
20241108,西武園,26
20241108,立川,28
20241109,玉野,61
20241109,高松,71
20241109,四日市,48
20241109,平塚,35
20241109,立川,28
20241109,佐世保,85
20241109,熊本,87
20241109,西武園,26
20241110,高松,71
20241110,四日市,48
20241110,立川,28
20241110,佐世保,85
20241110,西武園,26
20241110,熊本,87
20241110,平塚,35
20241110,玉野,61
20241111,和歌山,55
20241111,佐世保,85
20241111,平塚,35
20241111,岐阜,43
20241111,豊橋,45
20241111,前橋,22
20241112,高知,74
20241112,取手,23
20241112,前橋,22
20241112,豊橋,45
20241112,武雄,84
20241112,和歌山,55
20241112,岐阜,43
20241112,川崎,34
20241113,取手,23
20241113,豊橋,45
20241113,川崎,34
20241113,いわき平,13
20241113,武雄,84
20241113,岐阜,43
20241113,前橋,22
20241113,和歌山,55
20241113,高知,74
20241114,いわき平,13
20241114,奈良,53
20241114,松戸,31
20241114,取手,23
20241114,松阪,47
20241114,高知,74
20241114,川崎,34
20241114,武雄,84
20241115,奈良,53
20241115,松阪,47
20241115,大垣,44
20241115,小松島,73
20241115,いわき平,13
20241115,松戸,31
20241116,大垣,44
20241116,京王閣,27
20241116,小松島,73
20241116,松阪,47
20241116,熊本,87
20241116,松戸,31
20241116,奈良,53
20241116,防府,63
20241117,熊本,87
20241117,京王閣,27
20241117,防府,63
20241117,小松島,73
20241117,松阪,47
20241117,大垣,44
20241118,川崎,34
20241118,岐阜,43
20241118,岸和田,56
20241118,防府,63
20241118,豊橋,45
20241118,熊本,87
20241118,京王閣,27
20241119,岸和田,56
20241119,川崎,34
20241119,別府,86
20241119,高松,71
20241119,大宮,25
20241119,小倉,81
20241119,岐阜,43
20241119,豊橋,45
20241120,大宮,25
20241120,別府,86
20241120,豊橋,45
20241120,小倉,81
20241120,高松,71
20241120,川崎,34
20241120,岸和田,56
20241120,岐阜,43
20241121,小松島,73
20241121,小倉,81
20241121,高松,71
20241121,別府,86
20241121,前橋,22
20241121,大宮,25
20241122,小松島,73
20241122,伊東,37
20241122,前橋,22
20241122,取手,23
20241122,玉野,61
20241122,小倉,81
20241122,岐阜,43
20241123,前橋,22
20241123,取手,23
20241123,岐阜,43
20241123,玉野,61
20241123,小松島,73
20241123,小倉,81
20241123,伊東,37
20241124,いわき平,13
20241124,高松,71
20241124,岐阜,43
20241124,取手,23
20241124,小倉,81
20241124,玉野,61
20241124,松阪,47
20241124,伊東,37
20241125,和歌山,55
20241125,松戸,31
20241125,松阪,47
20241125,防府,63
20241125,いわき平,13
20241125,大垣,44
20241125,高松,71
20241126,防府,63
20241126,高知,74
20241126,松阪,47
20241126,松戸,31
20241126,和歌山,55
20241126,高松,71
20241126,いわき平,13
20241126,大垣,44
20241127,佐世保,85
20241127,松戸,31
20241127,和歌山,55
20241127,大垣,44
20241127,松山,75
20241127,高知,74
20241127,奈良,53
20241127,防府,63
20241127,岐阜,43
20241128,岐阜,43
20241128,松山,75
20241128,奈良,53
20241128,高知,74
20241128,静岡,38
20241128,佐世保,85
20241129,奈良,53
20241129,西武園,26
20241129,松山,75
20241129,佐世保,85
20241129,岐阜,43
20241129,静岡,38
20241130,伊東,37
20241130,川崎,34
20241130,京王閣,27
20241130,いわき平,13
20241130,小倉,81
20241130,西武園,26
20241130,大垣,44
20241130,静岡,38
20241201,伊東,37
20241201,川崎,34
20241201,防府,63
20241201,京王閣,27
20241201,小倉,81
20241201,西武園,26
20241201,別府,86
20241201,大垣,44
20241201,いわき平,13
20241202,伊東,37
20241202,川崎,34
20241202,防府,63
20241202,大垣,44
20241202,別府,86
20241202,いわき平,13
20241202,小松島,73
20241202,小倉,81
20241202,京王閣,27
20241203,小松島,73
20241203,防府,63
20241203,静岡,38
20241203,玉野,61
20241203,大垣,44
20241203,別府,86
20241204,玉野,61
20241204,大宮,25
20241204,前橋,22
20241204,奈良,53
20241204,小松島,73
20241204,静岡,38
20241205,前橋,22
20241205,松山,75
20241205,大宮,25
20241205,静岡,38
20241205,奈良,53
20241205,玉野,61
20241206,奈良,53
20241206,名古屋,42
20241206,四日市,48
20241206,熊本,87
20241206,前橋,22
20241206,松山,75
20241206,大宮,25
20241206,宇都宮,24
20241207,宇都宮,24
20241207,伊東,37
20241207,別府,86
20241207,名古屋,42
20241207,熊本,87
20241207,松山,75
20241207,四日市,48
20241208,松山,75
20241208,宇都宮,24
20241208,別府,86
20241208,名古屋,42
20241208,和歌山,55
20241208,四日市,48
20241208,熊本,87
20241208,伊東,37
20241209,西武園,26
20241209,防府,63
20241209,小倉,81
20241209,和歌山,55
20241209,平塚,35
20241209,別府,86
20241209,小松島,73
20241209,伊東,37
20241210,名古屋,42
20241210,和歌山,55
20241210,小松島,73
20241210,小倉,81
20241210,防府,63
20241210,西武園,26
20241210,平塚,35
20241211,防府,63
20241211,平塚,35
20241211,小倉,81
20241211,西武園,26
20241211,名古屋,42
20241211,小松島,73
20241212,松阪,47
20241212,川崎,34
20241212,玉野,61
20241212,静岡,38
20241212,取手,23
20241212,名古屋,42
20241213,取手,23
20241213,玉野,61
20241213,いわき平,13
20241213,静岡,38
20241213,小倉,81
20241213,和歌山,55
20241213,川崎,34
20241213,松阪,47
20241214,和歌山,55
20241214,小倉,81
20241214,松阪,47
20241214,玉野,61
20241214,取手,23
20241214,いわき平,13
20241214,川崎,34
20241214,静岡,38
20241215,別府,86
20241215,熊本,87
20241215,豊橋,45
20241215,玉野,61
20241215,いわき平,13
20241215,和歌山,55
20241215,小倉,81
20241216,別府,86
20241216,熊本,87
20241216,松戸,31
20241216,豊橋,45
20241216,岐阜,43
20241217,熊本,87
20241217,松戸,31
20241217,豊橋,45
20241217,岐阜,43
20241217,伊東,37
20241217,大宮,25
20241217,別府,86
20241218,伊東,37
20241218,岸和田,56
20241218,京王閣,27
20241218,大宮,25
20241218,松戸,31
20241218,岐阜,43
20241219,松山,75
20241219,名古屋,42
20241219,佐世保,85
20241219,岸和田,56
20241219,京王閣,27
20241219,松阪,47
20241219,伊東,37
20241219,大宮,25
20241220,佐世保,85
20241220,岸和田,56
20241220,松阪,47
20241220,小松島,73
20241220,松山,75
20241220,名古屋,42
20241220,京王閣,27
20241221,小松島,73
20241221,取手,23
20241221,佐世保,85
20241221,名古屋,42
20241221,松阪,47
20241221,松山,75
20241221,前橋,22
20241221,四日市,48
20241222,前橋,22
20241222,佐世保,85
20241222,小松島,73
20241222,取手,23
20241222,立川,28
20241222,川崎,34
20241222,四日市,48
20241223,四日市,48
20241223,名古屋,42
20241223,川崎,34
20241223,取手,23
20241223,前橋,22
20241223,熊本,87
20241223,立川,28
20241224,川崎,34
20241224,松戸,31
20241224,熊本,87
20241224,松阪,47
20241224,岸和田,56
20241224,名古屋,42
20241224,立川,28
20241225,熊本,87
20241225,西武園,26
20241225,名古屋,42
20241225,松阪,47
20241225,岸和田,56
20241225,別府,86
20241225,高知,74
20241225,松戸,31
20241226,西武園,26
20241226,松阪,47
20241226,高知,74
20241226,岸和田,56
20241226,松戸,31
20241226,別府,86
20241227,岐阜,43
20241227,小倉,81
20241227,取手,23
20241227,高知,74
20241227,別府,86
20241227,奈良,53
20241227,西武園,26
20241227,久留米,83
20241228,久留米,83
20241228,岐阜,43
20241228,小倉,81
20241228,取手,23
20241228,松阪,47
20241228,立川,28
20241228,奈良,53
20241228,静岡,38
20241229,久留米,83
20241229,小倉,81
20241229,岐阜,43
20241229,取手,23
20241229,松阪,47
20241229,立川,28
20241229,奈良,53
20241229,静岡,38
20241230,名古屋,42
20241230,静岡,38
20241230,松阪,47
20241230,玉野,61
20241230,武雄,84
20241230,立川,28
20241230,高知,74
20241231,岸和田,56
20241231,豊橋,45
20241231,名古屋,42
20241231,松山,75
20241231,武雄,84
20241231,別府,86
20241231,玉野,61
20241231,高知,74
20250101,松山,75
20250101,伊東,37
20250101,武雄,84
20250101,高知,74
20250101,名古屋,42
20250101,豊橋,45
20250101,取手,23
20250101,別府,86
20250101,前橋,22
20250101,岸和田,56
20250101,玉野,61
20250102,大垣,44
20250102,松阪,47
20250102,豊橋,45
20250102,伊東,37
20250102,岸和田,56
20250102,松山,75
20250102,久留米,83
20250102,前橋,22
20250102,別府,86
20250102,取手,23
20250103,大垣,44
20250103,松阪,47
20250103,伊東,37
20250103,岸和田,56
20250103,久留米,83
20250103,前橋,22
20250103,高知,74
20250103,取手,23
20250103,小松島,73
20250104,小松島,73
20250104,松戸,31
20250104,久留米,83
20250104,いわき平,13
20250104,松阪,47
20250104,高知,74
20250104,名古屋,42
20250104,大垣,44
20250104,立川,28
20250105,立川,28
20250105,いわき平,13
20250105,松戸,31
20250105,名古屋,42
20250105,川崎,34
20250105,熊本,87
20250105,小倉,81
20250105,奈良,53
20250105,小松島,73
20250105,高知,74
20250106,熊本,87
20250106,奈良,53
20250106,川崎,34
20250106,名古屋,42
20250106,小倉,81
20250106,松戸,31
20250106,いわき平,13
20250106,立川,28
20250107,立川,28
20250107,別府,86
20250107,川崎,34
20250107,高松,71
20250107,豊橋,45
20250107,奈良,53
20250107,小倉,81
20250107,熊本,87
20250108,静岡,38
20250108,豊橋,45
20250108,高知,74
20250108,別府,86
20250108,高松,71
20250108,西武園,26
20250108,松阪,47
20250109,豊橋,45
20250109,松阪,47
20250109,高松,71
20250109,宇都宮,24
20250109,高知,74
20250109,西武園,26
20250109,別府,86
20250109,静岡,38
20250110,松阪,47
20250110,西武園,26
20250110,宇都宮,24
20250110,四日市,48
20250110,和歌山,55
20250110,高知,74
20250110,静岡,38
20250111,防府,63
20250111,佐世保,85
20250111,宇都宮,24
20250111,四日市,48
20250111,和歌山,55
20250111,小倉,81
20250111,京王閣,27
20250112,取手,23
20250112,小倉,81
20250112,京王閣,27
20250112,四日市,48
20250112,防府,63
20250112,佐世保,85
20250112,和歌山,55
20250113,防府,63
20250113,和歌山,55
20250113,京王閣,27
20250113,静岡,38
20250113,佐世保,85
20250113,取手,23
20250113,松山,75
20250113,小倉,81
20250114,松阪,47
20250114,松山,75
20250114,大垣,44
20250114,岐阜,43
20250114,静岡,38
20250114,取手,23
20250114,奈良,53
20250115,奈良,53
20250115,大垣,44
20250115,松阪,47
20250115,岐阜,43
20250115,静岡,38
20250115,松山,75
20250116,奈良,53
20250116,大垣,44
20250116,松阪,47
20250116,大宮,25
20250116,玉野,61
20250116,岐阜,43
20250116,久留米,83
20250117,大宮,25
20250117,玉野,61
20250117,名古屋,42
20250117,防府,63
20250117,平塚,35
20250117,久留米,83
20250118,防府,63
20250118,玉野,61
20250118,平塚,35
20250118,熊本,87
20250118,名古屋,42
20250118,久留米,83
20250118,大宮,25
20250119,防府,63
20250119,名古屋,42
20250119,熊本,87
20250119,大宮,25
20250119,平塚,35
20250119,静岡,38
20250120,岸和田,56
20250120,高知,74
20250120,川崎,34
20250120,静岡,38
20250120,高松,71
20250120,熊本,87
20250121,高松,71
20250121,静岡,38
20250121,川崎,34
20250121,岸和田,56
20250121,高知,74
20250122,松山,75
20250122,高松,71
20250122,立川,28
20250122,高知,74
20250122,岸和田,56
20250122,川崎,34
20250123,立川,28
20250123,前橋,22
20250123,佐世保,85
20250123,松山,75
20250123,熊本,87
20250123,大垣,44
20250123,松阪,47
20250124,いわき平,13
20250124,立川,28
20250124,佐世保,85
20250124,松山,75
20250124,前橋,22
20250124,大垣,44
20250124,熊本,87
20250124,大宮,25
20250124,松阪,47
20250125,いわき平,13
20250125,大宮,25
20250125,松阪,47
20250125,前橋,22
20250125,大垣,44
20250125,川崎,34
20250125,佐世保,85
20250125,高松,71
20250125,熊本,87
20250126,川崎,34
20250126,小倉,81
20250126,松阪,47
20250126,いわき平,13
20250126,高松,71
20250126,小松島,73
20250126,大宮,25
20250126,別府,86
20250127,小倉,81
20250127,岸和田,56
20250127,別府,86
20250127,高松,71
20250127,京王閣,27
20250127,川崎,34
20250127,小松島,73
20250128,岸和田,56
20250128,久留米,83
20250128,別府,86
20250128,小倉,81
20250128,取手,23
20250128,京王閣,27
20250128,小松島,73
20250129,岸和田,56
20250129,名古屋,42
20250129,取手,23
20250129,松戸,31
20250129,久留米,83
20250129,京王閣,27
20250130,松戸,31
20250130,名古屋,42
20250130,久留米,83
20250130,取手,23
20250130,高松,71
20250131,松戸,31
20250131,平塚,35
20250131,名古屋,42
20250131,前橋,22
20250131,高松,71
20250131,小倉,81
20250131,西武園,26
20250201,松阪,47
20250201,静岡,38
20250201,平塚,35
20250201,大垣,44
20250201,別府,86
20250201,奈良,53
20250201,前橋,22
20250201,高松,71
20250201,小倉,81
20250201,いわき平,13
20250201,西武園,26
20250202,松阪,47
20250202,高松,71
20250202,大垣,44
20250202,静岡,38
20250202,小倉,81
20250202,平塚,35
20250202,西武園,26
20250202,奈良,53
20250202,別府,86
20250202,いわき平,13
20250202,前橋,22
20250203,いわき平,13
20250203,奈良,53
20250203,松阪,47
20250203,別府,86
20250203,武雄,84
20250203,川崎,34
20250203,大垣,44
20250203,静岡,38
20250204,川崎,34
20250204,名古屋,42
20250204,武雄,84
20250204,小倉,81
20250205,名古屋,42
20250205,高知,74
20250205,岐阜,43
20250205,玉野,61
20250205,川崎,34
20250205,武雄,84
20250205,前橋,22
20250205,小倉,81
20250206,前橋,22
20250206,名古屋,42
20250206,岐阜,43
20250206,防府,63
20250206,玉野,61
20250206,大宮,25
20250206,小倉,81
20250206,高知,74
20250207,防府,63
20250207,岐阜,43
20250207,玉野,61
20250207,前橋,22
20250207,静岡,38
20250207,高知,74
20250207,大宮,25
20250207,久留米,83
20250208,静岡,38
20250208,久留米,83
20250208,奈良,53
20250208,別府,86
20250208,大宮,25
20250208,豊橋,45
20250208,防府,63
20250209,久留米,83
20250209,熊本,87
20250209,豊橋,45
20250209,松阪,47
20250209,静岡,38
20250209,奈良,53
20250209,防府,63
20250209,別府,86
20250210,奈良,53
20250210,松阪,47
20250210,熊本,87
20250210,別府,86
20250210,豊橋,45
20250210,京王閣,27
20250210,宇都宮,24
20250210,松山,75
20250211,小倉,81
20250211,京王閣,27
20250211,奈良,53
20250211,松山,75
20250211,名古屋,42
20250211,熊本,87
20250211,宇都宮,24
20250211,松阪,47
20250212,高松,71
20250212,松山,75
20250212,京王閣,27
20250212,宇都宮,24
20250212,小倉,81
20250212,岐阜,43
20250212,名古屋,42
20250213,高松,71
20250213,西武園,26
20250213,小倉,81
20250213,玉野,61
20250213,名古屋,42
20250213,岐阜,43
20250213,静岡,38
20250214,静岡,38
20250214,西武園,26
20250214,玉野,61
20250214,前橋,22
20250214,大垣,44
20250214,高松,71
20250214,岐阜,43
20250215,玉野,61
20250215,別府,86
20250215,前橋,22
20250215,静岡,38
20250215,大垣,44
20250215,西武園,26
20250216,熊本,87
20250216,前橋,22
20250216,大垣,44
20250216,静岡,38
20250216,別府,86
20250216,京王閣,27
20250217,小松島,73
20250217,熊本,87
20250217,別府,86
20250217,京王閣,27
20250217,宇都宮,24
20250217,佐世保,85
20250217,松阪,47
20250218,岸和田,56
20250218,京王閣,27
20250218,佐世保,85
20250218,宇都宮,24
20250218,小松島,73
20250218,防府,63
20250218,熊本,87
20250218,松阪,47
20250219,小倉,81
20250219,佐世保,85
20250219,小松島,73
20250219,松阪,47
20250219,防府,63
20250219,宇都宮,24
20250219,岸和田,56
20250220,防府,63
20250220,小倉,81
20250220,玉野,61
20250220,大宮,25
20250220,岸和田,56
20250220,奈良,53
20250220,平塚,35
20250221,大宮,25
20250221,小倉,81
20250221,豊橋,45
20250221,奈良,53
20250221,玉野,61
20250221,平塚,35
20250222,大宮,25
20250222,平塚,35
20250222,豊橋,45
20250222,伊東,37
20250222,奈良,53
20250222,玉野,61
20250222,前橋,22
20250223,熊本,87
20250223,豊橋,45
20250223,小倉,81
20250223,伊東,37
20250223,防府,63
20250223,前橋,22
20250223,川崎,34
20250224,川崎,34
20250224,前橋,22
20250224,豊橋,45
20250224,伊東,37
20250224,熊本,87
20250224,防府,63
20250224,小倉,81
20250225,佐世保,85
20250225,立川,28
20250225,大垣,44
20250225,熊本,87
20250225,松戸,31
20250225,川崎,34
20250225,防府,63
20250225,小倉,81
20250226,大垣,44
20250226,西武園,26
20250226,立川,28
20250226,松戸,31
20250226,高知,74
20250226,玉野,61
20250226,佐世保,85
20250226,岐阜,43
20250227,岐阜,43
20250227,高知,74
20250227,佐世保,85
20250227,玉野,61
20250227,岸和田,56
20250227,大垣,44
20250227,西武園,26
20250227,松戸,31
20250227,立川,28
20250228,高知,74
20250228,取手,23
20250228,西武園,26
20250228,京王閣,27
20250228,岐阜,43
20250228,岸和田,56
20250228,玉野,61
20250301,平塚,35
20250301,取手,23
20250301,久留米,83
20250301,名古屋,42
20250301,熊本,87
20250301,小松島,73
20250301,松阪,47
20250301,京王閣,27
20250301,岸和田,56
20250301,高松,71
20250302,平塚,35
20250302,取手,23
20250302,高松,71
20250302,小松島,73
20250302,京王閣,27
20250302,熊本,87
20250302,名古屋,42
20250302,松阪,47
20250302,久留米,83
20250303,松阪,47
20250303,高松,71
20250303,名古屋,42
20250303,小松島,73
20250303,久留米,83
20250303,平塚,35
20250303,熊本,87
20250304,前橋,22
20250304,名古屋,42
20250304,大垣,44
20250304,佐世保,85
20250304,川崎,34
20250304,小倉,81
20250305,小倉,81
20250305,前橋,22
20250305,宇都宮,24
20250305,佐世保,85
20250305,川崎,34
20250305,岐阜,43
20250305,大垣,44
20250306,前橋,22
20250306,小倉,81
20250306,岐阜,43
20250306,玉野,61
20250306,佐世保,85
20250306,川崎,34
20250306,奈良,53
20250306,宇都宮,24
20250306,大垣,44
20250307,川崎,34
20250307,宇都宮,24
20250307,岐阜,43
20250307,京王閣,27
20250307,西武園,26
20250307,別府,86
20250307,玉野,61
20250307,静岡,38
20250307,奈良,53
20250308,静岡,38
20250308,京王閣,27
20250308,西武園,26
20250308,別府,86
20250308,玉野,61
20250308,奈良,53
20250309,松阪,47
20250309,玉野,61
20250309,京王閣,27
20250309,西武園,26
20250309,熊本,87
20250309,別府,86
20250309,静岡,38
20250310,熊本,87
20250310,小倉,81
20250310,松阪,47
20250310,平塚,35
20250310,取手,23
20250310,久留米,83
20250310,伊東,37
20250311,防府,63
20250311,久留米,83
20250311,取手,23
20250311,平塚,35
20250311,小倉,81
20250311,松阪,47
20250311,熊本,87
20250311,伊東,37
20250312,平塚,35
20250312,小倉,81
20250312,取手,23
20250312,伊東,37
20250312,防府,63
20250312,久留米,83
20250313,川崎,34
20250313,大垣,44
20250313,武雄,84
20250313,防府,63
20250313,大宮,25
20250313,四日市,48
20250314,四日市,48
20250314,玉野,61
20250314,別府,86
20250314,大宮,25
20250314,川崎,34
20250314,大垣,44
20250314,武雄,84
20250315,川崎,34
20250315,大宮,25
20250315,玉野,61
20250315,大垣,44
20250315,別府,86
20250315,四日市,48
20250315,武雄,84
20250316,四日市,48
20250316,別府,86
20250316,防府,63
20250316,玉野,61
20250316,大垣,44
20250316,奈良,53
20250316,前橋,22
20250317,奈良,53
20250317,小倉,81
20250317,松阪,47
20250317,宇都宮,24
20250317,前橋,22
20250317,高松,71
20250317,防府,63
20250318,奈良,53
20250318,防府,63
20250318,宇都宮,24
20250318,いわき平,13
20250318,小倉,81
20250318,松阪,47
20250318,前橋,22
20250318,高松,71
20250319,高知,74
20250319,武雄,84
20250319,小倉,81
20250319,高松,71
20250319,いわき平,13
20250319,松阪,47
20250319,岐阜,43
20250319,宇都宮,24
20250319,大宮,25
20250320,高知,74
20250320,いわき平,13
20250320,伊東,37
20250320,武雄,84
20250320,大宮,25
20250320,岐阜,43
20250321,高知,74
20250321,豊橋,45
20250321,伊東,37
20250321,武雄,84
20250321,大宮,25
20250321,岐阜,43
20250321,前橋,22
20250321,佐世保,85
20250322,佐世保,85
20250322,玉野,61
20250322,伊東,37
20250322,小倉,81
20250322,前橋,22
20250322,豊橋,45
20250322,大宮,25
20250322,岸和田,56
20250323,小倉,81
20250323,豊橋,45
20250323,前橋,22
20250323,玉野,61
20250323,伊東,37
20250323,佐世保,85
20250323,岸和田,56
20250324,別府,86
20250324,岸和田,56
20250324,小倉,81
20250324,高知,74
20250324,玉野,61
20250324,四日市,48
20250325,高知,74
20250325,別府,86
20250325,名古屋,42
20250325,四日市,48
20250325,防府,63
20250325,西武園,26
20250326,高知,74
20250326,別府,86
20250326,四日市,48
20250326,防府,63
20250326,豊橋,45
20250326,西武園,26
20250326,高松,71
20250326,名古屋,42
20250327,高松,71
20250327,豊橋,45
20250327,前橋,22
20250327,西武園,26
20250327,防府,63
20250327,名古屋,42
20250327,松戸,31
20250328,前橋,22
20250328,高松,71
20250328,松戸,31
20250328,立川,28
20250328,豊橋,45
20250329,玉野,61
20250329,前橋,22
20250329,四日市,48
20250329,松戸,31
20250329,大垣,44
20250329,武雄,84
20250329,立川,28
20250329,小倉,81
20250330,小倉,81
20250330,玉野,61
20250330,大垣,44
20250330,前橋,22
20250330,武雄,84
20250330,四日市,48
20250330,立川,28
20250331,玉野,61
20250331,武雄,84
20250331,小倉,81
20250331,大垣,44
20250331,四日市,48
20250401,高松,71
20250401,名古屋,42
20250401,伊東,37
20250401,平塚,35
20250401,岸和田,56
20250401,宇都宮,24
20250401,豊橋,45
20250402,豊橋,45
20250402,宇都宮,24
20250402,平塚,35
20250402,高松,71
20250402,別府,86
20250402,伊東,37
20250402,名古屋,42
20250402,岸和田,56
20250403,伊東,37
20250403,別府,86
20250403,岸和田,56
20250403,名古屋,42
20250403,佐世保,85
20250403,高松,71
20250403,高知,74
20250403,宇都宮,24
20250403,豊橋,45
20250403,平塚,35
20250404,西武園,26
20250404,高知,74
20250404,川崎,34
20250404,佐世保,85
20250404,いわき平,13
20250404,大垣,44
20250404,別府,86
20250405,いわき平,13
20250405,西武園,26
20250405,伊東,37
20250405,福井,51
20250405,川崎,34
20250405,高知,74
20250405,大垣,44
20250405,佐世保,85
20250406,高知,74
20250406,いわき平,13
20250406,川崎,34
20250406,大垣,44
20250406,福井,51
20250406,久留米,83
20250406,西武園,26
20250406,立川,28
20250406,伊東,37
20250407,四日市,48
20250407,防府,63
20250407,立川,28
20250407,福井,51
20250407,熊本,87
20250407,平塚,35
20250407,久留米,83
20250407,伊東,37
20250408,岸和田,56
20250408,熊本,87
20250408,平塚,35
20250408,防府,63
20250408,四日市,48
20250408,立川,28
20250408,久留米,83
20250409,玉野,61
20250409,西武園,26
20250409,熊本,87
20250409,岸和田,56
20250409,四日市,48
20250409,平塚,35
20250409,防府,63
20250410,玉野,61
20250410,前橋,22
20250410,高知,74
20250410,西武園,26
20250410,武雄,84
20250410,松阪,47
20250410,岸和田,56
20250410,静岡,38
20250410,高松,71
20250411,松阪,47
20250411,静岡,38
20250411,玉野,61
20250411,武雄,84
20250411,西武園,26
20250411,高松,71
20250411,高知,74
20250411,前橋,22
20250412,高松,71
20250412,松阪,47
20250412,高知,74
20250412,青森,12
20250412,武雄,84
20250412,前橋,22
20250412,静岡,38
20250413,福井,51
20250413,四日市,48
20250413,青森,12
20250413,京王閣,27
20250413,武雄,84
20250413,岐阜,43
20250413,取手,23
20250414,岐阜,43
20250414,豊橋,45
20250414,青森,12
20250414,福井,51
20250414,取手,23
20250414,四日市,48
20250414,京王閣,27
20250415,四日市,48
20250415,岐阜,43
20250415,豊橋,45
20250415,京王閣,27
20250415,別府,86
20250415,熊本,87
20250415,福井,51
20250415,取手,23
20250416,別府,86
20250416,豊橋,45
20250416,岸和田,56
20250416,熊本,87
20250416,大垣,44
20250416,松戸,31
20250416,函館,11
20250416,静岡,38
20250417,熊本,87
20250417,大宮,25
20250417,岸和田,56
20250417,大垣,44
20250417,松戸,31
20250417,函館,11
20250417,別府,86
20250417,静岡,38
20250418,岸和田,56
20250418,松戸,31
20250418,玉野,61
20250418,静岡,38
20250418,函館,11
20250418,大宮,25
20250418,大垣,44
20250418,立川,28
20250419,青森,12
20250419,玉野,61
20250419,伊東,37
20250419,いわき平,13
20250419,大宮,25
20250419,立川,28
20250419,川崎,34
20250420,玉野,61
20250420,川崎,34
20250420,立川,28
20250420,伊東,37
20250420,いわき平,13
20250420,青森,12
20250421,大垣,44
20250421,川崎,34
20250421,熊本,87
20250421,伊東,37
20250421,いわき平,13
20250421,青森,12
20250422,高知,74
20250422,熊本,87
20250422,大垣,44
20250422,奈良,53
20250422,松戸,31
20250422,取手,23
20250422,川崎,34
20250422,宇都宮,24
20250423,宇都宮,24
20250423,取手,23
20250423,熊本,87
20250423,高知,74
20250423,佐世保,85
20250423,大垣,44
20250423,奈良,53
20250423,松戸,31
20250424,取手,23
20250424,福井,51
20250424,奈良,53
20250424,高知,74
20250424,佐世保,85
20250424,松戸,31
20250424,宇都宮,24
20250425,福井,51
20250425,別府,86
20250425,弥彦,21
20250425,佐世保,85
20250425,静岡,38
20250425,岐阜,43
20250425,函館,11
20250426,立川,28
20250426,福井,51
20250426,静岡,38
20250426,岐阜,43
20250426,弥彦,21
20250426,大宮,25
20250426,別府,86
20250426,函館,11
20250427,弥彦,21
20250427,岐阜,43
20250427,立川,28
20250427,函館,11
20250427,別府,86
20250427,防府,63
20250427,大宮,25
20250427,静岡,38
20250428,防府,63
20250428,大宮,25
20250428,立川,28
20250428,いわき平,13
20250428,川崎,34
20250428,奈良,53
20250429,防府,63
20250429,名古屋,42
20250429,玉野,61
20250429,川崎,34
20250429,奈良,53
20250429,いわき平,13
20250430,玉野,61
20250430,いわき平,13
20250430,名古屋,42
20250430,高松,71
20250430,川崎,34
20250430,奈良,53
20250501,小倉,81
20250501,高松,71
20250501,宇都宮,24
20250501,弥彦,21
20250501,平塚,35
20250501,名古屋,42
20250501,佐世保,85
20250501,玉野,61
20250502,宇都宮,24
20250502,平塚,35
20250502,高松,71
20250502,小倉,81
20250502,福井,51
20250502,弥彦,21
20250502,名古屋,42
20250502,熊本,87
20250502,函館,11
20250502,佐世保,85
20250503,名古屋,42
20250503,福井,51
20250503,佐世保,85
20250503,熊本,87
20250503,函館,11
20250503,小倉,81
20250503,平塚,35
20250503,弥彦,21
20250503,宇都宮,24
20250504,函館,11
20250504,伊東,37
20250504,福井,51
20250504,岸和田,56
20250504,取手,23
20250504,京王閣,27
20250504,熊本,87
20250504,名古屋,42
20250505,伊東,37
20250505,豊橋,45
20250505,川崎,34
20250505,岸和田,56
20250505,西武園,26
20250505,京王閣,27
20250505,高松,71
20250505,武雄,84
20250505,取手,23
20250506,川崎,34
20250506,武雄,84
20250506,豊橋,45
20250506,京王閣,27
20250506,岸和田,56
20250506,取手,23
20250506,西武園,26
20250506,伊東,37
20250506,高松,71
20250507,青森,12
20250507,高松,71
20250507,川崎,34
20250507,豊橋,45
20250507,武雄,84
20250507,西武園,26
20250508,小倉,81
20250508,青森,12
20250508,福井,51
20250508,大垣,44
20250508,岐阜,43
20250509,大垣,44
20250509,岐阜,43
20250509,小倉,81
20250509,別府,86
20250509,青森,12
20250509,岸和田,56
20250509,福井,51
20250510,小倉,81
20250510,西武園,26
20250510,岐阜,43
20250510,岸和田,56
20250510,別府,86
20250510,平塚,35
20250510,福井,51
20250510,大垣,44
20250511,平塚,35
20250511,弥彦,21
20250511,四日市,48
20250511,岸和田,56
20250511,別府,86
20250511,西武園,26
20250511,奈良,53
20250512,弥彦,21
20250512,奈良,53
20250512,平塚,35
20250512,四日市,48
20250512,西武園,26
20250512,玉野,61
20250513,奈良,53
20250513,玉野,61
20250513,熊本,87
20250513,四日市,48
20250513,平塚,35
20250513,弥彦,21
20250514,熊本,87
20250514,玉野,61
20250514,小松島,73
20250514,函館,11
20250514,大垣,44
20250514,福井,51
20250514,岐阜,43
20250515,宇都宮,24
20250515,川崎,34
20250515,高松,71
20250515,大垣,44
20250515,岐阜,43
20250515,熊本,87
20250515,小松島,73
20250515,函館,11
20250515,福井,51
20250516,いわき平,13
20250516,福井,51
20250516,高松,71
20250516,宇都宮,24
20250516,川崎,34
20250516,大垣,44
20250516,岐阜,43
20250516,小松島,73
20250516,函館,11
20250517,川崎,34
20250517,四日市,48
20250517,高松,71
20250517,いわき平,13
20250517,宇都宮,24
20250517,伊東,37
20250517,高知,74
20250518,四日市,48
20250518,玉野,61
20250518,岸和田,56
20250518,伊東,37
20250518,高知,74
20250518,別府,86
20250518,宇都宮,24
20250518,いわき平,13
20250519,別府,86
20250519,岸和田,56
20250519,函館,11
20250519,四日市,48
20250519,高知,74
20250519,伊東,37
20250519,玉野,61
20250520,玉野,61
20250520,岸和田,56
20250520,武雄,84
20250520,弥彦,21
20250520,函館,11
20250520,松阪,47
20250520,大垣,44
20250520,立川,28
20250520,別府,86
20250521,弥彦,21
20250521,松阪,47
20250521,高松,71
20250521,函館,11
20250521,立川,28
20250521,武雄,84
20250521,大垣,44
20250522,高松,71
20250522,武雄,84
20250522,大垣,44
20250522,弥彦,21
20250522,松阪,47
20250522,立川,28
20250523,川崎,34
20250523,奈良,53
20250523,高松,71
20250523,伊東,37
20250523,佐世保,85
20250523,玉野,61
20250523,四日市,48
20250524,大宮,25
20250524,川崎,34
20250524,京王閣,27
20250524,佐世保,85
20250524,奈良,53
20250524,青森,12
20250524,四日市,48
20250524,玉野,61
20250524,伊東,37
20250525,伊東,37
20250525,奈良,53
20250525,青森,12
20250525,防府,63
20250525,佐世保,85
20250525,京王閣,27
20250525,川崎,34
20250525,玉野,61
20250525,四日市,48
20250525,大宮,25
20250526,函館,11
20250526,防府,63
20250526,小倉,81
20250526,熊本,87
20250526,大宮,25
20250526,京王閣,27
20250527,伊東,37
20250527,小倉,81
20250527,弥彦,21
20250527,熊本,87
20250527,函館,11
20250527,防府,63
20250527,福井,51
20250528,熊本,87
20250528,函館,11
20250528,佐世保,85
20250528,伊東,37
20250528,小倉,81
20250528,豊橋,45
20250528,弥彦,21
20250528,福井,51
20250529,高松,71
20250529,伊東,37
20250529,豊橋,45
20250529,福井,51
20250529,玉野,61
20250529,佐世保,85
20250529,川崎,34
20250529,弥彦,21
20250530,大垣,44
20250530,玉野,61
20250530,豊橋,45
20250530,川崎,34
20250530,高松,71
20250530,佐世保,85
20250530,奈良,53
20250531,青森,12
20250531,取手,23
20250531,奈良,53
20250531,川崎,34
20250531,大垣,44
20250531,玉野,61
20250531,高松,71
20250531,四日市,48
20250601,大垣,44
20250601,岐阜,43
20250601,四日市,48
20250601,取手,23
20250601,奈良,53
20250601,武雄,84
20250601,熊本,87
20250601,松戸,31
20250601,青森,12
20250602,福井,51
20250602,松戸,31
20250602,岐阜,43
20250602,函館,11
20250602,四日市,48
20250602,取手,23
20250602,青森,12
20250602,久留米,83
20250602,熊本,87
20250602,武雄,84
20250603,函館,11
20250603,取手,23
20250603,武雄,84
20250603,福井,51
20250603,熊本,87
20250603,富山,46
20250603,松戸,31
20250603,久留米,83
20250603,岐阜,43
20250604,防府,63
20250604,前橋,22
20250604,富山,46
20250604,玉野,61
20250604,久留米,83
20250604,福井,51
20250604,函館,11
20250605,静岡,38
20250605,富山,46
20250605,青森,12
20250605,防府,63
20250605,別府,86
20250605,前橋,22
20250605,玉野,61
20250606,防府,63
20250606,静岡,38
20250606,青森,12
20250606,玉野,61
20250606,大垣,44
20250606,別府,86
20250606,前橋,22
20250607,函館,11
20250607,川崎,34
20250607,青森,12
20250607,静岡,38
20250607,別府,86
20250607,大垣,44
20250608,川崎,34
20250608,伊東,37
20250608,別府,86
20250608,大垣,44
20250608,函館,11
20250609,奈良,53
20250609,川崎,34
20250609,岐阜,43
20250609,佐世保,85
20250609,伊東,37
20250609,宇都宮,24
20250609,京王閣,27
20250609,函館,11
20250610,宇都宮,24
20250610,奈良,53
20250610,玉野,61
20250610,弥彦,21
20250610,岐阜,43
20250610,京王閣,27
20250610,小倉,81
20250610,佐世保,85
20250610,伊東,37
20250611,宇都宮,24
20250611,岐阜,43
20250611,小倉,81
20250611,京王閣,27
20250611,弥彦,21
20250611,佐世保,85
20250611,奈良,53
20250611,玉野,61
20250612,玉野,61
20250612,富山,46
20250612,小倉,81
20250612,熊本,87
20250612,福井,51
20250612,四日市,48
20250612,弥彦,21
20250612,平塚,35
20250613,福井,51
20250613,伊東,37
20250613,富山,46
20250613,平塚,35
20250613,四日市,48
20250613,熊本,87
20250613,青森,12
20250614,取手,23
20250614,青森,12
20250614,富山,46
20250614,四日市,48
20250614,熊本,87
20250614,福井,51
20250614,平塚,35
20250614,奈良,53
20250614,伊東,37
20250615,取手,23
20250615,富山,46
20250615,四日市,48
20250615,奈良,53
20250615,伊東,37
20250615,別府,86
20250615,青森,12
20250616,別府,86
20250616,奈良,53
20250616,京王閣,27
20250616,玉野,61
20250616,静岡,38
20250616,松戸,31
20250616,取手,23
20250617,玉野,61
20250617,岸和田,56
20250617,佐世保,85
20250617,静岡,38
20250617,松戸,31
20250617,別府,86
20250617,京王閣,27
20250618,玉野,61
20250618,静岡,38
20250618,京王閣,27
20250618,岸和田,56
20250618,佐世保,85
20250618,弥彦,21
20250618,小倉,81
20250618,松戸,31
20250619,岸和田,56
20250619,いわき平,13
20250619,小倉,81
20250619,富山,46
20250619,佐世保,85
20250619,宇都宮,24
20250619,弥彦,21
20250619,伊東,37
20250620,伊東,37
20250620,富山,46
20250620,前橋,22
20250620,宇都宮,24
20250620,小倉,81
20250620,いわき平,13
20250620,岸和田,56
20250620,弥彦,21
20250621,前橋,22
20250621,いわき平,13
20250621,宇都宮,24
20250621,伊東,37
20250621,平塚,35
20250621,京王閣,27
20250621,富山,46
20250621,岸和田,56
20250622,武雄,84
20250622,京王閣,27
20250622,平塚,35
20250622,四日市,48
20250622,取手,23
20250622,前橋,22
20250622,岸和田,56
20250623,四日市,48
20250623,平塚,35
20250623,富山,46
20250623,防府,63
20250623,取手,23
20250623,京王閣,27
20250623,武雄,84
20250623,青森,12
20250623,高知,74
20250624,富山,46
20250624,武雄,84
20250624,取手,23
20250624,高知,74
20250624,静岡,38
20250624,青森,12
20250624,防府,63
20250624,四日市,48
20250625,富山,46
20250625,豊橋,45
20250625,青森,12
20250625,防府,63
20250625,川崎,34
20250625,静岡,38
20250625,佐世保,85
20250625,高知,74
20250625,熊本,87
20250626,佐世保,85
20250626,川崎,34
20250626,前橋,22
20250626,福井,51
20250626,静岡,38
20250626,豊橋,45
20250626,熊本,87
20250627,大宮,25
20250627,熊本,87
20250627,福井,51
20250627,玉野,61
20250627,川崎,34
20250627,佐世保,85
20250627,前橋,22
20250627,豊橋,45
20250628,久留米,83
20250628,奈良,53
20250628,玉野,61
20250628,大垣,44
20250628,大宮,25
20250628,前橋,22
20250628,高知,74
20250628,福井,51
20250629,大宮,25
20250629,岸和田,56
20250629,久留米,83
20250629,いわき平,13
20250629,高知,74
20250629,玉野,61
20250629,奈良,53
20250629,大垣,44
20250630,大垣,44
20250630,久留米,83
20250630,高知,74
20250630,川崎,34
20250630,防府,63
20250630,奈良,53
20250630,岸和田,56
20250630,いわき平,13
